Test Name, UCT_AST_9AH_B2_CYCLE
Test Date, 2024/03/08 02:02:47 PM
Operator ID, Uyilo
, 
Program Name, UCT_AST9AH_CYCLE_50
Program Description, 50-Repetition Bulk-Absorptiin_Float-Discharge Cycling program for 12V AGM
Program Database, C:\VisuaLCN\Programs\Standard tests.mdb
, 
Module Type, fj
Module Description, LCV 16-100-12
Address, Port: 1, Sys Controller: 1  Circuit: 8
Name, Channel 8
Device ID, Unknown
, 
Notes,   5.21b, MDB 9.542024/03/08 02:02:43 PM - Started by Masa
Editable Notes, 

Total Time,Cycle,Loop Counter #1,Loop Counter #2,Loop Counter #3,Step,Step time,Current,Voltage,Power,Amp-Hours,Watt-Hours,Unassigned A1,Unassigned A2,Mode,Data Acquisition Flag,
5.0,1,1,1,1,1,5.0,1.5,12.838,19.2,0,0.02,0,0,CHRG, ,
10.0,1,1,1,1,1,10.0,1.5,12.921,19.3,0,0.05,0,0,CHRG, ,
15.0,1,1,1,1,1,15.0,1.5,12.986,19.4,0,0.07,0,0,CHRG, ,
20.0,1,1,1,1,1,20.0,1.5,13.039,19.5,0,0.1,0,0,CHRG, ,
25.0,1,1,1,1,1,25.0,1.5,13.084,19.5,0.01,0.13,0,0,CHRG, ,
30.0,1,1,1,1,1,30.0,1.5,13.123,19.6,0.01,0.16,0,0,CHRG, ,
35.0,1,1,1,1,1,35.0,1.5,13.155,19.7,0.01,0.18,0,0,CHRG, ,
40.0,1,1,1,1,1,40.0,1.5,13.183,19.7,0.01,0.21,0,0,CHRG, ,
45.0,1,1,1,1,1,45.0,1.5,13.208,19.7,0.01,0.24,0,0,CHRG, ,
50.0,1,1,1,1,1,50.0,1.5,13.227,19.8,0.02,0.27,0,0,CHRG, ,
55.0,1,1,1,1,1,55.0,1.5,13.244,19.8,0.02,0.29,0,0,CHRG, ,
60.0,1,1,1,1,1,60.0,1.5,13.259,19.8,0.02,0.32,0,0,CHRG, ,
65.0,1,1,1,1,1,65.0,1.5,13.271,19.9,0.02,0.35,0,0,CHRG, ,
70.0,1,1,1,1,1,70.0,1.49,13.282,19.8,0.02,0.38,0,0,CHRG, ,
75.0,1,1,1,1,1,75.0,1.5,13.292,19.9,0.03,0.4,0,0,CHRG, ,
80.0,1,1,1,1,1,80.0,1.5,13.301,19.9,0.03,0.43,0,0,CHRG, ,
85.0,1,1,1,1,1,85.0,1.5,13.309,19.9,0.03,0.46,0,0,CHRG, ,
90.0,1,1,1,1,1,90.0,1.5,13.316,19.9,0.03,0.49,0,0,CHRG, ,
95.0,1,1,1,1,1,95.0,1.5,13.322,19.9,0.03,0.51,0,0,CHRG, ,
100.0,1,1,1,1,1,100.0,1.5,13.328,19.9,0.04,0.54,0,0,CHRG, ,
105.0,1,1,1,1,1,105.0,1.5,13.335,19.9,0.04,0.57,0,0,CHRG, ,
110.0,1,1,1,1,1,110.0,1.5,13.341,20,0.04,0.6,0,0,CHRG, ,
115.0,1,1,1,1,1,115.0,1.5,13.345,20,0.04,0.62,0,0,CHRG, ,
120.0,1,1,1,1,1,120.0,1.5,13.351,19.9,0.04,0.65,0,0,CHRG, ,
125.0,1,1,1,1,1,125.0,1.5,13.356,19.9,0.05,0.68,0,0,CHRG, ,
130.0,1,1,1,1,1,130.0,1.5,13.361,20,0.05,0.71,0,0,CHRG, ,
135.0,1,1,1,1,1,135.0,1.49,13.366,19.9,0.05,0.73,0,0,CHRG, ,
140.0,1,1,1,1,1,140.0,1.5,13.371,20,0.05,0.76,0,0,CHRG, ,
145.0,1,1,1,1,1,145.0,1.5,13.375,20,0.06,0.79,0,0,CHRG, ,
150.0,1,1,1,1,1,150.0,1.5,13.38,20,0.06,0.82,0,0,CHRG, ,
155.0,1,1,1,1,1,155.0,1.5,13.384,20,0.06,0.85,0,0,CHRG, ,
160.0,1,1,1,1,1,160.0,1.5,13.389,20,0.06,0.87,0,0,CHRG, ,
165.0,1,1,1,1,1,165.0,1.5,13.393,20,0.06,0.9,0,0,CHRG, ,
170.0,1,1,1,1,1,170.0,1.5,13.397,20,0.07,0.93,0,0,CHRG, ,
175.0,1,1,1,1,1,175.0,1.5,13.401,20,0.07,0.96,0,0,CHRG, ,
180.0,1,1,1,1,1,180.0,1.5,13.405,20.1,0.07,0.98,0,0,CHRG, ,
185.0,1,1,1,1,1,185.0,1.5,13.409,20,0.07,1.01,0,0,CHRG, ,
190.0,1,1,1,1,1,190.0,1.5,13.412,20,0.07,1.04,0,0,CHRG, ,
195.0,1,1,1,1,1,195.0,1.49,13.415,20,0.08,1.07,0,0,CHRG, ,
200.0,1,1,1,1,1,200.0,1.5,13.419,20,0.08,1.1,0,0,CHRG, ,
205.0,1,1,1,1,1,205.0,1.5,13.423,20.1,0.08,1.12,0,0,CHRG, ,
210.0,1,1,1,1,1,210.0,1.5,13.426,20,0.08,1.15,0,0,CHRG, ,
215.0,1,1,1,1,1,215.0,1.5,13.429,20.1,0.08,1.18,0,0,CHRG, ,
220.0,1,1,1,1,1,220.0,1.5,13.432,20.1,0.09,1.21,0,0,CHRG, ,
225.0,1,1,1,1,1,225.0,1.5,13.435,20.1,0.09,1.24,0,0,CHRG, ,
230.0,1,1,1,1,1,230.0,1.5,13.438,20.1,0.09,1.26,0,0,CHRG, ,
235.0,1,1,1,1,1,235.0,1.5,13.442,20.1,0.09,1.29,0,0,CHRG, ,
240.0,1,1,1,1,1,240.0,1.5,13.444,20.1,0.09,1.32,0,0,CHRG, ,
245.0,1,1,1,1,1,245.0,1.5,13.447,20.1,0.1,1.35,0,0,CHRG, ,
250.0,1,1,1,1,1,250.0,1.5,13.449,20.1,0.1,1.38,0,0,CHRG, ,
255.0,1,1,1,1,1,255.0,1.5,13.452,20.1,0.1,1.4,0,0,CHRG, ,
260.0,1,1,1,1,1,260.0,1.5,13.455,20.1,0.1,1.43,0,0,CHRG, ,
265.0,1,1,1,1,1,265.0,1.5,13.458,20.1,0.11,1.46,0,0,CHRG, ,
270.0,1,1,1,1,1,270.0,1.5,13.46,20.1,0.11,1.49,0,0,CHRG, ,
275.0,1,1,1,1,1,275.0,1.5,13.463,20.1,0.11,1.51,0,0,CHRG, ,
280.0,1,1,1,1,1,280.0,1.5,13.465,20.1,0.11,1.54,0,0,CHRG, ,
285.0,1,1,1,1,1,285.0,1.5,13.468,20.2,0.11,1.57,0,0,CHRG, ,
290.0,1,1,1,1,1,290.0,1.5,13.47,20.1,0.12,1.6,0,0,CHRG, ,
295.0,1,1,1,1,1,295.0,1.5,13.472,20.1,0.12,1.63,0,0,CHRG, ,
300.0,1,1,1,1,1,300.0,1.5,13.475,20.1,0.12,1.65,0,0,CHRG, ,
305.0,1,1,1,1,1,305.0,1.5,13.477,20.1,0.12,1.68,0,0,CHRG, ,
310.0,1,1,1,1,1,310.0,1.5,13.479,20.1,0.12,1.71,0,0,CHRG, ,
315.0,1,1,1,1,1,315.0,1.5,13.481,20.1,0.13,1.74,0,0,CHRG, ,
320.0,1,1,1,1,1,320.0,1.5,13.484,20.1,0.13,1.77,0,0,CHRG, ,
325.0,1,1,1,1,1,325.0,1.5,13.487,20.1,0.13,1.79,0,0,CHRG, ,
330.0,1,1,1,1,1,330.0,1.5,13.488,20.1,0.13,1.82,0,0,CHRG, ,
335.0,1,1,1,1,1,335.0,1.5,13.491,20.2,0.13,1.85,0,0,CHRG, ,
340.0,1,1,1,1,1,340.0,1.5,13.492,20.2,0.14,1.88,0,0,CHRG, ,
345.0,1,1,1,1,1,345.0,1.5,13.494,20.2,0.14,1.91,0,0,CHRG, ,
350.0,1,1,1,1,1,350.0,1.5,13.497,20.2,0.14,1.93,0,0,CHRG, ,
355.0,1,1,1,1,1,355.0,1.5,13.498,20.2,0.14,1.96,0,0,CHRG, ,
360.0,1,1,1,1,1,360.0,1.5,13.5,20.2,0.14,1.99,0,0,CHRG, ,
365.0,1,1,1,1,1,365.0,1.5,13.503,20.2,0.15,2.02,0,0,CHRG, ,
370.0,1,1,1,1,1,370.0,1.5,13.505,20.1,0.15,2.05,0,0,CHRG, ,
375.0,1,1,1,1,1,375.0,1.5,13.506,20.2,0.15,2.07,0,0,CHRG, ,
380.0,1,1,1,1,1,380.0,1.5,13.509,20.2,0.15,2.1,0,0,CHRG, ,
385.0,1,1,1,1,1,385.0,1.5,13.51,20.2,0.16,2.13,0,0,CHRG, ,
390.0,1,1,1,1,1,390.0,1.5,13.512,20.2,0.16,2.16,0,0,CHRG, ,
395.0,1,1,1,1,1,395.0,1.5,13.515,20.2,0.16,2.19,0,0,CHRG, ,
400.0,1,1,1,1,1,400.0,1.49,13.516,20.1,0.16,2.21,0,0,CHRG, ,
405.0,1,1,1,1,1,405.0,1.5,13.518,20.2,0.16,2.24,0,0,CHRG, ,
410.0,1,1,1,1,1,410.0,1.5,13.52,20.2,0.17,2.27,0,0,CHRG, ,
415.0,1,1,1,1,1,415.0,1.5,13.522,20.2,0.17,2.3,0,0,CHRG, ,
420.0,1,1,1,1,1,420.0,1.5,13.524,20.2,0.17,2.33,0,0,CHRG, ,
425.0,1,1,1,1,1,425.0,1.5,13.525,20.2,0.17,2.35,0,0,CHRG, ,
430.0,1,1,1,1,1,430.0,1.5,13.528,20.2,0.17,2.38,0,0,CHRG, ,
435.0,1,1,1,1,1,435.0,1.5,13.529,20.2,0.18,2.41,0,0,CHRG, ,
440.0,1,1,1,1,1,440.0,1.49,13.531,20.1,0.18,2.44,0,0,CHRG, ,
445.0,1,1,1,1,1,445.0,1.5,13.533,20.2,0.18,2.47,0,0,CHRG, ,
450.0,1,1,1,1,1,450.0,1.5,13.535,20.2,0.18,2.49,0,0,CHRG, ,
455.0,1,1,1,1,1,455.0,1.5,13.537,20.3,0.18,2.52,0,0,CHRG, ,
460.0,1,1,1,1,1,460.0,1.5,13.538,20.2,0.19,2.55,0,0,CHRG, ,
465.0,1,1,1,1,1,465.0,1.5,13.54,20.3,0.19,2.58,0,0,CHRG, ,
470.0,1,1,1,1,1,470.0,1.5,13.542,20.2,0.19,2.61,0,0,CHRG, ,
475.0,1,1,1,1,1,475.0,1.5,13.544,20.2,0.19,2.64,0,0,CHRG, ,
480.0,1,1,1,1,1,480.0,1.5,13.546,20.3,0.19,2.66,0,0,CHRG, ,
485.0,1,1,1,1,1,485.0,1.5,13.547,20.2,0.2,2.69,0,0,CHRG, ,
490.0,1,1,1,1,1,490.0,1.5,13.549,20.2,0.2,2.72,0,0,CHRG, ,
495.0,1,1,1,1,1,495.0,1.5,13.551,20.2,0.2,2.75,0,0,CHRG, ,
500.0,1,1,1,1,1,500.0,1.5,13.553,20.2,0.2,2.78,0,0,CHRG, ,
505.0,1,1,1,1,1,505.0,1.5,13.555,20.2,0.21,2.8,0,0,CHRG, ,
510.0,1,1,1,1,1,510.0,1.5,13.557,20.2,0.21,2.83,0,0,CHRG, ,
515.0,1,1,1,1,1,515.0,1.5,13.558,20.3,0.21,2.86,0,0,CHRG, ,
520.0,1,1,1,1,1,520.0,1.5,13.56,20.3,0.21,2.89,0,0,CHRG, ,
525.0,1,1,1,1,1,525.0,1.5,13.562,20.3,0.21,2.92,0,0,CHRG, ,
530.0,1,1,1,1,1,530.0,1.5,13.564,20.3,0.22,2.94,0,0,CHRG, ,
535.0,1,1,1,1,1,535.0,1.5,13.565,20.3,0.22,2.97,0,0,CHRG, ,
540.0,1,1,1,1,1,540.0,1.5,13.567,20.3,0.22,3,0,0,CHRG, ,
545.0,1,1,1,1,1,545.0,1.5,13.569,20.3,0.22,3.03,0,0,CHRG, ,
550.0,1,1,1,1,1,550.0,1.5,13.57,20.3,0.22,3.06,0,0,CHRG, ,
555.0,1,1,1,1,1,555.0,1.5,13.572,20.3,0.23,3.09,0,0,CHRG, ,
560.0,1,1,1,1,1,560.0,1.5,13.574,20.3,0.23,3.11,0,0,CHRG, ,
565.0,1,1,1,1,1,565.0,1.49,13.576,20.2,0.23,3.14,0,0,CHRG, ,
570.0,1,1,1,1,1,570.0,1.5,13.578,20.3,0.23,3.17,0,0,CHRG, ,
575.0,1,1,1,1,1,575.0,1.5,13.579,20.3,0.23,3.2,0,0,CHRG, ,
580.0,1,1,1,1,1,580.0,1.5,13.581,20.3,0.24,3.23,0,0,CHRG, ,
585.0,1,1,1,1,1,585.0,1.5,13.583,20.3,0.24,3.25,0,0,CHRG, ,
590.0,1,1,1,1,1,590.0,1.5,13.585,20.3,0.24,3.28,0,0,CHRG, ,
595.0,1,1,1,1,1,595.0,1.5,13.587,20.3,0.24,3.31,0,0,CHRG, ,
600.0,1,1,1,1,1,600.0,1.5,13.588,20.3,0.24,3.34,0,0,CHRG, ,
605.0,1,1,1,1,1,605.0,1.5,13.59,20.3,0.25,3.37,0,0,CHRG, ,
610.0,1,1,1,1,1,610.0,1.5,13.592,20.3,0.25,3.4,0,0,CHRG, ,
615.0,1,1,1,1,1,615.0,1.5,13.593,20.3,0.25,3.42,0,0,CHRG, ,
620.0,1,1,1,1,1,620.0,1.5,13.596,20.3,0.25,3.45,0,0,CHRG, ,
625.0,1,1,1,1,1,625.0,1.5,13.597,20.3,0.26,3.48,0,0,CHRG, ,
630.0,1,1,1,1,1,630.0,1.5,13.599,20.3,0.26,3.51,0,0,CHRG, ,
635.0,1,1,1,1,1,635.0,1.5,13.601,20.3,0.26,3.54,0,0,CHRG, ,
640.0,1,1,1,1,1,640.0,1.5,13.602,20.3,0.26,3.56,0,0,CHRG, ,
645.0,1,1,1,1,1,645.0,1.5,13.604,20.3,0.26,3.59,0,0,CHRG, ,
650.0,1,1,1,1,1,650.0,1.5,13.606,20.3,0.27,3.62,0,0,CHRG, ,
655.0,1,1,1,1,1,655.0,1.5,13.608,20.3,0.27,3.65,0,0,CHRG, ,
660.0,1,1,1,1,1,660.0,1.5,13.609,20.3,0.27,3.68,0,0,CHRG, ,
665.0,1,1,1,1,1,665.0,1.5,13.611,20.3,0.27,3.71,0,0,CHRG, ,
670.0,1,1,1,1,1,670.0,1.5,13.613,20.4,0.27,3.73,0,0,CHRG, ,
675.0,1,1,1,1,1,675.0,1.5,13.615,20.3,0.28,3.76,0,0,CHRG, ,
680.0,1,1,1,1,1,680.0,1.49,13.616,20.3,0.28,3.79,0,0,CHRG, ,
685.0,1,1,1,1,1,685.0,1.5,13.618,20.3,0.28,3.82,0,0,CHRG, ,
690.0,1,1,1,1,1,690.0,1.5,13.62,20.3,0.28,3.85,0,0,CHRG, ,
695.0,1,1,1,1,1,695.0,1.5,13.622,20.3,0.28,3.88,0,0,CHRG, ,
700.0,1,1,1,1,1,700.0,1.5,13.623,20.4,0.29,3.9,0,0,CHRG, ,
705.0,1,1,1,1,1,705.0,1.5,13.625,20.4,0.29,3.93,0,0,CHRG, ,
710.0,1,1,1,1,1,710.0,1.49,13.627,20.3,0.29,3.96,0,0,CHRG, ,
715.0,1,1,1,1,1,715.0,1.5,13.629,20.4,0.29,3.99,0,0,CHRG, ,
720.0,1,1,1,1,1,720.0,1.5,13.63,20.4,0.29,4.02,0,0,CHRG, ,
725.0,1,1,1,1,1,725.0,1.5,13.632,20.4,0.3,4.04,0,0,CHRG, ,
730.0,1,1,1,1,1,730.0,1.5,13.634,20.4,0.3,4.07,0,0,CHRG, ,
735.0,1,1,1,1,1,735.0,1.5,13.636,20.4,0.3,4.1,0,0,CHRG, ,
740.0,1,1,1,1,1,740.0,1.5,13.637,20.4,0.3,4.13,0,0,CHRG, ,
745.0,1,1,1,1,1,745.0,1.5,13.639,20.4,0.31,4.16,0,0,CHRG, ,
750.0,1,1,1,1,1,750.0,1.5,13.641,20.4,0.31,4.19,0,0,CHRG, ,
755.0,1,1,1,1,1,755.0,1.5,13.643,20.4,0.31,4.21,0,0,CHRG, ,
760.0,1,1,1,1,1,760.0,1.5,13.644,20.4,0.31,4.24,0,0,CHRG, ,
765.0,1,1,1,1,1,765.0,1.5,13.646,20.4,0.31,4.27,0,0,CHRG, ,
770.0,1,1,1,1,1,770.0,1.5,13.647,20.4,0.32,4.3,0,0,CHRG, ,
775.0,1,1,1,1,1,775.0,1.5,13.65,20.4,0.32,4.33,0,0,CHRG, ,
780.0,1,1,1,1,1,780.0,1.5,13.651,20.4,0.32,4.36,0,0,CHRG, ,
785.0,1,1,1,1,1,785.0,1.5,13.653,20.4,0.32,4.38,0,0,CHRG, ,
790.0,1,1,1,1,1,790.0,1.5,13.656,20.4,0.32,4.41,0,0,CHRG, ,
795.0,1,1,1,1,1,795.0,1.5,13.657,20.4,0.33,4.44,0,0,CHRG, ,
800.0,1,1,1,1,1,800.0,1.5,13.659,20.4,0.33,4.47,0,0,CHRG, ,
805.0,1,1,1,1,1,805.0,1.5,13.661,20.4,0.33,4.5,0,0,CHRG, ,
810.0,1,1,1,1,1,810.0,1.5,13.662,20.4,0.33,4.53,0,0,CHRG, ,
815.0,1,1,1,1,1,815.0,1.5,13.664,20.4,0.33,4.55,0,0,CHRG, ,
820.0,1,1,1,1,1,820.0,1.5,13.665,20.4,0.34,4.58,0,0,CHRG, ,
825.0,1,1,1,1,1,825.0,1.5,13.667,20.4,0.34,4.61,0,0,CHRG, ,
830.0,1,1,1,1,1,830.0,1.5,13.669,20.5,0.34,4.64,0,0,CHRG, ,
835.0,1,1,1,1,1,835.0,1.5,13.671,20.4,0.34,4.67,0,0,CHRG, ,
840.0,1,1,1,1,1,840.0,1.5,13.673,20.4,0.34,4.7,0,0,CHRG, ,
845.0,1,1,1,1,1,845.0,1.5,13.674,20.4,0.35,4.72,0,0,CHRG, ,
850.0,1,1,1,1,1,850.0,1.5,13.676,20.4,0.35,4.75,0,0,CHRG, ,
855.0,1,1,1,1,1,855.0,1.5,13.678,20.5,0.35,4.78,0,0,CHRG, ,
860.0,1,1,1,1,1,860.0,1.5,13.68,20.4,0.35,4.81,0,0,CHRG, ,
865.0,1,1,1,1,1,865.0,1.5,13.681,20.4,0.36,4.84,0,0,CHRG, ,
870.0,1,1,1,1,1,870.0,1.5,13.683,20.4,0.36,4.87,0,0,CHRG, ,
875.0,1,1,1,1,1,875.0,1.5,13.684,20.4,0.36,4.9,0,0,CHRG, ,
880.0,1,1,1,1,1,880.0,1.5,13.686,20.4,0.36,4.92,0,0,CHRG, ,
885.0,1,1,1,1,1,885.0,1.5,13.688,20.4,0.36,4.95,0,0,CHRG, ,
890.0,1,1,1,1,1,890.0,1.5,13.689,20.5,0.37,4.98,0,0,CHRG, ,
895.0,1,1,1,1,1,895.0,1.5,13.691,20.5,0.37,5.01,0,0,CHRG, ,
900.0,1,1,1,1,1,900.0,1.5,13.693,20.5,0.37,5.04,0,0,CHRG, ,
905.0,1,1,1,1,1,905.0,1.5,13.695,20.5,0.37,5.07,0,0,CHRG, ,
910.0,1,1,1,1,1,910.0,1.5,13.696,20.5,0.37,5.09,0,0,CHRG, ,
915.0,1,1,1,1,1,915.0,1.5,13.698,20.5,0.38,5.12,0,0,CHRG, ,
920.0,1,1,1,1,1,920.0,1.5,13.7,20.5,0.38,5.15,0,0,CHRG, ,
925.0,1,1,1,1,1,925.0,1.5,13.702,20.5,0.38,5.18,0,0,CHRG, ,
930.0,1,1,1,1,1,930.0,1.5,13.704,20.5,0.38,5.21,0,0,CHRG, ,
935.0,1,1,1,1,1,935.0,1.5,13.705,20.5,0.38,5.24,0,0,CHRG, ,
940.0,1,1,1,1,1,940.0,1.5,13.707,20.5,0.39,5.26,0,0,CHRG, ,
945.0,1,1,1,1,1,945.0,1.49,13.708,20.4,0.39,5.29,0,0,CHRG, ,
950.0,1,1,1,1,1,950.0,1.49,13.71,20.5,0.39,5.32,0,0,CHRG, ,
955.0,1,1,1,1,1,955.0,1.5,13.711,20.5,0.39,5.35,0,0,CHRG, ,
960.0,1,1,1,1,1,960.0,1.5,13.714,20.5,0.39,5.38,0,0,CHRG, ,
965.0,1,1,1,1,1,965.0,1.5,13.715,20.5,0.4,5.41,0,0,CHRG, ,
970.0,1,1,1,1,1,970.0,1.5,13.717,20.5,0.4,5.44,0,0,CHRG, ,
975.0,1,1,1,1,1,975.0,1.5,13.718,20.5,0.4,5.46,0,0,CHRG, ,
980.0,1,1,1,1,1,980.0,1.5,13.72,20.5,0.4,5.49,0,0,CHRG, ,
985.0,1,1,1,1,1,985.0,1.5,13.722,20.5,0.41,5.52,0,0,CHRG, ,
990.0,1,1,1,1,1,990.0,1.5,13.724,20.5,0.41,5.55,0,0,CHRG, ,
995.0,1,1,1,1,1,995.0,1.5,13.724,20.5,0.41,5.58,0,0,CHRG, ,
1000.0,1,1,1,1,1,1000.0,1.5,13.726,20.5,0.41,5.61,0,0,CHRG, ,
1005.0,1,1,1,1,1,1005.0,1.5,13.728,20.5,0.41,5.63,0,0,CHRG, ,
1010.0,1,1,1,1,1,1010.0,1.5,13.729,20.5,0.42,5.66,0,0,CHRG, ,
1015.0,1,1,1,1,1,1015.0,1.5,13.731,20.5,0.42,5.69,0,0,CHRG, ,
1020.0,1,1,1,1,1,1020.0,1.5,13.732,20.5,0.42,5.72,0,0,CHRG, ,
1025.0,1,1,1,1,1,1025.0,1.5,13.734,20.5,0.42,5.75,0,0,CHRG, ,
1030.0,1,1,1,1,1,1030.0,1.5,13.735,20.5,0.42,5.78,0,0,CHRG, ,
1035.0,1,1,1,1,1,1035.0,1.5,13.737,20.5,0.43,5.81,0,0,CHRG, ,
1040.0,1,1,1,1,1,1040.0,1.5,13.739,20.5,0.43,5.83,0,0,CHRG, ,
1045.0,1,1,1,1,1,1045.0,1.5,13.74,20.5,0.43,5.86,0,0,CHRG, ,
1050.0,1,1,1,1,1,1050.0,1.5,13.742,20.6,0.43,5.89,0,0,CHRG, ,
1055.0,1,1,1,1,1,1055.0,1.5,13.743,20.5,0.43,5.92,0,0,CHRG, ,
1060.0,1,1,1,1,1,1060.0,1.5,13.744,20.5,0.44,5.95,0,0,CHRG, ,
1065.0,1,1,1,1,1,1065.0,1.5,13.746,20.5,0.44,5.98,0,0,CHRG, ,
1070.0,1,1,1,1,1,1070.0,1.5,13.748,20.5,0.44,6.01,0,0,CHRG, ,
1075.0,1,1,1,1,1,1075.0,1.5,13.75,20.5,0.44,6.03,0,0,CHRG, ,
1080.0,1,1,1,1,1,1080.0,1.5,13.751,20.5,0.44,6.06,0,0,CHRG, ,
1085.0,1,1,1,1,1,1085.0,1.5,13.753,20.5,0.45,6.09,0,0,CHRG, ,
1090.0,1,1,1,1,1,1090.0,1.5,13.754,20.5,0.45,6.12,0,0,CHRG, ,
1095.0,1,1,1,1,1,1095.0,1.5,13.755,20.5,0.45,6.15,0,0,CHRG, ,
1100.0,1,1,1,1,1,1100.0,1.5,13.758,20.5,0.45,6.18,0,0,CHRG, ,
1105.0,1,1,1,1,1,1105.0,1.5,13.759,20.6,0.46,6.2,0,0,CHRG, ,
1110.0,1,1,1,1,1,1110.0,1.49,13.761,20.5,0.46,6.23,0,0,CHRG, ,
1115.0,1,1,1,1,1,1115.0,1.5,13.762,20.6,0.46,6.26,0,0,CHRG, ,
1120.0,1,1,1,1,1,1120.0,1.5,13.763,20.6,0.46,6.29,0,0,CHRG, ,
1125.0,1,1,1,1,1,1125.0,1.5,13.766,20.6,0.46,6.32,0,0,CHRG, ,
1130.0,1,1,1,1,1,1130.0,1.5,13.767,20.6,0.47,6.35,0,0,CHRG, ,
1135.0,1,1,1,1,1,1135.0,1.5,13.768,20.6,0.47,6.38,0,0,CHRG, ,
1140.0,1,1,1,1,1,1140.0,1.5,13.77,20.6,0.47,6.4,0,0,CHRG, ,
1145.0,1,1,1,1,1,1145.0,1.5,13.772,20.6,0.47,6.43,0,0,CHRG, ,
1150.0,1,1,1,1,1,1150.0,1.5,13.773,20.5,0.47,6.46,0,0,CHRG, ,
1155.0,1,1,1,1,1,1155.0,1.5,13.775,20.6,0.48,6.49,0,0,CHRG, ,
1160.0,1,1,1,1,1,1160.0,1.5,13.776,20.6,0.48,6.52,0,0,CHRG, ,
1165.0,1,1,1,1,1,1165.0,1.5,13.778,20.6,0.48,6.55,0,0,CHRG, ,
1170.0,1,1,1,1,1,1170.0,1.5,13.779,20.6,0.48,6.58,0,0,CHRG, ,
1175.0,1,1,1,1,1,1175.0,1.5,13.781,20.6,0.48,6.6,0,0,CHRG, ,
1180.0,1,1,1,1,1,1180.0,1.5,13.782,20.6,0.49,6.63,0,0,CHRG, ,
1185.0,1,1,1,1,1,1185.0,1.5,13.784,20.6,0.49,6.66,0,0,CHRG, ,
1190.0,1,1,1,1,1,1190.0,1.5,13.786,20.6,0.49,6.69,0,0,CHRG, ,
1195.0,1,1,1,1,1,1195.0,1.5,13.788,20.6,0.49,6.72,0,0,CHRG, ,
1200.0,1,1,1,1,1,1200.0,1.49,13.789,20.5,0.49,6.75,0,0,CHRG, ,
1205.0,1,1,1,1,1,1205.0,1.5,13.791,20.6,0.5,6.78,0,0,CHRG, ,
1210.0,1,1,1,1,1,1210.0,1.49,13.792,20.5,0.5,6.81,0,0,CHRG, ,
1215.0,1,1,1,1,1,1215.0,1.5,13.793,20.6,0.5,6.83,0,0,CHRG, ,
1220.0,1,1,1,1,1,1220.0,1.5,13.795,20.6,0.5,6.86,0,0,CHRG, ,
1225.0,1,1,1,1,1,1225.0,1.5,13.797,20.6,0.51,6.89,0,0,CHRG, ,
1230.0,1,1,1,1,1,1230.0,1.5,13.799,20.6,0.51,6.92,0,0,CHRG, ,
1235.0,1,1,1,1,1,1235.0,1.5,13.8,20.6,0.51,6.95,0,0,CHRG, ,
1240.0,1,1,1,1,1,1240.0,1.5,13.801,20.6,0.51,6.98,0,0,CHRG, ,
1245.0,1,1,1,1,1,1245.0,1.5,13.803,20.6,0.51,7.01,0,0,CHRG, ,
1250.0,1,1,1,1,1,1250.0,1.5,13.804,20.7,0.52,7.03,0,0,CHRG, ,
1255.0,1,1,1,1,1,1255.0,1.5,13.807,20.6,0.52,7.06,0,0,CHRG, ,
1260.0,1,1,1,1,1,1260.0,1.5,13.808,20.6,0.52,7.09,0,0,CHRG, ,
1265.0,1,1,1,1,1,1265.0,1.5,13.809,20.7,0.52,7.12,0,0,CHRG, ,
1270.0,1,1,1,1,1,1270.0,1.49,13.811,20.6,0.52,7.15,0,0,CHRG, ,
1275.0,1,1,1,1,1,1275.0,1.5,13.813,20.6,0.53,7.18,0,0,CHRG, ,
1280.0,1,1,1,1,1,1280.0,1.5,13.815,20.7,0.53,7.21,0,0,CHRG, ,
1285.0,1,1,1,1,1,1285.0,1.5,13.816,20.6,0.53,7.23,0,0,CHRG, ,
1290.0,1,1,1,1,1,1290.0,1.5,13.817,20.6,0.53,7.26,0,0,CHRG, ,
1295.0,1,1,1,1,1,1295.0,1.5,13.819,20.6,0.53,7.29,0,0,CHRG, ,
1300.0,1,1,1,1,1,1300.0,1.5,13.82,20.6,0.54,7.32,0,0,CHRG, ,
1305.0,1,1,1,1,1,1305.0,1.5,13.821,20.6,0.54,7.35,0,0,CHRG, ,
1310.0,1,1,1,1,1,1310.0,1.5,13.823,20.6,0.54,7.38,0,0,CHRG, ,
1315.0,1,1,1,1,1,1315.0,1.5,13.825,20.6,0.54,7.41,0,0,CHRG, ,
1320.0,1,1,1,1,1,1320.0,1.5,13.827,20.7,0.54,7.44,0,0,CHRG, ,
1325.0,1,1,1,1,1,1325.0,1.5,13.828,20.7,0.55,7.46,0,0,CHRG, ,
1330.0,1,1,1,1,1,1330.0,1.5,13.83,20.7,0.55,7.49,0,0,CHRG, ,
1335.0,1,1,1,1,1,1335.0,1.5,13.832,20.7,0.55,7.52,0,0,CHRG, ,
1340.0,1,1,1,1,1,1340.0,1.5,13.833,20.7,0.55,7.55,0,0,CHRG, ,
1345.0,1,1,1,1,1,1345.0,1.5,13.834,20.7,0.56,7.58,0,0,CHRG, ,
1350.0,1,1,1,1,1,1350.0,1.5,13.835,20.7,0.56,7.61,0,0,CHRG, ,
1355.0,1,1,1,1,1,1355.0,1.5,13.837,20.7,0.56,7.64,0,0,CHRG, ,
1360.0,1,1,1,1,1,1360.0,1.5,13.839,20.6,0.56,7.67,0,0,CHRG, ,
1365.0,1,1,1,1,1,1365.0,1.5,13.841,20.7,0.56,7.69,0,0,CHRG, ,
1370.0,1,1,1,1,1,1370.0,1.5,13.842,20.7,0.57,7.72,0,0,CHRG, ,
1375.0,1,1,1,1,1,1375.0,1.5,13.844,20.7,0.57,7.75,0,0,CHRG, ,
1380.0,1,1,1,1,1,1380.0,1.5,13.846,20.7,0.57,7.78,0,0,CHRG, ,
1385.0,1,1,1,1,1,1385.0,1.5,13.847,20.7,0.57,7.81,0,0,CHRG, ,
1390.0,1,1,1,1,1,1390.0,1.5,13.848,20.7,0.57,7.84,0,0,CHRG, ,
1395.0,1,1,1,1,1,1395.0,1.5,13.849,20.7,0.58,7.87,0,0,CHRG, ,
1400.0,1,1,1,1,1,1400.0,1.5,13.851,20.7,0.58,7.89,0,0,CHRG, ,
1405.0,1,1,1,1,1,1405.0,1.49,13.853,20.6,0.58,7.92,0,0,CHRG, ,
1410.0,1,1,1,1,1,1410.0,1.5,13.854,20.7,0.58,7.95,0,0,CHRG, ,
1415.0,1,1,1,1,1,1415.0,1.5,13.856,20.7,0.58,7.98,0,0,CHRG, ,
1420.0,1,1,1,1,1,1420.0,1.5,13.857,20.7,0.59,8.01,0,0,CHRG, ,
1425.0,1,1,1,1,1,1425.0,1.5,13.858,20.7,0.59,8.04,0,0,CHRG, ,
1430.0,1,1,1,1,1,1430.0,1.5,13.86,20.7,0.59,8.07,0,0,CHRG, ,
1435.0,1,1,1,1,1,1435.0,1.5,13.862,20.7,0.59,8.1,0,0,CHRG, ,
1440.0,1,1,1,1,1,1440.0,1.5,13.864,20.7,0.59,8.12,0,0,CHRG, ,
1445.0,1,1,1,1,1,1445.0,1.5,13.865,20.7,0.6,8.15,0,0,CHRG, ,
1450.0,1,1,1,1,1,1450.0,1.5,13.867,20.7,0.6,8.18,0,0,CHRG, ,
1455.0,1,1,1,1,1,1455.0,1.5,13.869,20.8,0.6,8.21,0,0,CHRG, ,
1460.0,1,1,1,1,1,1460.0,1.5,13.87,20.7,0.6,8.24,0,0,CHRG, ,
1465.0,1,1,1,1,1,1465.0,1.5,13.871,20.8,0.61,8.27,0,0,CHRG, ,
1470.0,1,1,1,1,1,1470.0,1.5,13.873,20.7,0.61,8.3,0,0,CHRG, ,
1475.0,1,1,1,1,1,1475.0,1.5,13.875,20.7,0.61,8.33,0,0,CHRG, ,
1480.0,1,1,1,1,1,1480.0,1.5,13.876,20.7,0.61,8.36,0,0,CHRG, ,
1485.0,1,1,1,1,1,1485.0,1.5,13.878,20.7,0.61,8.38,0,0,CHRG, ,
1490.0,1,1,1,1,1,1490.0,1.49,13.88,20.7,0.62,8.41,0,0,CHRG, ,
1495.0,1,1,1,1,1,1495.0,1.5,13.881,20.7,0.62,8.44,0,0,CHRG, ,
1500.0,1,1,1,1,1,1500.0,1.5,13.883,20.7,0.62,8.47,0,0,CHRG, ,
1505.0,1,1,1,1,1,1505.0,1.5,13.885,20.8,0.62,8.5,0,0,CHRG, ,
1510.0,1,1,1,1,1,1510.0,1.5,13.886,20.7,0.62,8.53,0,0,CHRG, ,
1515.0,1,1,1,1,1,1515.0,1.5,13.887,20.8,0.63,8.56,0,0,CHRG, ,
1520.0,1,1,1,1,1,1520.0,1.5,13.888,20.8,0.63,8.59,0,0,CHRG, ,
1525.0,1,1,1,1,1,1525.0,1.5,13.89,20.8,0.63,8.61,0,0,CHRG, ,
1530.0,1,1,1,1,1,1530.0,1.5,13.892,20.7,0.63,8.64,0,0,CHRG, ,
1535.0,1,1,1,1,1,1535.0,1.5,13.892,20.7,0.63,8.67,0,0,CHRG, ,
1540.0,1,1,1,1,1,1540.0,1.5,13.895,20.8,0.64,8.7,0,0,CHRG, ,
1545.0,1,1,1,1,1,1545.0,1.5,13.897,20.8,0.64,8.73,0,0,CHRG, ,
1550.0,1,1,1,1,1,1550.0,1.5,13.898,20.8,0.64,8.76,0,0,CHRG, ,
1555.0,1,1,1,1,1,1555.0,1.5,13.9,20.8,0.64,8.79,0,0,CHRG, ,
1560.0,1,1,1,1,1,1560.0,1.5,13.902,20.8,0.64,8.82,0,0,CHRG, ,
1565.0,1,1,1,1,1,1565.0,1.5,13.903,20.8,0.65,8.84,0,0,CHRG, ,
1570.0,1,1,1,1,1,1570.0,1.5,13.904,20.8,0.65,8.87,0,0,CHRG, ,
1575.0,1,1,1,1,1,1575.0,1.5,13.906,20.8,0.65,8.9,0,0,CHRG, ,
1580.0,1,1,1,1,1,1580.0,1.5,13.907,20.8,0.65,8.93,0,0,CHRG, ,
1585.0,1,1,1,1,1,1585.0,1.5,13.909,20.8,0.66,8.96,0,0,CHRG, ,
1590.0,1,1,1,1,1,1590.0,1.5,13.91,20.7,0.66,8.99,0,0,CHRG, ,
1595.0,1,1,1,1,1,1595.0,1.5,13.912,20.8,0.66,9.02,0,0,CHRG, ,
1600.0,1,1,1,1,1,1600.0,1.5,13.914,20.8,0.66,9.05,0,0,CHRG, ,
1605.0,1,1,1,1,1,1605.0,1.5,13.916,20.8,0.66,9.08,0,0,CHRG, ,
1610.0,1,1,1,1,1,1610.0,1.5,13.918,20.8,0.67,9.1,0,0,CHRG, ,
1615.0,1,1,1,1,1,1615.0,1.5,13.919,20.8,0.67,9.13,0,0,CHRG, ,
1620.0,1,1,1,1,1,1620.0,1.49,13.921,20.7,0.67,9.16,0,0,CHRG, ,
1625.0,1,1,1,1,1,1625.0,1.5,13.922,20.8,0.67,9.19,0,0,CHRG, ,
1630.0,1,1,1,1,1,1630.0,1.5,13.925,20.8,0.67,9.22,0,0,CHRG, ,
1635.0,1,1,1,1,1,1635.0,1.49,13.926,20.7,0.68,9.25,0,0,CHRG, ,
1640.0,1,1,1,1,1,1640.0,1.5,13.927,20.8,0.68,9.28,0,0,CHRG, ,
1645.0,1,1,1,1,1,1645.0,1.5,13.93,20.8,0.68,9.31,0,0,CHRG, ,
1650.0,1,1,1,1,1,1650.0,1.5,13.931,20.8,0.68,9.34,0,0,CHRG, ,
1655.0,1,1,1,1,1,1655.0,1.5,13.933,20.8,0.68,9.36,0,0,CHRG, ,
1660.0,1,1,1,1,1,1660.0,1.5,13.935,20.8,0.69,9.39,0,0,CHRG, ,
1665.0,1,1,1,1,1,1665.0,1.5,13.937,20.8,0.69,9.42,0,0,CHRG, ,
1670.0,1,1,1,1,1,1670.0,1.5,13.938,20.8,0.69,9.45,0,0,CHRG, ,
1675.0,1,1,1,1,1,1675.0,1.5,13.94,20.8,0.69,9.48,0,0,CHRG, ,
1680.0,1,1,1,1,1,1680.0,1.5,13.942,20.9,0.69,9.51,0,0,CHRG, ,
1685.0,1,1,1,1,1,1685.0,1.5,13.943,20.8,0.7,9.54,0,0,CHRG, ,
1690.0,1,1,1,1,1,1690.0,1.5,13.946,20.8,0.7,9.57,0,0,CHRG, ,
1695.0,1,1,1,1,1,1695.0,1.5,13.946,20.8,0.7,9.6,0,0,CHRG, ,
1700.0,1,1,1,1,1,1700.0,1.5,13.948,20.8,0.7,9.63,0,0,CHRG, ,
1705.0,1,1,1,1,1,1705.0,1.5,13.95,20.9,0.71,9.65,0,0,CHRG, ,
1710.0,1,1,1,1,1,1710.0,1.5,13.952,20.9,0.71,9.68,0,0,CHRG, ,
1715.0,1,1,1,1,1,1715.0,1.5,13.954,20.9,0.71,9.71,0,0,CHRG, ,
1720.0,1,1,1,1,1,1720.0,1.5,13.956,20.9,0.71,9.74,0,0,CHRG, ,
1725.0,1,1,1,1,1,1725.0,1.5,13.958,20.8,0.71,9.77,0,0,CHRG, ,
1730.0,1,1,1,1,1,1730.0,1.5,13.961,20.9,0.72,9.8,0,0,CHRG, ,
1735.0,1,1,1,1,1,1735.0,1.5,13.963,20.9,0.72,9.83,0,0,CHRG, ,
1740.0,1,1,1,1,1,1740.0,1.5,13.964,20.9,0.72,9.86,0,0,CHRG, ,
1745.0,1,1,1,1,1,1745.0,1.5,13.965,20.9,0.72,9.89,0,0,CHRG, ,
1750.0,1,1,1,1,1,1750.0,1.5,13.968,20.9,0.72,9.91,0,0,CHRG, ,
1755.0,1,1,1,1,1,1755.0,1.5,13.969,20.9,0.73,9.94,0,0,CHRG, ,
1760.0,1,1,1,1,1,1760.0,1.49,13.971,20.8,0.73,9.97,0,0,CHRG, ,
1765.0,1,1,1,1,1,1765.0,1.5,13.973,20.9,0.73,10,0,0,CHRG, ,
1770.0,1,1,1,1,1,1770.0,1.5,13.974,20.9,0.73,10.03,0,0,CHRG, ,
1775.0,1,1,1,1,1,1775.0,1.5,13.976,20.9,0.73,10.06,0,0,CHRG, ,
1780.0,1,1,1,1,1,1780.0,1.5,13.977,20.9,0.74,10.09,0,0,CHRG, ,
1785.0,1,1,1,1,1,1785.0,1.5,13.98,20.9,0.74,10.12,0,0,CHRG, ,
1790.0,1,1,1,1,1,1790.0,1.5,13.982,20.9,0.74,10.15,0,0,CHRG, ,
1795.0,1,1,1,1,1,1795.0,1.5,13.984,20.9,0.74,10.18,0,0,CHRG, ,
1800.0,1,1,1,1,1,1800.0,1.5,13.985,20.9,0.74,10.2,0,0,CHRG, ,
1805.0,1,1,1,1,1,1805.0,1.5,13.988,20.9,0.75,10.23,0,0,CHRG, ,
1810.0,1,1,1,1,1,1810.0,1.5,13.99,20.9,0.75,10.26,0,0,CHRG, ,
1815.0,1,1,1,1,1,1815.0,1.5,13.991,20.9,0.75,10.29,0,0,CHRG, ,
1820.0,1,1,1,1,1,1820.0,1.5,13.993,20.9,0.75,10.32,0,0,CHRG, ,
1825.0,1,1,1,1,1,1825.0,1.5,13.995,20.9,0.76,10.35,0,0,CHRG, ,
1830.0,1,1,1,1,1,1830.0,1.5,13.997,20.9,0.76,10.38,0,0,CHRG, ,
1835.0,1,1,1,1,1,1835.0,1.5,13.998,20.9,0.76,10.41,0,0,CHRG, ,
1840.0,1,1,1,1,1,1840.0,1.5,14,20.9,0.76,10.44,0,0,CHRG, ,
1845.0,1,1,1,1,1,1845.0,1.5,14.002,21,0.76,10.47,0,0,CHRG, ,
1850.0,1,1,1,1,1,1850.0,1.5,14.004,20.9,0.77,10.5,0,0,CHRG, ,
1855.0,1,1,1,1,1,1855.0,1.5,14.006,20.9,0.77,10.52,0,0,CHRG, ,
1860.0,1,1,1,1,1,1860.0,1.5,14.009,20.9,0.77,10.55,0,0,CHRG, ,
1865.0,1,1,1,1,1,1865.0,1.5,14.01,21,0.77,10.58,0,0,CHRG, ,
1870.0,1,1,1,1,1,1870.0,1.5,14.013,20.9,0.77,10.61,0,0,CHRG, ,
1875.0,1,1,1,1,1,1875.0,1.5,14.014,20.9,0.78,10.64,0,0,CHRG, ,
1880.0,1,1,1,1,1,1880.0,1.5,14.017,20.9,0.78,10.67,0,0,CHRG, ,
1885.0,1,1,1,1,1,1885.0,1.5,14.018,20.9,0.78,10.7,0,0,CHRG, ,
1890.0,1,1,1,1,1,1890.0,1.49,14.021,20.9,0.78,10.73,0,0,CHRG, ,
1895.0,1,1,1,1,1,1895.0,1.5,14.023,20.9,0.78,10.76,0,0,CHRG, ,
1900.0,1,1,1,1,1,1900.0,1.5,14.024,20.9,0.79,10.79,0,0,CHRG, ,
1905.0,1,1,1,1,1,1905.0,1.5,14.026,20.9,0.79,10.81,0,0,CHRG, ,
1910.0,1,1,1,1,1,1910.0,1.5,14.028,21,0.79,10.84,0,0,CHRG, ,
1915.0,1,1,1,1,1,1915.0,1.5,14.029,21,0.79,10.87,0,0,CHRG, ,
1920.0,1,1,1,1,1,1920.0,1.5,14.032,21,0.79,10.9,0,0,CHRG, ,
1925.0,1,1,1,1,1,1925.0,1.5,14.033,21,0.8,10.93,0,0,CHRG, ,
1930.0,1,1,1,1,1,1930.0,1.49,14.036,20.9,0.8,10.96,0,0,CHRG, ,
1935.0,1,1,1,1,1,1935.0,1.5,14.037,21,0.8,10.99,0,0,CHRG, ,
1940.0,1,1,1,1,1,1940.0,1.5,14.039,21,0.8,11.02,0,0,CHRG, ,
1945.0,1,1,1,1,1,1945.0,1.5,14.04,21,0.81,11.05,0,0,CHRG, ,
1950.0,1,1,1,1,1,1950.0,1.5,14.043,21,0.81,11.08,0,0,CHRG, ,
1955.0,1,1,1,1,1,1955.0,1.5,14.046,21,0.81,11.11,0,0,CHRG, ,
1960.0,1,1,1,1,1,1960.0,1.5,14.048,21,0.81,11.14,0,0,CHRG, ,
1965.0,1,1,1,1,1,1965.0,1.5,14.05,21,0.81,11.16,0,0,CHRG, ,
1970.0,1,1,1,1,1,1970.0,1.5,14.053,21,0.82,11.19,0,0,CHRG, ,
1975.0,1,1,1,1,1,1975.0,1.5,14.055,21,0.82,11.22,0,0,CHRG, ,
1980.0,1,1,1,1,1,1980.0,1.5,14.057,21,0.82,11.25,0,0,CHRG, ,
1985.0,1,1,1,1,1,1985.0,1.5,14.059,21,0.82,11.28,0,0,CHRG, ,
1990.0,1,1,1,1,1,1990.0,1.5,14.061,21,0.82,11.31,0,0,CHRG, ,
1995.0,1,1,1,1,1,1995.0,1.5,14.064,21,0.83,11.34,0,0,CHRG, ,
2000.0,1,1,1,1,1,2000.0,1.5,14.067,21,0.83,11.37,0,0,CHRG, ,
2005.0,1,1,1,1,1,2005.0,1.5,14.068,21,0.83,11.4,0,0,CHRG, ,
2010.0,1,1,1,1,1,2010.0,1.5,14.07,21.1,0.83,11.43,0,0,CHRG, ,
2015.0,1,1,1,1,1,2015.0,1.5,14.073,21,0.83,11.46,0,0,CHRG, ,
2020.0,1,1,1,1,1,2020.0,1.5,14.075,21,0.84,11.49,0,0,CHRG, ,
2025.0,1,1,1,1,1,2025.0,1.49,14.077,21,0.84,11.51,0,0,CHRG, ,
2030.0,1,1,1,1,1,2030.0,1.5,14.08,21.1,0.84,11.54,0,0,CHRG, ,
2035.0,1,1,1,1,1,2035.0,1.5,14.082,21,0.84,11.57,0,0,CHRG, ,
2040.0,1,1,1,1,1,2040.0,1.5,14.084,21.1,0.84,11.6,0,0,CHRG, ,
2045.0,1,1,1,1,1,2045.0,1.5,14.087,21,0.85,11.63,0,0,CHRG, ,
2050.0,1,1,1,1,1,2050.0,1.5,14.088,21,0.85,11.66,0,0,CHRG, ,
2055.0,1,1,1,1,1,2055.0,1.5,14.09,21,0.85,11.69,0,0,CHRG, ,
2060.0,1,1,1,1,1,2060.0,1.5,14.093,21.1,0.85,11.72,0,0,CHRG, ,
2065.0,1,1,1,1,1,2065.0,1.5,14.096,21.1,0.86,11.75,0,0,CHRG, ,
2070.0,1,1,1,1,1,2070.0,1.5,14.098,21.1,0.86,11.78,0,0,CHRG, ,
2075.0,1,1,1,1,1,2075.0,1.5,14.1,21.1,0.86,11.81,0,0,CHRG, ,
2080.0,1,1,1,1,1,2080.0,1.5,14.102,21.1,0.86,11.84,0,0,CHRG, ,
2085.0,1,1,1,1,1,2085.0,1.5,14.106,21.1,0.86,11.87,0,0,CHRG, ,
2090.0,1,1,1,1,1,2090.0,1.5,14.108,21.1,0.87,11.89,0,0,CHRG, ,
2095.0,1,1,1,1,1,2095.0,1.5,14.109,21.1,0.87,11.92,0,0,CHRG, ,
2100.0,1,1,1,1,1,2100.0,1.5,14.113,21.1,0.87,11.95,0,0,CHRG, ,
2105.0,1,1,1,1,1,2105.0,1.5,14.116,21.1,0.87,11.98,0,0,CHRG, ,
2110.0,1,1,1,1,1,2110.0,1.5,14.118,21.1,0.87,12.01,0,0,CHRG, ,
2115.0,1,1,1,1,1,2115.0,1.5,14.121,21.1,0.88,12.04,0,0,CHRG, ,
2120.0,1,1,1,1,1,2120.0,1.5,14.123,21.1,0.88,12.07,0,0,CHRG, ,
2125.0,1,1,1,1,1,2125.0,1.5,14.125,21.1,0.88,12.1,0,0,CHRG, ,
2130.0,1,1,1,1,1,2130.0,1.5,14.128,21.1,0.88,12.13,0,0,CHRG, ,
2135.0,1,1,1,1,1,2135.0,1.5,14.13,21.1,0.88,12.16,0,0,CHRG, ,
2140.0,1,1,1,1,1,2140.0,1.5,14.134,21.2,0.89,12.19,0,0,CHRG, ,
2145.0,1,1,1,1,1,2145.0,1.5,14.137,21.1,0.89,12.22,0,0,CHRG, ,
2150.0,1,1,1,1,1,2150.0,1.5,14.139,21.1,0.89,12.25,0,0,CHRG, ,
2155.0,1,1,1,1,1,2155.0,1.5,14.142,21.1,0.89,12.28,0,0,CHRG, ,
2160.0,1,1,1,1,1,2160.0,1.49,14.144,21.1,0.89,12.3,0,0,CHRG, ,
2165.0,1,1,1,1,1,2165.0,1.5,14.146,21.1,0.9,12.33,0,0,CHRG, ,
2170.0,1,1,1,1,1,2170.0,1.5,14.149,21.1,0.9,12.36,0,0,CHRG, ,
2175.0,1,1,1,1,1,2175.0,1.5,14.151,21.1,0.9,12.39,0,0,CHRG, ,
2180.0,1,1,1,1,1,2180.0,1.5,14.154,21.1,0.9,12.42,0,0,CHRG, ,
2185.0,1,1,1,1,1,2185.0,1.5,14.156,21.1,0.9,12.45,0,0,CHRG, ,
2190.0,1,1,1,1,1,2190.0,1.5,14.158,21.1,0.91,12.48,0,0,CHRG, ,
2195.0,1,1,1,1,1,2195.0,1.5,14.162,21.2,0.91,12.51,0,0,CHRG, ,
2200.0,1,1,1,1,1,2200.0,1.5,14.165,21.2,0.91,12.54,0,0,CHRG, ,
2205.0,1,1,1,1,1,2205.0,1.5,14.167,21.2,0.91,12.57,0,0,CHRG, ,
2210.0,1,1,1,1,1,2210.0,1.5,14.169,21.2,0.92,12.6,0,0,CHRG, ,
2215.0,1,1,1,1,1,2215.0,1.5,14.172,21.2,0.92,12.63,0,0,CHRG, ,
2220.0,1,1,1,1,1,2220.0,1.5,14.176,21.2,0.92,12.66,0,0,CHRG, ,
2225.0,1,1,1,1,1,2225.0,1.5,14.177,21.2,0.92,12.69,0,0,CHRG, ,
2230.0,1,1,1,1,1,2230.0,1.5,14.18,21.2,0.92,12.72,0,0,CHRG, ,
2235.0,1,1,1,1,1,2235.0,1.5,14.182,21.2,0.93,12.75,0,0,CHRG, ,
2240.0,1,1,1,1,1,2240.0,1.5,14.185,21.2,0.93,12.78,0,0,CHRG, ,
2245.0,1,1,1,1,1,2245.0,1.5,14.187,21.2,0.93,12.8,0,0,CHRG, ,
2250.0,1,1,1,1,1,2250.0,1.5,14.191,21.2,0.93,12.83,0,0,CHRG, ,
2255.0,1,1,1,1,1,2255.0,1.5,14.193,21.2,0.93,12.86,0,0,CHRG, ,
2260.0,1,1,1,1,1,2260.0,1.5,14.194,21.2,0.94,12.89,0,0,CHRG, ,
2265.0,1,1,1,1,1,2265.0,1.5,14.198,21.2,0.94,12.92,0,0,CHRG, ,
2270.0,1,1,1,1,1,2270.0,1.5,14.201,21.2,0.94,12.95,0,0,CHRG, ,
2275.0,1,1,1,1,1,2275.0,1.5,14.203,21.2,0.94,12.98,0,0,CHRG, ,
2280.0,1,1,1,1,1,2280.0,1.5,14.205,21.2,0.94,13.01,0,0,CHRG, ,
2285.0,1,1,1,1,1,2285.0,1.5,14.209,21.2,0.95,13.04,0,0,CHRG, ,
2290.0,1,1,1,1,1,2290.0,1.5,14.21,21.2,0.95,13.07,0,0,CHRG, ,
2295.0,1,1,1,1,1,2295.0,1.49,14.214,21.2,0.95,13.1,0,0,CHRG, ,
2300.0,1,1,1,1,1,2300.0,1.5,14.216,21.2,0.95,13.13,0,0,CHRG, ,
2305.0,1,1,1,1,1,2305.0,1.5,14.218,21.2,0.95,13.16,0,0,CHRG, ,
2310.0,1,1,1,1,1,2310.0,1.5,14.222,21.2,0.96,13.19,0,0,CHRG, ,
2315.0,1,1,1,1,1,2315.0,1.5,14.223,21.2,0.96,13.22,0,0,CHRG, ,
2320.0,1,1,1,1,1,2320.0,1.5,14.227,21.3,0.96,13.25,0,0,CHRG, ,
2325.0,1,1,1,1,1,2325.0,1.5,14.229,21.3,0.96,13.28,0,0,CHRG, ,
2330.0,1,1,1,1,1,2330.0,1.5,14.232,21.3,0.97,13.31,0,0,CHRG, ,
2335.0,1,1,1,1,1,2335.0,1.5,14.236,21.3,0.97,13.34,0,0,CHRG, ,
2340.0,1,1,1,1,1,2340.0,1.5,14.238,21.3,0.97,13.36,0,0,CHRG, ,
2345.0,1,1,1,1,1,2345.0,1.5,14.241,21.3,0.97,13.39,0,0,CHRG, ,
2350.0,1,1,1,1,1,2350.0,1.5,14.243,21.3,0.97,13.42,0,0,CHRG, ,
2355.0,1,1,1,1,1,2355.0,1.5,14.245,21.3,0.98,13.45,0,0,CHRG, ,
2360.0,1,1,1,1,1,2360.0,1.5,14.247,21.3,0.98,13.48,0,0,CHRG, ,
2365.0,1,1,1,1,1,2365.0,1.5,14.251,21.3,0.98,13.51,0,0,CHRG, ,
2370.0,1,1,1,1,1,2370.0,1.5,14.253,21.3,0.98,13.54,0,0,CHRG, ,
2375.0,1,1,1,1,1,2375.0,1.5,14.256,21.3,0.98,13.57,0,0,CHRG, ,
2380.0,1,1,1,1,1,2380.0,1.5,14.26,21.3,0.99,13.6,0,0,CHRG, ,
2385.0,1,1,1,1,1,2385.0,1.5,14.263,21.3,0.99,13.63,0,0,CHRG, ,
2390.0,1,1,1,1,1,2390.0,1.5,14.266,21.3,0.99,13.66,0,0,CHRG, ,
2395.0,1,1,1,1,1,2395.0,1.5,14.269,21.4,0.99,13.69,0,0,CHRG, ,
2400.0,1,1,1,1,1,2400.0,1.5,14.271,21.4,0.99,13.72,0,0,CHRG, ,
2405.0,1,1,1,1,1,2405.0,1.5,14.274,21.3,1,13.75,0,0,CHRG, ,
2410.0,1,1,1,1,1,2410.0,1.5,14.277,21.3,1,13.78,0,0,CHRG, ,
2415.0,1,1,1,1,1,2415.0,1.5,14.28,21.3,1,13.81,0,0,CHRG, ,
2420.0,1,1,1,1,1,2420.0,1.5,14.282,21.4,1,13.84,0,0,CHRG, ,
2425.0,1,1,1,1,1,2425.0,1.5,14.284,21.3,1,13.87,0,0,CHRG, ,
2430.0,1,1,1,1,1,2430.0,1.5,14.288,21.3,1.01,13.9,0,0,CHRG, ,
2435.0,1,1,1,1,1,2435.0,1.5,14.291,21.3,1.01,13.93,0,0,CHRG, ,
2440.0,1,1,1,1,1,2440.0,1.5,14.294,21.3,1.01,13.96,0,0,CHRG, ,
2445.0,1,1,1,1,1,2445.0,1.5,14.297,21.4,1.01,13.99,0,0,CHRG, ,
2450.0,1,1,1,1,1,2450.0,1.5,14.298,21.4,1.02,14.02,0,0,CHRG, ,
2455.0,1,1,1,1,1,2455.0,1.5,14.301,21.4,1.02,14.05,0,0,CHRG, ,
2460.0,1,1,1,1,1,2460.0,1.5,14.303,21.4,1.02,14.08,0,0,CHRG, ,
2465.0,1,1,1,1,1,2465.0,1.5,14.307,21.4,1.02,14.11,0,0,CHRG, ,
2470.0,1,1,1,1,1,2470.0,1.5,14.31,21.4,1.02,14.13,0,0,CHRG, ,
2475.0,1,1,1,1,1,2475.0,1.5,14.313,21.4,1.03,14.16,0,0,CHRG, ,
2480.0,1,1,1,1,1,2480.0,1.5,14.315,21.4,1.03,14.19,0,0,CHRG, ,
2485.0,1,1,1,1,1,2485.0,1.5,14.317,21.3,1.03,14.22,0,0,CHRG, ,
2490.0,1,1,1,1,1,2490.0,1.5,14.321,21.4,1.03,14.25,0,0,CHRG, ,
2495.0,1,1,1,1,1,2495.0,1.5,14.324,21.4,1.03,14.28,0,0,CHRG, ,
2500.0,1,1,1,1,1,2500.0,1.5,14.325,21.4,1.04,14.31,0,0,CHRG, ,
2505.0,1,1,1,1,1,2505.0,1.5,14.329,21.4,1.04,14.34,0,0,CHRG, ,
2510.0,1,1,1,1,1,2510.0,1.5,14.332,21.4,1.04,14.37,0,0,CHRG, ,
2515.0,1,1,1,1,1,2515.0,1.5,14.335,21.4,1.04,14.4,0,0,CHRG, ,
2520.0,1,1,1,1,1,2520.0,1.49,14.337,21.4,1.04,14.43,0,0,CHRG, ,
2525.0,1,1,1,1,1,2525.0,1.5,14.339,21.4,1.05,14.46,0,0,CHRG, ,
2530.0,1,1,1,1,1,2530.0,1.5,14.343,21.4,1.05,14.49,0,0,CHRG, ,
2535.0,1,1,1,1,1,2535.0,1.5,14.348,21.5,1.05,14.52,0,0,CHRG, ,
2540.0,1,1,1,1,1,2540.0,1.5,14.35,21.5,1.05,14.55,0,0,CHRG, ,
2545.0,1,1,1,1,1,2545.0,1.5,14.353,21.4,1.05,14.58,0,0,CHRG, ,
2550.0,1,1,1,1,1,2550.0,1.5,14.357,21.5,1.06,14.61,0,0,CHRG, ,
2555.0,1,1,1,1,1,2555.0,1.5,14.36,21.5,1.06,14.64,0,0,CHRG, ,
2560.0,1,1,1,1,1,2560.0,1.5,14.362,21.5,1.06,14.67,0,0,CHRG, ,
2565.0,1,1,1,1,1,2565.0,1.5,14.366,21.5,1.06,14.7,0,0,CHRG, ,
2570.0,1,1,1,1,1,2570.0,1.5,14.369,21.5,1.07,14.73,0,0,CHRG, ,
2575.0,1,1,1,1,1,2575.0,1.5,14.371,21.5,1.07,14.76,0,0,CHRG, ,
2580.0,1,1,1,1,1,2580.0,1.5,14.375,21.5,1.07,14.79,0,0,CHRG, ,
2585.0,1,1,1,1,1,2585.0,1.5,14.378,21.5,1.07,14.82,0,0,CHRG, ,
2590.0,1,1,1,1,1,2590.0,1.5,14.382,21.5,1.07,14.85,0,0,CHRG, ,
2595.0,1,1,1,1,1,2595.0,1.5,14.385,21.5,1.08,14.88,0,0,CHRG, ,
2600.0,1,1,1,1,1,2600.0,1.5,14.388,21.5,1.08,14.91,0,0,CHRG, ,
2605.0,1,1,1,1,1,2605.0,1.5,14.39,21.5,1.08,14.94,0,0,CHRG, ,
2610.0,1,1,1,1,1,2610.0,1.5,14.394,21.5,1.08,14.97,0,0,CHRG, ,
2615.0,1,1,1,1,1,2615.0,1.5,14.396,21.5,1.08,15,0,0,CHRG, ,
2620.0,1,1,1,1,1,2620.0,1.5,14.398,21.5,1.09,15.03,0,0,CHRG, ,
2622.3,1,1,1,1,1,2622.3,1.49,14.4,21.5,1.09,15.04,0,0,CHRG,S,
2627.3,1,1,1,1,2,5.0,1.39,14.2,19.7,0,0.02,0,0,CHRG, ,
2632.3,1,1,1,1,2,10.0,1.39,14.2,19.7,0,0.05,0,0,CHRG, ,
2637.3,1,1,1,1,2,15.0,1.39,14.2,19.7,0,0.08,0,0,CHRG, ,
2642.3,1,1,1,1,2,20.0,1.4,14.2,19.8,0,0.1,0,0,CHRG, ,
2647.3,1,1,1,1,2,25.0,1.4,14.2,19.8,0,0.13,0,0,CHRG, ,
2652.3,1,1,1,1,2,30.0,1.4,14.2,19.9,0.01,0.16,0,0,CHRG, ,
2657.3,1,1,1,1,2,35.0,1.4,14.2,19.8,0.01,0.19,0,0,CHRG, ,
2662.3,1,1,1,1,2,40.0,1.39,14.199,19.7,0.01,0.21,0,0,CHRG, ,
2667.3,1,1,1,1,2,45.0,1.4,14.2,19.8,0.01,0.24,0,0,CHRG, ,
2672.3,1,1,1,1,2,50.0,1.39,14.199,19.6,0.01,0.27,0,0,CHRG, ,
2677.3,1,1,1,1,2,55.0,1.4,14.2,19.8,0.02,0.3,0,0,CHRG, ,
2682.3,1,1,1,1,2,60.0,1.39,14.201,19.7,0.02,0.32,0,0,CHRG, ,
2687.3,1,1,1,1,2,65.0,1.39,14.2,19.7,0.02,0.35,0,0,CHRG, ,
2692.3,1,1,1,1,2,70.0,1.39,14.2,19.7,0.02,0.38,0,0,CHRG, ,
2697.3,1,1,1,1,2,75.0,1.39,14.2,19.7,0.02,0.41,0,0,CHRG, ,
2702.3,1,1,1,1,2,80.0,1.39,14.201,19.7,0.03,0.43,0,0,CHRG, ,
2707.3,1,1,1,1,2,85.0,1.38,14.2,19.6,0.03,0.46,0,0,CHRG, ,
2712.3,1,1,1,1,2,90.0,1.39,14.2,19.7,0.03,0.49,0,0,CHRG, ,
2717.3,1,1,1,1,2,95.0,1.39,14.201,19.6,0.03,0.51,0,0,CHRG, ,
2722.3,1,1,1,1,2,100.0,1.37,14.2,19.4,0.03,0.54,0,0,CHRG, ,
2727.3,1,1,1,1,2,105.0,1.38,14.199,19.5,0.04,0.57,0,0,CHRG, ,
2732.3,1,1,1,1,2,110.0,1.38,14.201,19.6,0.04,0.6,0,0,CHRG, ,
2737.3,1,1,1,1,2,115.0,1.39,14.2,19.6,0.04,0.62,0,0,CHRG, ,
2742.3,1,1,1,1,2,120.0,1.37,14.2,19.4,0.04,0.65,0,0,CHRG, ,
2747.3,1,1,1,1,2,125.0,1.38,14.201,19.5,0.04,0.68,0,0,CHRG, ,
2752.3,1,1,1,1,2,130.0,1.38,14.2,19.5,0.05,0.7,0,0,CHRG, ,
2757.3,1,1,1,1,2,135.0,1.38,14.201,19.5,0.05,0.73,0,0,CHRG, ,
2762.3,1,1,1,1,2,140.0,1.36,14.2,19.3,0.05,0.76,0,0,CHRG, ,
2767.3,1,1,1,1,2,145.0,1.37,14.201,19.4,0.05,0.79,0,0,CHRG, ,
2772.3,1,1,1,1,2,150.0,1.37,14.2,19.4,0.05,0.81,0,0,CHRG, ,
2777.3,1,1,1,1,2,155.0,1.37,14.2,19.4,0.05,0.84,0,0,CHRG, ,
2782.3,1,1,1,1,2,160.0,1.36,14.201,19.2,0.06,0.87,0,0,CHRG, ,
2787.3,1,1,1,1,2,165.0,1.36,14.199,19.2,0.06,0.89,0,0,CHRG, ,
2792.3,1,1,1,1,2,170.0,1.37,14.201,19.4,0.06,0.92,0,0,CHRG, ,
2797.3,1,1,1,1,2,175.0,1.35,14.2,19.2,0.06,0.95,0,0,CHRG, ,
2802.3,1,1,1,1,2,180.0,1.35,14.199,19.2,0.06,0.97,0,0,CHRG, ,
2807.3,1,1,1,1,2,185.0,1.36,14.2,19.3,0.07,1,0,0,CHRG, ,
2812.3,1,1,1,1,2,190.0,1.36,14.2,19.2,0.07,1.03,0,0,CHRG, ,
2817.3,1,1,1,1,2,195.0,1.36,14.201,19.3,0.07,1.05,0,0,CHRG, ,
2822.3,1,1,1,1,2,200.0,1.36,14.2,19.3,0.07,1.08,0,0,CHRG, ,
2827.3,1,1,1,1,2,205.0,1.35,14.2,19.1,0.07,1.11,0,0,CHRG, ,
2832.3,1,1,1,1,2,210.0,1.35,14.201,19.2,0.08,1.13,0,0,CHRG, ,
2837.3,1,1,1,1,2,215.0,1.35,14.2,19.1,0.08,1.16,0,0,CHRG, ,
2842.3,1,1,1,1,2,220.0,1.35,14.201,19.1,0.08,1.19,0,0,CHRG, ,
2847.3,1,1,1,1,2,225.0,1.35,14.2,19.1,0.08,1.21,0,0,CHRG, ,
2852.3,1,1,1,1,2,230.0,1.34,14.201,19,0.08,1.24,0,0,CHRG, ,
2857.3,1,1,1,1,2,235.0,1.34,14.2,19,0.08,1.27,0,0,CHRG, ,
2862.3,1,1,1,1,2,240.0,1.34,14.2,19,0.09,1.29,0,0,CHRG, ,
2867.3,1,1,1,1,2,245.0,1.35,14.2,19.1,0.09,1.32,0,0,CHRG, ,
2872.3,1,1,1,1,2,250.0,1.34,14.2,19,0.09,1.35,0,0,CHRG, ,
2877.3,1,1,1,1,2,255.0,1.34,14.2,19,0.09,1.37,0,0,CHRG, ,
2882.3,1,1,1,1,2,260.0,1.34,14.2,19,0.09,1.4,0,0,CHRG, ,
2887.3,1,1,1,1,2,265.0,1.34,14.201,18.9,0.1,1.42,0,0,CHRG, ,
2892.3,1,1,1,1,2,270.0,1.34,14.199,18.9,0.1,1.45,0,0,CHRG, ,
2897.3,1,1,1,1,2,275.0,1.34,14.2,19,0.1,1.48,0,0,CHRG, ,
2902.3,1,1,1,1,2,280.0,1.33,14.2,18.8,0.1,1.5,0,0,CHRG, ,
2907.3,1,1,1,1,2,285.0,1.34,14.2,19,0.1,1.53,0,0,CHRG, ,
2912.3,1,1,1,1,2,290.0,1.33,14.2,18.8,0.11,1.56,0,0,CHRG, ,
2917.3,1,1,1,1,2,295.0,1.33,14.199,18.8,0.11,1.58,0,0,CHRG, ,
2922.3,1,1,1,1,2,300.0,1.32,14.2,18.7,0.11,1.61,0,0,CHRG, ,
2927.3,1,1,1,1,2,305.0,1.33,14.2,18.8,0.11,1.63,0,0,CHRG, ,
2932.3,1,1,1,1,2,310.0,1.33,14.2,18.8,0.11,1.66,0,0,CHRG, ,
2937.3,1,1,1,1,2,315.0,1.33,14.2,18.8,0.11,1.69,0,0,CHRG, ,
2942.3,1,1,1,1,2,320.0,1.32,14.201,18.8,0.12,1.71,0,0,CHRG, ,
2947.3,1,1,1,1,2,325.0,1.31,14.2,18.6,0.12,1.74,0,0,CHRG, ,
2952.3,1,1,1,1,2,330.0,1.32,14.2,18.7,0.12,1.76,0,0,CHRG, ,
2957.3,1,1,1,1,2,335.0,1.32,14.2,18.7,0.12,1.79,0,0,CHRG, ,
2962.3,1,1,1,1,2,340.0,1.32,14.201,18.7,0.12,1.82,0,0,CHRG, ,
2967.3,1,1,1,1,2,345.0,1.32,14.199,18.7,0.13,1.84,0,0,CHRG, ,
2972.3,1,1,1,1,2,350.0,1.31,14.199,18.6,0.13,1.87,0,0,CHRG, ,
2977.3,1,1,1,1,2,355.0,1.32,14.2,18.7,0.13,1.89,0,0,CHRG, ,
2982.3,1,1,1,1,2,360.0,1.31,14.2,18.5,0.13,1.92,0,0,CHRG, ,
2987.3,1,1,1,1,2,365.0,1.32,14.2,18.7,0.13,1.95,0,0,CHRG, ,
2992.3,1,1,1,1,2,370.0,1.31,14.2,18.6,0.13,1.97,0,0,CHRG, ,
2997.3,1,1,1,1,2,375.0,1.31,14.199,18.6,0.14,2,0,0,CHRG, ,
3002.3,1,1,1,1,2,380.0,1.31,14.201,18.5,0.14,2.02,0,0,CHRG, ,
3007.3,1,1,1,1,2,385.0,1.3,14.2,18.5,0.14,2.05,0,0,CHRG, ,
3012.3,1,1,1,1,2,390.0,1.3,14.2,18.4,0.14,2.07,0,0,CHRG, ,
3017.3,1,1,1,1,2,395.0,1.3,14.2,18.4,0.14,2.1,0,0,CHRG, ,
3022.3,1,1,1,1,2,400.0,1.31,14.201,18.5,0.15,2.13,0,0,CHRG, ,
3027.3,1,1,1,1,2,405.0,1.31,14.201,18.6,0.15,2.15,0,0,CHRG, ,
3032.3,1,1,1,1,2,410.0,1.29,14.2,18.3,0.15,2.18,0,0,CHRG, ,
3037.3,1,1,1,1,2,415.0,1.3,14.201,18.4,0.15,2.2,0,0,CHRG, ,
3042.3,1,1,1,1,2,420.0,1.29,14.2,18.3,0.15,2.23,0,0,CHRG, ,
3047.3,1,1,1,1,2,425.0,1.3,14.2,18.4,0.15,2.25,0,0,CHRG, ,
3052.3,1,1,1,1,2,430.0,1.29,14.2,18.3,0.16,2.28,0,0,CHRG, ,
3057.3,1,1,1,1,2,435.0,1.3,14.2,18.4,0.16,2.3,0,0,CHRG, ,
3062.3,1,1,1,1,2,440.0,1.29,14.2,18.3,0.16,2.33,0,0,CHRG, ,
3067.3,1,1,1,1,2,445.0,1.29,14.199,18.3,0.16,2.36,0,0,CHRG, ,
3072.3,1,1,1,1,2,450.0,1.29,14.201,18.3,0.16,2.38,0,0,CHRG, ,
3077.3,1,1,1,1,2,455.0,1.29,14.2,18.3,0.17,2.41,0,0,CHRG, ,
3082.3,1,1,1,1,2,460.0,1.28,14.2,18.2,0.17,2.43,0,0,CHRG, ,
3087.3,1,1,1,1,2,465.0,1.29,14.2,18.3,0.17,2.46,0,0,CHRG, ,
3092.3,1,1,1,1,2,470.0,1.29,14.2,18.3,0.17,2.48,0,0,CHRG, ,
3097.3,1,1,1,1,2,475.0,1.28,14.2,18.1,0.17,2.51,0,0,CHRG, ,
3102.3,1,1,1,1,2,480.0,1.29,14.2,18.2,0.17,2.53,0,0,CHRG, ,
3107.3,1,1,1,1,2,485.0,1.28,14.2,18.1,0.18,2.56,0,0,CHRG, ,
3112.3,1,1,1,1,2,490.0,1.28,14.2,18.1,0.18,2.58,0,0,CHRG, ,
3117.3,1,1,1,1,2,495.0,1.29,14.201,18.3,0.18,2.61,0,0,CHRG, ,
3122.3,1,1,1,1,2,500.0,1.28,14.2,18.1,0.18,2.63,0,0,CHRG, ,
3127.3,1,1,1,1,2,505.0,1.28,14.2,18.2,0.18,2.66,0,0,CHRG, ,
3132.3,1,1,1,1,2,510.0,1.27,14.199,18,0.18,2.68,0,0,CHRG, ,
3137.3,1,1,1,1,2,515.0,1.28,14.201,18.1,0.19,2.71,0,0,CHRG, ,
3142.3,1,1,1,1,2,520.0,1.26,14.2,17.9,0.19,2.73,0,0,CHRG, ,
3147.3,1,1,1,1,2,525.0,1.27,14.2,17.9,0.19,2.76,0,0,CHRG, ,
3152.3,1,1,1,1,2,530.0,1.27,14.199,17.9,0.19,2.78,0,0,CHRG, ,
3157.3,1,1,1,1,2,535.0,1.27,14.199,18,0.19,2.81,0,0,CHRG, ,
3162.3,1,1,1,1,2,540.0,1.27,14.2,18,0.2,2.83,0,0,CHRG, ,
3167.3,1,1,1,1,2,545.0,1.26,14.2,17.9,0.2,2.86,0,0,CHRG, ,
3172.3,1,1,1,1,2,550.0,1.26,14.201,17.8,0.2,2.88,0,0,CHRG, ,
3177.3,1,1,1,1,2,555.0,1.26,14.2,17.8,0.2,2.91,0,0,CHRG, ,
3182.3,1,1,1,1,2,560.0,1.26,14.199,17.8,0.2,2.93,0,0,CHRG, ,
3187.3,1,1,1,1,2,565.0,1.25,14.2,17.7,0.2,2.96,0,0,CHRG, ,
3192.3,1,1,1,1,2,570.0,1.26,14.2,17.8,0.21,2.98,0,0,CHRG, ,
3197.3,1,1,1,1,2,575.0,1.25,14.2,17.7,0.21,3.01,0,0,CHRG, ,
3202.3,1,1,1,1,2,580.0,1.26,14.199,17.8,0.21,3.03,0,0,CHRG, ,
3207.3,1,1,1,1,2,585.0,1.25,14.2,17.7,0.21,3.06,0,0,CHRG, ,
3212.3,1,1,1,1,2,590.0,1.25,14.201,17.7,0.21,3.08,0,0,CHRG, ,
3217.3,1,1,1,1,2,595.0,1.26,14.2,17.8,0.21,3.11,0,0,CHRG, ,
3222.3,1,1,1,1,2,600.0,1.25,14.201,17.7,0.22,3.13,0,0,CHRG, ,
3227.3,1,1,1,1,2,605.0,1.25,14.2,17.7,0.22,3.15,0,0,CHRG, ,
3232.3,1,1,1,1,2,610.0,1.25,14.199,17.7,0.22,3.18,0,0,CHRG, ,
3237.3,1,1,1,1,2,615.0,1.24,14.2,17.6,0.22,3.2,0,0,CHRG, ,
3242.3,1,1,1,1,2,620.0,1.24,14.2,17.6,0.22,3.23,0,0,CHRG, ,
3247.3,1,1,1,1,2,625.0,1.24,14.199,17.6,0.23,3.25,0,0,CHRG, ,
3252.3,1,1,1,1,2,630.0,1.24,14.2,17.6,0.23,3.28,0,0,CHRG, ,
3257.3,1,1,1,1,2,635.0,1.24,14.2,17.6,0.23,3.3,0,0,CHRG, ,
3262.3,1,1,1,1,2,640.0,1.24,14.2,17.6,0.23,3.33,0,0,CHRG, ,
3267.3,1,1,1,1,2,645.0,1.23,14.199,17.4,0.23,3.35,0,0,CHRG, ,
3272.3,1,1,1,1,2,650.0,1.24,14.199,17.5,0.23,3.37,0,0,CHRG, ,
3277.3,1,1,1,1,2,655.0,1.23,14.2,17.4,0.24,3.4,0,0,CHRG, ,
3282.3,1,1,1,1,2,660.0,1.23,14.2,17.4,0.24,3.42,0,0,CHRG, ,
3287.3,1,1,1,1,2,665.0,1.24,14.2,17.5,0.24,3.45,0,0,CHRG, ,
3292.3,1,1,1,1,2,670.0,1.23,14.2,17.4,0.24,3.47,0,0,CHRG, ,
3297.3,1,1,1,1,2,675.0,1.24,14.201,17.5,0.24,3.5,0,0,CHRG, ,
3302.3,1,1,1,1,2,680.0,1.24,14.2,17.5,0.24,3.52,0,0,CHRG, ,
3307.3,1,1,1,1,2,685.0,1.23,14.199,17.4,0.25,3.54,0,0,CHRG, ,
3312.3,1,1,1,1,2,690.0,1.22,14.2,17.2,0.25,3.57,0,0,CHRG, ,
3317.3,1,1,1,1,2,695.0,1.23,14.201,17.4,0.25,3.59,0,0,CHRG, ,
3322.3,1,1,1,1,2,700.0,1.22,14.201,17.3,0.25,3.62,0,0,CHRG, ,
3327.3,1,1,1,1,2,705.0,1.22,14.2,17.2,0.25,3.64,0,0,CHRG, ,
3332.3,1,1,1,1,2,710.0,1.22,14.2,17.3,0.25,3.66,0,0,CHRG, ,
3337.3,1,1,1,1,2,715.0,1.23,14.2,17.4,0.26,3.69,0,0,CHRG, ,
3342.3,1,1,1,1,2,720.0,1.22,14.2,17.2,0.26,3.71,0,0,CHRG, ,
3347.3,1,1,1,1,2,725.0,1.22,14.199,17.3,0.26,3.74,0,0,CHRG, ,
3352.3,1,1,1,1,2,730.0,1.22,14.2,17.3,0.26,3.76,0,0,CHRG, ,
3357.3,1,1,1,1,2,735.0,1.22,14.199,17.2,0.26,3.78,0,0,CHRG, ,
3362.3,1,1,1,1,2,740.0,1.22,14.201,17.3,0.26,3.81,0,0,CHRG, ,
3367.3,1,1,1,1,2,745.0,1.21,14.2,17.2,0.27,3.83,0,0,CHRG, ,
3372.3,1,1,1,1,2,750.0,1.22,14.2,17.3,0.27,3.86,0,0,CHRG, ,
3377.3,1,1,1,1,2,755.0,1.21,14.2,17.1,0.27,3.88,0,0,CHRG, ,
3382.3,1,1,1,1,2,760.0,1.21,14.2,17.1,0.27,3.9,0,0,CHRG, ,
3387.3,1,1,1,1,2,765.0,1.21,14.2,17.1,0.27,3.93,0,0,CHRG, ,
3392.3,1,1,1,1,2,770.0,1.21,14.2,17.2,0.27,3.95,0,0,CHRG, ,
3397.3,1,1,1,1,2,775.0,1.2,14.2,17,0.28,3.97,0,0,CHRG, ,
3402.3,1,1,1,1,2,780.0,1.21,14.2,17.1,0.28,4,0,0,CHRG, ,
3407.3,1,1,1,1,2,785.0,1.2,14.2,17,0.28,4.02,0,0,CHRG, ,
3412.3,1,1,1,1,2,790.0,1.19,14.2,16.9,0.28,4.05,0,0,CHRG, ,
3417.3,1,1,1,1,2,795.0,1.19,14.199,16.8,0.28,4.07,0,0,CHRG, ,
3422.3,1,1,1,1,2,800.0,1.19,14.2,16.9,0.28,4.09,0,0,CHRG, ,
3427.3,1,1,1,1,2,805.0,1.2,14.201,16.9,0.29,4.12,0,0,CHRG, ,
3432.3,1,1,1,1,2,810.0,1.19,14.2,16.8,0.29,4.14,0,0,CHRG, ,
3437.3,1,1,1,1,2,815.0,1.19,14.199,16.8,0.29,4.16,0,0,CHRG, ,
3442.3,1,1,1,1,2,820.0,1.19,14.201,16.9,0.29,4.19,0,0,CHRG, ,
3447.3,1,1,1,1,2,825.0,1.19,14.201,16.9,0.29,4.21,0,0,CHRG, ,
3452.3,1,1,1,1,2,830.0,1.2,14.201,16.9,0.29,4.23,0,0,CHRG, ,
3457.3,1,1,1,1,2,835.0,1.18,14.201,16.7,0.3,4.26,0,0,CHRG, ,
3462.3,1,1,1,1,2,840.0,1.19,14.2,16.8,0.3,4.28,0,0,CHRG, ,
3467.3,1,1,1,1,2,845.0,1.18,14.2,16.7,0.3,4.3,0,0,CHRG, ,
3472.3,1,1,1,1,2,850.0,1.18,14.201,16.8,0.3,4.33,0,0,CHRG, ,
3477.3,1,1,1,1,2,855.0,1.18,14.199,16.7,0.3,4.35,0,0,CHRG, ,
3482.3,1,1,1,1,2,860.0,1.18,14.2,16.7,0.3,4.37,0,0,CHRG, ,
3487.3,1,1,1,1,2,865.0,1.17,14.2,16.6,0.31,4.4,0,0,CHRG, ,
3492.3,1,1,1,1,2,870.0,1.18,14.2,16.7,0.31,4.42,0,0,CHRG, ,
3497.3,1,1,1,1,2,875.0,1.17,14.2,16.6,0.31,4.44,0,0,CHRG, ,
3502.3,1,1,1,1,2,880.0,1.18,14.2,16.7,0.31,4.47,0,0,CHRG, ,
3507.3,1,1,1,1,2,885.0,1.18,14.201,16.7,0.31,4.49,0,0,CHRG, ,
3512.3,1,1,1,1,2,890.0,1.18,14.201,16.7,0.31,4.51,0,0,CHRG, ,
3517.3,1,1,1,1,2,895.0,1.17,14.2,16.5,0.32,4.53,0,0,CHRG, ,
3522.3,1,1,1,1,2,900.0,1.17,14.2,16.6,0.32,4.56,0,0,CHRG, ,
3527.3,1,1,1,1,2,905.0,1.16,14.2,16.4,0.32,4.58,0,0,CHRG, ,
3532.3,1,1,1,1,2,910.0,1.17,14.2,16.6,0.32,4.6,0,0,CHRG, ,
3537.3,1,1,1,1,2,915.0,1.16,14.199,16.4,0.32,4.63,0,0,CHRG, ,
3542.3,1,1,1,1,2,920.0,1.16,14.199,16.4,0.32,4.65,0,0,CHRG, ,
3547.3,1,1,1,1,2,925.0,1.16,14.2,16.4,0.33,4.67,0,0,CHRG, ,
3552.3,1,1,1,1,2,930.0,1.16,14.199,16.4,0.33,4.7,0,0,CHRG, ,
3557.3,1,1,1,1,2,935.0,1.16,14.2,16.5,0.33,4.72,0,0,CHRG, ,
3562.3,1,1,1,1,2,940.0,1.16,14.2,16.4,0.33,4.74,0,0,CHRG, ,
3567.3,1,1,1,1,2,945.0,1.16,14.2,16.4,0.33,4.76,0,0,CHRG, ,
3572.3,1,1,1,1,2,950.0,1.15,14.2,16.3,0.33,4.79,0,0,CHRG, ,
3577.3,1,1,1,1,2,955.0,1.16,14.2,16.4,0.34,4.81,0,0,CHRG, ,
3582.3,1,1,1,1,2,960.0,1.16,14.2,16.4,0.34,4.83,0,0,CHRG, ,
3587.3,1,1,1,1,2,965.0,1.16,14.2,16.4,0.34,4.86,0,0,CHRG, ,
3592.3,1,1,1,1,2,970.0,1.15,14.201,16.3,0.34,4.88,0,0,CHRG, ,
3597.3,1,1,1,1,2,975.0,1.15,14.2,16.3,0.34,4.9,0,0,CHRG, ,
3602.3,1,1,1,1,2,980.0,1.15,14.2,16.3,0.34,4.92,0,0,CHRG, ,
3607.3,1,1,1,1,2,985.0,1.15,14.201,16.3,0.34,4.95,0,0,CHRG, ,
3612.3,1,1,1,1,2,990.0,1.16,14.2,16.5,0.35,4.97,0,0,CHRG, ,
3617.3,1,1,1,1,2,995.0,1.15,14.201,16.2,0.35,4.99,0,0,CHRG, ,
3622.3,1,1,1,1,2,1000.0,1.15,14.2,16.3,0.35,5.01,0,0,CHRG, ,
3627.3,1,1,1,1,2,1005.0,1.15,14.2,16.3,0.35,5.04,0,0,CHRG, ,
3632.3,1,1,1,1,2,1010.0,1.14,14.2,16.1,0.35,5.06,0,0,CHRG, ,
3637.3,1,1,1,1,2,1015.0,1.14,14.201,16.1,0.35,5.08,0,0,CHRG, ,
3642.3,1,1,1,1,2,1020.0,1.14,14.2,16.1,0.36,5.1,0,0,CHRG, ,
3647.3,1,1,1,1,2,1025.0,1.14,14.201,16.1,0.36,5.13,0,0,CHRG, ,
3652.3,1,1,1,1,2,1030.0,1.14,14.2,16.1,0.36,5.15,0,0,CHRG, ,
3657.3,1,1,1,1,2,1035.0,1.13,14.2,16,0.36,5.17,0,0,CHRG, ,
3662.3,1,1,1,1,2,1040.0,1.14,14.2,16.1,0.36,5.19,0,0,CHRG, ,
3667.3,1,1,1,1,2,1045.0,1.13,14.201,16,0.36,5.22,0,0,CHRG, ,
3672.3,1,1,1,1,2,1050.0,1.14,14.2,16.1,0.37,5.24,0,0,CHRG, ,
3677.3,1,1,1,1,2,1055.0,1.14,14.2,16.1,0.37,5.26,0,0,CHRG, ,
3682.3,1,1,1,1,2,1060.0,1.14,14.2,16.1,0.37,5.28,0,0,CHRG, ,
3687.3,1,1,1,1,2,1065.0,1.13,14.2,16,0.37,5.3,0,0,CHRG, ,
3692.3,1,1,1,1,2,1070.0,1.14,14.201,16.1,0.37,5.33,0,0,CHRG, ,
3697.3,1,1,1,1,2,1075.0,1.13,14.201,16,0.37,5.35,0,0,CHRG, ,
3702.3,1,1,1,1,2,1080.0,1.12,14.2,15.9,0.37,5.37,0,0,CHRG, ,
3707.3,1,1,1,1,2,1085.0,1.12,14.2,15.9,0.38,5.39,0,0,CHRG, ,
3712.3,1,1,1,1,2,1090.0,1.13,14.2,16,0.38,5.42,0,0,CHRG, ,
3717.3,1,1,1,1,2,1095.0,1.12,14.2,15.9,0.38,5.44,0,0,CHRG, ,
3722.3,1,1,1,1,2,1100.0,1.13,14.2,16,0.38,5.46,0,0,CHRG, ,
3727.3,1,1,1,1,2,1105.0,1.12,14.199,15.9,0.38,5.48,0,0,CHRG, ,
3732.3,1,1,1,1,2,1110.0,1.12,14.2,15.8,0.38,5.5,0,0,CHRG, ,
3737.3,1,1,1,1,2,1115.0,1.12,14.2,15.9,0.39,5.53,0,0,CHRG, ,
3742.3,1,1,1,1,2,1120.0,1.12,14.2,15.8,0.39,5.55,0,0,CHRG, ,
3747.3,1,1,1,1,2,1125.0,1.12,14.2,15.8,0.39,5.57,0,0,CHRG, ,
3752.3,1,1,1,1,2,1130.0,1.12,14.2,15.9,0.39,5.59,0,0,CHRG, ,
3757.3,1,1,1,1,2,1135.0,1.11,14.201,15.7,0.39,5.61,0,0,CHRG, ,
3762.3,1,1,1,1,2,1140.0,1.1,14.199,15.6,0.39,5.64,0,0,CHRG, ,
3767.3,1,1,1,1,2,1145.0,1.12,14.2,15.9,0.39,5.66,0,0,CHRG, ,
3772.3,1,1,1,1,2,1150.0,1.11,14.2,15.7,0.4,5.68,0,0,CHRG, ,
3777.3,1,1,1,1,2,1155.0,1.1,14.199,15.5,0.4,5.7,0,0,CHRG, ,
3782.3,1,1,1,1,2,1160.0,1.1,14.201,15.6,0.4,5.72,0,0,CHRG, ,
3787.3,1,1,1,1,2,1165.0,1.12,14.2,15.8,0.4,5.75,0,0,CHRG, ,
3792.3,1,1,1,1,2,1170.0,1.1,14.2,15.6,0.4,5.77,0,0,CHRG, ,
3797.3,1,1,1,1,2,1175.0,1.1,14.2,15.6,0.4,5.79,0,0,CHRG, ,
3802.3,1,1,1,1,2,1180.0,1.1,14.2,15.6,0.41,5.81,0,0,CHRG, ,
3807.3,1,1,1,1,2,1185.0,1.11,14.2,15.7,0.41,5.83,0,0,CHRG, ,
3812.3,1,1,1,1,2,1190.0,1.11,14.201,15.7,0.41,5.85,0,0,CHRG, ,
3817.3,1,1,1,1,2,1195.0,1.1,14.2,15.5,0.41,5.88,0,0,CHRG, ,
3822.3,1,1,1,1,2,1200.0,1.09,14.2,15.5,0.41,5.9,0,0,CHRG, ,
3827.3,1,1,1,1,2,1205.0,1.1,14.2,15.6,0.41,5.92,0,0,CHRG, ,
3832.3,1,1,1,1,2,1210.0,1.09,14.2,15.4,0.41,5.94,0,0,CHRG, ,
3837.3,1,1,1,1,2,1215.0,1.09,14.2,15.4,0.42,5.96,0,0,CHRG, ,
3842.3,1,1,1,1,2,1220.0,1.09,14.199,15.4,0.42,5.98,0,0,CHRG, ,
3847.3,1,1,1,1,2,1225.0,1.1,14.2,15.5,0.42,6,0,0,CHRG, ,
3852.3,1,1,1,1,2,1230.0,1.09,14.2,15.5,0.42,6.03,0,0,CHRG, ,
3857.3,1,1,1,1,2,1235.0,1.08,14.2,15.2,0.42,6.05,0,0,CHRG, ,
3862.3,1,1,1,1,2,1240.0,1.08,14.2,15.3,0.42,6.07,0,0,CHRG, ,
3867.3,1,1,1,1,2,1245.0,1.09,14.2,15.4,0.43,6.09,0,0,CHRG, ,
3872.3,1,1,1,1,2,1250.0,1.09,14.2,15.4,0.43,6.11,0,0,CHRG, ,
3877.3,1,1,1,1,2,1255.0,1.08,14.199,15.3,0.43,6.13,0,0,CHRG, ,
3882.3,1,1,1,1,2,1260.0,1.09,14.201,15.4,0.43,6.15,0,0,CHRG, ,
3887.3,1,1,1,1,2,1265.0,1.09,14.201,15.4,0.43,6.18,0,0,CHRG, ,
3892.3,1,1,1,1,2,1270.0,1.08,14.2,15.3,0.43,6.2,0,0,CHRG, ,
3897.3,1,1,1,1,2,1275.0,1.08,14.2,15.3,0.43,6.22,0,0,CHRG, ,
3902.3,1,1,1,1,2,1280.0,1.08,14.199,15.3,0.44,6.24,0,0,CHRG, ,
3907.3,1,1,1,1,2,1285.0,1.08,14.2,15.3,0.44,6.26,0,0,CHRG, ,
3912.3,1,1,1,1,2,1290.0,1.08,14.2,15.4,0.44,6.28,0,0,CHRG, ,
3917.3,1,1,1,1,2,1295.0,1.07,14.201,15.2,0.44,6.3,0,0,CHRG, ,
3922.3,1,1,1,1,2,1300.0,1.07,14.201,15.1,0.44,6.32,0,0,CHRG, ,
3927.3,1,1,1,1,2,1305.0,1.08,14.2,15.3,0.44,6.34,0,0,CHRG, ,
3932.3,1,1,1,1,2,1310.0,1.07,14.2,15.2,0.44,6.37,0,0,CHRG, ,
3937.3,1,1,1,1,2,1315.0,1.08,14.201,15.2,0.45,6.39,0,0,CHRG, ,
3942.3,1,1,1,1,2,1320.0,1.07,14.2,15.1,0.45,6.41,0,0,CHRG, ,
3947.3,1,1,1,1,2,1325.0,1.07,14.201,15.1,0.45,6.43,0,0,CHRG, ,
3952.3,1,1,1,1,2,1330.0,1.07,14.2,15.1,0.45,6.45,0,0,CHRG, ,
3957.3,1,1,1,1,2,1335.0,1.06,14.199,15,0.45,6.47,0,0,CHRG, ,
3962.3,1,1,1,1,2,1340.0,1.07,14.2,15.1,0.45,6.49,0,0,CHRG, ,
3967.3,1,1,1,1,2,1345.0,1.06,14.2,15,0.46,6.51,0,0,CHRG, ,
3972.3,1,1,1,1,2,1350.0,1.04,14.2,14.7,0.46,6.53,0,0,CHRG, ,
3977.3,1,1,1,1,2,1355.0,1.06,14.2,15,0.46,6.55,0,0,CHRG, ,
3982.3,1,1,1,1,2,1360.0,1.06,14.2,15,0.46,6.58,0,0,CHRG, ,
3987.3,1,1,1,1,2,1365.0,1.06,14.2,15,0.46,6.6,0,0,CHRG, ,
3992.3,1,1,1,1,2,1370.0,1.06,14.199,15,0.46,6.62,0,0,CHRG, ,
3997.3,1,1,1,1,2,1375.0,1.06,14.2,15,0.46,6.64,0,0,CHRG, ,
4002.3,1,1,1,1,2,1380.0,1.06,14.201,15,0.47,6.66,0,0,CHRG, ,
4007.3,1,1,1,1,2,1385.0,1.05,14.199,14.9,0.47,6.68,0,0,CHRG, ,
4012.3,1,1,1,1,2,1390.0,1.05,14.199,14.9,0.47,6.7,0,0,CHRG, ,
4017.3,1,1,1,1,2,1395.0,1.05,14.2,14.9,0.47,6.72,0,0,CHRG, ,
4022.3,1,1,1,1,2,1400.0,1.05,14.2,14.9,0.47,6.74,0,0,CHRG, ,
4027.3,1,1,1,1,2,1405.0,1.05,14.201,14.9,0.47,6.76,0,0,CHRG, ,
4032.3,1,1,1,1,2,1410.0,1.06,14.2,15,0.47,6.78,0,0,CHRG, ,
4037.3,1,1,1,1,2,1415.0,1.05,14.201,14.9,0.48,6.8,0,0,CHRG, ,
4042.3,1,1,1,1,2,1420.0,1.04,14.201,14.7,0.48,6.82,0,0,CHRG, ,
4047.3,1,1,1,1,2,1425.0,1.05,14.2,14.9,0.48,6.84,0,0,CHRG, ,
4052.3,1,1,1,1,2,1430.0,1.05,14.201,14.9,0.48,6.87,0,0,CHRG, ,
4057.3,1,1,1,1,2,1435.0,1.04,14.201,14.8,0.48,6.89,0,0,CHRG, ,
4062.3,1,1,1,1,2,1440.0,1.05,14.201,14.9,0.48,6.91,0,0,CHRG, ,
4067.3,1,1,1,1,2,1445.0,1.05,14.2,14.8,0.48,6.93,0,0,CHRG, ,
4072.3,1,1,1,1,2,1450.0,1.04,14.199,14.7,0.49,6.95,0,0,CHRG, ,
4077.3,1,1,1,1,2,1455.0,1.05,14.199,14.9,0.49,6.97,0,0,CHRG, ,
4082.3,1,1,1,1,2,1460.0,1.05,14.2,14.8,0.49,6.99,0,0,CHRG, ,
4087.3,1,1,1,1,2,1465.0,1.03,14.2,14.6,0.49,7.01,0,0,CHRG, ,
4092.3,1,1,1,1,2,1470.0,1.04,14.201,14.7,0.49,7.03,0,0,CHRG, ,
4097.3,1,1,1,1,2,1475.0,1.03,14.2,14.6,0.49,7.05,0,0,CHRG, ,
4102.3,1,1,1,1,2,1480.0,1.03,14.2,14.6,0.49,7.07,0,0,CHRG, ,
4107.3,1,1,1,1,2,1485.0,1.03,14.2,14.6,0.5,7.09,0,0,CHRG, ,
4112.3,1,1,1,1,2,1490.0,1.03,14.2,14.6,0.5,7.11,0,0,CHRG, ,
4117.3,1,1,1,1,2,1495.0,1.04,14.201,14.7,0.5,7.13,0,0,CHRG, ,
4122.3,1,1,1,1,2,1500.0,1.03,14.2,14.6,0.5,7.15,0,0,CHRG, ,
4127.3,1,1,1,1,2,1505.0,1.04,14.2,14.7,0.5,7.17,0,0,CHRG, ,
4132.3,1,1,1,1,2,1510.0,1.02,14.2,14.5,0.5,7.19,0,0,CHRG, ,
4137.3,1,1,1,1,2,1515.0,1.03,14.2,14.6,0.5,7.21,0,0,CHRG, ,
4142.3,1,1,1,1,2,1520.0,1.03,14.2,14.6,0.51,7.23,0,0,CHRG, ,
4147.3,1,1,1,1,2,1525.0,1.04,14.2,14.7,0.51,7.25,0,0,CHRG, ,
4152.3,1,1,1,1,2,1530.0,1.03,14.2,14.5,0.51,7.27,0,0,CHRG, ,
4157.3,1,1,1,1,2,1535.0,1.03,14.2,14.5,0.51,7.29,0,0,CHRG, ,
4162.3,1,1,1,1,2,1540.0,1.01,14.2,14.3,0.51,7.31,0,0,CHRG, ,
4167.3,1,1,1,1,2,1545.0,1.02,14.2,14.4,0.51,7.33,0,0,CHRG, ,
4172.3,1,1,1,1,2,1550.0,1.02,14.2,14.4,0.51,7.35,0,0,CHRG, ,
4177.3,1,1,1,1,2,1555.0,1.01,14.2,14.3,0.52,7.37,0,0,CHRG, ,
4182.3,1,1,1,1,2,1560.0,1.01,14.2,14.3,0.52,7.39,0,0,CHRG, ,
4187.3,1,1,1,1,2,1565.0,1.01,14.2,14.3,0.52,7.41,0,0,CHRG, ,
4192.3,1,1,1,1,2,1570.0,1.01,14.2,14.3,0.52,7.43,0,0,CHRG, ,
4197.3,1,1,1,1,2,1575.0,1.01,14.2,14.3,0.52,7.45,0,0,CHRG, ,
4202.3,1,1,1,1,2,1580.0,1.01,14.201,14.3,0.52,7.47,0,0,CHRG, ,
4207.3,1,1,1,1,2,1585.0,1.02,14.201,14.4,0.52,7.49,0,0,CHRG, ,
4212.3,1,1,1,1,2,1590.0,1.01,14.201,14.3,0.53,7.51,0,0,CHRG, ,
4217.3,1,1,1,1,2,1595.0,1.01,14.2,14.3,0.53,7.53,0,0,CHRG, ,
4222.3,1,1,1,1,2,1600.0,1,14.2,14.2,0.53,7.55,0,0,CHRG, ,
4227.3,1,1,1,1,2,1605.0,1,14.199,14.1,0.53,7.57,0,0,CHRG, ,
4232.3,1,1,1,1,2,1610.0,1,14.2,14.2,0.53,7.59,0,0,CHRG, ,
4237.3,1,1,1,1,2,1615.0,1,14.2,14.2,0.53,7.61,0,0,CHRG, ,
4242.3,1,1,1,1,2,1620.0,1,14.2,14.2,0.53,7.63,0,0,CHRG, ,
4247.3,1,1,1,1,2,1625.0,1.01,14.199,14.2,0.54,7.65,0,0,CHRG, ,
4252.3,1,1,1,1,2,1630.0,1,14.2,14.2,0.54,7.67,0,0,CHRG, ,
4257.3,1,1,1,1,2,1635.0,0.99,14.2,14,0.54,7.69,0,0,CHRG, ,
4262.3,1,1,1,1,2,1640.0,1,14.2,14.2,0.54,7.71,0,0,CHRG, ,
4267.3,1,1,1,1,2,1645.0,1,14.201,14.2,0.54,7.73,0,0,CHRG, ,
4272.3,1,1,1,1,2,1650.0,1,14.2,14.2,0.54,7.75,0,0,CHRG, ,
4277.3,1,1,1,1,2,1655.0,1,14.2,14.1,0.54,7.77,0,0,CHRG, ,
4282.3,1,1,1,1,2,1660.0,0.99,14.2,14,0.55,7.79,0,0,CHRG, ,
4287.3,1,1,1,1,2,1665.0,0.99,14.199,14,0.55,7.81,0,0,CHRG, ,
4292.3,1,1,1,1,2,1670.0,0.99,14.2,14,0.55,7.83,0,0,CHRG, ,
4297.3,1,1,1,1,2,1675.0,0.99,14.2,14,0.55,7.84,0,0,CHRG, ,
4302.3,1,1,1,1,2,1680.0,0.98,14.201,13.9,0.55,7.86,0,0,CHRG, ,
4307.3,1,1,1,1,2,1685.0,0.98,14.199,13.9,0.55,7.88,0,0,CHRG, ,
4312.3,1,1,1,1,2,1690.0,0.98,14.199,13.9,0.55,7.9,0,0,CHRG, ,
4317.3,1,1,1,1,2,1695.0,0.99,14.2,14,0.55,7.92,0,0,CHRG, ,
4322.3,1,1,1,1,2,1700.0,0.98,14.2,13.9,0.56,7.94,0,0,CHRG, ,
4327.3,1,1,1,1,2,1705.0,0.98,14.199,13.9,0.56,7.96,0,0,CHRG, ,
4332.3,1,1,1,1,2,1710.0,0.98,14.2,13.9,0.56,7.98,0,0,CHRG, ,
4337.3,1,1,1,1,2,1715.0,0.99,14.2,13.9,0.56,8,0,0,CHRG, ,
4342.3,1,1,1,1,2,1720.0,0.98,14.201,13.9,0.56,8.02,0,0,CHRG, ,
4347.3,1,1,1,1,2,1725.0,0.99,14.199,14,0.56,8.04,0,0,CHRG, ,
4352.3,1,1,1,1,2,1730.0,0.98,14.2,13.8,0.56,8.06,0,0,CHRG, ,
4357.3,1,1,1,1,2,1735.0,0.98,14.2,13.9,0.57,8.08,0,0,CHRG, ,
4362.3,1,1,1,1,2,1740.0,0.98,14.201,13.9,0.57,8.1,0,0,CHRG, ,
4367.3,1,1,1,1,2,1745.0,0.98,14.2,13.8,0.57,8.12,0,0,CHRG, ,
4372.3,1,1,1,1,2,1750.0,0.97,14.199,13.7,0.57,8.13,0,0,CHRG, ,
4377.3,1,1,1,1,2,1755.0,0.97,14.2,13.8,0.57,8.15,0,0,CHRG, ,
4382.3,1,1,1,1,2,1760.0,0.97,14.2,13.7,0.57,8.17,0,0,CHRG, ,
4387.3,1,1,1,1,2,1765.0,0.96,14.2,13.6,0.57,8.19,0,0,CHRG, ,
4392.3,1,1,1,1,2,1770.0,0.97,14.2,13.7,0.58,8.21,0,0,CHRG, ,
4397.3,1,1,1,1,2,1775.0,0.97,14.199,13.6,0.58,8.23,0,0,CHRG, ,
4402.3,1,1,1,1,2,1780.0,0.97,14.2,13.7,0.58,8.25,0,0,CHRG, ,
4407.3,1,1,1,1,2,1785.0,0.96,14.201,13.6,0.58,8.27,0,0,CHRG, ,
4412.3,1,1,1,1,2,1790.0,0.97,14.2,13.6,0.58,8.29,0,0,CHRG, ,
4417.3,1,1,1,1,2,1795.0,0.96,14.199,13.6,0.58,8.31,0,0,CHRG, ,
4422.3,1,1,1,1,2,1800.0,0.96,14.201,13.6,0.58,8.32,0,0,CHRG, ,
4427.3,1,1,1,1,2,1805.0,0.96,14.2,13.6,0.58,8.34,0,0,CHRG, ,
4432.3,1,1,1,1,2,1810.0,0.96,14.2,13.6,0.59,8.36,0,0,CHRG, ,
4437.3,1,1,1,1,2,1815.0,0.96,14.2,13.6,0.59,8.38,0,0,CHRG, ,
4442.3,1,1,1,1,2,1820.0,0.97,14.201,13.7,0.59,8.4,0,0,CHRG, ,
4447.3,1,1,1,1,2,1825.0,0.96,14.2,13.6,0.59,8.42,0,0,CHRG, ,
4452.3,1,1,1,1,2,1830.0,0.95,14.199,13.5,0.59,8.44,0,0,CHRG, ,
4457.3,1,1,1,1,2,1835.0,0.96,14.201,13.6,0.59,8.46,0,0,CHRG, ,
4462.3,1,1,1,1,2,1840.0,0.96,14.201,13.5,0.59,8.48,0,0,CHRG, ,
4467.3,1,1,1,1,2,1845.0,0.95,14.2,13.4,0.6,8.49,0,0,CHRG, ,
4472.3,1,1,1,1,2,1850.0,0.94,14.2,13.3,0.6,8.51,0,0,CHRG, ,
4477.3,1,1,1,1,2,1855.0,0.95,14.2,13.4,0.6,8.53,0,0,CHRG, ,
4482.3,1,1,1,1,2,1860.0,0.95,14.201,13.4,0.6,8.55,0,0,CHRG, ,
4487.3,1,1,1,1,2,1865.0,0.96,14.201,13.5,0.6,8.57,0,0,CHRG, ,
4492.3,1,1,1,1,2,1870.0,0.95,14.2,13.4,0.6,8.59,0,0,CHRG, ,
4497.3,1,1,1,1,2,1875.0,0.94,14.2,13.3,0.6,8.61,0,0,CHRG, ,
4502.3,1,1,1,1,2,1880.0,0.95,14.2,13.4,0.6,8.63,0,0,CHRG, ,
4507.3,1,1,1,1,2,1885.0,0.95,14.2,13.4,0.61,8.64,0,0,CHRG, ,
4512.3,1,1,1,1,2,1890.0,0.95,14.2,13.4,0.61,8.66,0,0,CHRG, ,
4517.3,1,1,1,1,2,1895.0,0.94,14.2,13.3,0.61,8.68,0,0,CHRG, ,
4522.3,1,1,1,1,2,1900.0,0.94,14.2,13.3,0.61,8.7,0,0,CHRG, ,
4527.3,1,1,1,1,2,1905.0,0.94,14.2,13.3,0.61,8.72,0,0,CHRG, ,
4532.3,1,1,1,1,2,1910.0,0.95,14.2,13.4,0.61,8.74,0,0,CHRG, ,
4537.3,1,1,1,1,2,1915.0,0.94,14.201,13.3,0.61,8.75,0,0,CHRG, ,
4542.3,1,1,1,1,2,1920.0,0.94,14.199,13.3,0.62,8.77,0,0,CHRG, ,
4547.3,1,1,1,1,2,1925.0,0.93,14.2,13.2,0.62,8.79,0,0,CHRG, ,
4552.3,1,1,1,1,2,1930.0,0.95,14.2,13.4,0.62,8.81,0,0,CHRG, ,
4557.3,1,1,1,1,2,1935.0,0.94,14.2,13.3,0.62,8.83,0,0,CHRG, ,
4562.3,1,1,1,1,2,1940.0,0.94,14.2,13.3,0.62,8.85,0,0,CHRG, ,
4567.3,1,1,1,1,2,1945.0,0.93,14.2,13.2,0.62,8.87,0,0,CHRG, ,
4572.3,1,1,1,1,2,1950.0,0.93,14.199,13.2,0.62,8.88,0,0,CHRG, ,
4577.3,1,1,1,1,2,1955.0,0.93,14.201,13.2,0.62,8.9,0,0,CHRG, ,
4582.3,1,1,1,1,2,1960.0,0.93,14.199,13.2,0.63,8.92,0,0,CHRG, ,
4587.3,1,1,1,1,2,1965.0,0.93,14.2,13.2,0.63,8.94,0,0,CHRG, ,
4592.3,1,1,1,1,2,1970.0,0.94,14.2,13.3,0.63,8.96,0,0,CHRG, ,
4597.3,1,1,1,1,2,1975.0,0.92,14.2,13,0.63,8.98,0,0,CHRG, ,
4602.3,1,1,1,1,2,1980.0,0.93,14.2,13.1,0.63,8.99,0,0,CHRG, ,
4607.3,1,1,1,1,2,1985.0,0.92,14.199,13,0.63,9.01,0,0,CHRG, ,
4612.3,1,1,1,1,2,1990.0,0.92,14.2,13,0.63,9.03,0,0,CHRG, ,
4617.3,1,1,1,1,2,1995.0,0.93,14.2,13.1,0.63,9.05,0,0,CHRG, ,
4622.3,1,1,1,1,2,2000.0,0.92,14.2,13.1,0.64,9.07,0,0,CHRG, ,
4627.3,1,1,1,1,2,2005.0,0.92,14.2,13,0.64,9.08,0,0,CHRG, ,
4632.3,1,1,1,1,2,2010.0,0.92,14.199,13,0.64,9.1,0,0,CHRG, ,
4637.3,1,1,1,1,2,2015.0,0.92,14.2,13,0.64,9.12,0,0,CHRG, ,
4642.3,1,1,1,1,2,2020.0,0.91,14.201,12.9,0.64,9.14,0,0,CHRG, ,
4647.3,1,1,1,1,2,2025.0,0.91,14.2,12.9,0.64,9.16,0,0,CHRG, ,
4652.3,1,1,1,1,2,2030.0,0.91,14.2,12.9,0.64,9.17,0,0,CHRG, ,
4657.3,1,1,1,1,2,2035.0,0.91,14.2,12.8,0.64,9.19,0,0,CHRG, ,
4662.3,1,1,1,1,2,2040.0,0.92,14.2,13,0.65,9.21,0,0,CHRG, ,
4667.3,1,1,1,1,2,2045.0,0.91,14.2,12.9,0.65,9.23,0,0,CHRG, ,
4672.3,1,1,1,1,2,2050.0,0.92,14.2,13,0.65,9.25,0,0,CHRG, ,
4677.3,1,1,1,1,2,2055.0,0.91,14.199,12.8,0.65,9.26,0,0,CHRG, ,
4682.3,1,1,1,1,2,2060.0,0.91,14.2,12.9,0.65,9.28,0,0,CHRG, ,
4687.3,1,1,1,1,2,2065.0,0.91,14.2,12.9,0.65,9.3,0,0,CHRG, ,
4692.3,1,1,1,1,2,2070.0,0.91,14.2,12.9,0.65,9.32,0,0,CHRG, ,
4697.3,1,1,1,1,2,2075.0,0.91,14.2,12.9,0.65,9.34,0,0,CHRG, ,
4702.3,1,1,1,1,2,2080.0,0.91,14.2,12.9,0.66,9.35,0,0,CHRG, ,
4707.3,1,1,1,1,2,2085.0,0.9,14.2,12.7,0.66,9.37,0,0,CHRG, ,
4712.3,1,1,1,1,2,2090.0,0.9,14.2,12.8,0.66,9.39,0,0,CHRG, ,
4717.3,1,1,1,1,2,2095.0,0.9,14.2,12.7,0.66,9.41,0,0,CHRG, ,
4722.3,1,1,1,1,2,2100.0,0.9,14.2,12.7,0.66,9.42,0,0,CHRG, ,
4727.3,1,1,1,1,2,2105.0,0.9,14.201,12.7,0.66,9.44,0,0,CHRG, ,
4732.3,1,1,1,1,2,2110.0,0.91,14.2,12.8,0.66,9.46,0,0,CHRG, ,
4737.3,1,1,1,1,2,2115.0,0.9,14.2,12.7,0.66,9.48,0,0,CHRG, ,
4742.3,1,1,1,1,2,2120.0,0.9,14.201,12.8,0.67,9.5,0,0,CHRG, ,
4747.3,1,1,1,1,2,2125.0,0.9,14.199,12.7,0.67,9.51,0,0,CHRG, ,
4752.3,1,1,1,1,2,2130.0,0.89,14.2,12.5,0.67,9.53,0,0,CHRG, ,
4757.3,1,1,1,1,2,2135.0,0.9,14.2,12.7,0.67,9.55,0,0,CHRG, ,
4762.3,1,1,1,1,2,2140.0,0.89,14.2,12.6,0.67,9.57,0,0,CHRG, ,
4767.3,1,1,1,1,2,2145.0,0.89,14.2,12.6,0.67,9.58,0,0,CHRG, ,
4772.3,1,1,1,1,2,2150.0,0.9,14.2,12.7,0.67,9.6,0,0,CHRG, ,
4777.3,1,1,1,1,2,2155.0,0.89,14.199,12.6,0.67,9.62,0,0,CHRG, ,
4782.3,1,1,1,1,2,2160.0,0.9,14.2,12.8,0.68,9.64,0,0,CHRG, ,
4787.3,1,1,1,1,2,2165.0,0.9,14.2,12.7,0.68,9.65,0,0,CHRG, ,
4792.3,1,1,1,1,2,2170.0,0.89,14.201,12.5,0.68,9.67,0,0,CHRG, ,
4797.3,1,1,1,1,2,2175.0,0.89,14.201,12.6,0.68,9.69,0,0,CHRG, ,
4802.3,1,1,1,1,2,2180.0,0.89,14.201,12.6,0.68,9.71,0,0,CHRG, ,
4807.3,1,1,1,1,2,2185.0,0.88,14.199,12.5,0.68,9.72,0,0,CHRG, ,
4812.3,1,1,1,1,2,2190.0,0.89,14.2,12.5,0.68,9.74,0,0,CHRG, ,
4817.3,1,1,1,1,2,2195.0,0.89,14.2,12.6,0.68,9.76,0,0,CHRG, ,
4822.3,1,1,1,1,2,2200.0,0.89,14.2,12.6,0.69,9.78,0,0,CHRG, ,
4827.3,1,1,1,1,2,2205.0,0.88,14.199,12.4,0.69,9.79,0,0,CHRG, ,
4832.3,1,1,1,1,2,2210.0,0.88,14.2,12.4,0.69,9.81,0,0,CHRG, ,
4837.3,1,1,1,1,2,2215.0,0.89,14.2,12.6,0.69,9.83,0,0,CHRG, ,
4842.3,1,1,1,1,2,2220.0,0.89,14.2,12.5,0.69,9.85,0,0,CHRG, ,
4847.3,1,1,1,1,2,2225.0,0.88,14.201,12.5,0.69,9.86,0,0,CHRG, ,
4852.3,1,1,1,1,2,2230.0,0.88,14.2,12.4,0.69,9.88,0,0,CHRG, ,
4857.3,1,1,1,1,2,2235.0,0.89,14.2,12.5,0.69,9.9,0,0,CHRG, ,
4862.3,1,1,1,1,2,2240.0,0.88,14.2,12.4,0.7,9.91,0,0,CHRG, ,
4867.3,1,1,1,1,2,2245.0,0.88,14.201,12.5,0.7,9.93,0,0,CHRG, ,
4872.3,1,1,1,1,2,2250.0,0.87,14.2,12.3,0.7,9.95,0,0,CHRG, ,
4877.3,1,1,1,1,2,2255.0,0.87,14.2,12.3,0.7,9.97,0,0,CHRG, ,
4882.3,1,1,1,1,2,2260.0,0.87,14.2,12.3,0.7,9.98,0,0,CHRG, ,
4887.3,1,1,1,1,2,2265.0,0.87,14.2,12.3,0.7,10,0,0,CHRG, ,
4892.3,1,1,1,1,2,2270.0,0.87,14.2,12.3,0.7,10.02,0,0,CHRG, ,
4897.3,1,1,1,1,2,2275.0,0.87,14.2,12.3,0.7,10.03,0,0,CHRG, ,
4902.3,1,1,1,1,2,2280.0,0.87,14.2,12.3,0.71,10.05,0,0,CHRG, ,
4907.3,1,1,1,1,2,2285.0,0.87,14.2,12.3,0.71,10.07,0,0,CHRG, ,
4912.3,1,1,1,1,2,2290.0,0.87,14.2,12.3,0.71,10.09,0,0,CHRG, ,
4917.3,1,1,1,1,2,2295.0,0.87,14.2,12.3,0.71,10.1,0,0,CHRG, ,
4922.3,1,1,1,1,2,2300.0,0.86,14.199,12.2,0.71,10.12,0,0,CHRG, ,
4927.3,1,1,1,1,2,2305.0,0.87,14.201,12.3,0.71,10.14,0,0,CHRG, ,
4932.3,1,1,1,1,2,2310.0,0.87,14.2,12.3,0.71,10.15,0,0,CHRG, ,
4937.3,1,1,1,1,2,2315.0,0.87,14.2,12.3,0.71,10.17,0,0,CHRG, ,
4942.3,1,1,1,1,2,2320.0,0.87,14.2,12.3,0.72,10.19,0,0,CHRG, ,
4947.3,1,1,1,1,2,2325.0,0.86,14.2,12.2,0.72,10.21,0,0,CHRG, ,
4952.3,1,1,1,1,2,2330.0,0.86,14.2,12.2,0.72,10.22,0,0,CHRG, ,
4957.3,1,1,1,1,2,2335.0,0.85,14.2,12.1,0.72,10.24,0,0,CHRG, ,
4962.3,1,1,1,1,2,2340.0,0.86,14.2,12.2,0.72,10.26,0,0,CHRG, ,
4967.3,1,1,1,1,2,2345.0,0.86,14.2,12.1,0.72,10.27,0,0,CHRG, ,
4972.3,1,1,1,1,2,2350.0,0.85,14.199,12.1,0.72,10.29,0,0,CHRG, ,
4977.3,1,1,1,1,2,2355.0,0.85,14.2,12,0.72,10.31,0,0,CHRG, ,
4982.3,1,1,1,1,2,2360.0,0.85,14.2,12,0.72,10.32,0,0,CHRG, ,
4987.3,1,1,1,1,2,2365.0,0.85,14.201,12,0.73,10.34,0,0,CHRG, ,
4992.3,1,1,1,1,2,2370.0,0.86,14.201,12.2,0.73,10.36,0,0,CHRG, ,
4997.3,1,1,1,1,2,2375.0,0.85,14.2,12.1,0.73,10.37,0,0,CHRG, ,
5002.3,1,1,1,1,2,2380.0,0.85,14.2,12.1,0.73,10.39,0,0,CHRG, ,
5007.3,1,1,1,1,2,2385.0,0.85,14.2,12.1,0.73,10.41,0,0,CHRG, ,
5012.3,1,1,1,1,2,2390.0,0.84,14.201,11.9,0.73,10.42,0,0,CHRG, ,
5017.3,1,1,1,1,2,2395.0,0.85,14.2,12,0.73,10.44,0,0,CHRG, ,
5022.3,1,1,1,1,2,2400.0,0.84,14.2,11.9,0.73,10.46,0,0,CHRG, ,
5027.3,1,1,1,1,2,2405.0,0.85,14.2,12.1,0.74,10.47,0,0,CHRG, ,
5032.3,1,1,1,1,2,2410.0,0.85,14.2,12.1,0.74,10.49,0,0,CHRG, ,
5037.3,1,1,1,1,2,2415.0,0.85,14.2,12,0.74,10.51,0,0,CHRG, ,
5042.3,1,1,1,1,2,2420.0,0.84,14.2,11.9,0.74,10.52,0,0,CHRG, ,
5047.3,1,1,1,1,2,2425.0,0.84,14.2,11.9,0.74,10.54,0,0,CHRG, ,
5052.3,1,1,1,1,2,2430.0,0.84,14.2,11.9,0.74,10.56,0,0,CHRG, ,
5057.3,1,1,1,1,2,2435.0,0.84,14.2,11.9,0.74,10.57,0,0,CHRG, ,
5062.3,1,1,1,1,2,2440.0,0.85,14.201,11.9,0.74,10.59,0,0,CHRG, ,
5067.3,1,1,1,1,2,2445.0,0.84,14.2,11.8,0.74,10.61,0,0,CHRG, ,
5072.3,1,1,1,1,2,2450.0,0.83,14.2,11.8,0.75,10.62,0,0,CHRG, ,
5077.3,1,1,1,1,2,2455.0,0.83,14.199,11.8,0.75,10.64,0,0,CHRG, ,
5082.3,1,1,1,1,2,2460.0,0.84,14.2,11.9,0.75,10.66,0,0,CHRG, ,
5087.3,1,1,1,1,2,2465.0,0.83,14.2,11.7,0.75,10.67,0,0,CHRG, ,
5092.3,1,1,1,1,2,2470.0,0.83,14.2,11.7,0.75,10.69,0,0,CHRG, ,
5097.3,1,1,1,1,2,2475.0,0.83,14.2,11.7,0.75,10.71,0,0,CHRG, ,
5102.3,1,1,1,1,2,2480.0,0.83,14.2,11.7,0.75,10.72,0,0,CHRG, ,
5107.3,1,1,1,1,2,2485.0,0.83,14.2,11.7,0.75,10.74,0,0,CHRG, ,
5112.3,1,1,1,1,2,2490.0,0.84,14.2,11.9,0.76,10.75,0,0,CHRG, ,
5117.3,1,1,1,1,2,2495.0,0.83,14.2,11.7,0.76,10.77,0,0,CHRG, ,
5122.3,1,1,1,1,2,2500.0,0.83,14.2,11.7,0.76,10.79,0,0,CHRG, ,
5127.3,1,1,1,1,2,2505.0,0.83,14.2,11.7,0.76,10.8,0,0,CHRG, ,
5132.3,1,1,1,1,2,2510.0,0.83,14.2,11.7,0.76,10.82,0,0,CHRG, ,
5137.3,1,1,1,1,2,2515.0,0.83,14.2,11.7,0.76,10.84,0,0,CHRG, ,
5142.3,1,1,1,1,2,2520.0,0.83,14.2,11.7,0.76,10.85,0,0,CHRG, ,
5147.3,1,1,1,1,2,2525.0,0.82,14.2,11.6,0.76,10.87,0,0,CHRG, ,
5152.3,1,1,1,1,2,2530.0,0.83,14.2,11.7,0.76,10.88,0,0,CHRG, ,
5157.3,1,1,1,1,2,2535.0,0.83,14.2,11.7,0.77,10.9,0,0,CHRG, ,
5162.3,1,1,1,1,2,2540.0,0.82,14.199,11.6,0.77,10.92,0,0,CHRG, ,
5167.3,1,1,1,1,2,2545.0,0.81,14.2,11.5,0.77,10.93,0,0,CHRG, ,
5172.3,1,1,1,1,2,2550.0,0.83,14.2,11.7,0.77,10.95,0,0,CHRG, ,
5177.3,1,1,1,1,2,2555.0,0.82,14.2,11.6,0.77,10.97,0,0,CHRG, ,
5182.3,1,1,1,1,2,2560.0,0.82,14.2,11.6,0.77,10.98,0,0,CHRG, ,
5187.3,1,1,1,1,2,2565.0,0.82,14.199,11.5,0.77,11,0,0,CHRG, ,
5192.3,1,1,1,1,2,2570.0,0.82,14.201,11.6,0.77,11.01,0,0,CHRG, ,
5197.3,1,1,1,1,2,2575.0,0.82,14.2,11.6,0.77,11.03,0,0,CHRG, ,
5202.3,1,1,1,1,2,2580.0,0.83,14.201,11.7,0.78,11.05,0,0,CHRG, ,
5207.3,1,1,1,1,2,2585.0,0.81,14.2,11.5,0.78,11.06,0,0,CHRG, ,
5212.3,1,1,1,1,2,2590.0,0.82,14.201,11.6,0.78,11.08,0,0,CHRG, ,
5217.3,1,1,1,1,2,2595.0,0.82,14.2,11.6,0.78,11.09,0,0,CHRG, ,
5222.3,1,1,1,1,2,2600.0,0.82,14.2,11.6,0.78,11.11,0,0,CHRG, ,
5227.3,1,1,1,1,2,2605.0,0.81,14.199,11.5,0.78,11.13,0,0,CHRG, ,
5232.3,1,1,1,1,2,2610.0,0.81,14.2,11.5,0.78,11.14,0,0,CHRG, ,
5237.3,1,1,1,1,2,2615.0,0.82,14.2,11.6,0.78,11.16,0,0,CHRG, ,
5242.3,1,1,1,1,2,2620.0,0.81,14.201,11.5,0.78,11.17,0,0,CHRG, ,
5247.3,1,1,1,1,2,2625.0,0.81,14.2,11.5,0.79,11.19,0,0,CHRG, ,
5252.3,1,1,1,1,2,2630.0,0.82,14.2,11.6,0.79,11.21,0,0,CHRG, ,
5257.3,1,1,1,1,2,2635.0,0.8,14.2,11.3,0.79,11.22,0,0,CHRG, ,
5262.3,1,1,1,1,2,2640.0,0.81,14.2,11.5,0.79,11.24,0,0,CHRG, ,
5267.3,1,1,1,1,2,2645.0,0.81,14.201,11.5,0.79,11.25,0,0,CHRG, ,
5272.3,1,1,1,1,2,2650.0,0.8,14.2,11.3,0.79,11.27,0,0,CHRG, ,
5277.3,1,1,1,1,2,2655.0,0.81,14.199,11.5,0.79,11.29,0,0,CHRG, ,
5282.3,1,1,1,1,2,2660.0,0.8,14.2,11.4,0.79,11.3,0,0,CHRG, ,
5287.3,1,1,1,1,2,2665.0,0.8,14.2,11.3,0.79,11.32,0,0,CHRG, ,
5292.3,1,1,1,1,2,2670.0,0.8,14.2,11.3,0.8,11.33,0,0,CHRG, ,
5297.3,1,1,1,1,2,2675.0,0.8,14.2,11.3,0.8,11.35,0,0,CHRG, ,
5302.3,1,1,1,1,2,2680.0,0.8,14.2,11.3,0.8,11.36,0,0,CHRG, ,
5307.3,1,1,1,1,2,2685.0,0.8,14.2,11.3,0.8,11.38,0,0,CHRG, ,
5312.3,1,1,1,1,2,2690.0,0.8,14.2,11.3,0.8,11.4,0,0,CHRG, ,
5317.3,1,1,1,1,2,2695.0,0.8,14.2,11.3,0.8,11.41,0,0,CHRG, ,
5322.3,1,1,1,1,2,2700.0,0.8,14.2,11.3,0.8,11.43,0,0,CHRG, ,
5327.3,1,1,1,1,2,2705.0,0.8,14.199,11.3,0.8,11.44,0,0,CHRG, ,
5332.3,1,1,1,1,2,2710.0,0.79,14.2,11.2,0.8,11.46,0,0,CHRG, ,
5337.3,1,1,1,1,2,2715.0,0.8,14.2,11.3,0.81,11.47,0,0,CHRG, ,
5342.3,1,1,1,1,2,2720.0,0.8,14.2,11.3,0.81,11.49,0,0,CHRG, ,
5347.3,1,1,1,1,2,2725.0,0.79,14.199,11.2,0.81,11.51,0,0,CHRG, ,
5352.3,1,1,1,1,2,2730.0,0.8,14.2,11.3,0.81,11.52,0,0,CHRG, ,
5357.3,1,1,1,1,2,2735.0,0.79,14.2,11.1,0.81,11.54,0,0,CHRG, ,
5362.3,1,1,1,1,2,2740.0,0.79,14.2,11.2,0.81,11.55,0,0,CHRG, ,
5367.3,1,1,1,1,2,2745.0,0.79,14.2,11.2,0.81,11.57,0,0,CHRG, ,
5372.3,1,1,1,1,2,2750.0,0.79,14.2,11.2,0.81,11.58,0,0,CHRG, ,
5377.3,1,1,1,1,2,2755.0,0.79,14.2,11.2,0.81,11.6,0,0,CHRG, ,
5382.3,1,1,1,1,2,2760.0,0.79,14.2,11.1,0.82,11.61,0,0,CHRG, ,
5387.3,1,1,1,1,2,2765.0,0.78,14.2,11.1,0.82,11.63,0,0,CHRG, ,
5392.3,1,1,1,1,2,2770.0,0.78,14.2,11,0.82,11.64,0,0,CHRG, ,
5397.3,1,1,1,1,2,2775.0,0.79,14.201,11.2,0.82,11.66,0,0,CHRG, ,
5402.3,1,1,1,1,2,2780.0,0.79,14.2,11.2,0.82,11.68,0,0,CHRG, ,
5407.3,1,1,1,1,2,2785.0,0.79,14.2,11.2,0.82,11.69,0,0,CHRG, ,
5412.3,1,1,1,1,2,2790.0,0.78,14.2,11,0.82,11.71,0,0,CHRG, ,
5417.3,1,1,1,1,2,2795.0,0.78,14.2,11.1,0.82,11.72,0,0,CHRG, ,
5422.3,1,1,1,1,2,2800.0,0.79,14.2,11.2,0.82,11.74,0,0,CHRG, ,
5427.3,1,1,1,1,2,2805.0,0.78,14.2,11,0.83,11.75,0,0,CHRG, ,
5432.3,1,1,1,1,2,2810.0,0.77,14.2,10.9,0.83,11.77,0,0,CHRG, ,
5437.3,1,1,1,1,2,2815.0,0.78,14.2,11,0.83,11.78,0,0,CHRG, ,
5442.3,1,1,1,1,2,2820.0,0.77,14.199,10.9,0.83,11.8,0,0,CHRG, ,
5447.3,1,1,1,1,2,2825.0,0.77,14.199,10.9,0.83,11.81,0,0,CHRG, ,
5452.3,1,1,1,1,2,2830.0,0.78,14.2,11,0.83,11.83,0,0,CHRG, ,
5457.3,1,1,1,1,2,2835.0,0.78,14.2,11,0.83,11.84,0,0,CHRG, ,
5462.3,1,1,1,1,2,2840.0,0.77,14.199,10.9,0.83,11.86,0,0,CHRG, ,
5467.3,1,1,1,1,2,2845.0,0.77,14.2,10.9,0.83,11.87,0,0,CHRG, ,
5472.3,1,1,1,1,2,2850.0,0.77,14.199,10.9,0.84,11.89,0,0,CHRG, ,
5477.3,1,1,1,1,2,2855.0,0.77,14.2,10.9,0.84,11.91,0,0,CHRG, ,
5482.3,1,1,1,1,2,2860.0,0.77,14.199,10.8,0.84,11.92,0,0,CHRG, ,
5487.3,1,1,1,1,2,2865.0,0.78,14.201,11,0.84,11.94,0,0,CHRG, ,
5492.3,1,1,1,1,2,2870.0,0.77,14.201,10.8,0.84,11.95,0,0,CHRG, ,
5497.3,1,1,1,1,2,2875.0,0.77,14.2,10.9,0.84,11.97,0,0,CHRG, ,
5502.3,1,1,1,1,2,2880.0,0.76,14.2,10.8,0.84,11.98,0,0,CHRG, ,
5507.3,1,1,1,1,2,2885.0,0.77,14.2,10.9,0.84,12,0,0,CHRG, ,
5512.3,1,1,1,1,2,2890.0,0.76,14.2,10.8,0.84,12.01,0,0,CHRG, ,
5517.3,1,1,1,1,2,2895.0,0.77,14.2,10.8,0.85,12.03,0,0,CHRG, ,
5522.3,1,1,1,1,2,2900.0,0.76,14.2,10.7,0.85,12.04,0,0,CHRG, ,
5527.3,1,1,1,1,2,2905.0,0.76,14.2,10.7,0.85,12.06,0,0,CHRG, ,
5532.3,1,1,1,1,2,2910.0,0.76,14.2,10.8,0.85,12.07,0,0,CHRG, ,
5537.3,1,1,1,1,2,2915.0,0.76,14.2,10.8,0.85,12.09,0,0,CHRG, ,
5542.3,1,1,1,1,2,2920.0,0.76,14.2,10.8,0.85,12.1,0,0,CHRG, ,
5547.3,1,1,1,1,2,2925.0,0.76,14.2,10.7,0.85,12.12,0,0,CHRG, ,
5552.3,1,1,1,1,2,2930.0,0.76,14.2,10.7,0.85,12.13,0,0,CHRG, ,
5557.3,1,1,1,1,2,2935.0,0.76,14.199,10.7,0.85,12.15,0,0,CHRG, ,
5562.3,1,1,1,1,2,2940.0,0.76,14.201,10.7,0.85,12.16,0,0,CHRG, ,
5567.3,1,1,1,1,2,2945.0,0.76,14.2,10.7,0.86,12.18,0,0,CHRG, ,
5572.3,1,1,1,1,2,2950.0,0.76,14.201,10.7,0.86,12.19,0,0,CHRG, ,
5577.3,1,1,1,1,2,2955.0,0.75,14.2,10.6,0.86,12.21,0,0,CHRG, ,
5582.3,1,1,1,1,2,2960.0,0.76,14.2,10.7,0.86,12.22,0,0,CHRG, ,
5587.3,1,1,1,1,2,2965.0,0.76,14.2,10.7,0.86,12.23,0,0,CHRG, ,
5592.3,1,1,1,1,2,2970.0,0.76,14.201,10.7,0.86,12.25,0,0,CHRG, ,
5597.3,1,1,1,1,2,2975.0,0.76,14.201,10.7,0.86,12.26,0,0,CHRG, ,
5602.3,1,1,1,1,2,2980.0,0.76,14.2,10.7,0.86,12.28,0,0,CHRG, ,
5607.3,1,1,1,1,2,2985.0,0.75,14.2,10.6,0.86,12.29,0,0,CHRG, ,
5612.3,1,1,1,1,2,2990.0,0.75,14.2,10.6,0.87,12.31,0,0,CHRG, ,
5617.3,1,1,1,1,2,2995.0,0.75,14.2,10.6,0.87,12.32,0,0,CHRG, ,
5622.3,1,1,1,1,2,3000.0,0.76,14.2,10.7,0.87,12.34,0,0,CHRG, ,
5627.3,1,1,1,1,2,3005.0,0.75,14.2,10.6,0.87,12.35,0,0,CHRG, ,
5632.3,1,1,1,1,2,3010.0,0.75,14.2,10.6,0.87,12.37,0,0,CHRG, ,
5637.3,1,1,1,1,2,3015.0,0.75,14.2,10.6,0.87,12.38,0,0,CHRG, ,
5642.3,1,1,1,1,2,3020.0,0.74,14.2,10.5,0.87,12.4,0,0,CHRG, ,
5647.3,1,1,1,1,2,3025.0,0.75,14.199,10.6,0.87,12.41,0,0,CHRG, ,
5652.3,1,1,1,1,2,3030.0,0.75,14.199,10.6,0.87,12.43,0,0,CHRG, ,
5657.3,1,1,1,1,2,3035.0,0.75,14.2,10.6,0.87,12.44,0,0,CHRG, ,
5662.3,1,1,1,1,2,3040.0,0.75,14.201,10.6,0.88,12.46,0,0,CHRG, ,
5667.3,1,1,1,1,2,3045.0,0.75,14.2,10.6,0.88,12.47,0,0,CHRG, ,
5672.3,1,1,1,1,2,3050.0,0.75,14.201,10.6,0.88,12.48,0,0,CHRG, ,
5677.3,1,1,1,1,2,3055.0,0.74,14.2,10.5,0.88,12.5,0,0,CHRG, ,
5682.3,1,1,1,1,2,3060.0,0.73,14.199,10.4,0.88,12.51,0,0,CHRG, ,
5687.3,1,1,1,1,2,3065.0,0.74,14.2,10.4,0.88,12.53,0,0,CHRG, ,
5692.3,1,1,1,1,2,3070.0,0.73,14.199,10.4,0.88,12.54,0,0,CHRG, ,
5697.3,1,1,1,1,2,3075.0,0.75,14.199,10.6,0.88,12.56,0,0,CHRG, ,
5702.3,1,1,1,1,2,3080.0,0.74,14.201,10.5,0.88,12.57,0,0,CHRG, ,
5707.3,1,1,1,1,2,3085.0,0.74,14.2,10.5,0.88,12.59,0,0,CHRG, ,
5712.3,1,1,1,1,2,3090.0,0.74,14.2,10.4,0.89,12.6,0,0,CHRG, ,
5717.3,1,1,1,1,2,3095.0,0.74,14.2,10.4,0.89,12.62,0,0,CHRG, ,
5722.3,1,1,1,1,2,3100.0,0.73,14.2,10.3,0.89,12.63,0,0,CHRG, ,
5727.3,1,1,1,1,2,3105.0,0.73,14.199,10.4,0.89,12.64,0,0,CHRG, ,
5732.3,1,1,1,1,2,3110.0,0.73,14.2,10.3,0.89,12.66,0,0,CHRG, ,
5737.3,1,1,1,1,2,3115.0,0.74,14.2,10.5,0.89,12.67,0,0,CHRG, ,
5742.3,1,1,1,1,2,3120.0,0.73,14.2,10.3,0.89,12.69,0,0,CHRG, ,
5747.3,1,1,1,1,2,3125.0,0.73,14.2,10.3,0.89,12.7,0,0,CHRG, ,
5752.3,1,1,1,1,2,3130.0,0.72,14.2,10.2,0.89,12.72,0,0,CHRG, ,
5757.3,1,1,1,1,2,3135.0,0.73,14.2,10.3,0.9,12.73,0,0,CHRG, ,
5762.3,1,1,1,1,2,3140.0,0.74,14.2,10.5,0.9,12.75,0,0,CHRG, ,
5767.3,1,1,1,1,2,3145.0,0.73,14.201,10.3,0.9,12.76,0,0,CHRG, ,
5772.3,1,1,1,1,2,3150.0,0.73,14.2,10.3,0.9,12.77,0,0,CHRG, ,
5777.3,1,1,1,1,2,3155.0,0.73,14.2,10.3,0.9,12.79,0,0,CHRG, ,
5782.3,1,1,1,1,2,3160.0,0.73,14.2,10.3,0.9,12.8,0,0,CHRG, ,
5787.3,1,1,1,1,2,3165.0,0.72,14.2,10.1,0.9,12.82,0,0,CHRG, ,
5792.3,1,1,1,1,2,3170.0,0.72,14.2,10.2,0.9,12.83,0,0,CHRG, ,
5797.3,1,1,1,1,2,3175.0,0.73,14.201,10.3,0.9,12.85,0,0,CHRG, ,
5802.3,1,1,1,1,2,3180.0,0.73,14.2,10.4,0.9,12.86,0,0,CHRG, ,
5807.3,1,1,1,1,2,3185.0,0.72,14.201,10.2,0.91,12.87,0,0,CHRG, ,
5812.3,1,1,1,1,2,3190.0,0.72,14.201,10.1,0.91,12.89,0,0,CHRG, ,
5817.3,1,1,1,1,2,3195.0,0.72,14.201,10.2,0.91,12.9,0,0,CHRG, ,
5822.3,1,1,1,1,2,3200.0,0.73,14.2,10.3,0.91,12.92,0,0,CHRG, ,
5827.3,1,1,1,1,2,3205.0,0.72,14.2,10.2,0.91,12.93,0,0,CHRG, ,
5832.3,1,1,1,1,2,3210.0,0.72,14.2,10.2,0.91,12.95,0,0,CHRG, ,
5837.3,1,1,1,1,2,3215.0,0.71,14.2,10,0.91,12.96,0,0,CHRG, ,
5842.3,1,1,1,1,2,3220.0,0.72,14.201,10.2,0.91,12.97,0,0,CHRG, ,
5847.3,1,1,1,1,2,3225.0,0.72,14.2,10.1,0.91,12.99,0,0,CHRG, ,
5852.3,1,1,1,1,2,3230.0,0.72,14.2,10.2,0.91,13,0,0,CHRG, ,
5857.3,1,1,1,1,2,3235.0,0.72,14.2,10.1,0.92,13.02,0,0,CHRG, ,
5862.3,1,1,1,1,2,3240.0,0.72,14.2,10.2,0.92,13.03,0,0,CHRG, ,
5867.3,1,1,1,1,2,3245.0,0.72,14.2,10.1,0.92,13.04,0,0,CHRG, ,
5872.3,1,1,1,1,2,3250.0,0.72,14.2,10.2,0.92,13.06,0,0,CHRG, ,
5877.3,1,1,1,1,2,3255.0,0.72,14.201,10.2,0.92,13.07,0,0,CHRG, ,
5882.3,1,1,1,1,2,3260.0,0.72,14.201,10.1,0.92,13.09,0,0,CHRG, ,
5887.3,1,1,1,1,2,3265.0,0.72,14.201,10.1,0.92,13.1,0,0,CHRG, ,
5892.3,1,1,1,1,2,3270.0,0.71,14.2,10.1,0.92,13.11,0,0,CHRG, ,
5897.3,1,1,1,1,2,3275.0,0.71,14.201,10.1,0.92,13.13,0,0,CHRG, ,
5902.3,1,1,1,1,2,3280.0,0.71,14.2,10,0.92,13.14,0,0,CHRG, ,
5907.3,1,1,1,1,2,3285.0,0.71,14.2,10,0.93,13.16,0,0,CHRG, ,
5912.3,1,1,1,1,2,3290.0,0.71,14.2,10.1,0.93,13.17,0,0,CHRG, ,
5917.3,1,1,1,1,2,3295.0,0.71,14.2,10,0.93,13.18,0,0,CHRG, ,
5922.3,1,1,1,1,2,3300.0,0.7,14.2,9.9,0.93,13.2,0,0,CHRG, ,
5927.3,1,1,1,1,2,3305.0,0.71,14.2,10.1,0.93,13.21,0,0,CHRG, ,
5932.3,1,1,1,1,2,3310.0,0.71,14.2,10.1,0.93,13.23,0,0,CHRG, ,
5937.3,1,1,1,1,2,3315.0,0.71,14.2,10,0.93,13.24,0,0,CHRG, ,
5942.3,1,1,1,1,2,3320.0,0.7,14.2,9.8,0.93,13.25,0,0,CHRG, ,
5947.3,1,1,1,1,2,3325.0,0.71,14.2,10,0.93,13.27,0,0,CHRG, ,
5952.3,1,1,1,1,2,3330.0,0.7,14.2,9.9,0.93,13.28,0,0,CHRG, ,
5957.3,1,1,1,1,2,3335.0,0.7,14.201,9.9,0.93,13.29,0,0,CHRG, ,
5962.3,1,1,1,1,2,3340.0,0.71,14.2,9.9,0.94,13.31,0,0,CHRG, ,
5967.3,1,1,1,1,2,3345.0,0.7,14.199,9.9,0.94,13.32,0,0,CHRG, ,
5972.3,1,1,1,1,2,3350.0,0.7,14.199,9.9,0.94,13.34,0,0,CHRG, ,
5977.3,1,1,1,1,2,3355.0,0.7,14.2,9.9,0.94,13.35,0,0,CHRG, ,
5982.3,1,1,1,1,2,3360.0,0.7,14.2,9.9,0.94,13.36,0,0,CHRG, ,
5987.3,1,1,1,1,2,3365.0,0.7,14.199,9.9,0.94,13.38,0,0,CHRG, ,
5992.3,1,1,1,1,2,3370.0,0.7,14.2,9.8,0.94,13.39,0,0,CHRG, ,
5997.3,1,1,1,1,2,3375.0,0.71,14.2,10,0.94,13.4,0,0,CHRG, ,
6002.3,1,1,1,1,2,3380.0,0.69,14.2,9.8,0.94,13.42,0,0,CHRG, ,
6007.3,1,1,1,1,2,3385.0,0.7,14.2,9.9,0.94,13.43,0,0,CHRG, ,
6012.3,1,1,1,1,2,3390.0,0.7,14.199,9.8,0.95,13.45,0,0,CHRG, ,
6017.3,1,1,1,1,2,3395.0,0.69,14.201,9.7,0.95,13.46,0,0,CHRG, ,
6022.3,1,1,1,1,2,3400.0,0.7,14.201,9.8,0.95,13.47,0,0,CHRG, ,
6027.3,1,1,1,1,2,3405.0,0.69,14.2,9.8,0.95,13.49,0,0,CHRG, ,
6032.3,1,1,1,1,2,3410.0,0.7,14.2,9.9,0.95,13.5,0,0,CHRG, ,
6037.3,1,1,1,1,2,3415.0,0.7,14.2,9.9,0.95,13.51,0,0,CHRG, ,
6042.3,1,1,1,1,2,3420.0,0.69,14.2,9.8,0.95,13.53,0,0,CHRG, ,
6047.3,1,1,1,1,2,3425.0,0.69,14.2,9.7,0.95,13.54,0,0,CHRG, ,
6052.3,1,1,1,1,2,3430.0,0.69,14.2,9.8,0.95,13.55,0,0,CHRG, ,
6057.3,1,1,1,1,2,3435.0,0.68,14.2,9.6,0.95,13.57,0,0,CHRG, ,
6062.3,1,1,1,1,2,3440.0,0.7,14.201,9.8,0.96,13.58,0,0,CHRG, ,
6067.3,1,1,1,1,2,3445.0,0.69,14.2,9.7,0.96,13.6,0,0,CHRG, ,
6072.3,1,1,1,1,2,3450.0,0.69,14.199,9.7,0.96,13.61,0,0,CHRG, ,
6077.3,1,1,1,1,2,3455.0,0.69,14.2,9.7,0.96,13.62,0,0,CHRG, ,
6082.3,1,1,1,1,2,3460.0,0.69,14.2,9.8,0.96,13.64,0,0,CHRG, ,
6087.3,1,1,1,1,2,3465.0,0.69,14.201,9.7,0.96,13.65,0,0,CHRG, ,
6092.3,1,1,1,1,2,3470.0,0.69,14.199,9.7,0.96,13.66,0,0,CHRG, ,
6097.3,1,1,1,1,2,3475.0,0.68,14.2,9.6,0.96,13.68,0,0,CHRG, ,
6102.3,1,1,1,1,2,3480.0,0.69,14.2,9.7,0.96,13.69,0,0,CHRG, ,
6107.3,1,1,1,1,2,3485.0,0.67,14.2,9.5,0.96,13.7,0,0,CHRG, ,
6112.3,1,1,1,1,2,3490.0,0.68,14.2,9.6,0.96,13.72,0,0,CHRG, ,
6117.3,1,1,1,1,2,3495.0,0.68,14.2,9.6,0.97,13.73,0,0,CHRG, ,
6122.3,1,1,1,1,2,3500.0,0.69,14.2,9.7,0.97,13.74,0,0,CHRG, ,
6127.3,1,1,1,1,2,3505.0,0.69,14.2,9.7,0.97,13.76,0,0,CHRG, ,
6132.3,1,1,1,1,2,3510.0,0.68,14.2,9.6,0.97,13.77,0,0,CHRG, ,
6137.3,1,1,1,1,2,3515.0,0.68,14.2,9.6,0.97,13.78,0,0,CHRG, ,
6142.3,1,1,1,1,2,3520.0,0.68,14.2,9.6,0.97,13.8,0,0,CHRG, ,
6147.3,1,1,1,1,2,3525.0,0.68,14.2,9.6,0.97,13.81,0,0,CHRG, ,
6152.3,1,1,1,1,2,3530.0,0.68,14.2,9.6,0.97,13.82,0,0,CHRG, ,
6157.3,1,1,1,1,2,3535.0,0.68,14.2,9.6,0.97,13.84,0,0,CHRG, ,
6162.3,1,1,1,1,2,3540.0,0.67,14.2,9.5,0.97,13.85,0,0,CHRG, ,
6167.3,1,1,1,1,2,3545.0,0.68,14.201,9.6,0.98,13.86,0,0,CHRG, ,
6172.3,1,1,1,1,2,3550.0,0.67,14.2,9.5,0.98,13.88,0,0,CHRG, ,
6177.3,1,1,1,1,2,3555.0,0.68,14.2,9.6,0.98,13.89,0,0,CHRG, ,
6182.3,1,1,1,1,2,3560.0,0.67,14.199,9.5,0.98,13.9,0,0,CHRG, ,
6187.3,1,1,1,1,2,3565.0,0.67,14.2,9.5,0.98,13.92,0,0,CHRG, ,
6192.3,1,1,1,1,2,3570.0,0.67,14.201,9.5,0.98,13.93,0,0,CHRG, ,
6197.3,1,1,1,1,2,3575.0,0.67,14.199,9.5,0.98,13.94,0,0,CHRG, ,
6202.3,1,1,1,1,2,3580.0,0.67,14.199,9.5,0.98,13.96,0,0,CHRG, ,
6207.3,1,1,1,1,2,3585.0,0.66,14.2,9.3,0.98,13.97,0,0,CHRG, ,
6212.3,1,1,1,1,2,3590.0,0.67,14.2,9.5,0.98,13.98,0,0,CHRG, ,
6217.3,1,1,1,1,2,3595.0,0.67,14.199,9.5,0.98,13.99,0,0,CHRG, ,
6222.3,1,1,1,1,2,3600.0,0.67,14.2,9.5,0.99,14.01,0,0,CHRG, ,
6227.3,1,1,1,1,2,3605.0,0.67,14.201,9.4,0.99,14.02,0,0,CHRG, ,
6232.3,1,1,1,1,2,3610.0,0.67,14.199,9.4,0.99,14.03,0,0,CHRG, ,
6237.3,1,1,1,1,2,3615.0,0.66,14.2,9.4,0.99,14.05,0,0,CHRG, ,
6242.3,1,1,1,1,2,3620.0,0.66,14.2,9.4,0.99,14.06,0,0,CHRG, ,
6247.3,1,1,1,1,2,3625.0,0.66,14.2,9.3,0.99,14.07,0,0,CHRG, ,
6252.3,1,1,1,1,2,3630.0,0.67,14.2,9.4,0.99,14.09,0,0,CHRG, ,
6257.3,1,1,1,1,2,3635.0,0.66,14.2,9.3,0.99,14.1,0,0,CHRG, ,
6262.3,1,1,1,1,2,3640.0,0.67,14.2,9.5,0.99,14.11,0,0,CHRG, ,
6267.3,1,1,1,1,2,3645.0,0.67,14.2,9.4,0.99,14.13,0,0,CHRG, ,
6272.3,1,1,1,1,2,3650.0,0.67,14.201,9.4,0.99,14.14,0,0,CHRG, ,
6277.3,1,1,1,1,2,3655.0,0.66,14.2,9.4,1,14.15,0,0,CHRG, ,
6282.3,1,1,1,1,2,3660.0,0.66,14.2,9.3,1,14.16,0,0,CHRG, ,
6287.3,1,1,1,1,2,3665.0,0.66,14.2,9.4,1,14.18,0,0,CHRG, ,
6292.3,1,1,1,1,2,3670.0,0.66,14.2,9.3,1,14.19,0,0,CHRG, ,
6297.3,1,1,1,1,2,3675.0,0.66,14.2,9.4,1,14.2,0,0,CHRG, ,
6302.3,1,1,1,1,2,3680.0,0.67,14.2,9.4,1,14.22,0,0,CHRG, ,
6307.3,1,1,1,1,2,3685.0,0.66,14.2,9.3,1,14.23,0,0,CHRG, ,
6312.3,1,1,1,1,2,3690.0,0.65,14.199,9.2,1,14.24,0,0,CHRG, ,
6317.3,1,1,1,1,2,3695.0,0.66,14.2,9.3,1,14.26,0,0,CHRG, ,
6322.3,1,1,1,1,2,3700.0,0.66,14.2,9.3,1,14.27,0,0,CHRG, ,
6327.3,1,1,1,1,2,3705.0,0.65,14.2,9.2,1,14.28,0,0,CHRG, ,
6332.3,1,1,1,1,2,3710.0,0.65,14.199,9.1,1.01,14.29,0,0,CHRG, ,
6337.3,1,1,1,1,2,3715.0,0.65,14.201,9.2,1.01,14.31,0,0,CHRG, ,
6342.3,1,1,1,1,2,3720.0,0.66,14.2,9.3,1.01,14.32,0,0,CHRG, ,
6347.3,1,1,1,1,2,3725.0,0.65,14.2,9.2,1.01,14.33,0,0,CHRG, ,
6352.3,1,1,1,1,2,3730.0,0.65,14.2,9.2,1.01,14.35,0,0,CHRG, ,
6357.3,1,1,1,1,2,3735.0,0.67,14.201,9.5,1.01,14.36,0,0,CHRG, ,
6362.3,1,1,1,1,2,3740.0,0.65,14.2,9.2,1.01,14.37,0,0,CHRG, ,
6367.3,1,1,1,1,2,3745.0,0.65,14.199,9.2,1.01,14.38,0,0,CHRG, ,
6372.3,1,1,1,1,2,3750.0,0.65,14.2,9.2,1.01,14.4,0,0,CHRG, ,
6377.3,1,1,1,1,2,3755.0,0.65,14.2,9.1,1.01,14.41,0,0,CHRG, ,
6382.3,1,1,1,1,2,3760.0,0.65,14.2,9.2,1.01,14.42,0,0,CHRG, ,
6387.3,1,1,1,1,2,3765.0,0.65,14.199,9.2,1.02,14.43,0,0,CHRG, ,
6392.3,1,1,1,1,2,3770.0,0.65,14.2,9.1,1.02,14.45,0,0,CHRG, ,
6397.3,1,1,1,1,2,3775.0,0.64,14.2,9.1,1.02,14.46,0,0,CHRG, ,
6402.3,1,1,1,1,2,3780.0,0.65,14.199,9.1,1.02,14.47,0,0,CHRG, ,
6407.3,1,1,1,1,2,3785.0,0.64,14.2,9.1,1.02,14.49,0,0,CHRG, ,
6412.3,1,1,1,1,2,3790.0,0.65,14.201,9.2,1.02,14.5,0,0,CHRG, ,
6417.3,1,1,1,1,2,3795.0,0.65,14.2,9.1,1.02,14.51,0,0,CHRG, ,
6422.3,1,1,1,1,2,3800.0,0.64,14.2,9.1,1.02,14.52,0,0,CHRG, ,
6427.3,1,1,1,1,2,3805.0,0.65,14.201,9.2,1.02,14.54,0,0,CHRG, ,
6432.3,1,1,1,1,2,3810.0,0.64,14.2,9,1.02,14.55,0,0,CHRG, ,
6437.3,1,1,1,1,2,3815.0,0.63,14.199,8.9,1.02,14.56,0,0,CHRG, ,
6442.3,1,1,1,1,2,3820.0,0.64,14.2,9.1,1.03,14.57,0,0,CHRG, ,
6447.3,1,1,1,1,2,3825.0,0.64,14.199,9,1.03,14.59,0,0,CHRG, ,
6452.3,1,1,1,1,2,3830.0,0.64,14.201,9,1.03,14.6,0,0,CHRG, ,
6457.3,1,1,1,1,2,3835.0,0.65,14.201,9.1,1.03,14.61,0,0,CHRG, ,
6462.3,1,1,1,1,2,3840.0,0.65,14.2,9.2,1.03,14.62,0,0,CHRG, ,
6467.3,1,1,1,1,2,3845.0,0.64,14.201,9,1.03,14.64,0,0,CHRG, ,
6472.3,1,1,1,1,2,3850.0,0.63,14.199,8.9,1.03,14.65,0,0,CHRG, ,
6477.3,1,1,1,1,2,3855.0,0.63,14.199,8.9,1.03,14.66,0,0,CHRG, ,
6482.3,1,1,1,1,2,3860.0,0.64,14.201,9,1.03,14.67,0,0,CHRG, ,
6487.3,1,1,1,1,2,3865.0,0.63,14.199,8.9,1.03,14.69,0,0,CHRG, ,
6492.3,1,1,1,1,2,3870.0,0.64,14.2,9,1.03,14.7,0,0,CHRG, ,
6497.3,1,1,1,1,2,3875.0,0.64,14.2,9.1,1.04,14.71,0,0,CHRG, ,
6502.3,1,1,1,1,2,3880.0,0.64,14.2,9,1.04,14.72,0,0,CHRG, ,
6507.3,1,1,1,1,2,3885.0,0.64,14.2,9,1.04,14.74,0,0,CHRG, ,
6512.3,1,1,1,1,2,3890.0,0.63,14.2,8.9,1.04,14.75,0,0,CHRG, ,
6517.3,1,1,1,1,2,3895.0,0.64,14.2,9,1.04,14.76,0,0,CHRG, ,
6522.3,1,1,1,1,2,3900.0,0.64,14.199,9,1.04,14.77,0,0,CHRG, ,
6527.3,1,1,1,1,2,3905.0,0.64,14.2,9,1.04,14.79,0,0,CHRG, ,
6532.3,1,1,1,1,2,3910.0,0.63,14.201,8.9,1.04,14.8,0,0,CHRG, ,
6537.3,1,1,1,1,2,3915.0,0.63,14.2,8.9,1.04,14.81,0,0,CHRG, ,
6542.3,1,1,1,1,2,3920.0,0.63,14.2,8.9,1.04,14.82,0,0,CHRG, ,
6547.3,1,1,1,1,2,3925.0,0.63,14.201,8.9,1.04,14.84,0,0,CHRG, ,
6552.3,1,1,1,1,2,3930.0,0.63,14.2,8.9,1.04,14.85,0,0,CHRG, ,
6557.3,1,1,1,1,2,3935.0,0.63,14.2,8.9,1.05,14.86,0,0,CHRG, ,
6562.3,1,1,1,1,2,3940.0,0.63,14.2,8.9,1.05,14.87,0,0,CHRG, ,
6567.3,1,1,1,1,2,3945.0,0.63,14.2,8.9,1.05,14.88,0,0,CHRG, ,
6572.3,1,1,1,1,2,3950.0,0.63,14.201,8.9,1.05,14.9,0,0,CHRG, ,
6577.3,1,1,1,1,2,3955.0,0.63,14.2,8.9,1.05,14.91,0,0,CHRG, ,
6582.3,1,1,1,1,2,3960.0,0.63,14.2,8.9,1.05,14.92,0,0,CHRG, ,
6587.3,1,1,1,1,2,3965.0,0.62,14.2,8.8,1.05,14.93,0,0,CHRG, ,
6592.3,1,1,1,1,2,3970.0,0.62,14.2,8.8,1.05,14.95,0,0,CHRG, ,
6597.3,1,1,1,1,2,3975.0,0.62,14.2,8.8,1.05,14.96,0,0,CHRG, ,
6602.3,1,1,1,1,2,3980.0,0.62,14.201,8.8,1.05,14.97,0,0,CHRG, ,
6607.3,1,1,1,1,2,3985.0,0.62,14.201,8.8,1.05,14.98,0,0,CHRG, ,
6612.3,1,1,1,1,2,3990.0,0.62,14.201,8.8,1.06,15,0,0,CHRG, ,
6617.3,1,1,1,1,2,3995.0,0.63,14.2,8.9,1.06,15.01,0,0,CHRG, ,
6622.3,1,1,1,1,2,4000.0,0.63,14.2,8.9,1.06,15.02,0,0,CHRG, ,
6627.3,1,1,1,1,2,4005.0,0.63,14.2,8.9,1.06,15.03,0,0,CHRG, ,
6632.3,1,1,1,1,2,4010.0,0.62,14.199,8.8,1.06,15.04,0,0,CHRG, ,
6637.3,1,1,1,1,2,4015.0,0.62,14.2,8.8,1.06,15.06,0,0,CHRG, ,
6642.3,1,1,1,1,2,4020.0,0.62,14.2,8.8,1.06,15.07,0,0,CHRG, ,
6647.3,1,1,1,1,2,4025.0,0.63,14.2,8.9,1.06,15.08,0,0,CHRG, ,
6652.3,1,1,1,1,2,4030.0,0.62,14.2,8.7,1.06,15.09,0,0,CHRG, ,
6657.3,1,1,1,1,2,4035.0,0.62,14.2,8.7,1.06,15.11,0,0,CHRG, ,
6662.3,1,1,1,1,2,4040.0,0.62,14.2,8.8,1.06,15.12,0,0,CHRG, ,
6667.3,1,1,1,1,2,4045.0,0.62,14.2,8.8,1.06,15.13,0,0,CHRG, ,
6672.3,1,1,1,1,2,4050.0,0.61,14.2,8.6,1.07,15.14,0,0,CHRG, ,
6677.3,1,1,1,1,2,4055.0,0.62,14.199,8.8,1.07,15.15,0,0,CHRG, ,
6682.3,1,1,1,1,2,4060.0,0.61,14.199,8.7,1.07,15.17,0,0,CHRG, ,
6687.3,1,1,1,1,2,4065.0,0.61,14.2,8.6,1.07,15.18,0,0,CHRG, ,
6692.3,1,1,1,1,2,4070.0,0.61,14.2,8.6,1.07,15.19,0,0,CHRG, ,
6697.3,1,1,1,1,2,4075.0,0.61,14.199,8.7,1.07,15.2,0,0,CHRG, ,
6702.3,1,1,1,1,2,4080.0,0.62,14.201,8.7,1.07,15.21,0,0,CHRG, ,
6707.3,1,1,1,1,2,4085.0,0.61,14.2,8.6,1.07,15.23,0,0,CHRG, ,
6712.3,1,1,1,1,2,4090.0,0.61,14.2,8.6,1.07,15.24,0,0,CHRG, ,
6717.3,1,1,1,1,2,4095.0,0.61,14.2,8.7,1.07,15.25,0,0,CHRG, ,
6722.3,1,1,1,1,2,4100.0,0.61,14.2,8.6,1.07,15.26,0,0,CHRG, ,
6727.3,1,1,1,1,2,4105.0,0.61,14.2,8.7,1.08,15.27,0,0,CHRG, ,
6732.3,1,1,1,1,2,4110.0,0.62,14.199,8.7,1.08,15.29,0,0,CHRG, ,
6737.3,1,1,1,1,2,4115.0,0.61,14.2,8.7,1.08,15.3,0,0,CHRG, ,
6742.3,1,1,1,1,2,4120.0,0.61,14.201,8.7,1.08,15.31,0,0,CHRG, ,
6747.3,1,1,1,1,2,4125.0,0.61,14.2,8.7,1.08,15.32,0,0,CHRG, ,
6752.3,1,1,1,1,2,4130.0,0.61,14.199,8.6,1.08,15.33,0,0,CHRG, ,
6757.3,1,1,1,1,2,4135.0,0.61,14.199,8.6,1.08,15.35,0,0,CHRG, ,
6762.3,1,1,1,1,2,4140.0,0.61,14.2,8.6,1.08,15.36,0,0,CHRG, ,
6767.3,1,1,1,1,2,4145.0,0.6,14.2,8.5,1.08,15.37,0,0,CHRG, ,
6772.3,1,1,1,1,2,4150.0,0.61,14.2,8.6,1.08,15.38,0,0,CHRG, ,
6777.3,1,1,1,1,2,4155.0,0.6,14.2,8.5,1.08,15.39,0,0,CHRG, ,
6782.3,1,1,1,1,2,4160.0,0.6,14.2,8.5,1.08,15.41,0,0,CHRG, ,
6787.3,1,1,1,1,2,4165.0,0.61,14.2,8.5,1.09,15.42,0,0,CHRG, ,
6792.3,1,1,1,1,2,4170.0,0.61,14.2,8.6,1.09,15.43,0,0,CHRG, ,
6797.3,1,1,1,1,2,4175.0,0.61,14.2,8.6,1.09,15.44,0,0,CHRG, ,
6802.3,1,1,1,1,2,4180.0,0.61,14.2,8.6,1.09,15.45,0,0,CHRG, ,
6807.3,1,1,1,1,2,4185.0,0.6,14.199,8.5,1.09,15.46,0,0,CHRG, ,
6812.3,1,1,1,1,2,4190.0,0.61,14.2,8.7,1.09,15.48,0,0,CHRG, ,
6817.3,1,1,1,1,2,4195.0,0.59,14.2,8.3,1.09,15.49,0,0,CHRG, ,
6822.3,1,1,1,1,2,4200.0,0.59,14.2,8.4,1.09,15.5,0,0,CHRG, ,
6827.3,1,1,1,1,2,4205.0,0.6,14.2,8.5,1.09,15.51,0,0,CHRG, ,
6832.3,1,1,1,1,2,4210.0,0.6,14.199,8.5,1.09,15.52,0,0,CHRG, ,
6837.3,1,1,1,1,2,4215.0,0.6,14.2,8.5,1.09,15.54,0,0,CHRG, ,
6842.3,1,1,1,1,2,4220.0,0.59,14.2,8.3,1.09,15.55,0,0,CHRG, ,
6847.3,1,1,1,1,2,4225.0,0.6,14.2,8.5,1.1,15.56,0,0,CHRG, ,
6852.3,1,1,1,1,2,4230.0,0.6,14.2,8.4,1.1,15.57,0,0,CHRG, ,
6857.3,1,1,1,1,2,4235.0,0.59,14.201,8.3,1.1,15.58,0,0,CHRG, ,
6862.3,1,1,1,1,2,4240.0,0.59,14.2,8.3,1.1,15.59,0,0,CHRG, ,
6867.3,1,1,1,1,2,4245.0,0.59,14.2,8.3,1.1,15.61,0,0,CHRG, ,
6872.3,1,1,1,1,2,4250.0,0.59,14.2,8.4,1.1,15.62,0,0,CHRG, ,
6877.3,1,1,1,1,2,4255.0,0.59,14.2,8.3,1.1,15.63,0,0,CHRG, ,
6882.3,1,1,1,1,2,4260.0,0.59,14.2,8.4,1.1,15.64,0,0,CHRG, ,
6887.3,1,1,1,1,2,4265.0,0.6,14.2,8.5,1.1,15.65,0,0,CHRG, ,
6892.3,1,1,1,1,2,4270.0,0.59,14.2,8.4,1.1,15.66,0,0,CHRG, ,
6897.3,1,1,1,1,2,4275.0,0.59,14.2,8.4,1.1,15.68,0,0,CHRG, ,
6902.3,1,1,1,1,2,4280.0,0.59,14.199,8.4,1.1,15.69,0,0,CHRG, ,
6907.3,1,1,1,1,2,4285.0,0.6,14.201,8.5,1.11,15.7,0,0,CHRG, ,
6912.3,1,1,1,1,2,4290.0,0.59,14.2,8.3,1.11,15.71,0,0,CHRG, ,
6917.3,1,1,1,1,2,4295.0,0.59,14.201,8.4,1.11,15.72,0,0,CHRG, ,
6922.3,1,1,1,1,2,4300.0,0.58,14.199,8.2,1.11,15.73,0,0,CHRG, ,
6927.3,1,1,1,1,2,4305.0,0.59,14.201,8.3,1.11,15.74,0,0,CHRG, ,
6932.3,1,1,1,1,2,4310.0,0.58,14.199,8.2,1.11,15.76,0,0,CHRG, ,
6937.3,1,1,1,1,2,4315.0,0.59,14.2,8.3,1.11,15.77,0,0,CHRG, ,
6942.3,1,1,1,1,2,4320.0,0.58,14.201,8.1,1.11,15.78,0,0,CHRG, ,
6947.3,1,1,1,1,2,4325.0,0.59,14.199,8.3,1.11,15.79,0,0,CHRG, ,
6952.3,1,1,1,1,2,4330.0,0.59,14.2,8.3,1.11,15.8,0,0,CHRG, ,
6957.3,1,1,1,1,2,4335.0,0.58,14.2,8.2,1.11,15.81,0,0,CHRG, ,
6962.3,1,1,1,1,2,4340.0,0.59,14.2,8.3,1.11,15.82,0,0,CHRG, ,
6967.3,1,1,1,1,2,4345.0,0.59,14.199,8.3,1.11,15.84,0,0,CHRG, ,
6972.3,1,1,1,1,2,4350.0,0.58,14.2,8.2,1.12,15.85,0,0,CHRG, ,
6977.3,1,1,1,1,2,4355.0,0.59,14.2,8.3,1.12,15.86,0,0,CHRG, ,
6982.3,1,1,1,1,2,4360.0,0.59,14.2,8.3,1.12,15.87,0,0,CHRG, ,
6987.3,1,1,1,1,2,4365.0,0.58,14.199,8.2,1.12,15.88,0,0,CHRG, ,
6992.3,1,1,1,1,2,4370.0,0.58,14.2,8.2,1.12,15.89,0,0,CHRG, ,
6997.3,1,1,1,1,2,4375.0,0.59,14.201,8.3,1.12,15.9,0,0,CHRG, ,
7002.3,1,1,1,1,2,4380.0,0.58,14.201,8.2,1.12,15.92,0,0,CHRG, ,
7007.3,1,1,1,1,2,4385.0,0.58,14.2,8.2,1.12,15.93,0,0,CHRG, ,
7012.3,1,1,1,1,2,4390.0,0.58,14.199,8.2,1.12,15.94,0,0,CHRG, ,
7017.3,1,1,1,1,2,4395.0,0.58,14.2,8.2,1.12,15.95,0,0,CHRG, ,
7022.3,1,1,1,1,2,4400.0,0.58,14.2,8.1,1.12,15.96,0,0,CHRG, ,
7027.3,1,1,1,1,2,4405.0,0.58,14.2,8.1,1.12,15.97,0,0,CHRG, ,
7032.3,1,1,1,1,2,4410.0,0.58,14.2,8.2,1.13,15.98,0,0,CHRG, ,
7037.3,1,1,1,1,2,4415.0,0.58,14.2,8.1,1.13,16,0,0,CHRG, ,
7042.3,1,1,1,1,2,4420.0,0.58,14.199,8.1,1.13,16.01,0,0,CHRG, ,
7047.3,1,1,1,1,2,4425.0,0.58,14.2,8.1,1.13,16.02,0,0,CHRG, ,
7052.3,1,1,1,1,2,4430.0,0.58,14.2,8.1,1.13,16.03,0,0,CHRG, ,
7057.3,1,1,1,1,2,4435.0,0.57,14.201,8,1.13,16.04,0,0,CHRG, ,
7062.3,1,1,1,1,2,4440.0,0.57,14.2,8.1,1.13,16.05,0,0,CHRG, ,
7067.3,1,1,1,1,2,4445.0,0.57,14.2,8,1.13,16.06,0,0,CHRG, ,
7072.3,1,1,1,1,2,4450.0,0.57,14.2,8,1.13,16.07,0,0,CHRG, ,
7077.3,1,1,1,1,2,4455.0,0.57,14.2,8.1,1.13,16.09,0,0,CHRG, ,
7082.3,1,1,1,1,2,4460.0,0.57,14.2,8,1.13,16.1,0,0,CHRG, ,
7087.3,1,1,1,1,2,4465.0,0.57,14.2,8,1.13,16.11,0,0,CHRG, ,
7092.3,1,1,1,1,2,4470.0,0.57,14.199,8.1,1.13,16.12,0,0,CHRG, ,
7097.3,1,1,1,1,2,4475.0,0.58,14.2,8.2,1.14,16.13,0,0,CHRG, ,
7102.3,1,1,1,1,2,4480.0,0.58,14.2,8.2,1.14,16.14,0,0,CHRG, ,
7107.3,1,1,1,1,2,4485.0,0.58,14.2,8.1,1.14,16.15,0,0,CHRG, ,
7112.3,1,1,1,1,2,4490.0,0.57,14.2,8.1,1.14,16.16,0,0,CHRG, ,
7117.3,1,1,1,1,2,4495.0,0.57,14.201,8,1.14,16.17,0,0,CHRG, ,
7122.3,1,1,1,1,2,4500.0,0.57,14.2,8,1.14,16.19,0,0,CHRG, ,
7127.3,1,1,1,1,2,4505.0,0.57,14.2,8,1.14,16.2,0,0,CHRG, ,
7132.3,1,1,1,1,2,4510.0,0.57,14.2,8,1.14,16.21,0,0,CHRG, ,
7137.3,1,1,1,1,2,4515.0,0.56,14.2,7.9,1.14,16.22,0,0,CHRG, ,
7142.3,1,1,1,1,2,4520.0,0.57,14.2,8.1,1.14,16.23,0,0,CHRG, ,
7147.3,1,1,1,1,2,4525.0,0.56,14.2,7.9,1.14,16.24,0,0,CHRG, ,
7152.3,1,1,1,1,2,4530.0,0.57,14.201,8,1.14,16.25,0,0,CHRG, ,
7157.3,1,1,1,1,2,4535.0,0.57,14.2,8,1.15,16.26,0,0,CHRG, ,
7161.0,1,1,1,1,2,4538.7,-0.13,13.632,1.9,1.15,16.27,0,0,CHRG,Z,
7162.3,1,1,1,1,2,4540.0,1.09,14.197,15.4,1.15,16.28,0,0,CHRG, ,
7167.3,1,1,1,1,2,4545.0,0.65,14.199,9.2,1.15,16.29,0,0,CHRG, ,
7172.3,1,1,1,1,2,4550.0,0.64,14.2,9.1,1.15,16.31,0,0,CHRG, ,
7177.3,1,1,1,1,2,4555.0,0.65,14.199,9.1,1.15,16.32,0,0,CHRG, ,
7182.3,1,1,1,1,2,4560.0,0.63,14.2,8.9,1.15,16.33,0,0,CHRG, ,
7187.3,1,1,1,1,2,4565.0,0.62,14.2,8.8,1.15,16.34,0,0,CHRG, ,
7192.3,1,1,1,1,2,4570.0,0.62,14.2,8.8,1.15,16.36,0,0,CHRG, ,
7197.3,1,1,1,1,2,4575.0,0.63,14.2,8.9,1.15,16.37,0,0,CHRG, ,
7202.3,1,1,1,1,2,4580.0,0.62,14.2,8.8,1.15,16.38,0,0,CHRG, ,
7207.3,1,1,1,1,2,4585.0,0.61,14.201,8.6,1.15,16.39,0,0,CHRG, ,
7212.3,1,1,1,1,2,4590.0,0.6,14.201,8.4,1.16,16.4,0,0,CHRG, ,
7217.3,1,1,1,1,2,4595.0,0.59,14.2,8.4,1.16,16.42,0,0,CHRG, ,
7222.3,1,1,1,1,2,4600.0,0.59,14.2,8.3,1.16,16.43,0,0,CHRG, ,
7227.3,1,1,1,1,2,4605.0,0.59,14.2,8.4,1.16,16.44,0,0,CHRG, ,
7232.3,1,1,1,1,2,4610.0,0.59,14.199,8.3,1.16,16.45,0,0,CHRG, ,
7237.3,1,1,1,1,2,4615.0,0.59,14.2,8.3,1.16,16.46,0,0,CHRG, ,
7242.3,1,1,1,1,2,4620.0,0.58,14.199,8.2,1.16,16.47,0,0,CHRG, ,
7247.3,1,1,1,1,2,4625.0,0.58,14.2,8.2,1.16,16.48,0,0,CHRG, ,
7252.3,1,1,1,1,2,4630.0,0.57,14.201,8.1,1.16,16.5,0,0,CHRG, ,
7257.3,1,1,1,1,2,4635.0,0.57,14.2,8.1,1.16,16.51,0,0,CHRG, ,
7262.3,1,1,1,1,2,4640.0,0.57,14.2,8,1.16,16.52,0,0,CHRG, ,
7267.3,1,1,1,1,2,4645.0,0.57,14.199,8,1.16,16.53,0,0,CHRG, ,
7272.3,1,1,1,1,2,4650.0,0.56,14.2,7.9,1.16,16.54,0,0,CHRG, ,
7277.3,1,1,1,1,2,4655.0,0.56,14.199,7.9,1.17,16.55,0,0,CHRG, ,
7282.3,1,1,1,1,2,4660.0,0.57,14.2,8,1.17,16.56,0,0,CHRG, ,
7287.3,1,1,1,1,2,4665.0,0.56,14.2,7.9,1.17,16.57,0,0,CHRG, ,
7292.3,1,1,1,1,2,4670.0,0.57,14.201,8,1.17,16.59,0,0,CHRG, ,
7297.3,1,1,1,1,2,4675.0,0.57,14.2,8,1.17,16.6,0,0,CHRG, ,
7302.3,1,1,1,1,2,4680.0,0.56,14.2,7.9,1.17,16.61,0,0,CHRG, ,
7307.3,1,1,1,1,2,4685.0,0.56,14.2,7.9,1.17,16.62,0,0,CHRG, ,
7312.3,1,1,1,1,2,4690.0,0.56,14.2,7.9,1.17,16.63,0,0,CHRG, ,
7317.3,1,1,1,1,2,4695.0,0.56,14.2,7.9,1.17,16.64,0,0,CHRG, ,
7322.3,1,1,1,1,2,4700.0,0.56,14.201,7.9,1.17,16.65,0,0,CHRG, ,
7327.3,1,1,1,1,2,4705.0,0.55,14.201,7.8,1.17,16.66,0,0,CHRG, ,
7332.3,1,1,1,1,2,4710.0,0.56,14.2,7.9,1.17,16.67,0,0,CHRG, ,
7337.3,1,1,1,1,2,4715.0,0.55,14.2,7.8,1.18,16.68,0,0,CHRG, ,
7342.3,1,1,1,1,2,4720.0,0.54,14.2,7.7,1.18,16.69,0,0,CHRG, ,
7347.3,1,1,1,1,2,4725.0,0.55,14.2,7.8,1.18,16.71,0,0,CHRG, ,
7352.3,1,1,1,1,2,4730.0,0.55,14.199,7.8,1.18,16.72,0,0,CHRG, ,
7357.3,1,1,1,1,2,4735.0,0.55,14.2,7.8,1.18,16.73,0,0,CHRG, ,
7362.3,1,1,1,1,2,4740.0,0.55,14.2,7.8,1.18,16.74,0,0,CHRG, ,
7367.3,1,1,1,1,2,4745.0,0.55,14.199,7.7,1.18,16.75,0,0,CHRG, ,
7372.3,1,1,1,1,2,4750.0,0.55,14.2,7.8,1.18,16.76,0,0,CHRG, ,
7377.3,1,1,1,1,2,4755.0,0.55,14.201,7.8,1.18,16.77,0,0,CHRG, ,
7382.3,1,1,1,1,2,4760.0,0.55,14.2,7.7,1.18,16.78,0,0,CHRG, ,
7387.3,1,1,1,1,2,4765.0,0.55,14.2,7.8,1.18,16.79,0,0,CHRG, ,
7392.3,1,1,1,1,2,4770.0,0.55,14.2,7.8,1.18,16.8,0,0,CHRG, ,
7397.3,1,1,1,1,2,4775.0,0.55,14.2,7.8,1.18,16.81,0,0,CHRG, ,
7402.3,1,1,1,1,2,4780.0,0.54,14.2,7.7,1.19,16.82,0,0,CHRG, ,
7407.3,1,1,1,1,2,4785.0,0.55,14.2,7.7,1.19,16.84,0,0,CHRG, ,
7412.3,1,1,1,1,2,4790.0,0.54,14.2,7.7,1.19,16.85,0,0,CHRG, ,
7417.3,1,1,1,1,2,4795.0,0.55,14.199,7.8,1.19,16.86,0,0,CHRG, ,
7422.3,1,1,1,1,2,4800.0,0.55,14.2,7.8,1.19,16.87,0,0,CHRG, ,
7427.3,1,1,1,1,2,4805.0,0.55,14.201,7.8,1.19,16.88,0,0,CHRG, ,
7432.3,1,1,1,1,2,4810.0,0.55,14.2,7.7,1.19,16.89,0,0,CHRG, ,
7437.3,1,1,1,1,2,4815.0,0.55,14.2,7.7,1.19,16.9,0,0,CHRG, ,
7442.3,1,1,1,1,2,4820.0,0.54,14.199,7.6,1.19,16.91,0,0,CHRG, ,
7447.3,1,1,1,1,2,4825.0,0.54,14.2,7.6,1.19,16.92,0,0,CHRG, ,
7452.3,1,1,1,1,2,4830.0,0.54,14.2,7.6,1.19,16.93,0,0,CHRG, ,
7457.3,1,1,1,1,2,4835.0,0.54,14.2,7.6,1.19,16.94,0,0,CHRG, ,
7462.3,1,1,1,1,2,4840.0,0.54,14.199,7.7,1.19,16.95,0,0,CHRG, ,
7467.3,1,1,1,1,2,4845.0,0.53,14.199,7.5,1.19,16.96,0,0,CHRG, ,
7472.3,1,1,1,1,2,4850.0,0.55,14.2,7.7,1.2,16.97,0,0,CHRG, ,
7477.3,1,1,1,1,2,4855.0,0.54,14.201,7.7,1.2,16.98,0,0,CHRG, ,
7482.3,1,1,1,1,2,4860.0,0.54,14.2,7.6,1.2,17,0,0,CHRG, ,
7487.3,1,1,1,1,2,4865.0,0.54,14.2,7.6,1.2,17.01,0,0,CHRG, ,
7492.3,1,1,1,1,2,4870.0,0.54,14.2,7.7,1.2,17.02,0,0,CHRG, ,
7497.3,1,1,1,1,2,4875.0,0.54,14.2,7.6,1.2,17.03,0,0,CHRG, ,
7502.3,1,1,1,1,2,4880.0,0.54,14.2,7.6,1.2,17.04,0,0,CHRG, ,
7507.3,1,1,1,1,2,4885.0,0.54,14.199,7.6,1.2,17.05,0,0,CHRG, ,
7512.3,1,1,1,1,2,4890.0,0.53,14.2,7.5,1.2,17.06,0,0,CHRG, ,
7517.3,1,1,1,1,2,4895.0,0.53,14.201,7.5,1.2,17.07,0,0,CHRG, ,
7522.3,1,1,1,1,2,4900.0,0.54,14.2,7.6,1.2,17.08,0,0,CHRG, ,
7527.3,1,1,1,1,2,4905.0,0.53,14.2,7.5,1.2,17.09,0,0,CHRG, ,
7532.3,1,1,1,1,2,4910.0,0.54,14.2,7.6,1.2,17.1,0,0,CHRG, ,
7537.3,1,1,1,1,2,4915.0,0.53,14.2,7.5,1.21,17.11,0,0,CHRG, ,
7542.3,1,1,1,1,2,4920.0,0.53,14.2,7.4,1.21,17.12,0,0,CHRG, ,
7547.3,1,1,1,1,2,4925.0,0.53,14.2,7.5,1.21,17.13,0,0,CHRG, ,
7552.3,1,1,1,1,2,4930.0,0.53,14.199,7.4,1.21,17.14,0,0,CHRG, ,
7557.3,1,1,1,1,2,4935.0,0.53,14.2,7.5,1.21,17.15,0,0,CHRG, ,
7562.3,1,1,1,1,2,4940.0,0.53,14.199,7.4,1.21,17.16,0,0,CHRG, ,
7567.3,1,1,1,1,2,4945.0,0.53,14.2,7.5,1.21,17.17,0,0,CHRG, ,
7572.3,1,1,1,1,2,4950.0,0.53,14.2,7.5,1.21,17.18,0,0,CHRG, ,
7577.3,1,1,1,1,2,4955.0,0.52,14.2,7.4,1.21,17.19,0,0,CHRG, ,
7582.3,1,1,1,1,2,4960.0,0.52,14.2,7.4,1.21,17.2,0,0,CHRG, ,
7587.3,1,1,1,1,2,4965.0,0.52,14.2,7.4,1.21,17.21,0,0,CHRG, ,
7592.3,1,1,1,1,2,4970.0,0.53,14.2,7.5,1.21,17.23,0,0,CHRG, ,
7597.3,1,1,1,1,2,4975.0,0.52,14.199,7.4,1.21,17.24,0,0,CHRG, ,
7602.3,1,1,1,1,2,4980.0,0.52,14.2,7.4,1.21,17.25,0,0,CHRG, ,
7607.3,1,1,1,1,2,4985.0,0.53,14.2,7.4,1.22,17.26,0,0,CHRG, ,
7612.3,1,1,1,1,2,4990.0,0.53,14.2,7.5,1.22,17.27,0,0,CHRG, ,
7617.3,1,1,1,1,2,4995.0,0.52,14.199,7.4,1.22,17.28,0,0,CHRG, ,
7622.3,1,1,1,1,2,5000.0,0.53,14.2,7.5,1.22,17.29,0,0,CHRG, ,
7627.3,1,1,1,1,2,5005.0,0.53,14.201,7.4,1.22,17.3,0,0,CHRG, ,
7632.3,1,1,1,1,2,5010.0,0.52,14.2,7.3,1.22,17.31,0,0,CHRG, ,
7635.3,1,1,1,1,2,5013.0,0.5,14.203,7,1.22,17.31,0,0,CHRG,S,
7640.3,1,1,1,1,3,5.0,-0.02,13.88,0.2,0,0,0,0,CHRG, ,
7645.3,1,1,1,1,3,10.0,-0.02,13.837,0.2,0,0,0,0,CHRG, ,
7650.3,1,1,1,1,3,15.0,-0.01,13.802,0.2,0,0,0,0,CHRG, ,
7655.3,1,1,1,1,3,20.0,-0.01,13.773,0.2,0,0,0,0,CHRG, ,
7660.3,1,1,1,1,3,25.0,-0.01,13.747,0.2,0,0,0,0,CHRG, ,
7665.3,1,1,1,1,3,30.0,-0.01,13.724,0.2,0,0,0,0,CHRG, ,
7670.3,1,1,1,1,3,35.0,-0.01,13.703,0.2,0,0,0,0,CHRG, ,
7675.3,1,1,1,1,3,40.0,0.05,13.7,0.7,0,0,0,0,CHRG, ,
7680.3,1,1,1,1,3,45.0,0.09,13.701,1.2,0,0,0,0,CHRG, ,
7685.3,1,1,1,1,3,50.0,0.1,13.7,1.4,0,0,0,0,CHRG, ,
7690.3,1,1,1,1,3,55.0,0.11,13.7,1.4,0,0,0,0,CHRG, ,
7695.3,1,1,1,1,3,60.0,0.12,13.7,1.6,0,0,0,0,CHRG, ,
7700.3,1,1,1,1,3,65.0,0.13,13.7,1.7,0,0.01,0,0,CHRG, ,
7705.3,1,1,1,1,3,70.0,0.14,13.7,1.9,0,0.01,0,0,CHRG, ,
7710.3,1,1,1,1,3,75.0,0.15,13.7,1.9,0,0.01,0,0,CHRG, ,
7715.3,1,1,1,1,3,80.0,0.15,13.7,2,0,0.02,0,0,CHRG, ,
7720.3,1,1,1,1,3,85.0,0.16,13.7,2.1,0,0.02,0,0,CHRG, ,
7725.3,1,1,1,1,3,90.0,0.17,13.7,2.2,0,0.02,0,0,CHRG, ,
7730.3,1,1,1,1,3,95.0,0.17,13.7,2.2,0,0.02,0,0,CHRG, ,
7735.3,1,1,1,1,3,100.0,0.17,13.7,2.3,0,0.03,0,0,CHRG, ,
7740.3,1,1,1,1,3,105.0,0.17,13.7,2.2,0,0.03,0,0,CHRG, ,
7745.3,1,1,1,1,3,110.0,0.17,13.7,2.3,0,0.03,0,0,CHRG, ,
7750.3,1,1,1,1,3,115.0,0.18,13.7,2.5,0,0.04,0,0,CHRG, ,
7755.3,1,1,1,1,3,120.0,0.18,13.7,2.4,0,0.04,0,0,CHRG, ,
7760.3,1,1,1,1,3,125.0,0.18,13.7,2.4,0,0.04,0,0,CHRG, ,
7765.3,1,1,1,1,3,130.0,0.18,13.7,2.4,0,0.05,0,0,CHRG, ,
7770.3,1,1,1,1,3,135.0,0.18,13.7,2.4,0,0.05,0,0,CHRG, ,
7775.3,1,1,1,1,3,140.0,0.18,13.7,2.4,0,0.05,0,0,CHRG, ,
7780.3,1,1,1,1,3,145.0,0.18,13.7,2.4,0,0.06,0,0,CHRG, ,
7785.3,1,1,1,1,3,150.0,0.18,13.7,2.5,0,0.06,0,0,CHRG, ,
7790.3,1,1,1,1,3,155.0,0.18,13.7,2.4,0,0.06,0,0,CHRG, ,
7795.3,1,1,1,1,3,160.0,0.19,13.701,2.6,0,0.07,0,0,CHRG, ,
7800.3,1,1,1,1,3,165.0,0.19,13.7,2.5,0,0.07,0,0,CHRG, ,
7805.3,1,1,1,1,3,170.0,0.18,13.7,2.4,0,0.07,0,0,CHRG, ,
7810.3,1,1,1,1,3,175.0,0.19,13.7,2.5,0,0.08,0,0,CHRG, ,
7815.3,1,1,1,1,3,180.0,0.19,13.7,2.5,0,0.08,0,0,CHRG, ,
7820.3,1,1,1,1,3,185.0,0.18,13.7,2.5,0,0.08,0,0,CHRG, ,
7825.3,1,1,1,1,3,190.0,0.19,13.7,2.5,0,0.09,0,0,CHRG, ,
7830.3,1,1,1,1,3,195.0,0.19,13.7,2.5,0,0.09,0,0,CHRG, ,
7835.3,1,1,1,1,3,200.0,0.19,13.7,2.6,0,0.1,0,0,CHRG, ,
7840.3,1,1,1,1,3,205.0,0.19,13.7,2.6,0,0.1,0,0,CHRG, ,
7845.3,1,1,1,1,3,210.0,0.18,13.701,2.4,0,0.1,0,0,CHRG, ,
7850.3,1,1,1,1,3,215.0,0.18,13.7,2.5,0,0.11,0,0,CHRG, ,
7855.3,1,1,1,1,3,220.0,0.19,13.7,2.6,0,0.11,0,0,CHRG, ,
7860.3,1,1,1,1,3,225.0,0.18,13.7,2.5,0,0.11,0,0,CHRG, ,
7865.3,1,1,1,1,3,230.0,0.19,13.7,2.5,0,0.12,0,0,CHRG, ,
7870.3,1,1,1,1,3,235.0,0.18,13.7,2.4,0,0.12,0,0,CHRG, ,
7875.3,1,1,1,1,3,240.0,0.19,13.7,2.5,0,0.12,0,0,CHRG, ,
7880.3,1,1,1,1,3,245.0,0.19,13.7,2.6,0,0.13,0,0,CHRG, ,
7885.3,1,1,1,1,3,250.0,0.19,13.7,2.6,0,0.13,0,0,CHRG, ,
7890.3,1,1,1,1,3,255.0,0.19,13.7,2.6,0.01,0.13,0,0,CHRG, ,
7895.3,1,1,1,1,3,260.0,0.19,13.7,2.6,0.01,0.14,0,0,CHRG, ,
7900.3,1,1,1,1,3,265.0,0.18,13.7,2.4,0.01,0.14,0,0,CHRG, ,
7905.3,1,1,1,1,3,270.0,0.18,13.7,2.5,0.01,0.14,0,0,CHRG, ,
7910.3,1,1,1,1,3,275.0,0.19,13.7,2.6,0.01,0.15,0,0,CHRG, ,
7915.3,1,1,1,1,3,280.0,0.18,13.7,2.4,0.01,0.15,0,0,CHRG, ,
7920.3,1,1,1,1,3,285.0,0.19,13.701,2.5,0.01,0.15,0,0,CHRG, ,
7925.3,1,1,1,1,3,290.0,0.18,13.7,2.4,0.01,0.16,0,0,CHRG, ,
7930.3,1,1,1,1,3,295.0,0.19,13.7,2.5,0.01,0.16,0,0,CHRG, ,
7935.3,1,1,1,1,3,300.0,0.18,13.7,2.4,0.01,0.16,0,0,CHRG, ,
7940.3,1,1,1,1,3,305.0,0.19,13.7,2.5,0.01,0.17,0,0,CHRG, ,
7945.3,1,1,1,1,3,310.0,0.18,13.7,2.4,0.01,0.17,0,0,CHRG, ,
7950.3,1,1,1,1,3,315.0,0.18,13.7,2.4,0.01,0.18,0,0,CHRG, ,
7955.3,1,1,1,1,3,320.0,0.19,13.701,2.6,0.01,0.18,0,0,CHRG, ,
7960.3,1,1,1,1,3,325.0,0.18,13.7,2.4,0.01,0.18,0,0,CHRG, ,
7965.3,1,1,1,1,3,330.0,0.19,13.7,2.6,0.01,0.19,0,0,CHRG, ,
7970.3,1,1,1,1,3,335.0,0.18,13.7,2.5,0.01,0.19,0,0,CHRG, ,
7975.3,1,1,1,1,3,340.0,0.18,13.7,2.4,0.01,0.19,0,0,CHRG, ,
7980.3,1,1,1,1,3,345.0,0.18,13.7,2.4,0.01,0.2,0,0,CHRG, ,
7985.3,1,1,1,1,3,350.0,0.19,13.7,2.5,0.01,0.2,0,0,CHRG, ,
7990.3,1,1,1,1,3,355.0,0.18,13.7,2.5,0.01,0.2,0,0,CHRG, ,
7995.3,1,1,1,1,3,360.0,0.19,13.7,2.5,0.01,0.21,0,0,CHRG, ,
8000.3,1,1,1,1,3,365.0,0.19,13.7,2.5,0.01,0.21,0,0,CHRG, ,
8005.3,1,1,1,1,3,370.0,0.18,13.7,2.4,0.01,0.21,0,0,CHRG, ,
8010.3,1,1,1,1,3,375.0,0.18,13.7,2.5,0.01,0.22,0,0,CHRG, ,
8015.3,1,1,1,1,3,380.0,0.18,13.7,2.4,0.01,0.22,0,0,CHRG, ,
8020.3,1,1,1,1,3,385.0,0.19,13.7,2.6,0.01,0.22,0,0,CHRG, ,
8025.3,1,1,1,1,3,390.0,0.18,13.7,2.4,0.01,0.23,0,0,CHRG, ,
8030.3,1,1,1,1,3,395.0,0.19,13.7,2.5,0.01,0.23,0,0,CHRG, ,
8035.3,1,1,1,1,3,400.0,0.19,13.7,2.6,0.01,0.23,0,0,CHRG, ,
8040.3,1,1,1,1,3,405.0,0.19,13.7,2.5,0.01,0.24,0,0,CHRG, ,
8045.3,1,1,1,1,3,410.0,0.19,13.7,2.6,0.01,0.24,0,0,CHRG, ,
8050.3,1,1,1,1,3,415.0,0.18,13.7,2.4,0.01,0.24,0,0,CHRG, ,
8055.3,1,1,1,1,3,420.0,0.18,13.7,2.4,0.01,0.25,0,0,CHRG, ,
8060.3,1,1,1,1,3,425.0,0.19,13.7,2.5,0.01,0.25,0,0,CHRG, ,
8065.3,1,1,1,1,3,430.0,0.19,13.7,2.6,0.01,0.25,0,0,CHRG, ,
8070.3,1,1,1,1,3,435.0,0.18,13.7,2.4,0.01,0.26,0,0,CHRG, ,
8075.3,1,1,1,1,3,440.0,0.18,13.7,2.5,0.01,0.26,0,0,CHRG, ,
8080.3,1,1,1,1,3,445.0,0.18,13.7,2.4,0.01,0.26,0,0,CHRG, ,
8085.3,1,1,1,1,3,450.0,0.18,13.7,2.4,0.01,0.27,0,0,CHRG, ,
8090.3,1,1,1,1,3,455.0,0.18,13.7,2.4,0.02,0.27,0,0,CHRG, ,
8095.3,1,1,1,1,3,460.0,0.19,13.701,2.6,0.02,0.27,0,0,CHRG, ,
8100.3,1,1,1,1,3,465.0,0.18,13.701,2.5,0.02,0.28,0,0,CHRG, ,
8105.3,1,1,1,1,3,470.0,0.18,13.7,2.4,0.02,0.28,0,0,CHRG, ,
8110.3,1,1,1,1,3,475.0,0.18,13.7,2.5,0.02,0.28,0,0,CHRG, ,
8115.3,1,1,1,1,3,480.0,0.18,13.7,2.4,0.02,0.29,0,0,CHRG, ,
8120.3,1,1,1,1,3,485.0,0.18,13.7,2.5,0.02,0.29,0,0,CHRG, ,
8125.3,1,1,1,1,3,490.0,0.18,13.7,2.5,0.02,0.29,0,0,CHRG, ,
8130.3,1,1,1,1,3,495.0,0.18,13.7,2.5,0.02,0.3,0,0,CHRG, ,
8135.3,1,1,1,1,3,500.0,0.18,13.7,2.5,0.02,0.3,0,0,CHRG, ,
8140.3,1,1,1,1,3,505.0,0.18,13.7,2.4,0.02,0.3,0,0,CHRG, ,
8145.3,1,1,1,1,3,510.0,0.18,13.7,2.4,0.02,0.31,0,0,CHRG, ,
8150.3,1,1,1,1,3,515.0,0.18,13.7,2.4,0.02,0.31,0,0,CHRG, ,
8155.3,1,1,1,1,3,520.0,0.18,13.7,2.4,0.02,0.31,0,0,CHRG, ,
8160.3,1,1,1,1,3,525.0,0.18,13.7,2.4,0.02,0.32,0,0,CHRG, ,
8165.3,1,1,1,1,3,530.0,0.18,13.7,2.4,0.02,0.32,0,0,CHRG, ,
8170.3,1,1,1,1,3,535.0,0.18,13.7,2.4,0.02,0.32,0,0,CHRG, ,
8175.3,1,1,1,1,3,540.0,0.18,13.7,2.4,0.02,0.33,0,0,CHRG, ,
8180.3,1,1,1,1,3,545.0,0.18,13.7,2.4,0.02,0.33,0,0,CHRG, ,
8185.3,1,1,1,1,3,550.0,0.18,13.7,2.4,0.02,0.33,0,0,CHRG, ,
8190.3,1,1,1,1,3,555.0,0.17,13.7,2.3,0.02,0.34,0,0,CHRG, ,
8195.3,1,1,1,1,3,560.0,0.17,13.7,2.3,0.02,0.34,0,0,CHRG, ,
8200.3,1,1,1,1,3,565.0,0.18,13.699,2.4,0.02,0.34,0,0,CHRG, ,
8205.3,1,1,1,1,3,570.0,0.18,13.701,2.4,0.02,0.35,0,0,CHRG, ,
8210.3,1,1,1,1,3,575.0,0.17,13.7,2.3,0.02,0.35,0,0,CHRG, ,
8215.3,1,1,1,1,3,580.0,0.19,13.701,2.5,0.02,0.35,0,0,CHRG, ,
8220.3,1,1,1,1,3,585.0,0.18,13.7,2.4,0.02,0.36,0,0,CHRG, ,
8225.3,1,1,1,1,3,590.0,0.18,13.7,2.4,0.02,0.36,0,0,CHRG, ,
8230.3,1,1,1,1,3,595.0,0.18,13.7,2.4,0.02,0.36,0,0,CHRG, ,
8235.3,1,1,1,1,3,600.0,0.18,13.7,2.4,0.02,0.37,0,0,CHRG, ,
8240.3,1,1,1,1,3,605.0,0.18,13.7,2.4,0.02,0.37,0,0,CHRG, ,
8245.3,1,1,1,1,3,610.0,0.17,13.7,2.3,0.02,0.37,0,0,CHRG, ,
8250.3,1,1,1,1,3,615.0,0.17,13.7,2.3,0.02,0.38,0,0,CHRG, ,
8255.3,1,1,1,1,3,620.0,0.18,13.701,2.4,0.02,0.38,0,0,CHRG, ,
8260.3,1,1,1,1,3,625.0,0.18,13.7,2.4,0.02,0.38,0,0,CHRG, ,
8265.3,1,1,1,1,3,630.0,0.18,13.7,2.4,0.02,0.39,0,0,CHRG, ,
8270.3,1,1,1,1,3,635.0,0.18,13.701,2.4,0.02,0.39,0,0,CHRG, ,
8275.3,1,1,1,1,3,640.0,0.18,13.7,2.4,0.02,0.39,0,0,CHRG, ,
8280.3,1,1,1,1,3,645.0,0.17,13.7,2.3,0.02,0.4,0,0,CHRG, ,
8285.3,1,1,1,1,3,650.0,0.17,13.7,2.3,0.02,0.4,0,0,CHRG, ,
8290.3,1,1,1,1,3,655.0,0.17,13.7,2.3,0.03,0.4,0,0,CHRG, ,
8295.3,1,1,1,1,3,660.0,0.18,13.7,2.4,0.03,0.41,0,0,CHRG, ,
8300.3,1,1,1,1,3,665.0,0.18,13.7,2.4,0.03,0.41,0,0,CHRG, ,
8305.3,1,1,1,1,3,670.0,0.18,13.7,2.4,0.03,0.41,0,0,CHRG, ,
8310.3,1,1,1,1,3,675.0,0.18,13.7,2.4,0.03,0.42,0,0,CHRG, ,
8315.3,1,1,1,1,3,680.0,0.18,13.7,2.4,0.03,0.42,0,0,CHRG, ,
8320.3,1,1,1,1,3,685.0,0.18,13.7,2.4,0.03,0.42,0,0,CHRG, ,
8325.3,1,1,1,1,3,690.0,0.17,13.7,2.3,0.03,0.43,0,0,CHRG, ,
8330.3,1,1,1,1,3,695.0,0.17,13.7,2.3,0.03,0.43,0,0,CHRG, ,
8335.3,1,1,1,1,3,700.0,0.17,13.7,2.3,0.03,0.43,0,0,CHRG, ,
8340.3,1,1,1,1,3,705.0,0.17,13.7,2.3,0.03,0.44,0,0,CHRG, ,
8345.3,1,1,1,1,3,710.0,0.18,13.7,2.4,0.03,0.44,0,0,CHRG, ,
8350.3,1,1,1,1,3,715.0,0.18,13.7,2.4,0.03,0.44,0,0,CHRG, ,
8355.3,1,1,1,1,3,720.0,0.18,13.7,2.4,0.03,0.45,0,0,CHRG, ,
8360.3,1,1,1,1,3,725.0,0.18,13.7,2.4,0.03,0.45,0,0,CHRG, ,
8365.3,1,1,1,1,3,730.0,0.16,13.7,2.2,0.03,0.45,0,0,CHRG, ,
8370.3,1,1,1,1,3,735.0,0.18,13.7,2.4,0.03,0.46,0,0,CHRG, ,
8375.3,1,1,1,1,3,740.0,0.17,13.7,2.3,0.03,0.46,0,0,CHRG, ,
8380.3,1,1,1,1,3,745.0,0.17,13.7,2.2,0.03,0.46,0,0,CHRG, ,
8385.3,1,1,1,1,3,750.0,0.17,13.7,2.3,0.03,0.47,0,0,CHRG, ,
8390.3,1,1,1,1,3,755.0,0.17,13.7,2.3,0.03,0.47,0,0,CHRG, ,
8395.3,1,1,1,1,3,760.0,0.17,13.7,2.3,0.03,0.47,0,0,CHRG, ,
8400.3,1,1,1,1,3,765.0,0.18,13.7,2.4,0.03,0.48,0,0,CHRG, ,
8405.3,1,1,1,1,3,770.0,0.17,13.7,2.3,0.03,0.48,0,0,CHRG, ,
8410.3,1,1,1,1,3,775.0,0.18,13.7,2.3,0.03,0.48,0,0,CHRG, ,
8415.3,1,1,1,1,3,780.0,0.18,13.701,2.4,0.03,0.49,0,0,CHRG, ,
8420.3,1,1,1,1,3,785.0,0.17,13.7,2.3,0.03,0.49,0,0,CHRG, ,
8425.3,1,1,1,1,3,790.0,0.17,13.7,2.3,0.03,0.49,0,0,CHRG, ,
8430.3,1,1,1,1,3,795.0,0.18,13.7,2.4,0.03,0.49,0,0,CHRG, ,
8435.3,1,1,1,1,3,800.0,0.18,13.7,2.4,0.03,0.5,0,0,CHRG, ,
8440.3,1,1,1,1,3,805.0,0.16,13.7,2.2,0.03,0.5,0,0,CHRG, ,
8445.3,1,1,1,1,3,810.0,0.17,13.7,2.3,0.03,0.5,0,0,CHRG, ,
8450.3,1,1,1,1,3,815.0,0.17,13.7,2.3,0.03,0.51,0,0,CHRG, ,
8455.3,1,1,1,1,3,820.0,0.17,13.7,2.3,0.03,0.51,0,0,CHRG, ,
8460.3,1,1,1,1,3,825.0,0.17,13.7,2.3,0.03,0.51,0,0,CHRG, ,
8465.3,1,1,1,1,3,830.0,0.17,13.7,2.2,0.03,0.52,0,0,CHRG, ,
8470.3,1,1,1,1,3,835.0,0.17,13.7,2.2,0.03,0.52,0,0,CHRG, ,
8475.3,1,1,1,1,3,840.0,0.16,13.699,2.1,0.03,0.52,0,0,CHRG, ,
8480.3,1,1,1,1,3,845.0,0.17,13.7,2.3,0.03,0.53,0,0,CHRG, ,
8485.3,1,1,1,1,3,850.0,0.17,13.7,2.3,0.03,0.53,0,0,CHRG, ,
8490.3,1,1,1,1,3,855.0,0.17,13.7,2.3,0.03,0.53,0,0,CHRG, ,
8495.3,1,1,1,1,3,860.0,0.17,13.7,2.3,0.03,0.54,0,0,CHRG, ,
8500.3,1,1,1,1,3,865.0,0.17,13.701,2.2,0.04,0.54,0,0,CHRG, ,
8505.3,1,1,1,1,3,870.0,0.18,13.7,2.3,0.04,0.54,0,0,CHRG, ,
8510.3,1,1,1,1,3,875.0,0.17,13.7,2.3,0.04,0.55,0,0,CHRG, ,
8515.3,1,1,1,1,3,880.0,0.17,13.7,2.3,0.04,0.55,0,0,CHRG, ,
8520.3,1,1,1,1,3,885.0,0.17,13.7,2.2,0.04,0.55,0,0,CHRG, ,
8525.3,1,1,1,1,3,890.0,0.17,13.7,2.2,0.04,0.55,0,0,CHRG, ,
8530.3,1,1,1,1,3,895.0,0.16,13.7,2.1,0.04,0.56,0,0,CHRG, ,
8535.3,1,1,1,1,3,900.0,0.17,13.7,2.2,0.04,0.56,0,0,CHRG, ,
8540.3,1,1,1,1,3,905.0,0.16,13.7,2.2,0.04,0.56,0,0,CHRG, ,
8545.3,1,1,1,1,3,910.0,0.17,13.7,2.3,0.04,0.57,0,0,CHRG, ,
8550.3,1,1,1,1,3,915.0,0.17,13.7,2.2,0.04,0.57,0,0,CHRG, ,
8555.3,1,1,1,1,3,920.0,0.17,13.7,2.3,0.04,0.57,0,0,CHRG, ,
8560.3,1,1,1,1,3,925.0,0.16,13.7,2.2,0.04,0.58,0,0,CHRG, ,
8565.3,1,1,1,1,3,930.0,0.17,13.7,2.2,0.04,0.58,0,0,CHRG, ,
8570.3,1,1,1,1,3,935.0,0.16,13.701,2.2,0.04,0.58,0,0,CHRG, ,
8575.3,1,1,1,1,3,940.0,0.16,13.7,2.2,0.04,0.59,0,0,CHRG, ,
8580.3,1,1,1,1,3,945.0,0.16,13.7,2.2,0.04,0.59,0,0,CHRG, ,
8585.3,1,1,1,1,3,950.0,0.17,13.7,2.3,0.04,0.59,0,0,CHRG, ,
8590.3,1,1,1,1,3,955.0,0.16,13.7,2.2,0.04,0.59,0,0,CHRG, ,
8595.3,1,1,1,1,3,960.0,0.16,13.7,2.2,0.04,0.6,0,0,CHRG, ,
8600.3,1,1,1,1,3,965.0,0.16,13.7,2.2,0.04,0.6,0,0,CHRG, ,
8605.3,1,1,1,1,3,970.0,0.16,13.7,2.2,0.04,0.6,0,0,CHRG, ,
8610.3,1,1,1,1,3,975.0,0.17,13.7,2.2,0.04,0.61,0,0,CHRG, ,
8615.3,1,1,1,1,3,980.0,0.16,13.7,2.1,0.04,0.61,0,0,CHRG, ,
8620.3,1,1,1,1,3,985.0,0.16,13.7,2.2,0.04,0.61,0,0,CHRG, ,
8625.3,1,1,1,1,3,990.0,0.17,13.7,2.3,0.04,0.62,0,0,CHRG, ,
8630.3,1,1,1,1,3,995.0,0.17,13.7,2.2,0.04,0.62,0,0,CHRG, ,
8635.3,1,1,1,1,3,1000.0,0.17,13.7,2.2,0.04,0.62,0,0,CHRG, ,
8640.3,1,1,1,1,3,1005.0,0.16,13.7,2.1,0.04,0.63,0,0,CHRG, ,
8645.3,1,1,1,1,3,1010.0,0.16,13.7,2.1,0.04,0.63,0,0,CHRG, ,
8650.3,1,1,1,1,3,1015.0,0.16,13.7,2.2,0.04,0.63,0,0,CHRG, ,
8655.3,1,1,1,1,3,1020.0,0.16,13.7,2.1,0.04,0.63,0,0,CHRG, ,
8660.3,1,1,1,1,3,1025.0,0.16,13.7,2.1,0.04,0.64,0,0,CHRG, ,
8665.3,1,1,1,1,3,1030.0,0.17,13.7,2.2,0.04,0.64,0,0,CHRG, ,
8670.3,1,1,1,1,3,1035.0,0.16,13.7,2.1,0.04,0.64,0,0,CHRG, ,
8675.3,1,1,1,1,3,1040.0,0.17,13.7,2.2,0.04,0.65,0,0,CHRG, ,
8680.3,1,1,1,1,3,1045.0,0.16,13.7,2.2,0.04,0.65,0,0,CHRG, ,
8685.3,1,1,1,1,3,1050.0,0.15,13.7,2,0.04,0.65,0,0,CHRG, ,
8690.3,1,1,1,1,3,1055.0,0.16,13.7,2.2,0.04,0.66,0,0,CHRG, ,
8695.3,1,1,1,1,3,1060.0,0.16,13.7,2.2,0.04,0.66,0,0,CHRG, ,
8700.3,1,1,1,1,3,1065.0,0.17,13.7,2.2,0.04,0.66,0,0,CHRG, ,
8705.3,1,1,1,1,3,1070.0,0.16,13.7,2.1,0.04,0.66,0,0,CHRG, ,
8710.3,1,1,1,1,3,1075.0,0.16,13.7,2.1,0.04,0.67,0,0,CHRG, ,
8715.3,1,1,1,1,3,1080.0,0.17,13.7,2.2,0.05,0.67,0,0,CHRG, ,
8720.3,1,1,1,1,3,1085.0,0.16,13.7,2.2,0.05,0.67,0,0,CHRG, ,
8725.3,1,1,1,1,3,1090.0,0.17,13.7,2.2,0.05,0.68,0,0,CHRG, ,
8730.3,1,1,1,1,3,1095.0,0.17,13.7,2.2,0.05,0.68,0,0,CHRG, ,
8735.3,1,1,1,1,3,1100.0,0.15,13.7,2,0.05,0.68,0,0,CHRG, ,
8740.3,1,1,1,1,3,1105.0,0.16,13.7,2.1,0.05,0.69,0,0,CHRG, ,
8745.3,1,1,1,1,3,1110.0,0.16,13.7,2.1,0.05,0.69,0,0,CHRG, ,
8750.3,1,1,1,1,3,1115.0,0.16,13.7,2.1,0.05,0.69,0,0,CHRG, ,
8755.3,1,1,1,1,3,1120.0,0.16,13.701,2.2,0.05,0.69,0,0,CHRG, ,
8760.3,1,1,1,1,3,1125.0,0.16,13.7,2.1,0.05,0.7,0,0,CHRG, ,
8765.3,1,1,1,1,3,1130.0,0.16,13.7,2.1,0.05,0.7,0,0,CHRG, ,
8770.3,1,1,1,1,3,1135.0,0.16,13.7,2.1,0.05,0.7,0,0,CHRG, ,
8775.3,1,1,1,1,3,1140.0,0.16,13.7,2.1,0.05,0.71,0,0,CHRG, ,
8780.3,1,1,1,1,3,1145.0,0.17,13.7,2.2,0.05,0.71,0,0,CHRG, ,
8785.3,1,1,1,1,3,1150.0,0.17,13.7,2.2,0.05,0.71,0,0,CHRG, ,
8790.3,1,1,1,1,3,1155.0,0.15,13.7,2,0.05,0.71,0,0,CHRG, ,
8795.3,1,1,1,1,3,1160.0,0.16,13.7,2.1,0.05,0.72,0,0,CHRG, ,
8800.3,1,1,1,1,3,1165.0,0.17,13.7,2.2,0.05,0.72,0,0,CHRG, ,
8805.3,1,1,1,1,3,1170.0,0.17,13.701,2.2,0.05,0.72,0,0,CHRG, ,
8810.3,1,1,1,1,3,1175.0,0.15,13.7,2,0.05,0.73,0,0,CHRG, ,
8815.3,1,1,1,1,3,1180.0,0.16,13.7,2.1,0.05,0.73,0,0,CHRG, ,
8820.3,1,1,1,1,3,1185.0,0.16,13.7,2.2,0.05,0.73,0,0,CHRG, ,
8825.3,1,1,1,1,3,1190.0,0.16,13.7,2.1,0.05,0.74,0,0,CHRG, ,
8830.3,1,1,1,1,3,1195.0,0.15,13.7,2,0.05,0.74,0,0,CHRG, ,
8835.3,1,1,1,1,3,1200.0,0.16,13.701,2.1,0.05,0.74,0,0,CHRG, ,
8840.3,1,1,1,1,3,1205.0,0.16,13.7,2.1,0.05,0.74,0,0,CHRG, ,
8845.3,1,1,1,1,3,1210.0,0.15,13.7,2,0.05,0.75,0,0,CHRG, ,
8850.3,1,1,1,1,3,1215.0,0.16,13.7,2.1,0.05,0.75,0,0,CHRG, ,
8855.3,1,1,1,1,3,1220.0,0.15,13.7,2,0.05,0.75,0,0,CHRG, ,
8860.3,1,1,1,1,3,1225.0,0.16,13.7,2.1,0.05,0.76,0,0,CHRG, ,
8865.3,1,1,1,1,3,1230.0,0.16,13.7,2.1,0.05,0.76,0,0,CHRG, ,
8870.3,1,1,1,1,3,1235.0,0.15,13.7,2,0.05,0.76,0,0,CHRG, ,
8875.3,1,1,1,1,3,1240.0,0.16,13.7,2.1,0.05,0.76,0,0,CHRG, ,
8880.3,1,1,1,1,3,1245.0,0.16,13.7,2.1,0.05,0.77,0,0,CHRG, ,
8885.3,1,1,1,1,3,1250.0,0.16,13.7,2.2,0.05,0.77,0,0,CHRG, ,
8890.3,1,1,1,1,3,1255.0,0.15,13.7,2,0.05,0.77,0,0,CHRG, ,
8895.3,1,1,1,1,3,1260.0,0.16,13.701,2.1,0.05,0.78,0,0,CHRG, ,
8900.3,1,1,1,1,3,1265.0,0.17,13.7,2.2,0.05,0.78,0,0,CHRG, ,
8905.3,1,1,1,1,3,1270.0,0.16,13.7,2.1,0.05,0.78,0,0,CHRG, ,
8910.3,1,1,1,1,3,1275.0,0.16,13.7,2.2,0.05,0.78,0,0,CHRG, ,
8915.3,1,1,1,1,3,1280.0,0.15,13.7,2,0.05,0.79,0,0,CHRG, ,
8920.3,1,1,1,1,3,1285.0,0.16,13.7,2.1,0.05,0.79,0,0,CHRG, ,
8925.3,1,1,1,1,3,1290.0,0.16,13.7,2.2,0.05,0.79,0,0,CHRG, ,
8930.3,1,1,1,1,3,1295.0,0.15,13.7,2,0.05,0.8,0,0,CHRG, ,
8935.3,1,1,1,1,3,1300.0,0.16,13.7,2.1,0.05,0.8,0,0,CHRG, ,
8940.3,1,1,1,1,3,1305.0,0.15,13.7,2,0.06,0.8,0,0,CHRG, ,
8945.3,1,1,1,1,3,1310.0,0.16,13.7,2.1,0.06,0.81,0,0,CHRG, ,
8950.3,1,1,1,1,3,1315.0,0.15,13.7,2,0.06,0.81,0,0,CHRG, ,
8955.3,1,1,1,1,3,1320.0,0.15,13.7,2,0.06,0.81,0,0,CHRG, ,
8960.3,1,1,1,1,3,1325.0,0.15,13.7,2,0.06,0.81,0,0,CHRG, ,
8965.3,1,1,1,1,3,1330.0,0.15,13.7,2,0.06,0.82,0,0,CHRG, ,
8970.3,1,1,1,1,3,1335.0,0.15,13.7,2,0.06,0.82,0,0,CHRG, ,
8975.3,1,1,1,1,3,1340.0,0.16,13.7,2.1,0.06,0.82,0,0,CHRG, ,
8980.3,1,1,1,1,3,1345.0,0.15,13.7,2,0.06,0.83,0,0,CHRG, ,
8985.3,1,1,1,1,3,1350.0,0.15,13.7,2,0.06,0.83,0,0,CHRG, ,
8990.3,1,1,1,1,3,1355.0,0.16,13.7,2.1,0.06,0.83,0,0,CHRG, ,
8995.3,1,1,1,1,3,1360.0,0.16,13.7,2.1,0.06,0.83,0,0,CHRG, ,
9000.3,1,1,1,1,3,1365.0,0.16,13.7,2.1,0.06,0.84,0,0,CHRG, ,
9005.3,1,1,1,1,3,1370.0,0.15,13.7,2,0.06,0.84,0,0,CHRG, ,
9010.3,1,1,1,1,3,1375.0,0.15,13.7,2.1,0.06,0.84,0,0,CHRG, ,
9015.3,1,1,1,1,3,1380.0,0.15,13.7,2,0.06,0.85,0,0,CHRG, ,
9020.3,1,1,1,1,3,1385.0,0.15,13.7,2,0.06,0.85,0,0,CHRG, ,
9025.3,1,1,1,1,3,1390.0,0.16,13.7,2.1,0.06,0.85,0,0,CHRG, ,
9030.3,1,1,1,1,3,1395.0,0.15,13.7,2,0.06,0.85,0,0,CHRG, ,
9035.3,1,1,1,1,3,1400.0,0.15,13.7,2,0.06,0.86,0,0,CHRG, ,
9040.3,1,1,1,1,3,1405.0,0.15,13.7,2,0.06,0.86,0,0,CHRG, ,
9045.3,1,1,1,1,3,1410.0,0.15,13.7,2,0.06,0.86,0,0,CHRG, ,
9050.3,1,1,1,1,3,1415.0,0.15,13.7,2,0.06,0.86,0,0,CHRG, ,
9055.3,1,1,1,1,3,1420.0,0.16,13.7,2.1,0.06,0.87,0,0,CHRG, ,
9060.3,1,1,1,1,3,1425.0,0.15,13.7,2,0.06,0.87,0,0,CHRG, ,
9065.3,1,1,1,1,3,1430.0,0.15,13.7,2,0.06,0.87,0,0,CHRG, ,
9070.3,1,1,1,1,3,1435.0,0.16,13.7,2.1,0.06,0.88,0,0,CHRG, ,
9075.3,1,1,1,1,3,1440.0,0.15,13.7,2,0.06,0.88,0,0,CHRG, ,
9080.3,1,1,1,1,3,1445.0,0.16,13.701,2.1,0.06,0.88,0,0,CHRG, ,
9085.3,1,1,1,1,3,1450.0,0.15,13.7,2,0.06,0.88,0,0,CHRG, ,
9090.3,1,1,1,1,3,1455.0,0.15,13.7,2,0.06,0.89,0,0,CHRG, ,
9095.3,1,1,1,1,3,1460.0,0.15,13.7,2,0.06,0.89,0,0,CHRG, ,
9100.3,1,1,1,1,3,1465.0,0.15,13.7,2,0.06,0.89,0,0,CHRG, ,
9105.3,1,1,1,1,3,1470.0,0.15,13.7,2,0.06,0.9,0,0,CHRG, ,
9110.3,1,1,1,1,3,1475.0,0.15,13.7,2,0.06,0.9,0,0,CHRG, ,
9115.3,1,1,1,1,3,1480.0,0.15,13.7,2,0.06,0.9,0,0,CHRG, ,
9120.3,1,1,1,1,3,1485.0,0.15,13.7,2,0.06,0.9,0,0,CHRG, ,
9125.3,1,1,1,1,3,1490.0,0.15,13.7,2,0.06,0.91,0,0,CHRG, ,
9130.3,1,1,1,1,3,1495.0,0.15,13.7,2,0.06,0.91,0,0,CHRG, ,
9135.3,1,1,1,1,3,1500.0,0.15,13.7,2,0.06,0.91,0,0,CHRG, ,
9140.3,1,1,1,1,3,1505.0,0.15,13.7,2,0.06,0.92,0,0,CHRG, ,
9145.3,1,1,1,1,3,1510.0,0.15,13.7,2,0.06,0.92,0,0,CHRG, ,
9150.3,1,1,1,1,3,1515.0,0.15,13.7,2,0.06,0.92,0,0,CHRG, ,
9155.3,1,1,1,1,3,1520.0,0.15,13.7,2,0.06,0.92,0,0,CHRG, ,
9160.3,1,1,1,1,3,1525.0,0.15,13.7,2,0.06,0.93,0,0,CHRG, ,
9165.3,1,1,1,1,3,1530.0,0.15,13.7,2,0.06,0.93,0,0,CHRG, ,
9170.3,1,1,1,1,3,1535.0,0.15,13.7,2,0.06,0.93,0,0,CHRG, ,
9175.3,1,1,1,1,3,1540.0,0.15,13.701,2,0.07,0.93,0,0,CHRG, ,
9180.3,1,1,1,1,3,1545.0,0.15,13.7,2,0.07,0.94,0,0,CHRG, ,
9185.3,1,1,1,1,3,1550.0,0.15,13.7,2,0.07,0.94,0,0,CHRG, ,
9190.3,1,1,1,1,3,1555.0,0.15,13.7,2,0.07,0.94,0,0,CHRG, ,
9195.3,1,1,1,1,3,1560.0,0.15,13.7,2,0.07,0.95,0,0,CHRG, ,
9200.3,1,1,1,1,3,1565.0,0.15,13.701,2,0.07,0.95,0,0,CHRG, ,
9205.3,1,1,1,1,3,1570.0,0.15,13.701,2,0.07,0.95,0,0,CHRG, ,
9210.3,1,1,1,1,3,1575.0,0.15,13.7,2,0.07,0.95,0,0,CHRG, ,
9215.3,1,1,1,1,3,1580.0,0.15,13.701,2,0.07,0.96,0,0,CHRG, ,
9220.3,1,1,1,1,3,1585.0,0.15,13.7,2,0.07,0.96,0,0,CHRG, ,
9225.3,1,1,1,1,3,1590.0,0.15,13.7,2,0.07,0.96,0,0,CHRG, ,
9230.3,1,1,1,1,3,1595.0,0.15,13.7,2,0.07,0.97,0,0,CHRG, ,
9235.3,1,1,1,1,3,1600.0,0.15,13.7,2,0.07,0.97,0,0,CHRG, ,
9240.3,1,1,1,1,3,1605.0,0.15,13.7,2,0.07,0.97,0,0,CHRG, ,
9245.3,1,1,1,1,3,1610.0,0.15,13.7,2,0.07,0.97,0,0,CHRG, ,
9250.3,1,1,1,1,3,1615.0,0.14,13.7,1.9,0.07,0.98,0,0,CHRG, ,
9255.3,1,1,1,1,3,1620.0,0.15,13.7,2,0.07,0.98,0,0,CHRG, ,
9260.3,1,1,1,1,3,1625.0,0.15,13.7,2,0.07,0.98,0,0,CHRG, ,
9265.3,1,1,1,1,3,1630.0,0.15,13.7,2,0.07,0.98,0,0,CHRG, ,
9270.3,1,1,1,1,3,1635.0,0.15,13.7,2,0.07,0.99,0,0,CHRG, ,
9275.3,1,1,1,1,3,1640.0,0.15,13.701,2,0.07,0.99,0,0,CHRG, ,
9280.3,1,1,1,1,3,1645.0,0.15,13.7,2,0.07,0.99,0,0,CHRG, ,
9285.3,1,1,1,1,3,1650.0,0.15,13.7,2,0.07,1,0,0,CHRG, ,
9290.3,1,1,1,1,3,1655.0,0.15,13.7,1.9,0.07,1,0,0,CHRG, ,
9295.3,1,1,1,1,3,1660.0,0.15,13.7,2,0.07,1,0,0,CHRG, ,
9300.3,1,1,1,1,3,1665.0,0.15,13.7,2,0.07,1,0,0,CHRG, ,
9305.3,1,1,1,1,3,1670.0,0.15,13.7,2,0.07,1.01,0,0,CHRG, ,
9310.3,1,1,1,1,3,1675.0,0.15,13.7,2,0.07,1.01,0,0,CHRG, ,
9315.3,1,1,1,1,3,1680.0,0.15,13.7,2,0.07,1.01,0,0,CHRG, ,
9320.3,1,1,1,1,3,1685.0,0.15,13.7,2,0.07,1.02,0,0,CHRG, ,
9325.3,1,1,1,1,3,1690.0,0.15,13.7,2,0.07,1.02,0,0,CHRG, ,
9330.3,1,1,1,1,3,1695.0,0.15,13.7,2,0.07,1.02,0,0,CHRG, ,
9335.3,1,1,1,1,3,1700.0,0.15,13.701,2,0.07,1.02,0,0,CHRG, ,
9340.3,1,1,1,1,3,1705.0,0.15,13.7,2,0.07,1.03,0,0,CHRG, ,
9345.3,1,1,1,1,3,1710.0,0.15,13.7,2,0.07,1.03,0,0,CHRG, ,
9350.3,1,1,1,1,3,1715.0,0.15,13.7,2,0.07,1.03,0,0,CHRG, ,
9355.3,1,1,1,1,3,1720.0,0.15,13.7,2,0.07,1.03,0,0,CHRG, ,
9360.3,1,1,1,1,3,1725.0,0.15,13.7,2,0.07,1.04,0,0,CHRG, ,
9365.3,1,1,1,1,3,1730.0,0.15,13.701,2,0.07,1.04,0,0,CHRG, ,
9370.3,1,1,1,1,3,1735.0,0.14,13.7,1.9,0.07,1.04,0,0,CHRG, ,
9375.3,1,1,1,1,3,1740.0,0.15,13.7,2,0.07,1.05,0,0,CHRG, ,
9380.3,1,1,1,1,3,1745.0,0.15,13.7,2,0.07,1.05,0,0,CHRG, ,
9385.3,1,1,1,1,3,1750.0,0.15,13.7,2,0.07,1.05,0,0,CHRG, ,
9390.3,1,1,1,1,3,1755.0,0.14,13.7,1.9,0.07,1.05,0,0,CHRG, ,
9395.3,1,1,1,1,3,1760.0,0.14,13.7,1.9,0.07,1.06,0,0,CHRG, ,
9400.3,1,1,1,1,3,1765.0,0.16,13.7,2.1,0.07,1.06,0,0,CHRG, ,
9405.3,1,1,1,1,3,1770.0,0.15,13.7,2,0.07,1.06,0,0,CHRG, ,
9410.3,1,1,1,1,3,1775.0,0.14,13.7,1.9,0.07,1.06,0,0,CHRG, ,
9415.3,1,1,1,1,3,1780.0,0.15,13.7,2,0.07,1.07,0,0,CHRG, ,
9420.3,1,1,1,1,3,1785.0,0.14,13.7,1.9,0.08,1.07,0,0,CHRG, ,
9425.3,1,1,1,1,3,1790.0,0.15,13.7,2,0.08,1.07,0,0,CHRG, ,
9430.3,1,1,1,1,3,1795.0,0.14,13.7,1.9,0.08,1.08,0,0,CHRG, ,
9435.3,1,1,1,1,3,1800.0,0.15,13.7,2,0.08,1.08,0,0,CHRG,S,
9440.3,1,1,1,1,4,5.0,-1,13.469,-13.4,0,-0.01,0,0,DCHG, ,
9445.3,1,1,1,1,4,10.0,-1,13.4,-13.3,0,-0.03,0,0,DCHG, ,
9450.3,1,1,1,1,4,15.0,-1,13.34,-13.3,0,-0.05,0,0,DCHG, ,
9455.3,1,1,1,1,4,20.0,-1,13.289,-13.2,0,-0.07,0,0,DCHG, ,
9460.3,1,1,1,1,4,25.0,-1,13.247,-13.2,0,-0.09,0,0,DCHG, ,
9465.3,1,1,1,1,4,30.0,-1,13.214,-13.2,0,-0.1,0,0,DCHG, ,
9470.3,1,1,1,1,4,35.0,-1,13.188,-13.1,0,-0.12,0,0,DCHG, ,
9475.3,1,1,1,1,4,40.0,-1,13.168,-13.1,-0.01,-0.14,0,0,DCHG, ,
9480.3,1,1,1,1,4,45.0,-1,13.153,-13.1,-0.01,-0.16,0,0,DCHG, ,
9485.3,1,1,1,1,4,50.0,-1,13.141,-13.1,-0.01,-0.18,0,0,DCHG, ,
9490.3,1,1,1,1,4,55.0,-1,13.132,-13,-0.01,-0.2,0,0,DCHG, ,
9495.3,1,1,1,1,4,60.0,-1,13.124,-13,-0.01,-0.21,0,0,DCHG, ,
9500.3,1,1,1,1,4,65.0,-1,13.118,-13,-0.01,-0.23,0,0,DCHG, ,
9505.3,1,1,1,1,4,70.0,-1,13.113,-13,-0.01,-0.25,0,0,DCHG, ,
9510.3,1,1,1,1,4,75.0,-1,13.109,-13,-0.02,-0.27,0,0,DCHG, ,
9515.3,1,1,1,1,4,80.0,-1,13.105,-13,-0.02,-0.29,0,0,DCHG, ,
9520.3,1,1,1,1,4,85.0,-1,13.102,-13,-0.02,-0.3,0,0,DCHG, ,
9525.3,1,1,1,1,4,90.0,-0.99,13.099,-13,-0.02,-0.32,0,0,DCHG, ,
9530.3,1,1,1,1,4,95.0,-1,13.096,-13,-0.02,-0.34,0,0,DCHG, ,
9535.3,1,1,1,1,4,100.0,-1,13.093,-13,-0.02,-0.36,0,0,DCHG, ,
9540.3,1,1,1,1,4,105.0,-1,13.091,-13,-0.02,-0.38,0,0,DCHG, ,
9545.3,1,1,1,1,4,110.0,-1,13.09,-13,-0.03,-0.39,0,0,DCHG, ,
9550.3,1,1,1,1,4,115.0,-1,13.087,-13,-0.03,-0.41,0,0,DCHG, ,
9555.3,1,1,1,1,4,120.0,-1,13.086,-13,-0.03,-0.43,0,0,DCHG, ,
9560.3,1,1,1,1,4,125.0,-1,13.084,-13,-0.03,-0.45,0,0,DCHG, ,
9565.3,1,1,1,1,4,130.0,-1,13.083,-13,-0.03,-0.47,0,0,DCHG, ,
9570.3,1,1,1,1,4,135.0,-1,13.081,-13,-0.03,-0.48,0,0,DCHG, ,
9575.3,1,1,1,1,4,140.0,-1,13.08,-13,-0.03,-0.5,0,0,DCHG, ,
9580.3,1,1,1,1,4,145.0,-1,13.079,-13,-0.04,-0.52,0,0,DCHG, ,
9585.3,1,1,1,1,4,150.0,-1,13.077,-13,-0.04,-0.54,0,0,DCHG, ,
9590.3,1,1,1,1,4,155.0,-0.99,13.076,-12.9,-0.04,-0.56,0,0,DCHG, ,
9595.3,1,1,1,1,4,160.0,-1,13.075,-13,-0.04,-0.58,0,0,DCHG, ,
9600.3,1,1,1,1,4,165.0,-1,13.074,-13,-0.04,-0.59,0,0,DCHG, ,
9605.3,1,1,1,1,4,170.0,-1,13.073,-13,-0.04,-0.61,0,0,DCHG, ,
9610.3,1,1,1,1,4,175.0,-1,13.072,-13,-0.04,-0.63,0,0,DCHG, ,
9615.3,1,1,1,1,4,180.0,-1,13.07,-13,-0.04,-0.65,0,0,DCHG, ,
9620.3,1,1,1,1,4,185.0,-1,13.069,-13,-0.05,-0.67,0,0,DCHG, ,
9625.3,1,1,1,1,4,190.0,-1,13.068,-13,-0.05,-0.68,0,0,DCHG, ,
9630.3,1,1,1,1,4,195.0,-0.99,13.068,-12.9,-0.05,-0.7,0,0,DCHG, ,
9635.3,1,1,1,1,4,200.0,-1,13.067,-13,-0.05,-0.72,0,0,DCHG, ,
9640.3,1,1,1,1,4,205.0,-1,13.066,-13,-0.05,-0.74,0,0,DCHG, ,
9645.3,1,1,1,1,4,210.0,-1,13.065,-13,-0.05,-0.76,0,0,DCHG, ,
9650.3,1,1,1,1,4,215.0,-1,13.064,-13,-0.05,-0.77,0,0,DCHG, ,
9655.3,1,1,1,1,4,220.0,-1,13.063,-13,-0.06,-0.79,0,0,DCHG, ,
9660.3,1,1,1,1,4,225.0,-1,13.062,-13,-0.06,-0.81,0,0,DCHG, ,
9665.3,1,1,1,1,4,230.0,-0.99,13.062,-12.9,-0.06,-0.83,0,0,DCHG, ,
9670.3,1,1,1,1,4,235.0,-1,13.061,-13,-0.06,-0.85,0,0,DCHG, ,
9675.3,1,1,1,1,4,240.0,-1,13.06,-13,-0.06,-0.86,0,0,DCHG, ,
9680.3,1,1,1,1,4,245.0,-1,13.059,-13,-0.06,-0.88,0,0,DCHG, ,
9685.3,1,1,1,1,4,250.0,-1,13.058,-13,-0.06,-0.9,0,0,DCHG, ,
9690.3,1,1,1,1,4,255.0,-1,13.058,-13,-0.07,-0.92,0,0,DCHG, ,
9695.3,1,1,1,1,4,260.0,-1,13.057,-13,-0.07,-0.94,0,0,DCHG, ,
9700.3,1,1,1,1,4,265.0,-1,13.056,-13,-0.07,-0.95,0,0,DCHG, ,
9705.3,1,1,1,1,4,270.0,-1,13.055,-13,-0.07,-0.97,0,0,DCHG, ,
9710.3,1,1,1,1,4,275.0,-1,13.054,-13,-0.07,-0.99,0,0,DCHG, ,
9715.3,1,1,1,1,4,280.0,-1,13.054,-13,-0.07,-1.01,0,0,DCHG, ,
9720.3,1,1,1,1,4,285.0,-1,13.053,-13,-0.07,-1.03,0,0,DCHG, ,
9725.3,1,1,1,1,4,290.0,-1,13.052,-13,-0.08,-1.04,0,0,DCHG, ,
9730.3,1,1,1,1,4,295.0,-1,13.052,-13,-0.08,-1.06,0,0,DCHG, ,
9735.3,1,1,1,1,4,300.0,-1,13.051,-13,-0.08,-1.08,0,0,DCHG, ,
9740.3,1,1,1,1,4,305.0,-1,13.05,-13,-0.08,-1.1,0,0,DCHG, ,
9745.3,1,1,1,1,4,310.0,-1,13.05,-13,-0.08,-1.12,0,0,DCHG, ,
9750.3,1,1,1,1,4,315.0,-1,13.049,-13,-0.08,-1.13,0,0,DCHG, ,
9755.3,1,1,1,1,4,320.0,-1,13.048,-13,-0.08,-1.15,0,0,DCHG, ,
9760.3,1,1,1,1,4,325.0,-1,13.048,-13,-0.09,-1.17,0,0,DCHG, ,
9765.3,1,1,1,1,4,330.0,-1,13.047,-13,-0.09,-1.19,0,0,DCHG, ,
9770.3,1,1,1,1,4,335.0,-1,13.046,-13,-0.09,-1.21,0,0,DCHG, ,
9775.3,1,1,1,1,4,340.0,-1,13.046,-13,-0.09,-1.22,0,0,DCHG, ,
9780.3,1,1,1,1,4,345.0,-1,13.045,-13,-0.09,-1.24,0,0,DCHG, ,
9785.3,1,1,1,1,4,350.0,-1,13.045,-13,-0.09,-1.26,0,0,DCHG, ,
9790.3,1,1,1,1,4,355.0,-1,13.044,-13,-0.09,-1.28,0,0,DCHG, ,
9795.3,1,1,1,1,4,360.0,-1,13.043,-13,-0.09,-1.3,0,0,DCHG, ,
9800.3,1,1,1,1,4,365.0,-1,13.042,-13,-0.1,-1.31,0,0,DCHG, ,
9805.3,1,1,1,1,4,370.0,-1,13.042,-13,-0.1,-1.33,0,0,DCHG, ,
9810.3,1,1,1,1,4,375.0,-1,13.041,-13,-0.1,-1.35,0,0,DCHG, ,
9815.3,1,1,1,1,4,380.0,-1,13.04,-13,-0.1,-1.37,0,0,DCHG, ,
9820.3,1,1,1,1,4,385.0,-1,13.04,-13,-0.1,-1.39,0,0,DCHG, ,
9825.3,1,1,1,1,4,390.0,-1,13.039,-13,-0.1,-1.41,0,0,DCHG, ,
9830.3,1,1,1,1,4,395.0,-1,13.039,-13,-0.1,-1.42,0,0,DCHG, ,
9835.3,1,1,1,1,4,400.0,-1,13.038,-13,-0.11,-1.44,0,0,DCHG, ,
9840.3,1,1,1,1,4,405.0,-1,13.038,-13,-0.11,-1.46,0,0,DCHG, ,
9845.3,1,1,1,1,4,410.0,-1,13.037,-13,-0.11,-1.48,0,0,DCHG, ,
9850.3,1,1,1,1,4,415.0,-1,13.036,-13,-0.11,-1.5,0,0,DCHG, ,
9855.3,1,1,1,1,4,420.0,-1,13.036,-13,-0.11,-1.51,0,0,DCHG, ,
9860.3,1,1,1,1,4,425.0,-0.99,13.035,-12.9,-0.11,-1.53,0,0,DCHG, ,
9865.3,1,1,1,1,4,430.0,-1,13.035,-13,-0.11,-1.55,0,0,DCHG, ,
9870.3,1,1,1,1,4,435.0,-1,13.034,-12.9,-0.12,-1.57,0,0,DCHG, ,
9875.3,1,1,1,1,4,440.0,-1,13.033,-13,-0.12,-1.59,0,0,DCHG, ,
9880.3,1,1,1,1,4,445.0,-1,13.033,-13,-0.12,-1.6,0,0,DCHG, ,
9885.3,1,1,1,1,4,450.0,-1,13.032,-13,-0.12,-1.62,0,0,DCHG, ,
9890.3,1,1,1,1,4,455.0,-1,13.032,-13,-0.12,-1.64,0,0,DCHG, ,
9895.3,1,1,1,1,4,460.0,-1,13.031,-13,-0.12,-1.66,0,0,DCHG, ,
9900.3,1,1,1,1,4,465.0,-1,13.03,-12.9,-0.12,-1.68,0,0,DCHG, ,
9905.3,1,1,1,1,4,470.0,-0.99,13.03,-12.9,-0.13,-1.69,0,0,DCHG, ,
9910.3,1,1,1,1,4,475.0,-1,13.029,-12.9,-0.13,-1.71,0,0,DCHG, ,
9915.3,1,1,1,1,4,480.0,-1,13.029,-12.9,-0.13,-1.73,0,0,DCHG, ,
9920.3,1,1,1,1,4,485.0,-1,13.028,-12.9,-0.13,-1.75,0,0,DCHG, ,
9925.3,1,1,1,1,4,490.0,-1,13.028,-12.9,-0.13,-1.77,0,0,DCHG, ,
9930.3,1,1,1,1,4,495.0,-1,13.027,-12.9,-0.13,-1.78,0,0,DCHG, ,
9935.3,1,1,1,1,4,500.0,-1,13.027,-12.9,-0.13,-1.8,0,0,DCHG, ,
9940.3,1,1,1,1,4,505.0,-1,13.026,-12.9,-0.14,-1.82,0,0,DCHG, ,
9945.3,1,1,1,1,4,510.0,-1,13.026,-12.9,-0.14,-1.84,0,0,DCHG, ,
9950.3,1,1,1,1,4,515.0,-1,13.025,-12.9,-0.14,-1.85,0,0,DCHG, ,
9955.3,1,1,1,1,4,520.0,-1,13.025,-12.9,-0.14,-1.87,0,0,DCHG, ,
9960.3,1,1,1,1,4,525.0,-1,13.024,-12.9,-0.14,-1.89,0,0,DCHG, ,
9965.3,1,1,1,1,4,530.0,-1,13.023,-12.9,-0.14,-1.91,0,0,DCHG, ,
9970.3,1,1,1,1,4,535.0,-1,13.023,-12.9,-0.14,-1.93,0,0,DCHG, ,
9975.3,1,1,1,1,4,540.0,-1,13.023,-12.9,-0.14,-1.94,0,0,DCHG, ,
9980.3,1,1,1,1,4,545.0,-1,13.022,-12.9,-0.15,-1.96,0,0,DCHG, ,
9985.3,1,1,1,1,4,550.0,-1,13.021,-12.9,-0.15,-1.98,0,0,DCHG, ,
9990.3,1,1,1,1,4,555.0,-1,13.021,-12.9,-0.15,-2,0,0,DCHG, ,
9995.3,1,1,1,1,4,560.0,-1,13.02,-12.9,-0.15,-2.02,0,0,DCHG, ,
10000.3,1,1,1,1,4,565.0,-1,13.02,-12.9,-0.15,-2.03,0,0,DCHG, ,
10005.3,1,1,1,1,4,570.0,-1,13.019,-12.9,-0.15,-2.05,0,0,DCHG, ,
10010.3,1,1,1,1,4,575.0,-1,13.018,-12.9,-0.15,-2.07,0,0,DCHG, ,
10015.3,1,1,1,1,4,580.0,-1,13.018,-12.9,-0.16,-2.09,0,0,DCHG, ,
10020.3,1,1,1,1,4,585.0,-1,13.018,-12.9,-0.16,-2.11,0,0,DCHG, ,
10025.3,1,1,1,1,4,590.0,-1,13.017,-12.9,-0.16,-2.12,0,0,DCHG, ,
10030.3,1,1,1,1,4,595.0,-1,13.016,-12.9,-0.16,-2.14,0,0,DCHG, ,
10035.3,1,1,1,1,4,600.0,-1,13.016,-13,-0.16,-2.16,0,0,DCHG, ,
10040.3,1,1,1,1,4,605.0,-1,13.015,-12.9,-0.16,-2.18,0,0,DCHG, ,
10045.3,1,1,1,1,4,610.0,-1,13.015,-12.9,-0.16,-2.2,0,0,DCHG, ,
10050.3,1,1,1,1,4,615.0,-1,13.014,-12.9,-0.17,-2.21,0,0,DCHG, ,
10055.3,1,1,1,1,4,620.0,-1,13.014,-12.9,-0.17,-2.23,0,0,DCHG, ,
10060.3,1,1,1,1,4,625.0,-1,13.013,-12.9,-0.17,-2.25,0,0,DCHG, ,
10065.3,1,1,1,1,4,630.0,-0.99,13.013,-12.9,-0.17,-2.27,0,0,DCHG, ,
10070.3,1,1,1,1,4,635.0,-1,13.012,-13,-0.17,-2.29,0,0,DCHG, ,
10075.3,1,1,1,1,4,640.0,-1,13.012,-12.9,-0.17,-2.3,0,0,DCHG, ,
10080.3,1,1,1,1,4,645.0,-1,13.011,-13,-0.17,-2.32,0,0,DCHG, ,
10085.3,1,1,1,1,4,650.0,-1,13.011,-13,-0.18,-2.34,0,0,DCHG, ,
10090.3,1,1,1,1,4,655.0,-1,13.011,-12.9,-0.18,-2.36,0,0,DCHG, ,
10095.3,1,1,1,1,4,660.0,-1,13.01,-12.9,-0.18,-2.38,0,0,DCHG, ,
10100.3,1,1,1,1,4,665.0,-1,13.009,-12.9,-0.18,-2.39,0,0,DCHG, ,
10105.3,1,1,1,1,4,670.0,-1,13.009,-12.9,-0.18,-2.41,0,0,DCHG, ,
10110.3,1,1,1,1,4,675.0,-1,13.008,-12.9,-0.18,-2.43,0,0,DCHG, ,
10115.3,1,1,1,1,4,680.0,-1,13.008,-13,-0.18,-2.45,0,0,DCHG, ,
10120.3,1,1,1,1,4,685.0,-1,13.008,-12.9,-0.19,-2.46,0,0,DCHG, ,
10125.3,1,1,1,1,4,690.0,-1,13.007,-12.9,-0.19,-2.48,0,0,DCHG, ,
10130.3,1,1,1,1,4,695.0,-1,13.006,-12.9,-0.19,-2.5,0,0,DCHG, ,
10135.3,1,1,1,1,4,700.0,-1,13.006,-12.9,-0.19,-2.52,0,0,DCHG, ,
10140.3,1,1,1,1,4,705.0,-1,13.005,-12.9,-0.19,-2.54,0,0,DCHG, ,
10145.3,1,1,1,1,4,710.0,-1,13.005,-12.9,-0.19,-2.55,0,0,DCHG, ,
10150.3,1,1,1,1,4,715.0,-1,13.005,-12.9,-0.19,-2.57,0,0,DCHG, ,
10155.3,1,1,1,1,4,720.0,-1,13.004,-12.9,-0.19,-2.59,0,0,DCHG, ,
10160.3,1,1,1,1,4,725.0,-1,13.003,-12.9,-0.2,-2.61,0,0,DCHG, ,
10165.3,1,1,1,1,4,730.0,-1,13.003,-12.9,-0.2,-2.63,0,0,DCHG, ,
10170.3,1,1,1,1,4,735.0,-1,13.002,-12.9,-0.2,-2.64,0,0,DCHG, ,
10175.3,1,1,1,1,4,740.0,-1,13.002,-12.9,-0.2,-2.66,0,0,DCHG, ,
10180.3,1,1,1,1,4,745.0,-1,13.002,-12.9,-0.2,-2.68,0,0,DCHG, ,
10185.3,1,1,1,1,4,750.0,-1,13.001,-12.9,-0.2,-2.7,0,0,DCHG, ,
10190.3,1,1,1,1,4,755.0,-1,13,-12.9,-0.2,-2.72,0,0,DCHG, ,
10195.3,1,1,1,1,4,760.0,-1,13,-12.9,-0.21,-2.73,0,0,DCHG, ,
10200.3,1,1,1,1,4,765.0,-1,13,-12.9,-0.21,-2.75,0,0,DCHG, ,
10205.3,1,1,1,1,4,770.0,-1,12.999,-12.9,-0.21,-2.77,0,0,DCHG, ,
10210.3,1,1,1,1,4,775.0,-1,12.999,-12.9,-0.21,-2.79,0,0,DCHG, ,
10215.3,1,1,1,1,4,780.0,-1,12.998,-12.9,-0.21,-2.81,0,0,DCHG, ,
10220.3,1,1,1,1,4,785.0,-1,12.997,-12.9,-0.21,-2.82,0,0,DCHG, ,
10225.3,1,1,1,1,4,790.0,-1,12.997,-12.9,-0.21,-2.84,0,0,DCHG, ,
10230.3,1,1,1,1,4,795.0,-1,12.997,-12.9,-0.22,-2.86,0,0,DCHG, ,
10235.3,1,1,1,1,4,800.0,-1,12.996,-12.9,-0.22,-2.88,0,0,DCHG, ,
10240.3,1,1,1,1,4,805.0,-1,12.996,-12.9,-0.22,-2.9,0,0,DCHG, ,
10245.3,1,1,1,1,4,810.0,-1,12.995,-12.9,-0.22,-2.91,0,0,DCHG, ,
10250.3,1,1,1,1,4,815.0,-1,12.995,-12.9,-0.22,-2.93,0,0,DCHG, ,
10255.3,1,1,1,1,4,820.0,-1,12.994,-12.9,-0.22,-2.95,0,0,DCHG, ,
10260.3,1,1,1,1,4,825.0,-1,12.994,-12.9,-0.22,-2.97,0,0,DCHG, ,
10265.3,1,1,1,1,4,830.0,-0.99,12.993,-12.8,-0.23,-2.98,0,0,DCHG, ,
10270.3,1,1,1,1,4,835.0,-1,12.993,-12.9,-0.23,-3,0,0,DCHG, ,
10275.3,1,1,1,1,4,840.0,-1,12.992,-12.9,-0.23,-3.02,0,0,DCHG, ,
10280.3,1,1,1,1,4,845.0,-1,12.992,-12.9,-0.23,-3.04,0,0,DCHG, ,
10285.3,1,1,1,1,4,850.0,-1,12.991,-12.9,-0.23,-3.06,0,0,DCHG, ,
10290.3,1,1,1,1,4,855.0,-1,12.991,-12.9,-0.23,-3.07,0,0,DCHG, ,
10295.3,1,1,1,1,4,860.0,-1,12.991,-12.9,-0.23,-3.09,0,0,DCHG, ,
10300.3,1,1,1,1,4,865.0,-1,12.99,-12.9,-0.24,-3.11,0,0,DCHG, ,
10305.3,1,1,1,1,4,870.0,-1,12.989,-12.9,-0.24,-3.13,0,0,DCHG, ,
10310.3,1,1,1,1,4,875.0,-1,12.989,-12.9,-0.24,-3.15,0,0,DCHG, ,
10315.3,1,1,1,1,4,880.0,-1,12.989,-12.9,-0.24,-3.16,0,0,DCHG, ,
10320.3,1,1,1,1,4,885.0,-1,12.988,-12.9,-0.24,-3.18,0,0,DCHG, ,
10325.3,1,1,1,1,4,890.0,-1,12.988,-12.9,-0.24,-3.2,0,0,DCHG, ,
10330.3,1,1,1,1,4,895.0,-1,12.988,-12.9,-0.24,-3.22,0,0,DCHG, ,
10335.3,1,1,1,1,4,900.0,-1,12.987,-12.9,-0.24,-3.24,0,0,DCHG, ,
10340.3,1,1,1,1,4,905.0,-1,12.986,-12.9,-0.25,-3.25,0,0,DCHG, ,
10345.3,1,1,1,1,4,910.0,-0.99,12.986,-12.8,-0.25,-3.27,0,0,DCHG, ,
10350.3,1,1,1,1,4,915.0,-0.99,12.985,-12.8,-0.25,-3.29,0,0,DCHG, ,
10355.3,1,1,1,1,4,920.0,-0.99,12.985,-12.9,-0.25,-3.31,0,0,DCHG, ,
10360.3,1,1,1,1,4,925.0,-1,12.985,-12.9,-0.25,-3.33,0,0,DCHG, ,
10365.3,1,1,1,1,4,930.0,-1,12.984,-12.9,-0.25,-3.34,0,0,DCHG, ,
10370.3,1,1,1,1,4,935.0,-1,12.983,-12.9,-0.25,-3.36,0,0,DCHG, ,
10375.3,1,1,1,1,4,940.0,-1,12.984,-12.9,-0.26,-3.38,0,0,DCHG, ,
10380.3,1,1,1,1,4,945.0,-1,12.983,-12.9,-0.26,-3.4,0,0,DCHG, ,
10385.3,1,1,1,1,4,950.0,-1,12.982,-12.9,-0.26,-3.41,0,0,DCHG, ,
10390.3,1,1,1,1,4,955.0,-1,12.982,-12.9,-0.26,-3.43,0,0,DCHG, ,
10395.3,1,1,1,1,4,960.0,-1,12.982,-12.9,-0.26,-3.45,0,0,DCHG, ,
10400.3,1,1,1,1,4,965.0,-1,12.981,-12.9,-0.26,-3.47,0,0,DCHG, ,
10405.3,1,1,1,1,4,970.0,-1,12.98,-12.9,-0.26,-3.49,0,0,DCHG, ,
10410.3,1,1,1,1,4,975.0,-1,12.98,-12.9,-0.27,-3.5,0,0,DCHG, ,
10415.3,1,1,1,1,4,980.0,-1,12.98,-12.9,-0.27,-3.52,0,0,DCHG, ,
10420.3,1,1,1,1,4,985.0,-1,12.979,-12.9,-0.27,-3.54,0,0,DCHG, ,
10425.3,1,1,1,1,4,990.0,-1,12.979,-12.9,-0.27,-3.56,0,0,DCHG, ,
10430.3,1,1,1,1,4,995.0,-1,12.978,-12.9,-0.27,-3.58,0,0,DCHG, ,
10435.3,1,1,1,1,4,1000.0,-1,12.978,-12.9,-0.27,-3.59,0,0,DCHG, ,
10440.3,1,1,1,1,4,1005.0,-1,12.977,-12.9,-0.27,-3.61,0,0,DCHG, ,
10445.3,1,1,1,1,4,1010.0,-1,12.977,-12.9,-0.28,-3.63,0,0,DCHG, ,
10450.3,1,1,1,1,4,1015.0,-1,12.977,-12.9,-0.28,-3.65,0,0,DCHG, ,
10455.3,1,1,1,1,4,1020.0,-1,12.976,-12.9,-0.28,-3.67,0,0,DCHG, ,
10460.3,1,1,1,1,4,1025.0,-1,12.975,-12.9,-0.28,-3.68,0,0,DCHG, ,
10465.3,1,1,1,1,4,1030.0,-1,12.975,-12.9,-0.28,-3.7,0,0,DCHG, ,
10470.3,1,1,1,1,4,1035.0,-1,12.974,-12.9,-0.28,-3.72,0,0,DCHG, ,
10475.3,1,1,1,1,4,1040.0,-1,12.974,-12.9,-0.28,-3.74,0,0,DCHG, ,
10480.3,1,1,1,1,4,1045.0,-1,12.974,-12.9,-0.29,-3.75,0,0,DCHG, ,
10485.3,1,1,1,1,4,1050.0,-1,12.973,-12.9,-0.29,-3.77,0,0,DCHG, ,
10490.3,1,1,1,1,4,1055.0,-1,12.973,-12.9,-0.29,-3.79,0,0,DCHG, ,
10495.3,1,1,1,1,4,1060.0,-1,12.972,-12.9,-0.29,-3.81,0,0,DCHG, ,
10500.3,1,1,1,1,4,1065.0,-1,12.972,-12.9,-0.29,-3.83,0,0,DCHG, ,
10505.3,1,1,1,1,4,1070.0,-1,12.971,-12.9,-0.29,-3.84,0,0,DCHG, ,
10510.3,1,1,1,1,4,1075.0,-1,12.971,-12.9,-0.29,-3.86,0,0,DCHG, ,
10515.3,1,1,1,1,4,1080.0,-1,12.971,-12.9,-0.29,-3.88,0,0,DCHG, ,
10520.3,1,1,1,1,4,1085.0,-0.99,12.97,-12.8,-0.3,-3.9,0,0,DCHG, ,
10525.3,1,1,1,1,4,1090.0,-1,12.97,-12.9,-0.3,-3.92,0,0,DCHG, ,
10530.3,1,1,1,1,4,1095.0,-1,12.969,-12.9,-0.3,-3.93,0,0,DCHG, ,
10535.3,1,1,1,1,4,1100.0,-1,12.969,-12.9,-0.3,-3.95,0,0,DCHG, ,
10540.3,1,1,1,1,4,1105.0,-1,12.968,-12.9,-0.3,-3.97,0,0,DCHG, ,
10545.3,1,1,1,1,4,1110.0,-1,12.968,-12.9,-0.3,-3.99,0,0,DCHG, ,
10550.3,1,1,1,1,4,1115.0,-1,12.968,-12.9,-0.3,-4.01,0,0,DCHG, ,
10555.3,1,1,1,1,4,1120.0,-1,12.967,-12.9,-0.31,-4.02,0,0,DCHG, ,
10560.3,1,1,1,1,4,1125.0,-1,12.967,-12.9,-0.31,-4.04,0,0,DCHG, ,
10565.3,1,1,1,1,4,1130.0,-1,12.966,-12.9,-0.31,-4.06,0,0,DCHG, ,
10570.3,1,1,1,1,4,1135.0,-1,12.966,-12.9,-0.31,-4.08,0,0,DCHG, ,
10575.3,1,1,1,1,4,1140.0,-1,12.965,-12.9,-0.31,-4.1,0,0,DCHG, ,
10580.3,1,1,1,1,4,1145.0,-1,12.965,-12.9,-0.31,-4.11,0,0,DCHG, ,
10585.3,1,1,1,1,4,1150.0,-1,12.964,-12.9,-0.31,-4.13,0,0,DCHG, ,
10590.3,1,1,1,1,4,1155.0,-1,12.964,-12.9,-0.32,-4.15,0,0,DCHG, ,
10595.3,1,1,1,1,4,1160.0,-1,12.964,-12.9,-0.32,-4.17,0,0,DCHG, ,
10600.3,1,1,1,1,4,1165.0,-1,12.963,-12.9,-0.32,-4.18,0,0,DCHG, ,
10605.3,1,1,1,1,4,1170.0,-1,12.963,-12.9,-0.32,-4.2,0,0,DCHG, ,
10610.3,1,1,1,1,4,1175.0,-0.99,12.963,-12.8,-0.32,-4.22,0,0,DCHG, ,
10615.3,1,1,1,1,4,1180.0,-1,12.961,-12.9,-0.32,-4.24,0,0,DCHG, ,
10620.3,1,1,1,1,4,1185.0,-1,12.962,-12.9,-0.32,-4.26,0,0,DCHG, ,
10625.3,1,1,1,1,4,1190.0,-1,12.961,-12.9,-0.33,-4.27,0,0,DCHG, ,
10630.3,1,1,1,1,4,1195.0,-1,12.961,-12.9,-0.33,-4.29,0,0,DCHG, ,
10635.3,1,1,1,1,4,1200.0,-1,12.96,-12.9,-0.33,-4.31,0,0,DCHG, ,
10640.3,1,1,1,1,4,1205.0,-1,12.96,-12.9,-0.33,-4.33,0,0,DCHG, ,
10645.3,1,1,1,1,4,1210.0,-1,12.959,-12.9,-0.33,-4.35,0,0,DCHG, ,
10650.3,1,1,1,1,4,1215.0,-1,12.959,-12.9,-0.33,-4.36,0,0,DCHG, ,
10655.3,1,1,1,1,4,1220.0,-1,12.959,-12.9,-0.33,-4.38,0,0,DCHG, ,
10660.3,1,1,1,1,4,1225.0,-1,12.958,-12.9,-0.33,-4.4,0,0,DCHG, ,
10665.3,1,1,1,1,4,1230.0,-1,12.957,-12.9,-0.34,-4.42,0,0,DCHG, ,
10670.3,1,1,1,1,4,1235.0,-1,12.957,-12.9,-0.34,-4.44,0,0,DCHG, ,
10675.3,1,1,1,1,4,1240.0,-0.99,12.956,-12.8,-0.34,-4.45,0,0,DCHG, ,
10680.3,1,1,1,1,4,1245.0,-1,12.956,-12.9,-0.34,-4.47,0,0,DCHG, ,
10685.3,1,1,1,1,4,1250.0,-1,12.956,-12.9,-0.34,-4.49,0,0,DCHG, ,
10690.3,1,1,1,1,4,1255.0,-1,12.955,-12.9,-0.34,-4.51,0,0,DCHG, ,
10695.3,1,1,1,1,4,1260.0,-1,12.955,-12.9,-0.34,-4.52,0,0,DCHG, ,
10700.3,1,1,1,1,4,1265.0,-1,12.954,-12.9,-0.35,-4.54,0,0,DCHG, ,
10705.3,1,1,1,1,4,1270.0,-1,12.954,-12.9,-0.35,-4.56,0,0,DCHG, ,
10710.3,1,1,1,1,4,1275.0,-1,12.953,-12.9,-0.35,-4.58,0,0,DCHG, ,
10715.3,1,1,1,1,4,1280.0,-1,12.953,-12.9,-0.35,-4.6,0,0,DCHG, ,
10720.3,1,1,1,1,4,1285.0,-1,12.953,-12.9,-0.35,-4.61,0,0,DCHG, ,
10725.3,1,1,1,1,4,1290.0,-1,12.952,-12.9,-0.35,-4.63,0,0,DCHG, ,
10730.3,1,1,1,1,4,1295.0,-1,12.952,-12.9,-0.35,-4.65,0,0,DCHG, ,
10735.3,1,1,1,1,4,1300.0,-1,12.951,-12.9,-0.36,-4.67,0,0,DCHG, ,
10740.3,1,1,1,1,4,1305.0,-1,12.95,-12.9,-0.36,-4.69,0,0,DCHG, ,
10745.3,1,1,1,1,4,1310.0,-1,12.95,-12.9,-0.36,-4.7,0,0,DCHG, ,
10750.3,1,1,1,1,4,1315.0,-1,12.95,-12.9,-0.36,-4.72,0,0,DCHG, ,
10755.3,1,1,1,1,4,1320.0,-1,12.95,-12.9,-0.36,-4.74,0,0,DCHG, ,
10760.3,1,1,1,1,4,1325.0,-1,12.949,-12.9,-0.36,-4.76,0,0,DCHG, ,
10765.3,1,1,1,1,4,1330.0,-1,12.948,-12.9,-0.36,-4.78,0,0,DCHG, ,
10770.3,1,1,1,1,4,1335.0,-1,12.948,-12.9,-0.37,-4.79,0,0,DCHG, ,
10775.3,1,1,1,1,4,1340.0,-1,12.948,-12.9,-0.37,-4.81,0,0,DCHG, ,
10780.3,1,1,1,1,4,1345.0,-1,12.947,-12.9,-0.37,-4.83,0,0,DCHG, ,
10785.3,1,1,1,1,4,1350.0,-1,12.947,-12.9,-0.37,-4.85,0,0,DCHG, ,
10790.3,1,1,1,1,4,1355.0,-1,12.947,-12.9,-0.37,-4.86,0,0,DCHG, ,
10795.3,1,1,1,1,4,1360.0,-1,12.946,-12.9,-0.37,-4.88,0,0,DCHG, ,
10800.3,1,1,1,1,4,1365.0,-1,12.945,-12.9,-0.37,-4.9,0,0,DCHG, ,
10805.3,1,1,1,1,4,1370.0,-1,12.945,-12.9,-0.38,-4.92,0,0,DCHG, ,
10810.3,1,1,1,1,4,1375.0,-1,12.945,-12.9,-0.38,-4.94,0,0,DCHG, ,
10815.3,1,1,1,1,4,1380.0,-1,12.944,-12.8,-0.38,-4.95,0,0,DCHG, ,
10820.3,1,1,1,1,4,1385.0,-1,12.944,-12.9,-0.38,-4.97,0,0,DCHG, ,
10825.3,1,1,1,1,4,1390.0,-1,12.944,-12.9,-0.38,-4.99,0,0,DCHG, ,
10830.3,1,1,1,1,4,1395.0,-1,12.943,-12.9,-0.38,-5.01,0,0,DCHG, ,
10835.3,1,1,1,1,4,1400.0,-1,12.943,-12.9,-0.38,-5.03,0,0,DCHG, ,
10840.3,1,1,1,1,4,1405.0,-1,12.942,-12.9,-0.38,-5.04,0,0,DCHG, ,
10845.3,1,1,1,1,4,1410.0,-1,12.942,-12.9,-0.39,-5.06,0,0,DCHG, ,
10850.3,1,1,1,1,4,1415.0,-1,12.941,-12.9,-0.39,-5.08,0,0,DCHG, ,
10855.3,1,1,1,1,4,1420.0,-1,12.941,-12.9,-0.39,-5.1,0,0,DCHG, ,
10860.3,1,1,1,1,4,1425.0,-1,12.94,-12.9,-0.39,-5.12,0,0,DCHG, ,
10865.3,1,1,1,1,4,1430.0,-1,12.94,-12.9,-0.39,-5.13,0,0,DCHG, ,
10870.3,1,1,1,1,4,1435.0,-1,12.94,-12.9,-0.39,-5.15,0,0,DCHG, ,
10875.3,1,1,1,1,4,1440.0,-0.99,12.939,-12.8,-0.39,-5.17,0,0,DCHG, ,
10880.3,1,1,1,1,4,1445.0,-1,12.939,-12.9,-0.4,-5.19,0,0,DCHG, ,
10885.3,1,1,1,1,4,1450.0,-1,12.939,-12.9,-0.4,-5.21,0,0,DCHG, ,
10890.3,1,1,1,1,4,1455.0,-1,12.938,-12.9,-0.4,-5.22,0,0,DCHG, ,
10895.3,1,1,1,1,4,1460.0,-1,12.937,-12.9,-0.4,-5.24,0,0,DCHG, ,
10900.3,1,1,1,1,4,1465.0,-1,12.937,-12.9,-0.4,-5.26,0,0,DCHG, ,
10905.3,1,1,1,1,4,1470.0,-1,12.937,-12.9,-0.4,-5.28,0,0,DCHG, ,
10910.3,1,1,1,1,4,1475.0,-1,12.936,-12.9,-0.4,-5.29,0,0,DCHG, ,
10915.3,1,1,1,1,4,1480.0,-1,12.936,-12.9,-0.41,-5.31,0,0,DCHG, ,
10920.3,1,1,1,1,4,1485.0,-1,12.936,-12.9,-0.41,-5.33,0,0,DCHG, ,
10925.3,1,1,1,1,4,1490.0,-1,12.935,-12.9,-0.41,-5.35,0,0,DCHG, ,
10930.3,1,1,1,1,4,1495.0,-1,12.935,-12.9,-0.41,-5.37,0,0,DCHG, ,
10935.3,1,1,1,1,4,1500.0,-1,12.934,-12.9,-0.41,-5.38,0,0,DCHG, ,
10940.3,1,1,1,1,4,1505.0,-1,12.934,-12.9,-0.41,-5.4,0,0,DCHG, ,
10945.3,1,1,1,1,4,1510.0,-1,12.933,-12.9,-0.41,-5.42,0,0,DCHG, ,
10950.3,1,1,1,1,4,1515.0,-1,12.933,-12.9,-0.42,-5.44,0,0,DCHG, ,
10955.3,1,1,1,1,4,1520.0,-1,12.933,-12.9,-0.42,-5.46,0,0,DCHG, ,
10960.3,1,1,1,1,4,1525.0,-1,12.933,-12.9,-0.42,-5.47,0,0,DCHG, ,
10965.3,1,1,1,1,4,1530.0,-1,12.932,-12.9,-0.42,-5.49,0,0,DCHG, ,
10970.3,1,1,1,1,4,1535.0,-1,12.931,-12.9,-0.42,-5.51,0,0,DCHG, ,
10975.3,1,1,1,1,4,1540.0,-1,12.931,-12.9,-0.42,-5.53,0,0,DCHG, ,
10980.3,1,1,1,1,4,1545.0,-1,12.93,-12.9,-0.42,-5.55,0,0,DCHG, ,
10985.3,1,1,1,1,4,1550.0,-1,12.93,-12.9,-0.43,-5.56,0,0,DCHG, ,
10990.3,1,1,1,1,4,1555.0,-1,12.929,-12.8,-0.43,-5.58,0,0,DCHG, ,
10995.3,1,1,1,1,4,1560.0,-1,12.929,-12.9,-0.43,-5.6,0,0,DCHG, ,
11000.3,1,1,1,1,4,1565.0,-1,12.929,-12.8,-0.43,-5.62,0,0,DCHG, ,
11005.3,1,1,1,1,4,1570.0,-1,12.928,-12.8,-0.43,-5.63,0,0,DCHG, ,
11010.3,1,1,1,1,4,1575.0,-1,12.928,-12.8,-0.43,-5.65,0,0,DCHG, ,
11015.3,1,1,1,1,4,1580.0,-1,12.927,-12.8,-0.43,-5.67,0,0,DCHG, ,
11020.3,1,1,1,1,4,1585.0,-1,12.927,-12.9,-0.43,-5.69,0,0,DCHG, ,
11025.3,1,1,1,1,4,1590.0,-1,12.927,-12.8,-0.44,-5.71,0,0,DCHG, ,
11030.3,1,1,1,1,4,1595.0,-1,12.926,-12.8,-0.44,-5.72,0,0,DCHG, ,
11035.3,1,1,1,1,4,1600.0,-1,12.926,-12.8,-0.44,-5.74,0,0,DCHG, ,
11040.3,1,1,1,1,4,1605.0,-0.99,12.925,-12.8,-0.44,-5.76,0,0,DCHG, ,
11045.3,1,1,1,1,4,1610.0,-1,12.925,-12.8,-0.44,-5.78,0,0,DCHG, ,
11050.3,1,1,1,1,4,1615.0,-1,12.925,-12.8,-0.44,-5.79,0,0,DCHG, ,
11055.3,1,1,1,1,4,1620.0,-0.99,12.924,-12.8,-0.44,-5.81,0,0,DCHG, ,
11060.3,1,1,1,1,4,1625.0,-1,12.923,-12.8,-0.45,-5.83,0,0,DCHG, ,
11065.3,1,1,1,1,4,1630.0,-1,12.923,-12.8,-0.45,-5.85,0,0,DCHG, ,
11070.3,1,1,1,1,4,1635.0,-1,12.923,-12.8,-0.45,-5.87,0,0,DCHG, ,
11075.3,1,1,1,1,4,1640.0,-1,12.922,-12.8,-0.45,-5.88,0,0,DCHG, ,
11080.3,1,1,1,1,4,1645.0,-1,12.922,-12.8,-0.45,-5.9,0,0,DCHG, ,
11085.3,1,1,1,1,4,1650.0,-1,12.921,-12.8,-0.45,-5.92,0,0,DCHG, ,
11090.3,1,1,1,1,4,1655.0,-0.99,12.921,-12.8,-0.45,-5.94,0,0,DCHG, ,
11095.3,1,1,1,1,4,1660.0,-1,12.92,-12.9,-0.46,-5.95,0,0,DCHG, ,
11100.3,1,1,1,1,4,1665.0,-1,12.92,-12.8,-0.46,-5.97,0,0,DCHG, ,
11105.3,1,1,1,1,4,1670.0,-1,12.92,-12.9,-0.46,-5.99,0,0,DCHG, ,
11110.3,1,1,1,1,4,1675.0,-1,12.919,-12.9,-0.46,-6.01,0,0,DCHG, ,
11115.3,1,1,1,1,4,1680.0,-1,12.919,-12.8,-0.46,-6.03,0,0,DCHG, ,
11120.3,1,1,1,1,4,1685.0,-1,12.919,-12.8,-0.46,-6.04,0,0,DCHG, ,
11125.3,1,1,1,1,4,1690.0,-1,12.919,-12.9,-0.46,-6.06,0,0,DCHG, ,
11130.3,1,1,1,1,4,1695.0,-1,12.918,-12.8,-0.47,-6.08,0,0,DCHG, ,
11135.3,1,1,1,1,4,1700.0,-1,12.917,-12.9,-0.47,-6.1,0,0,DCHG, ,
11140.3,1,1,1,1,4,1705.0,-1,12.917,-12.8,-0.47,-6.12,0,0,DCHG, ,
11145.3,1,1,1,1,4,1710.0,-1,12.916,-12.8,-0.47,-6.13,0,0,DCHG, ,
11150.3,1,1,1,1,4,1715.0,-1,12.916,-12.8,-0.47,-6.15,0,0,DCHG, ,
11155.3,1,1,1,1,4,1720.0,-1,12.916,-12.8,-0.47,-6.17,0,0,DCHG, ,
11160.3,1,1,1,1,4,1725.0,-1,12.915,-12.8,-0.47,-6.19,0,0,DCHG, ,
11165.3,1,1,1,1,4,1730.0,-1,12.915,-12.8,-0.48,-6.2,0,0,DCHG, ,
11170.3,1,1,1,1,4,1735.0,-1,12.915,-12.8,-0.48,-6.22,0,0,DCHG, ,
11175.3,1,1,1,1,4,1740.0,-1,12.914,-12.8,-0.48,-6.24,0,0,DCHG, ,
11180.3,1,1,1,1,4,1745.0,-1,12.914,-12.8,-0.48,-6.26,0,0,DCHG, ,
11185.3,1,1,1,1,4,1750.0,-1,12.913,-12.8,-0.48,-6.28,0,0,DCHG, ,
11190.3,1,1,1,1,4,1755.0,-1,12.913,-12.8,-0.48,-6.29,0,0,DCHG, ,
11195.3,1,1,1,1,4,1760.0,-1,12.913,-12.8,-0.48,-6.31,0,0,DCHG, ,
11200.3,1,1,1,1,4,1765.0,-1,12.912,-12.8,-0.48,-6.33,0,0,DCHG, ,
11205.3,1,1,1,1,4,1770.0,-0.99,12.912,-12.8,-0.49,-6.35,0,0,DCHG, ,
11210.3,1,1,1,1,4,1775.0,-1,12.911,-12.8,-0.49,-6.36,0,0,DCHG, ,
11215.3,1,1,1,1,4,1780.0,-1,12.911,-12.9,-0.49,-6.38,0,0,DCHG, ,
11220.3,1,1,1,1,4,1785.0,-1,12.911,-12.9,-0.49,-6.4,0,0,DCHG, ,
11225.3,1,1,1,1,4,1790.0,-1,12.91,-12.8,-0.49,-6.42,0,0,DCHG, ,
11230.3,1,1,1,1,4,1795.0,-1,12.909,-12.8,-0.49,-6.44,0,0,DCHG, ,
11235.3,1,1,1,1,4,1800.0,-1,12.909,-12.8,-0.49,-6.45,0,0,DCHG, ,
11240.3,1,1,1,1,4,1805.0,-1,12.909,-12.8,-0.5,-6.47,0,0,DCHG, ,
11245.3,1,1,1,1,4,1810.0,-1,12.908,-12.8,-0.5,-6.49,0,0,DCHG, ,
11250.3,1,1,1,1,4,1815.0,-1,12.908,-12.8,-0.5,-6.51,0,0,DCHG, ,
11255.3,1,1,1,1,4,1820.0,-1,12.907,-12.8,-0.5,-6.52,0,0,DCHG, ,
11260.3,1,1,1,1,4,1825.0,-1,12.907,-12.8,-0.5,-6.54,0,0,DCHG, ,
11265.3,1,1,1,1,4,1830.0,-1,12.907,-12.8,-0.5,-6.56,0,0,DCHG, ,
11270.3,1,1,1,1,4,1835.0,-1,12.906,-12.8,-0.5,-6.58,0,0,DCHG, ,
11275.3,1,1,1,1,4,1840.0,-1,12.906,-12.8,-0.51,-6.6,0,0,DCHG, ,
11280.3,1,1,1,1,4,1845.0,-1,12.906,-12.8,-0.51,-6.61,0,0,DCHG, ,
11285.3,1,1,1,1,4,1850.0,-1,12.905,-12.8,-0.51,-6.63,0,0,DCHG, ,
11290.3,1,1,1,1,4,1855.0,-1,12.904,-12.8,-0.51,-6.65,0,0,DCHG, ,
11295.3,1,1,1,1,4,1860.0,-1,12.904,-12.8,-0.51,-6.67,0,0,DCHG, ,
11300.3,1,1,1,1,4,1865.0,-1,12.904,-12.8,-0.51,-6.68,0,0,DCHG, ,
11305.3,1,1,1,1,4,1870.0,-1,12.903,-12.8,-0.51,-6.7,0,0,DCHG, ,
11310.3,1,1,1,1,4,1875.0,-0.99,12.903,-12.8,-0.52,-6.72,0,0,DCHG, ,
11315.3,1,1,1,1,4,1880.0,-1,12.903,-12.8,-0.52,-6.74,0,0,DCHG, ,
11320.3,1,1,1,1,4,1885.0,-1,12.902,-12.8,-0.52,-6.76,0,0,DCHG, ,
11325.3,1,1,1,1,4,1890.0,-1,12.902,-12.8,-0.52,-6.77,0,0,DCHG, ,
11330.3,1,1,1,1,4,1895.0,-1,12.901,-12.8,-0.52,-6.79,0,0,DCHG, ,
11335.3,1,1,1,1,4,1900.0,-0.99,12.901,-12.8,-0.52,-6.81,0,0,DCHG, ,
11340.3,1,1,1,1,4,1905.0,-1,12.901,-12.9,-0.52,-6.83,0,0,DCHG, ,
11345.3,1,1,1,1,4,1910.0,-1,12.9,-12.8,-0.53,-6.84,0,0,DCHG, ,
11350.3,1,1,1,1,4,1915.0,-1,12.9,-12.8,-0.53,-6.86,0,0,DCHG, ,
11355.3,1,1,1,1,4,1920.0,-1,12.899,-12.8,-0.53,-6.88,0,0,DCHG, ,
11360.3,1,1,1,1,4,1925.0,-1,12.898,-12.8,-0.53,-6.9,0,0,DCHG, ,
11365.3,1,1,1,1,4,1930.0,-1,12.898,-12.8,-0.53,-6.92,0,0,DCHG, ,
11370.3,1,1,1,1,4,1935.0,-0.99,12.898,-12.7,-0.53,-6.93,0,0,DCHG, ,
11375.3,1,1,1,1,4,1940.0,-1,12.897,-12.8,-0.53,-6.95,0,0,DCHG, ,
11380.3,1,1,1,1,4,1945.0,-1,12.897,-12.8,-0.53,-6.97,0,0,DCHG, ,
11385.3,1,1,1,1,4,1950.0,-1,12.896,-12.8,-0.54,-6.99,0,0,DCHG, ,
11390.3,1,1,1,1,4,1955.0,-1,12.896,-12.8,-0.54,-7,0,0,DCHG, ,
11395.3,1,1,1,1,4,1960.0,-1,12.896,-12.8,-0.54,-7.02,0,0,DCHG, ,
11400.3,1,1,1,1,4,1965.0,-1,12.895,-12.8,-0.54,-7.04,0,0,DCHG, ,
11405.3,1,1,1,1,4,1970.0,-1,12.895,-12.8,-0.54,-7.06,0,0,DCHG, ,
11410.3,1,1,1,1,4,1975.0,-1,12.894,-12.8,-0.54,-7.08,0,0,DCHG, ,
11415.3,1,1,1,1,4,1980.0,-1,12.894,-12.8,-0.54,-7.09,0,0,DCHG, ,
11420.3,1,1,1,1,4,1985.0,-1,12.893,-12.8,-0.55,-7.11,0,0,DCHG, ,
11425.3,1,1,1,1,4,1990.0,-1,12.893,-12.8,-0.55,-7.13,0,0,DCHG, ,
11430.3,1,1,1,1,4,1995.0,-1,12.893,-12.8,-0.55,-7.15,0,0,DCHG, ,
11435.3,1,1,1,1,4,2000.0,-1,12.892,-12.8,-0.55,-7.16,0,0,DCHG, ,
11440.3,1,1,1,1,4,2005.0,-1,12.892,-12.8,-0.55,-7.18,0,0,DCHG, ,
11445.3,1,1,1,1,4,2010.0,-1,12.892,-12.8,-0.55,-7.2,0,0,DCHG, ,
11450.3,1,1,1,1,4,2015.0,-1,12.891,-12.8,-0.55,-7.22,0,0,DCHG, ,
11455.3,1,1,1,1,4,2020.0,-1,12.891,-12.8,-0.56,-7.24,0,0,DCHG, ,
11460.3,1,1,1,1,4,2025.0,-1,12.89,-12.8,-0.56,-7.25,0,0,DCHG, ,
11465.3,1,1,1,1,4,2030.0,-1,12.89,-12.8,-0.56,-7.27,0,0,DCHG, ,
11470.3,1,1,1,1,4,2035.0,-1,12.89,-12.8,-0.56,-7.29,0,0,DCHG, ,
11475.3,1,1,1,1,4,2040.0,-1,12.889,-12.8,-0.56,-7.31,0,0,DCHG, ,
11480.3,1,1,1,1,4,2045.0,-1,12.889,-12.8,-0.56,-7.32,0,0,DCHG, ,
11485.3,1,1,1,1,4,2050.0,-1,12.888,-12.8,-0.56,-7.34,0,0,DCHG, ,
11490.3,1,1,1,1,4,2055.0,-1,12.888,-12.8,-0.57,-7.36,0,0,DCHG, ,
11495.3,1,1,1,1,4,2060.0,-1,12.887,-12.8,-0.57,-7.38,0,0,DCHG, ,
11500.3,1,1,1,1,4,2065.0,-0.99,12.887,-12.8,-0.57,-7.4,0,0,DCHG, ,
11505.3,1,1,1,1,4,2070.0,-1,12.887,-12.8,-0.57,-7.41,0,0,DCHG, ,
11510.3,1,1,1,1,4,2075.0,-1,12.886,-12.8,-0.57,-7.43,0,0,DCHG, ,
11515.3,1,1,1,1,4,2080.0,-1,12.886,-12.8,-0.57,-7.45,0,0,DCHG, ,
11520.3,1,1,1,1,4,2085.0,-1,12.886,-12.8,-0.57,-7.47,0,0,DCHG, ,
11525.3,1,1,1,1,4,2090.0,-1,12.885,-12.8,-0.58,-7.48,0,0,DCHG, ,
11530.3,1,1,1,1,4,2095.0,-1,12.885,-12.8,-0.58,-7.5,0,0,DCHG, ,
11535.3,1,1,1,1,4,2100.0,-1,12.884,-12.8,-0.58,-7.52,0,0,DCHG, ,
11540.3,1,1,1,1,4,2105.0,-1,12.884,-12.8,-0.58,-7.54,0,0,DCHG, ,
11545.3,1,1,1,1,4,2110.0,-1,12.883,-12.8,-0.58,-7.56,0,0,DCHG, ,
11550.3,1,1,1,1,4,2115.0,-1,12.883,-12.8,-0.58,-7.57,0,0,DCHG, ,
11555.3,1,1,1,1,4,2120.0,-1,12.883,-12.8,-0.58,-7.59,0,0,DCHG, ,
11560.3,1,1,1,1,4,2125.0,-1,12.882,-12.8,-0.58,-7.61,0,0,DCHG, ,
11565.3,1,1,1,1,4,2130.0,-1,12.881,-12.8,-0.59,-7.63,0,0,DCHG, ,
11570.3,1,1,1,1,4,2135.0,-1,12.881,-12.8,-0.59,-7.64,0,0,DCHG, ,
11575.3,1,1,1,1,4,2140.0,-1,12.881,-12.8,-0.59,-7.66,0,0,DCHG, ,
11580.3,1,1,1,1,4,2145.0,-1,12.881,-12.8,-0.59,-7.68,0,0,DCHG, ,
11585.3,1,1,1,1,4,2150.0,-1,12.88,-12.8,-0.59,-7.7,0,0,DCHG, ,
11590.3,1,1,1,1,4,2155.0,-1,12.88,-12.8,-0.59,-7.72,0,0,DCHG, ,
11595.3,1,1,1,1,4,2160.0,-1,12.879,-12.8,-0.59,-7.73,0,0,DCHG, ,
11600.3,1,1,1,1,4,2165.0,-1,12.879,-12.8,-0.6,-7.75,0,0,DCHG, ,
11605.3,1,1,1,1,4,2170.0,-1,12.879,-12.8,-0.6,-7.77,0,0,DCHG, ,
11610.3,1,1,1,1,4,2175.0,-1,12.878,-12.8,-0.6,-7.79,0,0,DCHG, ,
11615.3,1,1,1,1,4,2180.0,-1,12.878,-12.8,-0.6,-7.8,0,0,DCHG, ,
11620.3,1,1,1,1,4,2185.0,-1,12.877,-12.8,-0.6,-7.82,0,0,DCHG, ,
11625.3,1,1,1,1,4,2190.0,-1,12.877,-12.8,-0.6,-7.84,0,0,DCHG, ,
11630.3,1,1,1,1,4,2195.0,-1,12.876,-12.8,-0.6,-7.86,0,0,DCHG, ,
11635.3,1,1,1,1,4,2200.0,-1,12.876,-12.8,-0.61,-7.88,0,0,DCHG, ,
11640.3,1,1,1,1,4,2205.0,-1,12.875,-12.8,-0.61,-7.89,0,0,DCHG, ,
11645.3,1,1,1,1,4,2210.0,-1,12.875,-12.8,-0.61,-7.91,0,0,DCHG, ,
11650.3,1,1,1,1,4,2215.0,-1,12.875,-12.8,-0.61,-7.93,0,0,DCHG, ,
11655.3,1,1,1,1,4,2220.0,-1,12.874,-12.8,-0.61,-7.95,0,0,DCHG, ,
11660.3,1,1,1,1,4,2225.0,-1,12.874,-12.8,-0.61,-7.96,0,0,DCHG, ,
11665.3,1,1,1,1,4,2230.0,-1,12.874,-12.8,-0.61,-7.98,0,0,DCHG, ,
11670.3,1,1,1,1,4,2235.0,-1,12.873,-12.8,-0.62,-8,0,0,DCHG, ,
11675.3,1,1,1,1,4,2240.0,-1,12.873,-12.8,-0.62,-8.02,0,0,DCHG, ,
11680.3,1,1,1,1,4,2245.0,-1,12.872,-12.8,-0.62,-8.04,0,0,DCHG, ,
11685.3,1,1,1,1,4,2250.0,-1,12.872,-12.8,-0.62,-8.05,0,0,DCHG, ,
11690.3,1,1,1,1,4,2255.0,-1,12.871,-12.8,-0.62,-8.07,0,0,DCHG, ,
11695.3,1,1,1,1,4,2260.0,-1,12.871,-12.8,-0.62,-8.09,0,0,DCHG, ,
11700.3,1,1,1,1,4,2265.0,-1,12.871,-12.8,-0.62,-8.11,0,0,DCHG, ,
11705.3,1,1,1,1,4,2270.0,-1,12.87,-12.8,-0.63,-8.12,0,0,DCHG, ,
11710.3,1,1,1,1,4,2275.0,-1,12.87,-12.8,-0.63,-8.14,0,0,DCHG, ,
11715.3,1,1,1,1,4,2280.0,-0.99,12.869,-12.7,-0.63,-8.16,0,0,DCHG, ,
11720.3,1,1,1,1,4,2285.0,-1,12.869,-12.8,-0.63,-8.18,0,0,DCHG, ,
11725.3,1,1,1,1,4,2290.0,-1,12.869,-12.8,-0.63,-8.2,0,0,DCHG, ,
11730.3,1,1,1,1,4,2295.0,-1,12.868,-12.8,-0.63,-8.21,0,0,DCHG, ,
11735.3,1,1,1,1,4,2300.0,-1,12.868,-12.8,-0.63,-8.23,0,0,DCHG, ,
11740.3,1,1,1,1,4,2305.0,-1,12.867,-12.8,-0.63,-8.25,0,0,DCHG, ,
11745.3,1,1,1,1,4,2310.0,-1,12.867,-12.8,-0.64,-8.27,0,0,DCHG, ,
11750.3,1,1,1,1,4,2315.0,-1,12.867,-12.8,-0.64,-8.28,0,0,DCHG, ,
11755.3,1,1,1,1,4,2320.0,-1,12.866,-12.8,-0.64,-8.3,0,0,DCHG, ,
11760.3,1,1,1,1,4,2325.0,-1,12.866,-12.8,-0.64,-8.32,0,0,DCHG, ,
11765.3,1,1,1,1,4,2330.0,-1,12.866,-12.8,-0.64,-8.34,0,0,DCHG, ,
11770.3,1,1,1,1,4,2335.0,-0.99,12.865,-12.7,-0.64,-8.36,0,0,DCHG, ,
11775.3,1,1,1,1,4,2340.0,-1,12.865,-12.8,-0.64,-8.37,0,0,DCHG, ,
11780.3,1,1,1,1,4,2345.0,-1,12.864,-12.8,-0.65,-8.39,0,0,DCHG, ,
11785.3,1,1,1,1,4,2350.0,-0.99,12.864,-12.7,-0.65,-8.41,0,0,DCHG, ,
11790.3,1,1,1,1,4,2355.0,-1,12.863,-12.8,-0.65,-8.43,0,0,DCHG, ,
11795.3,1,1,1,1,4,2360.0,-1,12.863,-12.8,-0.65,-8.44,0,0,DCHG, ,
11800.3,1,1,1,1,4,2365.0,-1,12.863,-12.8,-0.65,-8.46,0,0,DCHG, ,
11805.3,1,1,1,1,4,2370.0,-1,12.862,-12.8,-0.65,-8.48,0,0,DCHG, ,
11810.3,1,1,1,1,4,2375.0,-1,12.862,-12.8,-0.65,-8.5,0,0,DCHG, ,
11815.3,1,1,1,1,4,2380.0,-1,12.862,-12.8,-0.66,-8.52,0,0,DCHG, ,
11820.3,1,1,1,1,4,2385.0,-1,12.861,-12.8,-0.66,-8.53,0,0,DCHG, ,
11825.3,1,1,1,1,4,2390.0,-1,12.861,-12.8,-0.66,-8.55,0,0,DCHG, ,
11830.3,1,1,1,1,4,2395.0,-1,12.86,-12.8,-0.66,-8.57,0,0,DCHG, ,
11835.3,1,1,1,1,4,2400.0,-1,12.86,-12.8,-0.66,-8.59,0,0,DCHG, ,
11840.3,1,1,1,1,4,2405.0,-1,12.859,-12.8,-0.66,-8.6,0,0,DCHG, ,
11845.3,1,1,1,1,4,2410.0,-1,12.858,-12.8,-0.66,-8.62,0,0,DCHG, ,
11850.3,1,1,1,1,4,2415.0,-1,12.858,-12.8,-0.67,-8.64,0,0,DCHG, ,
11855.3,1,1,1,1,4,2420.0,-1,12.858,-12.8,-0.67,-8.66,0,0,DCHG, ,
11860.3,1,1,1,1,4,2425.0,-1,12.858,-12.8,-0.67,-8.68,0,0,DCHG, ,
11865.3,1,1,1,1,4,2430.0,-1,12.858,-12.8,-0.67,-8.69,0,0,DCHG, ,
11870.3,1,1,1,1,4,2435.0,-1,12.857,-12.8,-0.67,-8.71,0,0,DCHG, ,
11875.3,1,1,1,1,4,2440.0,-1,12.856,-12.7,-0.67,-8.73,0,0,DCHG, ,
11880.3,1,1,1,1,4,2445.0,-1,12.857,-12.8,-0.67,-8.75,0,0,DCHG, ,
11885.3,1,1,1,1,4,2450.0,-1,12.856,-12.8,-0.68,-8.76,0,0,DCHG, ,
11890.3,1,1,1,1,4,2455.0,-1,12.855,-12.8,-0.68,-8.78,0,0,DCHG, ,
11895.3,1,1,1,1,4,2460.0,-1,12.855,-12.8,-0.68,-8.8,0,0,DCHG, ,
11900.3,1,1,1,1,4,2465.0,-1,12.854,-12.8,-0.68,-8.82,0,0,DCHG, ,
11905.3,1,1,1,1,4,2470.0,-1,12.854,-12.8,-0.68,-8.84,0,0,DCHG, ,
11910.3,1,1,1,1,4,2475.0,-1,12.853,-12.8,-0.68,-8.85,0,0,DCHG, ,
11915.3,1,1,1,1,4,2480.0,-1,12.853,-12.8,-0.68,-8.87,0,0,DCHG, ,
11920.3,1,1,1,1,4,2485.0,-1,12.853,-12.8,-0.68,-8.89,0,0,DCHG, ,
11925.3,1,1,1,1,4,2490.0,-1,12.852,-12.8,-0.69,-8.91,0,0,DCHG, ,
11930.3,1,1,1,1,4,2495.0,-1,12.852,-12.8,-0.69,-8.92,0,0,DCHG, ,
11935.3,1,1,1,1,4,2500.0,-1,12.851,-12.8,-0.69,-8.94,0,0,DCHG, ,
11940.3,1,1,1,1,4,2505.0,-1,12.851,-12.8,-0.69,-8.96,0,0,DCHG, ,
11945.3,1,1,1,1,4,2510.0,-1,12.851,-12.8,-0.69,-8.98,0,0,DCHG, ,
11950.3,1,1,1,1,4,2515.0,-1,12.85,-12.8,-0.69,-8.99,0,0,DCHG, ,
11955.3,1,1,1,1,4,2520.0,-1,12.85,-12.8,-0.69,-9.01,0,0,DCHG, ,
11960.3,1,1,1,1,4,2525.0,-1,12.849,-12.8,-0.7,-9.03,0,0,DCHG, ,
11965.3,1,1,1,1,4,2530.0,-1,12.849,-12.8,-0.7,-9.05,0,0,DCHG, ,
11970.3,1,1,1,1,4,2535.0,-1,12.849,-12.8,-0.7,-9.07,0,0,DCHG, ,
11975.3,1,1,1,1,4,2540.0,-1,12.848,-12.8,-0.7,-9.08,0,0,DCHG, ,
11980.3,1,1,1,1,4,2545.0,-1,12.848,-12.8,-0.7,-9.1,0,0,DCHG, ,
11985.3,1,1,1,1,4,2550.0,-1,12.848,-12.8,-0.7,-9.12,0,0,DCHG, ,
11990.3,1,1,1,1,4,2555.0,-1,12.847,-12.8,-0.7,-9.14,0,0,DCHG, ,
11995.3,1,1,1,1,4,2560.0,-0.99,12.846,-12.7,-0.71,-9.15,0,0,DCHG, ,
12000.3,1,1,1,1,4,2565.0,-1,12.846,-12.8,-0.71,-9.17,0,0,DCHG, ,
12005.3,1,1,1,1,4,2570.0,-1,12.846,-12.8,-0.71,-9.19,0,0,DCHG, ,
12010.3,1,1,1,1,4,2575.0,-1,12.845,-12.8,-0.71,-9.21,0,0,DCHG, ,
12015.3,1,1,1,1,4,2580.0,-1,12.845,-12.7,-0.71,-9.23,0,0,DCHG, ,
12020.3,1,1,1,1,4,2585.0,-1,12.844,-12.8,-0.71,-9.24,0,0,DCHG, ,
12025.3,1,1,1,1,4,2590.0,-0.99,12.844,-12.7,-0.71,-9.26,0,0,DCHG, ,
12030.3,1,1,1,1,4,2595.0,-1,12.844,-12.8,-0.72,-9.28,0,0,DCHG, ,
12035.3,1,1,1,1,4,2600.0,-0.99,12.843,-12.7,-0.72,-9.3,0,0,DCHG, ,
12040.3,1,1,1,1,4,2605.0,-1,12.843,-12.8,-0.72,-9.31,0,0,DCHG, ,
12045.3,1,1,1,1,4,2610.0,-1,12.843,-12.8,-0.72,-9.33,0,0,DCHG, ,
12050.3,1,1,1,1,4,2615.0,-1,12.842,-12.8,-0.72,-9.35,0,0,DCHG, ,
12055.3,1,1,1,1,4,2620.0,-0.99,12.842,-12.7,-0.72,-9.37,0,0,DCHG, ,
12060.3,1,1,1,1,4,2625.0,-1,12.841,-12.8,-0.72,-9.39,0,0,DCHG, ,
12065.3,1,1,1,1,4,2630.0,-1,12.84,-12.8,-0.72,-9.4,0,0,DCHG, ,
12070.3,1,1,1,1,4,2635.0,-1,12.84,-12.8,-0.73,-9.42,0,0,DCHG, ,
12075.3,1,1,1,1,4,2640.0,-1,12.84,-12.8,-0.73,-9.44,0,0,DCHG, ,
12080.3,1,1,1,1,4,2645.0,-1,12.84,-12.7,-0.73,-9.46,0,0,DCHG, ,
12085.3,1,1,1,1,4,2650.0,-1,12.839,-12.8,-0.73,-9.47,0,0,DCHG, ,
12090.3,1,1,1,1,4,2655.0,-1,12.839,-12.8,-0.73,-9.49,0,0,DCHG, ,
12095.3,1,1,1,1,4,2660.0,-1,12.838,-12.8,-0.73,-9.51,0,0,DCHG, ,
12100.3,1,1,1,1,4,2665.0,-1,12.838,-12.8,-0.73,-9.53,0,0,DCHG, ,
12105.3,1,1,1,1,4,2670.0,-1,12.837,-12.8,-0.74,-9.55,0,0,DCHG, ,
12110.3,1,1,1,1,4,2675.0,-1,12.837,-12.8,-0.74,-9.56,0,0,DCHG, ,
12115.3,1,1,1,1,4,2680.0,-1,12.837,-12.8,-0.74,-9.58,0,0,DCHG, ,
12120.3,1,1,1,1,4,2685.0,-0.99,12.836,-12.7,-0.74,-9.6,0,0,DCHG, ,
12125.3,1,1,1,1,4,2690.0,-1,12.836,-12.8,-0.74,-9.62,0,0,DCHG, ,
12130.3,1,1,1,1,4,2695.0,-1,12.835,-12.8,-0.74,-9.63,0,0,DCHG, ,
12135.3,1,1,1,1,4,2700.0,-1,12.835,-12.8,-0.74,-9.65,0,0,DCHG, ,
12140.3,1,1,1,1,4,2705.0,-1,12.834,-12.8,-0.75,-9.67,0,0,DCHG, ,
12145.3,1,1,1,1,4,2710.0,-1,12.834,-12.8,-0.75,-9.69,0,0,DCHG, ,
12150.3,1,1,1,1,4,2715.0,-1,12.834,-12.8,-0.75,-9.71,0,0,DCHG, ,
12155.3,1,1,1,1,4,2720.0,-1,12.833,-12.8,-0.75,-9.72,0,0,DCHG, ,
12160.3,1,1,1,1,4,2725.0,-1,12.833,-12.8,-0.75,-9.74,0,0,DCHG, ,
12165.3,1,1,1,1,4,2730.0,-1,12.832,-12.8,-0.75,-9.76,0,0,DCHG, ,
12170.3,1,1,1,1,4,2735.0,-1,12.832,-12.7,-0.75,-9.78,0,0,DCHG, ,
12175.3,1,1,1,1,4,2740.0,-1,12.832,-12.8,-0.76,-9.79,0,0,DCHG, ,
12180.3,1,1,1,1,4,2745.0,-1,12.831,-12.8,-0.76,-9.81,0,0,DCHG, ,
12185.3,1,1,1,1,4,2750.0,-1,12.831,-12.8,-0.76,-9.83,0,0,DCHG, ,
12190.3,1,1,1,1,4,2755.0,-1,12.83,-12.8,-0.76,-9.85,0,0,DCHG, ,
12195.3,1,1,1,1,4,2760.0,-1,12.83,-12.7,-0.76,-9.87,0,0,DCHG, ,
12200.3,1,1,1,1,4,2765.0,-1,12.83,-12.8,-0.76,-9.88,0,0,DCHG, ,
12205.3,1,1,1,1,4,2770.0,-1,12.829,-12.8,-0.76,-9.9,0,0,DCHG, ,
12210.3,1,1,1,1,4,2775.0,-1,12.829,-12.7,-0.77,-9.92,0,0,DCHG, ,
12215.3,1,1,1,1,4,2780.0,-1,12.829,-12.7,-0.77,-9.94,0,0,DCHG, ,
12220.3,1,1,1,1,4,2785.0,-1,12.828,-12.8,-0.77,-9.95,0,0,DCHG, ,
12225.3,1,1,1,1,4,2790.0,-1,12.827,-12.7,-0.77,-9.97,0,0,DCHG, ,
12230.3,1,1,1,1,4,2795.0,-1,12.827,-12.7,-0.77,-9.99,0,0,DCHG, ,
12235.3,1,1,1,1,4,2800.0,-0.99,12.826,-12.7,-0.77,-10.01,0,0,DCHG, ,
12240.3,1,1,1,1,4,2805.0,-1,12.826,-12.7,-0.77,-10.02,0,0,DCHG, ,
12245.3,1,1,1,1,4,2810.0,-1,12.826,-12.7,-0.77,-10.04,0,0,DCHG, ,
12250.3,1,1,1,1,4,2815.0,-1,12.826,-12.7,-0.78,-10.06,0,0,DCHG, ,
12255.3,1,1,1,1,4,2820.0,-1,12.825,-12.7,-0.78,-10.08,0,0,DCHG, ,
12260.3,1,1,1,1,4,2825.0,-1,12.825,-12.7,-0.78,-10.1,0,0,DCHG, ,
12265.3,1,1,1,1,4,2830.0,-0.99,12.825,-12.7,-0.78,-10.11,0,0,DCHG, ,
12270.3,1,1,1,1,4,2835.0,-1,12.824,-12.7,-0.78,-10.13,0,0,DCHG, ,
12275.3,1,1,1,1,4,2840.0,-1,12.823,-12.7,-0.78,-10.15,0,0,DCHG, ,
12280.3,1,1,1,1,4,2845.0,-1,12.823,-12.7,-0.78,-10.17,0,0,DCHG, ,
12285.3,1,1,1,1,4,2850.0,-1,12.822,-12.7,-0.79,-10.18,0,0,DCHG, ,
12290.3,1,1,1,1,4,2855.0,-1,12.822,-12.8,-0.79,-10.2,0,0,DCHG, ,
12295.3,1,1,1,1,4,2860.0,-1,12.822,-12.7,-0.79,-10.22,0,0,DCHG, ,
12300.3,1,1,1,1,4,2865.0,-1,12.822,-12.7,-0.79,-10.24,0,0,DCHG, ,
12305.3,1,1,1,1,4,2870.0,-1,12.821,-12.7,-0.79,-10.25,0,0,DCHG, ,
12310.3,1,1,1,1,4,2875.0,-1,12.821,-12.7,-0.79,-10.27,0,0,DCHG, ,
12315.3,1,1,1,1,4,2880.0,-1,12.82,-12.7,-0.79,-10.29,0,0,DCHG, ,
12320.3,1,1,1,1,4,2885.0,-1,12.82,-12.8,-0.8,-10.31,0,0,DCHG, ,
12325.3,1,1,1,1,4,2890.0,-1,12.819,-12.8,-0.8,-10.32,0,0,DCHG, ,
12330.3,1,1,1,1,4,2895.0,-1,12.819,-12.7,-0.8,-10.34,0,0,DCHG, ,
12335.3,1,1,1,1,4,2900.0,-1,12.818,-12.7,-0.8,-10.36,0,0,DCHG, ,
12340.3,1,1,1,1,4,2905.0,-1,12.817,-12.8,-0.8,-10.38,0,0,DCHG, ,
12345.3,1,1,1,1,4,2910.0,-1,12.818,-12.7,-0.8,-10.4,0,0,DCHG, ,
12350.3,1,1,1,1,4,2915.0,-0.99,12.817,-12.7,-0.8,-10.41,0,0,DCHG, ,
12355.3,1,1,1,1,4,2920.0,-1,12.817,-12.7,-0.81,-10.43,0,0,DCHG, ,
12360.3,1,1,1,1,4,2925.0,-1,12.816,-12.7,-0.81,-10.45,0,0,DCHG, ,
12365.3,1,1,1,1,4,2930.0,-1,12.816,-12.7,-0.81,-10.47,0,0,DCHG, ,
12370.3,1,1,1,1,4,2935.0,-1,12.816,-12.7,-0.81,-10.48,0,0,DCHG, ,
12375.3,1,1,1,1,4,2940.0,-1,12.815,-12.8,-0.81,-10.5,0,0,DCHG, ,
12380.3,1,1,1,1,4,2945.0,-1,12.815,-12.7,-0.81,-10.52,0,0,DCHG, ,
12385.3,1,1,1,1,4,2950.0,-1,12.814,-12.7,-0.81,-10.54,0,0,DCHG, ,
12390.3,1,1,1,1,4,2955.0,-1,12.814,-12.7,-0.82,-10.55,0,0,DCHG, ,
12395.3,1,1,1,1,4,2960.0,-1,12.814,-12.7,-0.82,-10.57,0,0,DCHG, ,
12400.3,1,1,1,1,4,2965.0,-1,12.813,-12.7,-0.82,-10.59,0,0,DCHG, ,
12405.3,1,1,1,1,4,2970.0,-1,12.812,-12.7,-0.82,-10.61,0,0,DCHG, ,
12410.3,1,1,1,1,4,2975.0,-1,12.812,-12.7,-0.82,-10.63,0,0,DCHG, ,
12415.3,1,1,1,1,4,2980.0,-1,12.812,-12.7,-0.82,-10.64,0,0,DCHG, ,
12420.3,1,1,1,1,4,2985.0,-1,12.811,-12.7,-0.82,-10.66,0,0,DCHG, ,
12425.3,1,1,1,1,4,2990.0,-1,12.811,-12.7,-0.82,-10.68,0,0,DCHG, ,
12430.3,1,1,1,1,4,2995.0,-0.99,12.81,-12.7,-0.83,-10.7,0,0,DCHG, ,
12435.3,1,1,1,1,4,3000.0,-1,12.81,-12.8,-0.83,-10.71,0,0,DCHG, ,
12440.3,1,1,1,1,4,3005.0,-1,12.81,-12.7,-0.83,-10.73,0,0,DCHG, ,
12445.3,1,1,1,1,4,3010.0,-1,12.809,-12.7,-0.83,-10.75,0,0,DCHG, ,
12450.3,1,1,1,1,4,3015.0,-1,12.808,-12.7,-0.83,-10.77,0,0,DCHG, ,
12455.3,1,1,1,1,4,3020.0,-1,12.808,-12.7,-0.83,-10.78,0,0,DCHG, ,
12460.3,1,1,1,1,4,3025.0,-1,12.808,-12.7,-0.83,-10.8,0,0,DCHG, ,
12465.3,1,1,1,1,4,3030.0,-0.99,12.807,-12.7,-0.84,-10.82,0,0,DCHG, ,
12470.3,1,1,1,1,4,3035.0,-1,12.807,-12.7,-0.84,-10.84,0,0,DCHG, ,
12475.3,1,1,1,1,4,3040.0,-1,12.807,-12.8,-0.84,-10.85,0,0,DCHG, ,
12480.3,1,1,1,1,4,3045.0,-1,12.807,-12.7,-0.84,-10.87,0,0,DCHG, ,
12485.3,1,1,1,1,4,3050.0,-1,12.806,-12.7,-0.84,-10.89,0,0,DCHG, ,
12490.3,1,1,1,1,4,3055.0,-1,12.805,-12.7,-0.84,-10.91,0,0,DCHG, ,
12495.3,1,1,1,1,4,3060.0,-1,12.805,-12.7,-0.84,-10.93,0,0,DCHG, ,
12500.3,1,1,1,1,4,3065.0,-1,12.805,-12.7,-0.85,-10.94,0,0,DCHG, ,
12505.3,1,1,1,1,4,3070.0,-1,12.804,-12.8,-0.85,-10.96,0,0,DCHG, ,
12510.3,1,1,1,1,4,3075.0,-1,12.804,-12.7,-0.85,-10.98,0,0,DCHG, ,
12515.3,1,1,1,1,4,3080.0,-1,12.803,-12.7,-0.85,-11,0,0,DCHG, ,
12520.3,1,1,1,1,4,3085.0,-1,12.803,-12.7,-0.85,-11.01,0,0,DCHG, ,
12525.3,1,1,1,1,4,3090.0,-1,12.802,-12.7,-0.85,-11.03,0,0,DCHG, ,
12530.3,1,1,1,1,4,3095.0,-1,12.802,-12.7,-0.85,-11.05,0,0,DCHG, ,
12535.3,1,1,1,1,4,3100.0,-1,12.802,-12.7,-0.86,-11.07,0,0,DCHG, ,
12540.3,1,1,1,1,4,3105.0,-1,12.801,-12.7,-0.86,-11.08,0,0,DCHG, ,
12545.3,1,1,1,1,4,3110.0,-1,12.801,-12.7,-0.86,-11.1,0,0,DCHG, ,
12550.3,1,1,1,1,4,3115.0,-1,12.801,-12.8,-0.86,-11.12,0,0,DCHG, ,
12555.3,1,1,1,1,4,3120.0,-1,12.8,-12.7,-0.86,-11.14,0,0,DCHG, ,
12560.3,1,1,1,1,4,3125.0,-1,12.799,-12.7,-0.86,-11.15,0,0,DCHG, ,
12565.3,1,1,1,1,4,3130.0,-1,12.799,-12.7,-0.86,-11.17,0,0,DCHG, ,
12570.3,1,1,1,1,4,3135.0,-1,12.799,-12.7,-0.87,-11.19,0,0,DCHG, ,
12575.3,1,1,1,1,4,3140.0,-1,12.799,-12.7,-0.87,-11.21,0,0,DCHG, ,
12580.3,1,1,1,1,4,3145.0,-1,12.798,-12.7,-0.87,-11.23,0,0,DCHG, ,
12585.3,1,1,1,1,4,3150.0,-0.99,12.798,-12.6,-0.87,-11.24,0,0,DCHG, ,
12590.3,1,1,1,1,4,3155.0,-1,12.797,-12.7,-0.87,-11.26,0,0,DCHG, ,
12595.3,1,1,1,1,4,3160.0,-1,12.797,-12.7,-0.87,-11.28,0,0,DCHG, ,
12600.3,1,1,1,1,4,3165.0,-1,12.796,-12.7,-0.87,-11.3,0,0,DCHG, ,
12605.3,1,1,1,1,4,3170.0,-0.99,12.796,-12.6,-0.87,-11.31,0,0,DCHG, ,
12610.3,1,1,1,1,4,3175.0,-1,12.795,-12.7,-0.88,-11.33,0,0,DCHG, ,
12615.3,1,1,1,1,4,3180.0,-1,12.795,-12.7,-0.88,-11.35,0,0,DCHG, ,
12620.3,1,1,1,1,4,3185.0,-1,12.794,-12.7,-0.88,-11.37,0,0,DCHG, ,
12625.3,1,1,1,1,4,3190.0,-1,12.794,-12.7,-0.88,-11.38,0,0,DCHG, ,
12630.3,1,1,1,1,4,3195.0,-1,12.793,-12.7,-0.88,-11.4,0,0,DCHG, ,
12635.3,1,1,1,1,4,3200.0,-1,12.793,-12.7,-0.88,-11.42,0,0,DCHG, ,
12640.3,1,1,1,1,4,3205.0,-1,12.793,-12.7,-0.88,-11.44,0,0,DCHG, ,
12645.3,1,1,1,1,4,3210.0,-1,12.792,-12.7,-0.89,-11.45,0,0,DCHG, ,
12650.3,1,1,1,1,4,3215.0,-1,12.792,-12.7,-0.89,-11.47,0,0,DCHG, ,
12655.3,1,1,1,1,4,3220.0,-1,12.792,-12.7,-0.89,-11.49,0,0,DCHG, ,
12660.3,1,1,1,1,4,3225.0,-1,12.791,-12.7,-0.89,-11.51,0,0,DCHG, ,
12665.3,1,1,1,1,4,3230.0,-1,12.791,-12.7,-0.89,-11.53,0,0,DCHG, ,
12670.3,1,1,1,1,4,3235.0,-1,12.79,-12.7,-0.89,-11.54,0,0,DCHG, ,
12675.3,1,1,1,1,4,3240.0,-0.99,12.79,-12.6,-0.89,-11.56,0,0,DCHG, ,
12680.3,1,1,1,1,4,3245.0,-1,12.789,-12.7,-0.9,-11.58,0,0,DCHG, ,
12685.3,1,1,1,1,4,3250.0,-1,12.789,-12.7,-0.9,-11.6,0,0,DCHG, ,
12690.3,1,1,1,1,4,3255.0,-1,12.788,-12.7,-0.9,-11.61,0,0,DCHG, ,
12695.3,1,1,1,1,4,3260.0,-1,12.788,-12.7,-0.9,-11.63,0,0,DCHG, ,
12700.3,1,1,1,1,4,3265.0,-1,12.788,-12.7,-0.9,-11.65,0,0,DCHG, ,
12705.3,1,1,1,1,4,3270.0,-1,12.787,-12.7,-0.9,-11.67,0,0,DCHG, ,
12710.3,1,1,1,1,4,3275.0,-1,12.787,-12.7,-0.9,-11.68,0,0,DCHG, ,
12715.3,1,1,1,1,4,3280.0,-1,12.786,-12.7,-0.91,-11.7,0,0,DCHG, ,
12720.3,1,1,1,1,4,3285.0,-0.99,12.786,-12.7,-0.91,-11.72,0,0,DCHG, ,
12725.3,1,1,1,1,4,3290.0,-1,12.785,-12.7,-0.91,-11.74,0,0,DCHG, ,
12730.3,1,1,1,1,4,3295.0,-1,12.785,-12.7,-0.91,-11.75,0,0,DCHG, ,
12735.3,1,1,1,1,4,3300.0,-1,12.785,-12.7,-0.91,-11.77,0,0,DCHG, ,
12740.3,1,1,1,1,4,3305.0,-0.99,12.785,-12.6,-0.91,-11.79,0,0,DCHG, ,
12745.3,1,1,1,1,4,3310.0,-1,12.784,-12.7,-0.91,-11.81,0,0,DCHG, ,
12750.3,1,1,1,1,4,3315.0,-1,12.784,-12.7,-0.92,-11.82,0,0,DCHG, ,
12755.3,1,1,1,1,4,3320.0,-1,12.783,-12.7,-0.92,-11.84,0,0,DCHG, ,
12760.3,1,1,1,1,4,3325.0,-1,12.782,-12.7,-0.92,-11.86,0,0,DCHG, ,
12765.3,1,1,1,1,4,3330.0,-1,12.782,-12.7,-0.92,-11.88,0,0,DCHG, ,
12770.3,1,1,1,1,4,3335.0,-0.99,12.782,-12.6,-0.92,-11.9,0,0,DCHG, ,
12775.3,1,1,1,1,4,3340.0,-1,12.781,-12.7,-0.92,-11.91,0,0,DCHG, ,
12780.3,1,1,1,1,4,3345.0,-1,12.781,-12.7,-0.92,-11.93,0,0,DCHG, ,
12785.3,1,1,1,1,4,3350.0,-1,12.781,-12.7,-0.92,-11.95,0,0,DCHG, ,
12790.3,1,1,1,1,4,3355.0,-1,12.78,-12.7,-0.93,-11.97,0,0,DCHG, ,
12795.3,1,1,1,1,4,3360.0,-1,12.78,-12.7,-0.93,-11.98,0,0,DCHG, ,
12800.3,1,1,1,1,4,3365.0,-1,12.779,-12.7,-0.93,-12,0,0,DCHG, ,
12805.3,1,1,1,1,4,3370.0,-1,12.779,-12.7,-0.93,-12.02,0,0,DCHG, ,
12810.3,1,1,1,1,4,3375.0,-1,12.778,-12.7,-0.93,-12.04,0,0,DCHG, ,
12815.3,1,1,1,1,4,3380.0,-0.99,12.778,-12.6,-0.93,-12.05,0,0,DCHG, ,
12820.3,1,1,1,1,4,3385.0,-1,12.777,-12.7,-0.93,-12.07,0,0,DCHG, ,
12825.3,1,1,1,1,4,3390.0,-1,12.777,-12.7,-0.94,-12.09,0,0,DCHG, ,
12830.3,1,1,1,1,4,3395.0,-1,12.777,-12.7,-0.94,-12.11,0,0,DCHG, ,
12835.3,1,1,1,1,4,3400.0,-1,12.776,-12.7,-0.94,-12.12,0,0,DCHG, ,
12840.3,1,1,1,1,4,3405.0,-1,12.776,-12.7,-0.94,-12.14,0,0,DCHG, ,
12845.3,1,1,1,1,4,3410.0,-1,12.776,-12.7,-0.94,-12.16,0,0,DCHG, ,
12850.3,1,1,1,1,4,3415.0,-1,12.775,-12.7,-0.94,-12.18,0,0,DCHG, ,
12855.3,1,1,1,1,4,3420.0,-1,12.775,-12.7,-0.94,-12.2,0,0,DCHG, ,
12860.3,1,1,1,1,4,3425.0,-1,12.774,-12.7,-0.95,-12.21,0,0,DCHG, ,
12865.3,1,1,1,1,4,3430.0,-1,12.774,-12.7,-0.95,-12.23,0,0,DCHG, ,
12870.3,1,1,1,1,4,3435.0,-1,12.774,-12.7,-0.95,-12.25,0,0,DCHG, ,
12875.3,1,1,1,1,4,3440.0,-1,12.773,-12.7,-0.95,-12.27,0,0,DCHG, ,
12880.3,1,1,1,1,4,3445.0,-1,12.773,-12.7,-0.95,-12.28,0,0,DCHG, ,
12885.3,1,1,1,1,4,3450.0,-1,12.772,-12.7,-0.95,-12.3,0,0,DCHG, ,
12890.3,1,1,1,1,4,3455.0,-1,12.772,-12.7,-0.95,-12.32,0,0,DCHG, ,
12895.3,1,1,1,1,4,3460.0,-1,12.771,-12.7,-0.96,-12.34,0,0,DCHG, ,
12900.3,1,1,1,1,4,3465.0,-1,12.771,-12.7,-0.96,-12.35,0,0,DCHG, ,
12905.3,1,1,1,1,4,3470.0,-1,12.771,-12.7,-0.96,-12.37,0,0,DCHG, ,
12910.3,1,1,1,1,4,3475.0,-1,12.77,-12.7,-0.96,-12.39,0,0,DCHG, ,
12915.3,1,1,1,1,4,3480.0,-1,12.77,-12.7,-0.96,-12.41,0,0,DCHG, ,
12920.3,1,1,1,1,4,3485.0,-1,12.769,-12.7,-0.96,-12.42,0,0,DCHG, ,
12925.3,1,1,1,1,4,3490.0,-1,12.769,-12.7,-0.96,-12.44,0,0,DCHG, ,
12930.3,1,1,1,1,4,3495.0,-1,12.768,-12.7,-0.97,-12.46,0,0,DCHG, ,
12935.3,1,1,1,1,4,3500.0,-1,12.768,-12.7,-0.97,-12.48,0,0,DCHG, ,
12940.3,1,1,1,1,4,3505.0,-1,12.768,-12.7,-0.97,-12.49,0,0,DCHG, ,
12945.3,1,1,1,1,4,3510.0,-1,12.767,-12.7,-0.97,-12.51,0,0,DCHG, ,
12950.3,1,1,1,1,4,3515.0,-1,12.767,-12.7,-0.97,-12.53,0,0,DCHG, ,
12955.3,1,1,1,1,4,3520.0,-1,12.766,-12.7,-0.97,-12.55,0,0,DCHG, ,
12960.3,1,1,1,1,4,3525.0,-1,12.766,-12.7,-0.97,-12.57,0,0,DCHG, ,
12965.3,1,1,1,1,4,3530.0,-1,12.766,-12.7,-0.97,-12.58,0,0,DCHG, ,
12970.3,1,1,1,1,4,3535.0,-0.99,12.765,-12.6,-0.98,-12.6,0,0,DCHG, ,
12975.3,1,1,1,1,4,3540.0,-1,12.764,-12.7,-0.98,-12.62,0,0,DCHG, ,
12980.3,1,1,1,1,4,3545.0,-1,12.764,-12.7,-0.98,-12.64,0,0,DCHG, ,
12985.3,1,1,1,1,4,3550.0,-1,12.764,-12.7,-0.98,-12.65,0,0,DCHG, ,
12990.3,1,1,1,1,4,3555.0,-1,12.763,-12.7,-0.98,-12.67,0,0,DCHG, ,
12995.3,1,1,1,1,4,3560.0,-1,12.763,-12.7,-0.98,-12.69,0,0,DCHG, ,
13000.3,1,1,1,1,4,3565.0,-1,12.763,-12.7,-0.98,-12.71,0,0,DCHG, ,
13005.3,1,1,1,1,4,3570.0,-1,12.762,-12.7,-0.99,-12.72,0,0,DCHG, ,
13010.3,1,1,1,1,4,3575.0,-1,12.762,-12.7,-0.99,-12.74,0,0,DCHG, ,
13015.3,1,1,1,1,4,3580.0,-1,12.761,-12.7,-0.99,-12.76,0,0,DCHG, ,
13020.3,1,1,1,1,4,3585.0,-1,12.761,-12.7,-0.99,-12.78,0,0,DCHG, ,
13025.3,1,1,1,1,4,3590.0,-1,12.76,-12.7,-0.99,-12.79,0,0,DCHG, ,
13030.3,1,1,1,1,4,3595.0,-1,12.76,-12.7,-0.99,-12.81,0,0,DCHG, ,
13035.3,1,1,1,1,4,3600.0,-1,12.76,-12.7,-0.99,-12.83,0,0,DCHG, ,
13040.3,1,1,1,1,4,3605.0,-1,12.759,-12.7,-1,-12.85,0,0,DCHG, ,
13045.3,1,1,1,1,4,3610.0,-1,12.759,-12.7,-1,-12.87,0,0,DCHG, ,
13050.3,1,1,1,1,4,3615.0,-1,12.758,-12.7,-1,-12.88,0,0,DCHG, ,
13055.3,1,1,1,1,4,3620.0,-1,12.758,-12.7,-1,-12.9,0,0,DCHG, ,
13060.3,1,1,1,1,4,3625.0,-1,12.757,-12.7,-1,-12.92,0,0,DCHG, ,
13065.3,1,1,1,1,4,3630.0,-1,12.757,-12.7,-1,-12.94,0,0,DCHG, ,
13070.3,1,1,1,1,4,3635.0,-1,12.756,-12.7,-1,-12.95,0,0,DCHG, ,
13075.3,1,1,1,1,4,3640.0,-1,12.756,-12.7,-1.01,-12.97,0,0,DCHG, ,
13080.3,1,1,1,1,4,3645.0,-1,12.756,-12.7,-1.01,-12.99,0,0,DCHG, ,
13085.3,1,1,1,1,4,3650.0,-1,12.755,-12.6,-1.01,-13.01,0,0,DCHG, ,
13090.3,1,1,1,1,4,3655.0,-1,12.755,-12.7,-1.01,-13.02,0,0,DCHG, ,
13095.3,1,1,1,1,4,3660.0,-0.99,12.755,-12.6,-1.01,-13.04,0,0,DCHG, ,
13100.3,1,1,1,1,4,3665.0,-1,12.754,-12.7,-1.01,-13.06,0,0,DCHG, ,
13105.3,1,1,1,1,4,3670.0,-1,12.753,-12.7,-1.01,-13.08,0,0,DCHG, ,
13110.3,1,1,1,1,4,3675.0,-1,12.753,-12.7,-1.02,-13.09,0,0,DCHG, ,
13115.3,1,1,1,1,4,3680.0,-1,12.753,-12.7,-1.02,-13.11,0,0,DCHG, ,
13120.3,1,1,1,1,4,3685.0,-0.99,12.752,-12.6,-1.02,-13.13,0,0,DCHG, ,
13125.3,1,1,1,1,4,3690.0,-1,12.752,-12.7,-1.02,-13.15,0,0,DCHG, ,
13130.3,1,1,1,1,4,3695.0,-1,12.751,-12.7,-1.02,-13.16,0,0,DCHG, ,
13135.3,1,1,1,1,4,3700.0,-1,12.751,-12.7,-1.02,-13.18,0,0,DCHG, ,
13140.3,1,1,1,1,4,3705.0,-1,12.751,-12.7,-1.02,-13.2,0,0,DCHG, ,
13145.3,1,1,1,1,4,3710.0,-1,12.75,-12.7,-1.02,-13.22,0,0,DCHG, ,
13150.3,1,1,1,1,4,3715.0,-1,12.749,-12.7,-1.03,-13.24,0,0,DCHG, ,
13155.3,1,1,1,1,4,3720.0,-1,12.749,-12.7,-1.03,-13.25,0,0,DCHG, ,
13160.3,1,1,1,1,4,3725.0,-1,12.749,-12.7,-1.03,-13.27,0,0,DCHG, ,
13165.3,1,1,1,1,4,3730.0,-0.99,12.748,-12.6,-1.03,-13.29,0,0,DCHG, ,
13170.3,1,1,1,1,4,3735.0,-1,12.748,-12.7,-1.03,-13.31,0,0,DCHG, ,
13175.3,1,1,1,1,4,3740.0,-1,12.747,-12.7,-1.03,-13.32,0,0,DCHG, ,
13180.3,1,1,1,1,4,3745.0,-1,12.747,-12.7,-1.03,-13.34,0,0,DCHG, ,
13185.3,1,1,1,1,4,3750.0,-1,12.747,-12.7,-1.04,-13.36,0,0,DCHG, ,
13190.3,1,1,1,1,4,3755.0,-1,12.747,-12.7,-1.04,-13.38,0,0,DCHG, ,
13195.3,1,1,1,1,4,3760.0,-1,12.745,-12.7,-1.04,-13.39,0,0,DCHG, ,
13200.3,1,1,1,1,4,3765.0,-1,12.745,-12.7,-1.04,-13.41,0,0,DCHG, ,
13205.3,1,1,1,1,4,3770.0,-1,12.745,-12.7,-1.04,-13.43,0,0,DCHG, ,
13210.3,1,1,1,1,4,3775.0,-1,12.745,-12.7,-1.04,-13.45,0,0,DCHG, ,
13215.3,1,1,1,1,4,3780.0,-1,12.744,-12.7,-1.04,-13.46,0,0,DCHG, ,
13220.3,1,1,1,1,4,3785.0,-1,12.744,-12.6,-1.05,-13.48,0,0,DCHG, ,
13225.3,1,1,1,1,4,3790.0,-1,12.744,-12.7,-1.05,-13.5,0,0,DCHG, ,
13230.3,1,1,1,1,4,3795.0,-1,12.743,-12.7,-1.05,-13.52,0,0,DCHG, ,
13235.3,1,1,1,1,4,3800.0,-1,12.742,-12.7,-1.05,-13.53,0,0,DCHG, ,
13240.3,1,1,1,1,4,3805.0,-0.99,12.742,-12.6,-1.05,-13.55,0,0,DCHG, ,
13245.3,1,1,1,1,4,3810.0,-1,12.741,-12.7,-1.05,-13.57,0,0,DCHG, ,
13250.3,1,1,1,1,4,3815.0,-1,12.741,-12.7,-1.05,-13.59,0,0,DCHG, ,
13255.3,1,1,1,1,4,3820.0,-1,12.741,-12.7,-1.06,-13.61,0,0,DCHG, ,
13260.3,1,1,1,1,4,3825.0,-1,12.74,-12.7,-1.06,-13.62,0,0,DCHG, ,
13265.3,1,1,1,1,4,3830.0,-1,12.74,-12.7,-1.06,-13.64,0,0,DCHG, ,
13270.3,1,1,1,1,4,3835.0,-1,12.739,-12.7,-1.06,-13.66,0,0,DCHG, ,
13275.3,1,1,1,1,4,3840.0,-1,12.739,-12.7,-1.06,-13.68,0,0,DCHG, ,
13280.3,1,1,1,1,4,3845.0,-1,12.738,-12.7,-1.06,-13.69,0,0,DCHG, ,
13285.3,1,1,1,1,4,3850.0,-1,12.738,-12.7,-1.06,-13.71,0,0,DCHG, ,
13290.3,1,1,1,1,4,3855.0,-1,12.738,-12.7,-1.07,-13.73,0,0,DCHG, ,
13295.3,1,1,1,1,4,3860.0,-1,12.737,-12.7,-1.07,-13.75,0,0,DCHG, ,
13300.3,1,1,1,1,4,3865.0,-1,12.737,-12.7,-1.07,-13.76,0,0,DCHG, ,
13305.3,1,1,1,1,4,3870.0,-1,12.736,-12.7,-1.07,-13.78,0,0,DCHG, ,
13310.3,1,1,1,1,4,3875.0,-1,12.736,-12.7,-1.07,-13.8,0,0,DCHG, ,
13315.3,1,1,1,1,4,3880.0,-1,12.735,-12.7,-1.07,-13.82,0,0,DCHG, ,
13320.3,1,1,1,1,4,3885.0,-1,12.735,-12.7,-1.07,-13.83,0,0,DCHG, ,
13325.3,1,1,1,1,4,3890.0,-1,12.734,-12.7,-1.07,-13.85,0,0,DCHG, ,
13330.3,1,1,1,1,4,3895.0,-1,12.734,-12.7,-1.08,-13.87,0,0,DCHG, ,
13335.3,1,1,1,1,4,3900.0,-1,12.733,-12.7,-1.08,-13.89,0,0,DCHG, ,
13340.3,1,1,1,1,4,3905.0,-1,12.733,-12.7,-1.08,-13.91,0,0,DCHG, ,
13345.3,1,1,1,1,4,3910.0,-1,12.733,-12.7,-1.08,-13.92,0,0,DCHG, ,
13350.3,1,1,1,1,4,3915.0,-1,12.732,-12.7,-1.08,-13.94,0,0,DCHG, ,
13355.3,1,1,1,1,4,3920.0,-1,12.732,-12.7,-1.08,-13.96,0,0,DCHG, ,
13360.3,1,1,1,1,4,3925.0,-1,12.731,-12.7,-1.08,-13.98,0,0,DCHG, ,
13365.3,1,1,1,1,4,3930.0,-1,12.731,-12.7,-1.09,-13.99,0,0,DCHG, ,
13370.3,1,1,1,1,4,3935.0,-1,12.731,-12.6,-1.09,-14.01,0,0,DCHG, ,
13375.3,1,1,1,1,4,3940.0,-1,12.73,-12.7,-1.09,-14.03,0,0,DCHG, ,
13380.3,1,1,1,1,4,3945.0,-1,12.729,-12.7,-1.09,-14.05,0,0,DCHG, ,
13385.3,1,1,1,1,4,3950.0,-1,12.729,-12.7,-1.09,-14.06,0,0,DCHG, ,
13390.3,1,1,1,1,4,3955.0,-1,12.728,-12.7,-1.09,-14.08,0,0,DCHG, ,
13395.3,1,1,1,1,4,3960.0,-1,12.728,-12.6,-1.09,-14.1,0,0,DCHG, ,
13400.3,1,1,1,1,4,3965.0,-1,12.728,-12.7,-1.1,-14.12,0,0,DCHG, ,
13405.3,1,1,1,1,4,3970.0,-1,12.727,-12.7,-1.1,-14.13,0,0,DCHG, ,
13410.3,1,1,1,1,4,3975.0,-1,12.727,-12.6,-1.1,-14.15,0,0,DCHG, ,
13415.3,1,1,1,1,4,3980.0,-0.99,12.727,-12.6,-1.1,-14.17,0,0,DCHG, ,
13420.3,1,1,1,1,4,3985.0,-1,12.726,-12.6,-1.1,-14.19,0,0,DCHG, ,
13425.3,1,1,1,1,4,3990.0,-1,12.726,-12.6,-1.1,-14.2,0,0,DCHG, ,
13430.3,1,1,1,1,4,3995.0,-1,12.725,-12.6,-1.1,-14.22,0,0,DCHG, ,
13435.3,1,1,1,1,4,4000.0,-1,12.725,-12.6,-1.11,-14.24,0,0,DCHG, ,
13440.3,1,1,1,1,4,4005.0,-1,12.725,-12.7,-1.11,-14.26,0,0,DCHG, ,
13445.3,1,1,1,1,4,4010.0,-1,12.724,-12.7,-1.11,-14.27,0,0,DCHG, ,
13450.3,1,1,1,1,4,4015.0,-1,12.724,-12.6,-1.11,-14.29,0,0,DCHG, ,
13455.3,1,1,1,1,4,4020.0,-1,12.723,-12.6,-1.11,-14.31,0,0,DCHG, ,
13460.3,1,1,1,1,4,4025.0,-1,12.723,-12.6,-1.11,-14.33,0,0,DCHG, ,
13465.3,1,1,1,1,4,4030.0,-1,12.722,-12.7,-1.11,-14.34,0,0,DCHG, ,
13470.3,1,1,1,1,4,4035.0,-1,12.722,-12.6,-1.12,-14.36,0,0,DCHG, ,
13475.3,1,1,1,1,4,4040.0,-1,12.721,-12.6,-1.12,-14.38,0,0,DCHG, ,
13480.3,1,1,1,1,4,4045.0,-1,12.721,-12.6,-1.12,-14.4,0,0,DCHG, ,
13485.3,1,1,1,1,4,4050.0,-1,12.72,-12.6,-1.12,-14.41,0,0,DCHG, ,
13490.3,1,1,1,1,4,4055.0,-1,12.72,-12.7,-1.12,-14.43,0,0,DCHG, ,
13495.3,1,1,1,1,4,4060.0,-1,12.719,-12.7,-1.12,-14.45,0,0,DCHG, ,
13500.3,1,1,1,1,4,4065.0,-1,12.718,-12.6,-1.12,-14.47,0,0,DCHG, ,
13505.3,1,1,1,1,4,4070.0,-1,12.718,-12.7,-1.12,-14.48,0,0,DCHG, ,
13510.3,1,1,1,1,4,4075.0,-1,12.718,-12.6,-1.13,-14.5,0,0,DCHG, ,
13515.3,1,1,1,1,4,4080.0,-1,12.718,-12.6,-1.13,-14.52,0,0,DCHG, ,
13520.3,1,1,1,1,4,4085.0,-0.99,12.717,-12.6,-1.13,-14.54,0,0,DCHG, ,
13525.3,1,1,1,1,4,4090.0,-1,12.717,-12.6,-1.13,-14.55,0,0,DCHG, ,
13530.3,1,1,1,1,4,4095.0,-1,12.717,-12.7,-1.13,-14.57,0,0,DCHG, ,
13535.3,1,1,1,1,4,4100.0,-1,12.716,-12.6,-1.13,-14.59,0,0,DCHG, ,
13540.3,1,1,1,1,4,4105.0,-1,12.716,-12.6,-1.13,-14.61,0,0,DCHG, ,
13545.3,1,1,1,1,4,4110.0,-1,12.715,-12.7,-1.14,-14.62,0,0,DCHG, ,
13550.3,1,1,1,1,4,4115.0,-1,12.715,-12.6,-1.14,-14.64,0,0,DCHG, ,
13555.3,1,1,1,1,4,4120.0,-1,12.714,-12.6,-1.14,-14.66,0,0,DCHG, ,
13560.3,1,1,1,1,4,4125.0,-1,12.714,-12.6,-1.14,-14.68,0,0,DCHG, ,
13565.3,1,1,1,1,4,4130.0,-1,12.713,-12.7,-1.14,-14.69,0,0,DCHG, ,
13570.3,1,1,1,1,4,4135.0,-1,12.713,-12.7,-1.14,-14.71,0,0,DCHG, ,
13575.3,1,1,1,1,4,4140.0,-1,12.712,-12.6,-1.14,-14.73,0,0,DCHG, ,
13580.3,1,1,1,1,4,4145.0,-1,12.712,-12.6,-1.15,-14.75,0,0,DCHG, ,
13585.3,1,1,1,1,4,4150.0,-1,12.712,-12.6,-1.15,-14.77,0,0,DCHG, ,
13590.3,1,1,1,1,4,4155.0,-1,12.711,-12.7,-1.15,-14.78,0,0,DCHG, ,
13595.3,1,1,1,1,4,4160.0,-1,12.711,-12.6,-1.15,-14.8,0,0,DCHG, ,
13600.3,1,1,1,1,4,4165.0,-1,12.711,-12.6,-1.15,-14.82,0,0,DCHG, ,
13605.3,1,1,1,1,4,4170.0,-1,12.71,-12.6,-1.15,-14.84,0,0,DCHG, ,
13610.3,1,1,1,1,4,4175.0,-1,12.709,-12.6,-1.15,-14.85,0,0,DCHG, ,
13615.3,1,1,1,1,4,4180.0,-1,12.709,-12.6,-1.16,-14.87,0,0,DCHG, ,
13620.3,1,1,1,1,4,4185.0,-1,12.708,-12.6,-1.16,-14.89,0,0,DCHG, ,
13625.3,1,1,1,1,4,4190.0,-1,12.707,-12.6,-1.16,-14.91,0,0,DCHG, ,
13630.3,1,1,1,1,4,4195.0,-1,12.707,-12.6,-1.16,-14.92,0,0,DCHG, ,
13635.3,1,1,1,1,4,4200.0,-1,12.707,-12.6,-1.16,-14.94,0,0,DCHG, ,
13640.3,1,1,1,1,4,4205.0,-1,12.707,-12.7,-1.16,-14.96,0,0,DCHG, ,
13645.3,1,1,1,1,4,4210.0,-1,12.706,-12.6,-1.16,-14.98,0,0,DCHG, ,
13650.3,1,1,1,1,4,4215.0,-1,12.706,-12.6,-1.16,-14.99,0,0,DCHG, ,
13655.3,1,1,1,1,4,4220.0,-1,12.706,-12.6,-1.17,-15.01,0,0,DCHG, ,
13660.3,1,1,1,1,4,4225.0,-1,12.705,-12.6,-1.17,-15.03,0,0,DCHG, ,
13665.3,1,1,1,1,4,4230.0,-1,12.704,-12.6,-1.17,-15.05,0,0,DCHG, ,
13670.3,1,1,1,1,4,4235.0,-1,12.704,-12.7,-1.17,-15.06,0,0,DCHG, ,
13675.3,1,1,1,1,4,4240.0,-1,12.704,-12.6,-1.17,-15.08,0,0,DCHG, ,
13680.3,1,1,1,1,4,4245.0,-1,12.703,-12.6,-1.17,-15.1,0,0,DCHG, ,
13685.3,1,1,1,1,4,4250.0,-1,12.703,-12.6,-1.17,-15.12,0,0,DCHG, ,
13690.3,1,1,1,1,4,4255.0,-1,12.702,-12.7,-1.18,-15.13,0,0,DCHG, ,
13695.3,1,1,1,1,4,4260.0,-0.99,12.702,-12.6,-1.18,-15.15,0,0,DCHG, ,
13700.3,1,1,1,1,4,4265.0,-1,12.701,-12.7,-1.18,-15.17,0,0,DCHG, ,
13705.3,1,1,1,1,4,4270.0,-1,12.701,-12.6,-1.18,-15.19,0,0,DCHG, ,
13710.3,1,1,1,1,4,4275.0,-1,12.701,-12.6,-1.18,-15.2,0,0,DCHG, ,
13715.3,1,1,1,1,4,4280.0,-1,12.7,-12.6,-1.18,-15.22,0,0,DCHG, ,
13720.3,1,1,1,1,4,4285.0,-1,12.7,-12.6,-1.18,-15.24,0,0,DCHG, ,
13725.3,1,1,1,1,4,4290.0,-1,12.699,-12.6,-1.19,-15.26,0,0,DCHG, ,
13730.3,1,1,1,1,4,4295.0,-0.99,12.699,-12.6,-1.19,-15.27,0,0,DCHG, ,
13735.3,1,1,1,1,4,4300.0,-1,12.698,-12.6,-1.19,-15.29,0,0,DCHG, ,
13740.3,1,1,1,1,4,4305.0,-0.99,12.698,-12.5,-1.19,-15.31,0,0,DCHG, ,
13745.3,1,1,1,1,4,4310.0,-1,12.698,-12.6,-1.19,-15.33,0,0,DCHG, ,
13750.3,1,1,1,1,4,4315.0,-1,12.697,-12.6,-1.19,-15.34,0,0,DCHG, ,
13755.3,1,1,1,1,4,4320.0,-1,12.696,-12.6,-1.19,-15.36,0,0,DCHG, ,
13760.3,1,1,1,1,4,4325.0,-1,12.696,-12.6,-1.2,-15.38,0,0,DCHG, ,
13765.3,1,1,1,1,4,4330.0,-1,12.695,-12.6,-1.2,-15.4,0,0,DCHG, ,
13770.3,1,1,1,1,4,4335.0,-1,12.695,-12.6,-1.2,-15.41,0,0,DCHG, ,
13775.3,1,1,1,1,4,4340.0,-1,12.695,-12.6,-1.2,-15.43,0,0,DCHG, ,
13780.3,1,1,1,1,4,4345.0,-1,12.694,-12.6,-1.2,-15.45,0,0,DCHG, ,
13785.3,1,1,1,1,4,4350.0,-1,12.694,-12.6,-1.2,-15.47,0,0,DCHG, ,
13790.3,1,1,1,1,4,4355.0,-1,12.693,-12.6,-1.2,-15.48,0,0,DCHG, ,
13795.3,1,1,1,1,4,4360.0,-1,12.693,-12.6,-1.21,-15.5,0,0,DCHG, ,
13800.3,1,1,1,1,4,4365.0,-1,12.692,-12.6,-1.21,-15.52,0,0,DCHG, ,
13805.3,1,1,1,1,4,4370.0,-1,12.692,-12.6,-1.21,-15.54,0,0,DCHG, ,
13810.3,1,1,1,1,4,4375.0,-1,12.692,-12.6,-1.21,-15.55,0,0,DCHG, ,
13815.3,1,1,1,1,4,4380.0,-1,12.691,-12.6,-1.21,-15.57,0,0,DCHG, ,
13820.3,1,1,1,1,4,4385.0,-1,12.69,-12.6,-1.21,-15.59,0,0,DCHG, ,
13825.3,1,1,1,1,4,4390.0,-1,12.69,-12.6,-1.21,-15.61,0,0,DCHG, ,
13830.3,1,1,1,1,4,4395.0,-1,12.69,-12.6,-1.21,-15.62,0,0,DCHG, ,
13835.3,1,1,1,1,4,4400.0,-1,12.689,-12.6,-1.22,-15.64,0,0,DCHG, ,
13840.3,1,1,1,1,4,4405.0,-0.99,12.689,-12.5,-1.22,-15.66,0,0,DCHG, ,
13845.3,1,1,1,1,4,4410.0,-0.99,12.689,-12.6,-1.22,-15.68,0,0,DCHG, ,
13850.3,1,1,1,1,4,4415.0,-1,12.688,-12.6,-1.22,-15.69,0,0,DCHG, ,
13855.3,1,1,1,1,4,4420.0,-0.99,12.688,-12.6,-1.22,-15.71,0,0,DCHG, ,
13860.3,1,1,1,1,4,4425.0,-1,12.687,-12.6,-1.22,-15.73,0,0,DCHG, ,
13865.3,1,1,1,1,4,4430.0,-1,12.687,-12.6,-1.22,-15.75,0,0,DCHG, ,
13870.3,1,1,1,1,4,4435.0,-1,12.686,-12.6,-1.23,-15.76,0,0,DCHG, ,
13875.3,1,1,1,1,4,4440.0,-1,12.686,-12.6,-1.23,-15.78,0,0,DCHG, ,
13880.3,1,1,1,1,4,4445.0,-1,12.685,-12.6,-1.23,-15.8,0,0,DCHG, ,
13885.3,1,1,1,1,4,4450.0,-1,12.685,-12.6,-1.23,-15.82,0,0,DCHG, ,
13890.3,1,1,1,1,4,4455.0,-1,12.684,-12.6,-1.23,-15.83,0,0,DCHG, ,
13895.3,1,1,1,1,4,4460.0,-1,12.684,-12.6,-1.23,-15.85,0,0,DCHG, ,
13900.3,1,1,1,1,4,4465.0,-1,12.684,-12.6,-1.23,-15.87,0,0,DCHG, ,
13905.3,1,1,1,1,4,4470.0,-1,12.683,-12.6,-1.24,-15.89,0,0,DCHG, ,
13910.3,1,1,1,1,4,4475.0,-1,12.682,-12.6,-1.24,-15.9,0,0,DCHG, ,
13915.3,1,1,1,1,4,4480.0,-1,12.682,-12.6,-1.24,-15.92,0,0,DCHG, ,
13920.3,1,1,1,1,4,4485.0,-1,12.682,-12.6,-1.24,-15.94,0,0,DCHG, ,
13925.3,1,1,1,1,4,4490.0,-1,12.681,-12.6,-1.24,-15.96,0,0,DCHG, ,
13930.3,1,1,1,1,4,4495.0,-1,12.681,-12.6,-1.24,-15.97,0,0,DCHG, ,
13935.3,1,1,1,1,4,4500.0,-1,12.68,-12.6,-1.24,-15.99,0,0,DCHG, ,
13940.3,1,1,1,1,4,4505.0,-1,12.68,-12.6,-1.25,-16.01,0,0,DCHG, ,
13945.3,1,1,1,1,4,4510.0,-1,12.679,-12.6,-1.25,-16.03,0,0,DCHG, ,
13950.3,1,1,1,1,4,4515.0,-1,12.679,-12.6,-1.25,-16.04,0,0,DCHG, ,
13955.3,1,1,1,1,4,4520.0,-1,12.679,-12.6,-1.25,-16.06,0,0,DCHG, ,
13960.3,1,1,1,1,4,4525.0,-1,12.678,-12.6,-1.25,-16.08,0,0,DCHG, ,
13965.3,1,1,1,1,4,4530.0,-0.99,12.677,-12.5,-1.25,-16.1,0,0,DCHG, ,
13970.3,1,1,1,1,4,4535.0,-1,12.677,-12.6,-1.25,-16.11,0,0,DCHG, ,
13975.3,1,1,1,1,4,4540.0,-1,12.677,-12.6,-1.26,-16.13,0,0,DCHG, ,
13980.3,1,1,1,1,4,4545.0,-1,12.676,-12.6,-1.26,-16.15,0,0,DCHG, ,
13985.3,1,1,1,1,4,4550.0,-1,12.676,-12.6,-1.26,-16.17,0,0,DCHG, ,
13990.3,1,1,1,1,4,4555.0,-1,12.675,-12.6,-1.26,-16.18,0,0,DCHG, ,
13995.3,1,1,1,1,4,4560.0,-1,12.674,-12.6,-1.26,-16.2,0,0,DCHG, ,
14000.3,1,1,1,1,4,4565.0,-1,12.675,-12.6,-1.26,-16.22,0,0,DCHG, ,
14005.3,1,1,1,1,4,4570.0,-1,12.674,-12.6,-1.26,-16.24,0,0,DCHG, ,
14010.3,1,1,1,1,4,4575.0,-1,12.674,-12.6,-1.26,-16.25,0,0,DCHG, ,
14015.3,1,1,1,1,4,4580.0,-1,12.673,-12.6,-1.27,-16.27,0,0,DCHG, ,
14020.3,1,1,1,1,4,4585.0,-1,12.672,-12.6,-1.27,-16.29,0,0,DCHG, ,
14025.3,1,1,1,1,4,4590.0,-1,12.672,-12.6,-1.27,-16.31,0,0,DCHG, ,
14030.3,1,1,1,1,4,4595.0,-1,12.671,-12.6,-1.27,-16.32,0,0,DCHG, ,
14035.3,1,1,1,1,4,4600.0,-1,12.671,-12.6,-1.27,-16.34,0,0,DCHG, ,
14040.3,1,1,1,1,4,4605.0,-0.99,12.671,-12.5,-1.27,-16.36,0,0,DCHG, ,
14045.3,1,1,1,1,4,4610.0,-0.99,12.671,-12.5,-1.27,-16.38,0,0,DCHG, ,
14050.3,1,1,1,1,4,4615.0,-1,12.67,-12.6,-1.28,-16.39,0,0,DCHG, ,
14055.3,1,1,1,1,4,4620.0,-1,12.669,-12.6,-1.28,-16.41,0,0,DCHG, ,
14060.3,1,1,1,1,4,4625.0,-1,12.669,-12.6,-1.28,-16.43,0,0,DCHG, ,
14065.3,1,1,1,1,4,4630.0,-1,12.668,-12.6,-1.28,-16.45,0,0,DCHG, ,
14070.3,1,1,1,1,4,4635.0,-1,12.668,-12.6,-1.28,-16.46,0,0,DCHG, ,
14075.3,1,1,1,1,4,4640.0,-1,12.667,-12.6,-1.28,-16.48,0,0,DCHG, ,
14080.3,1,1,1,1,4,4645.0,-1,12.667,-12.6,-1.28,-16.5,0,0,DCHG, ,
14085.3,1,1,1,1,4,4650.0,-1,12.666,-12.6,-1.29,-16.52,0,0,DCHG, ,
14090.3,1,1,1,1,4,4655.0,-0.99,12.666,-12.5,-1.29,-16.53,0,0,DCHG, ,
14095.3,1,1,1,1,4,4660.0,-1,12.666,-12.6,-1.29,-16.55,0,0,DCHG, ,
14100.3,1,1,1,1,4,4665.0,-1,12.665,-12.6,-1.29,-16.57,0,0,DCHG, ,
14105.3,1,1,1,1,4,4670.0,-1,12.665,-12.6,-1.29,-16.59,0,0,DCHG, ,
14110.3,1,1,1,1,4,4675.0,-1,12.664,-12.6,-1.29,-16.6,0,0,DCHG, ,
14115.3,1,1,1,1,4,4680.0,-1,12.664,-12.6,-1.29,-16.62,0,0,DCHG, ,
14120.3,1,1,1,1,4,4685.0,-0.99,12.663,-12.5,-1.3,-16.64,0,0,DCHG, ,
14125.3,1,1,1,1,4,4690.0,-1,12.663,-12.6,-1.3,-16.66,0,0,DCHG, ,
14130.3,1,1,1,1,4,4695.0,-1,12.663,-12.6,-1.3,-16.67,0,0,DCHG, ,
14135.3,1,1,1,1,4,4700.0,-1,12.662,-12.6,-1.3,-16.69,0,0,DCHG, ,
14140.3,1,1,1,1,4,4705.0,-1,12.662,-12.6,-1.3,-16.71,0,0,DCHG, ,
14145.3,1,1,1,1,4,4710.0,-1,12.661,-12.6,-1.3,-16.72,0,0,DCHG, ,
14150.3,1,1,1,1,4,4715.0,-1,12.661,-12.6,-1.3,-16.74,0,0,DCHG, ,
14155.3,1,1,1,1,4,4720.0,-1,12.66,-12.6,-1.31,-16.76,0,0,DCHG, ,
14160.3,1,1,1,1,4,4725.0,-1,12.66,-12.6,-1.31,-16.78,0,0,DCHG, ,
14165.3,1,1,1,1,4,4730.0,-1,12.659,-12.6,-1.31,-16.79,0,0,DCHG, ,
14170.3,1,1,1,1,4,4735.0,-1,12.659,-12.6,-1.31,-16.81,0,0,DCHG, ,
14175.3,1,1,1,1,4,4740.0,-1,12.659,-12.6,-1.31,-16.83,0,0,DCHG, ,
14180.3,1,1,1,1,4,4745.0,-1,12.658,-12.6,-1.31,-16.85,0,0,DCHG, ,
14185.3,1,1,1,1,4,4750.0,-1,12.657,-12.6,-1.31,-16.86,0,0,DCHG, ,
14190.3,1,1,1,1,4,4755.0,-1,12.657,-12.6,-1.31,-16.88,0,0,DCHG, ,
14195.3,1,1,1,1,4,4760.0,-1,12.656,-12.6,-1.32,-16.9,0,0,DCHG, ,
14200.3,1,1,1,1,4,4765.0,-1,12.656,-12.6,-1.32,-16.92,0,0,DCHG, ,
14205.3,1,1,1,1,4,4770.0,-1,12.655,-12.6,-1.32,-16.93,0,0,DCHG, ,
14210.3,1,1,1,1,4,4775.0,-1,12.655,-12.6,-1.32,-16.95,0,0,DCHG, ,
14215.3,1,1,1,1,4,4780.0,-1,12.655,-12.6,-1.32,-16.97,0,0,DCHG, ,
14220.3,1,1,1,1,4,4785.0,-1,12.654,-12.6,-1.32,-16.99,0,0,DCHG, ,
14225.3,1,1,1,1,4,4790.0,-1,12.654,-12.6,-1.32,-17,0,0,DCHG, ,
14230.3,1,1,1,1,4,4795.0,-1,12.653,-12.6,-1.33,-17.02,0,0,DCHG, ,
14235.3,1,1,1,1,4,4800.0,-1,12.652,-12.6,-1.33,-17.04,0,0,DCHG, ,
14240.3,1,1,1,1,4,4805.0,-1,12.652,-12.6,-1.33,-17.06,0,0,DCHG, ,
14245.3,1,1,1,1,4,4810.0,-1,12.652,-12.6,-1.33,-17.07,0,0,DCHG, ,
14250.3,1,1,1,1,4,4815.0,-1,12.651,-12.5,-1.33,-17.09,0,0,DCHG, ,
14255.3,1,1,1,1,4,4820.0,-1,12.651,-12.6,-1.33,-17.11,0,0,DCHG, ,
14260.3,1,1,1,1,4,4825.0,-1,12.651,-12.6,-1.33,-17.13,0,0,DCHG, ,
14265.3,1,1,1,1,4,4830.0,-1,12.65,-12.6,-1.34,-17.14,0,0,DCHG, ,
14270.3,1,1,1,1,4,4835.0,-0.99,12.65,-12.5,-1.34,-17.16,0,0,DCHG, ,
14275.3,1,1,1,1,4,4840.0,-1,12.649,-12.6,-1.34,-17.18,0,0,DCHG, ,
14280.3,1,1,1,1,4,4845.0,-1,12.649,-12.6,-1.34,-17.2,0,0,DCHG, ,
14285.3,1,1,1,1,4,4850.0,-1,12.648,-12.6,-1.34,-17.21,0,0,DCHG, ,
14290.3,1,1,1,1,4,4855.0,-1,12.648,-12.6,-1.34,-17.23,0,0,DCHG, ,
14295.3,1,1,1,1,4,4860.0,-1,12.647,-12.6,-1.34,-17.25,0,0,DCHG, ,
14300.3,1,1,1,1,4,4865.0,-1,12.646,-12.6,-1.35,-17.27,0,0,DCHG, ,
14305.3,1,1,1,1,4,4870.0,-1,12.646,-12.6,-1.35,-17.28,0,0,DCHG, ,
14310.3,1,1,1,1,4,4875.0,-1,12.645,-12.6,-1.35,-17.3,0,0,DCHG, ,
14315.3,1,1,1,1,4,4880.0,-1,12.645,-12.6,-1.35,-17.32,0,0,DCHG, ,
14320.3,1,1,1,1,4,4885.0,-1,12.644,-12.6,-1.35,-17.34,0,0,DCHG, ,
14325.3,1,1,1,1,4,4890.0,-1,12.644,-12.6,-1.35,-17.35,0,0,DCHG, ,
14330.3,1,1,1,1,4,4895.0,-1,12.644,-12.6,-1.35,-17.37,0,0,DCHG, ,
14335.3,1,1,1,1,4,4900.0,-1,12.643,-12.6,-1.36,-17.39,0,0,DCHG, ,
14340.3,1,1,1,1,4,4905.0,-1,12.643,-12.5,-1.36,-17.41,0,0,DCHG, ,
14345.3,1,1,1,1,4,4910.0,-1,12.642,-12.6,-1.36,-17.42,0,0,DCHG, ,
14350.3,1,1,1,1,4,4915.0,-1,12.642,-12.6,-1.36,-17.44,0,0,DCHG, ,
14355.3,1,1,1,1,4,4920.0,-0.99,12.641,-12.5,-1.36,-17.46,0,0,DCHG, ,
14360.3,1,1,1,1,4,4925.0,-1,12.641,-12.6,-1.36,-17.48,0,0,DCHG, ,
14365.3,1,1,1,1,4,4930.0,-1,12.64,-12.6,-1.36,-17.49,0,0,DCHG, ,
14370.3,1,1,1,1,4,4935.0,-1,12.64,-12.6,-1.36,-17.51,0,0,DCHG, ,
14375.3,1,1,1,1,4,4940.0,-1,12.64,-12.6,-1.37,-17.53,0,0,DCHG, ,
14380.3,1,1,1,1,4,4945.0,-1,12.639,-12.6,-1.37,-17.55,0,0,DCHG, ,
14385.3,1,1,1,1,4,4950.0,-1,12.639,-12.6,-1.37,-17.56,0,0,DCHG, ,
14390.3,1,1,1,1,4,4955.0,-1,12.638,-12.6,-1.37,-17.58,0,0,DCHG, ,
14395.3,1,1,1,1,4,4960.0,-1,12.638,-12.6,-1.37,-17.6,0,0,DCHG, ,
14400.3,1,1,1,1,4,4965.0,-1,12.637,-12.6,-1.37,-17.62,0,0,DCHG, ,
14405.3,1,1,1,1,4,4970.0,-1,12.637,-12.6,-1.37,-17.63,0,0,DCHG, ,
14410.3,1,1,1,1,4,4975.0,-1,12.636,-12.6,-1.38,-17.65,0,0,DCHG, ,
14415.3,1,1,1,1,4,4980.0,-1,12.636,-12.6,-1.38,-17.67,0,0,DCHG, ,
14420.3,1,1,1,1,4,4985.0,-1,12.635,-12.6,-1.38,-17.69,0,0,DCHG, ,
14425.3,1,1,1,1,4,4990.0,-1,12.635,-12.6,-1.38,-17.7,0,0,DCHG, ,
14430.3,1,1,1,1,4,4995.0,-1,12.634,-12.6,-1.38,-17.72,0,0,DCHG, ,
14435.3,1,1,1,1,4,5000.0,-1,12.634,-12.5,-1.38,-17.74,0,0,DCHG, ,
14440.3,1,1,1,1,4,5005.0,-1,12.633,-12.6,-1.38,-17.76,0,0,DCHG, ,
14445.3,1,1,1,1,4,5010.0,-1,12.633,-12.6,-1.39,-17.77,0,0,DCHG, ,
14450.3,1,1,1,1,4,5015.0,-1,12.632,-12.6,-1.39,-17.79,0,0,DCHG, ,
14455.3,1,1,1,1,4,5020.0,-0.99,12.632,-12.5,-1.39,-17.81,0,0,DCHG, ,
14460.3,1,1,1,1,4,5025.0,-1,12.631,-12.6,-1.39,-17.83,0,0,DCHG, ,
14465.3,1,1,1,1,4,5030.0,-1,12.631,-12.6,-1.39,-17.84,0,0,DCHG, ,
14470.3,1,1,1,1,4,5035.0,-1,12.631,-12.6,-1.39,-17.86,0,0,DCHG, ,
14475.3,1,1,1,1,4,5040.0,-1,12.63,-12.6,-1.39,-17.88,0,0,DCHG, ,
14480.3,1,1,1,1,4,5045.0,-1,12.63,-12.6,-1.4,-17.9,0,0,DCHG, ,
14485.3,1,1,1,1,4,5050.0,-1,12.629,-12.6,-1.4,-17.91,0,0,DCHG, ,
14490.3,1,1,1,1,4,5055.0,-1,12.629,-12.6,-1.4,-17.93,0,0,DCHG, ,
14495.3,1,1,1,1,4,5060.0,-1,12.628,-12.6,-1.4,-17.95,0,0,DCHG, ,
14500.3,1,1,1,1,4,5065.0,-1,12.628,-12.6,-1.4,-17.97,0,0,DCHG, ,
14505.3,1,1,1,1,4,5070.0,-1,12.628,-12.6,-1.4,-17.98,0,0,DCHG, ,
14510.3,1,1,1,1,4,5075.0,-1,12.627,-12.6,-1.4,-18,0,0,DCHG, ,
14515.3,1,1,1,1,4,5080.0,-1,12.626,-12.5,-1.41,-18.02,0,0,DCHG, ,
14520.3,1,1,1,1,4,5085.0,-1,12.625,-12.6,-1.41,-18.04,0,0,DCHG, ,
14525.3,1,1,1,1,4,5090.0,-1,12.625,-12.5,-1.41,-18.05,0,0,DCHG, ,
14530.3,1,1,1,1,4,5095.0,-1,12.624,-12.5,-1.41,-18.07,0,0,DCHG, ,
14535.3,1,1,1,1,4,5100.0,-1,12.624,-12.6,-1.41,-18.09,0,0,DCHG, ,
14540.3,1,1,1,1,4,5105.0,-1,12.624,-12.5,-1.41,-18.11,0,0,DCHG, ,
14545.3,1,1,1,1,4,5110.0,-1,12.623,-12.5,-1.41,-18.12,0,0,DCHG, ,
14550.3,1,1,1,1,4,5115.0,-1,12.623,-12.5,-1.41,-18.14,0,0,DCHG, ,
14555.3,1,1,1,1,4,5120.0,-1,12.622,-12.6,-1.42,-18.16,0,0,DCHG, ,
14560.3,1,1,1,1,4,5125.0,-1,12.622,-12.5,-1.42,-18.18,0,0,DCHG, ,
14565.3,1,1,1,1,4,5130.0,-1,12.622,-12.5,-1.42,-18.19,0,0,DCHG, ,
14570.3,1,1,1,1,4,5135.0,-1,12.621,-12.5,-1.42,-18.21,0,0,DCHG, ,
14575.3,1,1,1,1,4,5140.0,-1,12.621,-12.5,-1.42,-18.23,0,0,DCHG, ,
14580.3,1,1,1,1,4,5145.0,-1,12.62,-12.5,-1.42,-18.24,0,0,DCHG, ,
14585.3,1,1,1,1,4,5150.0,-1,12.62,-12.5,-1.42,-18.26,0,0,DCHG, ,
14590.3,1,1,1,1,4,5155.0,-1,12.619,-12.5,-1.43,-18.28,0,0,DCHG, ,
14595.3,1,1,1,1,4,5160.0,-1,12.618,-12.5,-1.43,-18.3,0,0,DCHG, ,
14600.3,1,1,1,1,4,5165.0,-1,12.618,-12.5,-1.43,-18.31,0,0,DCHG, ,
14605.3,1,1,1,1,4,5170.0,-1,12.618,-12.5,-1.43,-18.33,0,0,DCHG, ,
14610.3,1,1,1,1,4,5175.0,-0.99,12.618,-12.5,-1.43,-18.35,0,0,DCHG, ,
14615.3,1,1,1,1,4,5180.0,-1,12.617,-12.5,-1.43,-18.37,0,0,DCHG, ,
14620.3,1,1,1,1,4,5185.0,-1,12.616,-12.6,-1.43,-18.38,0,0,DCHG, ,
14625.3,1,1,1,1,4,5190.0,-1,12.616,-12.5,-1.44,-18.4,0,0,DCHG, ,
14630.3,1,1,1,1,4,5195.0,-1,12.616,-12.6,-1.44,-18.42,0,0,DCHG, ,
14635.3,1,1,1,1,4,5200.0,-1,12.615,-12.5,-1.44,-18.44,0,0,DCHG, ,
14640.3,1,1,1,1,4,5205.0,-1,12.614,-12.5,-1.44,-18.45,0,0,DCHG, ,
14645.3,1,1,1,1,4,5210.0,-1,12.614,-12.5,-1.44,-18.47,0,0,DCHG, ,
14650.3,1,1,1,1,4,5215.0,-1,12.613,-12.5,-1.44,-18.49,0,0,DCHG, ,
14655.3,1,1,1,1,4,5220.0,-1,12.613,-12.5,-1.44,-18.51,0,0,DCHG, ,
14660.3,1,1,1,1,4,5225.0,-1,12.612,-12.5,-1.45,-18.52,0,0,DCHG, ,
14665.3,1,1,1,1,4,5230.0,-1,12.612,-12.5,-1.45,-18.54,0,0,DCHG, ,
14670.3,1,1,1,1,4,5235.0,-1,12.612,-12.5,-1.45,-18.56,0,0,DCHG, ,
14675.3,1,1,1,1,4,5240.0,-1,12.611,-12.5,-1.45,-18.58,0,0,DCHG, ,
14680.3,1,1,1,1,4,5245.0,-1,12.611,-12.5,-1.45,-18.59,0,0,DCHG, ,
14685.3,1,1,1,1,4,5250.0,-1,12.61,-12.5,-1.45,-18.61,0,0,DCHG, ,
14690.3,1,1,1,1,4,5255.0,-1,12.61,-12.5,-1.45,-18.63,0,0,DCHG, ,
14695.3,1,1,1,1,4,5260.0,-1,12.609,-12.5,-1.46,-18.64,0,0,DCHG, ,
14700.3,1,1,1,1,4,5265.0,-1,12.609,-12.5,-1.46,-18.66,0,0,DCHG, ,
14705.3,1,1,1,1,4,5270.0,-1,12.608,-12.5,-1.46,-18.68,0,0,DCHG, ,
14710.3,1,1,1,1,4,5275.0,-1,12.607,-12.5,-1.46,-18.7,0,0,DCHG, ,
14715.3,1,1,1,1,4,5280.0,-1,12.607,-12.6,-1.46,-18.71,0,0,DCHG, ,
14720.3,1,1,1,1,4,5285.0,-1,12.606,-12.5,-1.46,-18.73,0,0,DCHG, ,
14725.3,1,1,1,1,4,5290.0,-1,12.606,-12.5,-1.46,-18.75,0,0,DCHG, ,
14730.3,1,1,1,1,4,5295.0,-1,12.605,-12.5,-1.46,-18.77,0,0,DCHG, ,
14735.3,1,1,1,1,4,5300.0,-1,12.605,-12.5,-1.47,-18.78,0,0,DCHG, ,
14740.3,1,1,1,1,4,5305.0,-1,12.605,-12.5,-1.47,-18.8,0,0,DCHG, ,
14745.3,1,1,1,1,4,5310.0,-1,12.604,-12.5,-1.47,-18.82,0,0,DCHG, ,
14750.3,1,1,1,1,4,5315.0,-1,12.604,-12.5,-1.47,-18.84,0,0,DCHG, ,
14755.3,1,1,1,1,4,5320.0,-1,12.603,-12.5,-1.47,-18.85,0,0,DCHG, ,
14760.3,1,1,1,1,4,5325.0,-1,12.603,-12.5,-1.47,-18.87,0,0,DCHG, ,
14765.3,1,1,1,1,4,5330.0,-0.99,12.602,-12.5,-1.47,-18.89,0,0,DCHG, ,
14770.3,1,1,1,1,4,5335.0,-1,12.602,-12.5,-1.48,-18.91,0,0,DCHG, ,
14775.3,1,1,1,1,4,5340.0,-1,12.601,-12.5,-1.48,-18.92,0,0,DCHG, ,
14780.3,1,1,1,1,4,5345.0,-1,12.601,-12.6,-1.48,-18.94,0,0,DCHG, ,
14785.3,1,1,1,1,4,5350.0,-1,12.601,-12.5,-1.48,-18.96,0,0,DCHG, ,
14788.4,1,1,1,1,4,5353.1,-0.01,12.716,-0.2,-1.48,-18.97,0,0,DCHG,Z,
14790.3,1,1,1,1,4,5355.0,-1,12.641,-12.6,-1.48,-18.97,0,0,DCHG, ,
14795.3,1,1,1,1,4,5360.0,-1,12.615,-12.5,-1.48,-18.99,0,0,DCHG, ,
14800.3,1,1,1,1,4,5365.0,-1,12.606,-12.5,-1.48,-19.01,0,0,DCHG, ,
14805.3,1,1,1,1,4,5370.0,-1,12.603,-12.5,-1.49,-19.03,0,0,DCHG, ,
14810.3,1,1,1,1,4,5375.0,-1,12.6,-12.5,-1.49,-19.04,0,0,DCHG, ,
14815.3,1,1,1,1,4,5380.0,-1,12.599,-12.5,-1.49,-19.06,0,0,DCHG, ,
14820.3,1,1,1,1,4,5385.0,-1,12.598,-12.5,-1.49,-19.08,0,0,DCHG, ,
14825.3,1,1,1,1,4,5390.0,-1,12.597,-12.5,-1.49,-19.1,0,0,DCHG, ,
14830.3,1,1,1,1,4,5395.0,-1,12.597,-12.5,-1.49,-19.11,0,0,DCHG, ,
14835.3,1,1,1,1,4,5400.0,-1,12.595,-12.5,-1.49,-19.13,0,0,DCHG, ,
14840.3,1,1,1,1,4,5405.0,-1,12.595,-12.5,-1.5,-19.15,0,0,DCHG, ,
14845.3,1,1,1,1,4,5410.0,-1,12.594,-12.5,-1.5,-19.17,0,0,DCHG, ,
14850.3,1,1,1,1,4,5415.0,-1,12.594,-12.5,-1.5,-19.18,0,0,DCHG, ,
14855.3,1,1,1,1,4,5420.0,-0.99,12.594,-12.4,-1.5,-19.2,0,0,DCHG, ,
14860.3,1,1,1,1,4,5425.0,-0.99,12.593,-12.4,-1.5,-19.22,0,0,DCHG, ,
14865.3,1,1,1,1,4,5430.0,-1,12.593,-12.5,-1.5,-19.23,0,0,DCHG, ,
14870.3,1,1,1,1,4,5435.0,-1,12.592,-12.5,-1.5,-19.25,0,0,DCHG, ,
14875.3,1,1,1,1,4,5440.0,-1,12.592,-12.5,-1.5,-19.27,0,0,DCHG, ,
14880.3,1,1,1,1,4,5445.0,-1,12.591,-12.5,-1.51,-19.29,0,0,DCHG, ,
14885.3,1,1,1,1,4,5450.0,-1,12.591,-12.5,-1.51,-19.3,0,0,DCHG, ,
14890.3,1,1,1,1,4,5455.0,-1,12.59,-12.5,-1.51,-19.32,0,0,DCHG, ,
14895.3,1,1,1,1,4,5460.0,-1,12.589,-12.5,-1.51,-19.34,0,0,DCHG, ,
14900.3,1,1,1,1,4,5465.0,-1,12.59,-12.5,-1.51,-19.36,0,0,DCHG, ,
14905.3,1,1,1,1,4,5470.0,-1,12.589,-12.5,-1.51,-19.37,0,0,DCHG, ,
14910.3,1,1,1,1,4,5475.0,-1,12.588,-12.5,-1.51,-19.39,0,0,DCHG, ,
14915.3,1,1,1,1,4,5480.0,-1,12.588,-12.5,-1.52,-19.41,0,0,DCHG, ,
14920.3,1,1,1,1,4,5485.0,-1,12.588,-12.5,-1.52,-19.43,0,0,DCHG, ,
14925.3,1,1,1,1,4,5490.0,-1,12.587,-12.5,-1.52,-19.44,0,0,DCHG, ,
14930.3,1,1,1,1,4,5495.0,-1,12.587,-12.5,-1.52,-19.46,0,0,DCHG, ,
14935.3,1,1,1,1,4,5500.0,-1,12.586,-12.5,-1.52,-19.48,0,0,DCHG, ,
14940.3,1,1,1,1,4,5505.0,-1,12.585,-12.5,-1.52,-19.5,0,0,DCHG, ,
14945.3,1,1,1,1,4,5510.0,-1,12.585,-12.5,-1.52,-19.51,0,0,DCHG, ,
14950.3,1,1,1,1,4,5515.0,-0.99,12.585,-12.4,-1.53,-19.53,0,0,DCHG, ,
14955.3,1,1,1,1,4,5520.0,-1,12.584,-12.5,-1.53,-19.55,0,0,DCHG, ,
14960.3,1,1,1,1,4,5525.0,-1,12.584,-12.5,-1.53,-19.56,0,0,DCHG, ,
14965.3,1,1,1,1,4,5530.0,-1,12.583,-12.5,-1.53,-19.58,0,0,DCHG, ,
14970.3,1,1,1,1,4,5535.0,-1,12.582,-12.5,-1.53,-19.6,0,0,DCHG, ,
14975.3,1,1,1,1,4,5540.0,-1,12.582,-12.5,-1.53,-19.62,0,0,DCHG, ,
14980.3,1,1,1,1,4,5545.0,-1,12.581,-12.5,-1.53,-19.63,0,0,DCHG, ,
14985.3,1,1,1,1,4,5550.0,-1,12.581,-12.5,-1.54,-19.65,0,0,DCHG, ,
14990.3,1,1,1,1,4,5555.0,-1,12.581,-12.5,-1.54,-19.67,0,0,DCHG, ,
14995.3,1,1,1,1,4,5560.0,-1,12.58,-12.5,-1.54,-19.69,0,0,DCHG, ,
15000.3,1,1,1,1,4,5565.0,-1,12.579,-12.5,-1.54,-19.7,0,0,DCHG, ,
15005.3,1,1,1,1,4,5570.0,-1,12.579,-12.5,-1.54,-19.72,0,0,DCHG, ,
15010.3,1,1,1,1,4,5575.0,-1,12.578,-12.5,-1.54,-19.74,0,0,DCHG, ,
15015.3,1,1,1,1,4,5580.0,-1,12.578,-12.5,-1.54,-19.76,0,0,DCHG, ,
15020.3,1,1,1,1,4,5585.0,-1,12.577,-12.5,-1.55,-19.77,0,0,DCHG, ,
15025.3,1,1,1,1,4,5590.0,-1,12.577,-12.5,-1.55,-19.79,0,0,DCHG, ,
15030.3,1,1,1,1,4,5595.0,-1,12.577,-12.5,-1.55,-19.81,0,0,DCHG, ,
15035.3,1,1,1,1,4,5600.0,-0.99,12.576,-12.4,-1.55,-19.82,0,0,DCHG, ,
15040.3,1,1,1,1,4,5605.0,-1,12.576,-12.5,-1.55,-19.84,0,0,DCHG, ,
15045.3,1,1,1,1,4,5610.0,-1,12.575,-12.5,-1.55,-19.86,0,0,DCHG, ,
15050.3,1,1,1,1,4,5615.0,-1,12.575,-12.5,-1.55,-19.88,0,0,DCHG, ,
15055.3,1,1,1,1,4,5620.0,-1,12.574,-12.5,-1.55,-19.89,0,0,DCHG, ,
15060.3,1,1,1,1,4,5625.0,-1,12.574,-12.5,-1.56,-19.91,0,0,DCHG, ,
15065.3,1,1,1,1,4,5630.0,-0.99,12.573,-12.4,-1.56,-19.93,0,0,DCHG, ,
15070.3,1,1,1,1,4,5635.0,-1,12.573,-12.5,-1.56,-19.95,0,0,DCHG, ,
15075.3,1,1,1,1,4,5640.0,-1,12.572,-12.5,-1.56,-19.96,0,0,DCHG, ,
15080.3,1,1,1,1,4,5645.0,-1,12.572,-12.5,-1.56,-19.98,0,0,DCHG, ,
15085.3,1,1,1,1,4,5650.0,-1,12.571,-12.5,-1.56,-20,0,0,DCHG, ,
15090.3,1,1,1,1,4,5655.0,-1,12.571,-12.5,-1.56,-20.02,0,0,DCHG, ,
15095.3,1,1,1,1,4,5660.0,-1,12.57,-12.5,-1.57,-20.03,0,0,DCHG, ,
15100.3,1,1,1,1,4,5665.0,-1,12.57,-12.5,-1.57,-20.05,0,0,DCHG, ,
15105.3,1,1,1,1,4,5670.0,-1,12.57,-12.5,-1.57,-20.07,0,0,DCHG, ,
15110.3,1,1,1,1,4,5675.0,-1,12.569,-12.5,-1.57,-20.09,0,0,DCHG, ,
15115.3,1,1,1,1,4,5680.0,-0.99,12.569,-12.4,-1.57,-20.1,0,0,DCHG, ,
15120.3,1,1,1,1,4,5685.0,-1,12.568,-12.5,-1.57,-20.12,0,0,DCHG, ,
15125.3,1,1,1,1,4,5690.0,-1,12.568,-12.5,-1.57,-20.14,0,0,DCHG, ,
15130.3,1,1,1,1,4,5695.0,-1,12.567,-12.5,-1.58,-20.15,0,0,DCHG, ,
15135.3,1,1,1,1,4,5700.0,-1,12.567,-12.5,-1.58,-20.17,0,0,DCHG, ,
15140.3,1,1,1,1,4,5705.0,-1,12.566,-12.5,-1.58,-20.19,0,0,DCHG, ,
15145.3,1,1,1,1,4,5710.0,-1,12.566,-12.5,-1.58,-20.21,0,0,DCHG, ,
15150.3,1,1,1,1,4,5715.0,-1,12.565,-12.5,-1.58,-20.22,0,0,DCHG, ,
15155.3,1,1,1,1,4,5720.0,-1,12.565,-12.5,-1.58,-20.24,0,0,DCHG, ,
15160.3,1,1,1,1,4,5725.0,-1,12.564,-12.5,-1.58,-20.26,0,0,DCHG, ,
15165.3,1,1,1,1,4,5730.0,-1,12.563,-12.5,-1.59,-20.28,0,0,DCHG, ,
15170.3,1,1,1,1,4,5735.0,-1,12.562,-12.5,-1.59,-20.29,0,0,DCHG, ,
15175.3,1,1,1,1,4,5740.0,-1,12.563,-12.5,-1.59,-20.31,0,0,DCHG, ,
15180.3,1,1,1,1,4,5745.0,-1,12.562,-12.5,-1.59,-20.33,0,0,DCHG, ,
15185.3,1,1,1,1,4,5750.0,-1,12.562,-12.5,-1.59,-20.35,0,0,DCHG, ,
15190.3,1,1,1,1,4,5755.0,-1,12.561,-12.5,-1.59,-20.36,0,0,DCHG, ,
15195.3,1,1,1,1,4,5760.0,-1,12.561,-12.5,-1.59,-20.38,0,0,DCHG, ,
15200.3,1,1,1,1,4,5765.0,-1,12.56,-12.5,-1.6,-20.4,0,0,DCHG, ,
15205.3,1,1,1,1,4,5770.0,-1,12.56,-12.5,-1.6,-20.41,0,0,DCHG, ,
15210.3,1,1,1,1,4,5775.0,-1,12.559,-12.5,-1.6,-20.43,0,0,DCHG, ,
15215.3,1,1,1,1,4,5780.0,-1,12.559,-12.5,-1.6,-20.45,0,0,DCHG, ,
15220.3,1,1,1,1,4,5785.0,-1,12.558,-12.5,-1.6,-20.47,0,0,DCHG, ,
15225.3,1,1,1,1,4,5790.0,-1,12.557,-12.5,-1.6,-20.48,0,0,DCHG, ,
15230.3,1,1,1,1,4,5795.0,-1,12.557,-12.5,-1.6,-20.5,0,0,DCHG, ,
15235.3,1,1,1,1,4,5800.0,-1,12.557,-12.5,-1.6,-20.52,0,0,DCHG, ,
15240.3,1,1,1,1,4,5805.0,-1,12.556,-12.5,-1.61,-20.54,0,0,DCHG, ,
15245.3,1,1,1,1,4,5810.0,-0.99,12.556,-12.4,-1.61,-20.55,0,0,DCHG, ,
15250.3,1,1,1,1,4,5815.0,-0.99,12.555,-12.4,-1.61,-20.57,0,0,DCHG, ,
15255.3,1,1,1,1,4,5820.0,-1,12.555,-12.5,-1.61,-20.59,0,0,DCHG, ,
15260.3,1,1,1,1,4,5825.0,-1,12.554,-12.5,-1.61,-20.61,0,0,DCHG, ,
15265.3,1,1,1,1,4,5830.0,-1,12.553,-12.5,-1.61,-20.62,0,0,DCHG, ,
15270.3,1,1,1,1,4,5835.0,-1,12.553,-12.5,-1.61,-20.64,0,0,DCHG, ,
15275.3,1,1,1,1,4,5840.0,-1,12.553,-12.5,-1.62,-20.66,0,0,DCHG, ,
15280.3,1,1,1,1,4,5845.0,-1,12.553,-12.5,-1.62,-20.68,0,0,DCHG, ,
15285.3,1,1,1,1,4,5850.0,-1,12.552,-12.5,-1.62,-20.69,0,0,DCHG, ,
15290.3,1,1,1,1,4,5855.0,-1,12.551,-12.5,-1.62,-20.71,0,0,DCHG, ,
15295.3,1,1,1,1,4,5860.0,-1,12.551,-12.5,-1.62,-20.73,0,0,DCHG, ,
15300.3,1,1,1,1,4,5865.0,-1,12.55,-12.5,-1.62,-20.74,0,0,DCHG, ,
15305.3,1,1,1,1,4,5870.0,-1,12.55,-12.5,-1.62,-20.76,0,0,DCHG, ,
15310.3,1,1,1,1,4,5875.0,-1,12.549,-12.5,-1.63,-20.78,0,0,DCHG, ,
15315.3,1,1,1,1,4,5880.0,-1,12.549,-12.5,-1.63,-20.8,0,0,DCHG, ,
15320.3,1,1,1,1,4,5885.0,-1,12.548,-12.5,-1.63,-20.81,0,0,DCHG, ,
15325.3,1,1,1,1,4,5890.0,-1,12.548,-12.5,-1.63,-20.83,0,0,DCHG, ,
15330.3,1,1,1,1,4,5895.0,-1,12.547,-12.4,-1.63,-20.85,0,0,DCHG, ,
15335.3,1,1,1,1,4,5900.0,-1,12.546,-12.5,-1.63,-20.87,0,0,DCHG, ,
15340.3,1,1,1,1,4,5905.0,-1,12.546,-12.5,-1.63,-20.88,0,0,DCHG, ,
15345.3,1,1,1,1,4,5910.0,-1,12.546,-12.5,-1.64,-20.9,0,0,DCHG, ,
15350.3,1,1,1,1,4,5915.0,-1,12.545,-12.5,-1.64,-20.92,0,0,DCHG, ,
15355.3,1,1,1,1,4,5920.0,-1,12.545,-12.5,-1.64,-20.94,0,0,DCHG, ,
15360.3,1,1,1,1,4,5925.0,-1,12.544,-12.5,-1.64,-20.95,0,0,DCHG, ,
15365.3,1,1,1,1,4,5930.0,-1,12.544,-12.5,-1.64,-20.97,0,0,DCHG, ,
15370.3,1,1,1,1,4,5935.0,-1,12.544,-12.5,-1.64,-20.99,0,0,DCHG, ,
15375.3,1,1,1,1,4,5940.0,-1,12.543,-12.5,-1.64,-21,0,0,DCHG, ,
15380.3,1,1,1,1,4,5945.0,-1,12.542,-12.5,-1.65,-21.02,0,0,DCHG, ,
15385.3,1,1,1,1,4,5950.0,-0.99,12.542,-12.4,-1.65,-21.04,0,0,DCHG, ,
15390.3,1,1,1,1,4,5955.0,-1,12.541,-12.5,-1.65,-21.06,0,0,DCHG, ,
15395.3,1,1,1,1,4,5960.0,-1,12.541,-12.5,-1.65,-21.07,0,0,DCHG, ,
15400.3,1,1,1,1,4,5965.0,-1,12.54,-12.5,-1.65,-21.09,0,0,DCHG, ,
15405.3,1,1,1,1,4,5970.0,-1,12.54,-12.5,-1.65,-21.11,0,0,DCHG, ,
15410.3,1,1,1,1,4,5975.0,-1,12.54,-12.5,-1.65,-21.13,0,0,DCHG, ,
15415.3,1,1,1,1,4,5980.0,-1,12.539,-12.5,-1.65,-21.14,0,0,DCHG, ,
15420.3,1,1,1,1,4,5985.0,-1,12.538,-12.5,-1.66,-21.16,0,0,DCHG, ,
15425.3,1,1,1,1,4,5990.0,-1,12.538,-12.4,-1.66,-21.18,0,0,DCHG, ,
15430.3,1,1,1,1,4,5995.0,-1,12.537,-12.5,-1.66,-21.2,0,0,DCHG, ,
15435.3,1,1,1,1,4,6000.0,-1,12.537,-12.5,-1.66,-21.21,0,0,DCHG, ,
15440.3,1,1,1,1,4,6005.0,-1,12.536,-12.5,-1.66,-21.23,0,0,DCHG, ,
15445.3,1,1,1,1,4,6010.0,-1,12.536,-12.5,-1.66,-21.25,0,0,DCHG, ,
15450.3,1,1,1,1,4,6015.0,-1,12.535,-12.5,-1.66,-21.26,0,0,DCHG, ,
15455.3,1,1,1,1,4,6020.0,-1,12.535,-12.5,-1.67,-21.28,0,0,DCHG, ,
15460.3,1,1,1,1,4,6025.0,-1,12.534,-12.5,-1.67,-21.3,0,0,DCHG, ,
15465.3,1,1,1,1,4,6030.0,-0.99,12.534,-12.4,-1.67,-21.32,0,0,DCHG, ,
15470.3,1,1,1,1,4,6035.0,-1,12.534,-12.5,-1.67,-21.33,0,0,DCHG, ,
15475.3,1,1,1,1,4,6040.0,-1,12.533,-12.5,-1.67,-21.35,0,0,DCHG, ,
15480.3,1,1,1,1,4,6045.0,-1,12.532,-12.5,-1.67,-21.37,0,0,DCHG, ,
15485.3,1,1,1,1,4,6050.0,-1,12.532,-12.5,-1.67,-21.39,0,0,DCHG, ,
15490.3,1,1,1,1,4,6055.0,-1,12.532,-12.5,-1.68,-21.4,0,0,DCHG, ,
15495.3,1,1,1,1,4,6060.0,-1,12.532,-12.5,-1.68,-21.42,0,0,DCHG, ,
15500.3,1,1,1,1,4,6065.0,-1,12.531,-12.5,-1.68,-21.44,0,0,DCHG, ,
15505.3,1,1,1,1,4,6070.0,-1,12.53,-12.5,-1.68,-21.46,0,0,DCHG, ,
15510.3,1,1,1,1,4,6075.0,-1,12.53,-12.5,-1.68,-21.47,0,0,DCHG, ,
15515.3,1,1,1,1,4,6080.0,-1,12.529,-12.5,-1.68,-21.49,0,0,DCHG, ,
15520.3,1,1,1,1,4,6085.0,-1,12.528,-12.5,-1.68,-21.51,0,0,DCHG, ,
15525.3,1,1,1,1,4,6090.0,-1,12.528,-12.5,-1.69,-21.53,0,0,DCHG, ,
15530.3,1,1,1,1,4,6095.0,-1,12.528,-12.5,-1.69,-21.54,0,0,DCHG, ,
15535.3,1,1,1,1,4,6100.0,-1,12.527,-12.5,-1.69,-21.56,0,0,DCHG, ,
15540.3,1,1,1,1,4,6105.0,-1,12.527,-12.5,-1.69,-21.58,0,0,DCHG, ,
15545.3,1,1,1,1,4,6110.0,-1,12.526,-12.5,-1.69,-21.59,0,0,DCHG, ,
15550.3,1,1,1,1,4,6115.0,-1,12.526,-12.5,-1.69,-21.61,0,0,DCHG, ,
15555.3,1,1,1,1,4,6120.0,-1,12.525,-12.4,-1.69,-21.63,0,0,DCHG, ,
15560.3,1,1,1,1,4,6125.0,-1,12.525,-12.5,-1.7,-21.65,0,0,DCHG, ,
15565.3,1,1,1,1,4,6130.0,-1,12.525,-12.4,-1.7,-21.66,0,0,DCHG, ,
15570.3,1,1,1,1,4,6135.0,-0.99,12.524,-12.4,-1.7,-21.68,0,0,DCHG, ,
15575.3,1,1,1,1,4,6140.0,-1,12.523,-12.5,-1.7,-21.7,0,0,DCHG, ,
15580.3,1,1,1,1,4,6145.0,-1,12.523,-12.5,-1.7,-21.72,0,0,DCHG, ,
15585.3,1,1,1,1,4,6150.0,-1,12.522,-12.4,-1.7,-21.73,0,0,DCHG, ,
15590.3,1,1,1,1,4,6155.0,-1,12.522,-12.4,-1.7,-21.75,0,0,DCHG, ,
15595.3,1,1,1,1,4,6160.0,-1,12.521,-12.4,-1.7,-21.77,0,0,DCHG, ,
15600.3,1,1,1,1,4,6165.0,-1,12.521,-12.4,-1.71,-21.78,0,0,DCHG, ,
15605.3,1,1,1,1,4,6170.0,-1,12.521,-12.4,-1.71,-21.8,0,0,DCHG, ,
15610.3,1,1,1,1,4,6175.0,-0.99,12.52,-12.4,-1.71,-21.82,0,0,DCHG, ,
15615.3,1,1,1,1,4,6180.0,-1,12.519,-12.4,-1.71,-21.84,0,0,DCHG, ,
15620.3,1,1,1,1,4,6185.0,-1,12.519,-12.4,-1.71,-21.85,0,0,DCHG, ,
15625.3,1,1,1,1,4,6190.0,-0.99,12.518,-12.4,-1.71,-21.87,0,0,DCHG, ,
15630.3,1,1,1,1,4,6195.0,-1,12.518,-12.4,-1.71,-21.89,0,0,DCHG, ,
15635.3,1,1,1,1,4,6200.0,-1,12.517,-12.4,-1.72,-21.9,0,0,DCHG, ,
15640.3,1,1,1,1,4,6205.0,-1,12.517,-12.4,-1.72,-21.92,0,0,DCHG, ,
15645.3,1,1,1,1,4,6210.0,-1,12.516,-12.4,-1.72,-21.94,0,0,DCHG, ,
15650.3,1,1,1,1,4,6215.0,-0.99,12.515,-12.4,-1.72,-21.96,0,0,DCHG, ,
15655.3,1,1,1,1,4,6220.0,-0.99,12.515,-12.4,-1.72,-21.97,0,0,DCHG, ,
15660.3,1,1,1,1,4,6225.0,-1,12.515,-12.4,-1.72,-21.99,0,0,DCHG, ,
15665.3,1,1,1,1,4,6230.0,-1,12.514,-12.4,-1.72,-22.01,0,0,DCHG, ,
15670.3,1,1,1,1,4,6235.0,-1,12.514,-12.4,-1.73,-22.03,0,0,DCHG, ,
15675.3,1,1,1,1,4,6240.0,-1,12.513,-12.5,-1.73,-22.04,0,0,DCHG, ,
15680.3,1,1,1,1,4,6245.0,-1,12.513,-12.4,-1.73,-22.06,0,0,DCHG, ,
15685.3,1,1,1,1,4,6250.0,-1,12.513,-12.4,-1.73,-22.08,0,0,DCHG, ,
15690.3,1,1,1,1,4,6255.0,-1,12.512,-12.5,-1.73,-22.09,0,0,DCHG, ,
15695.3,1,1,1,1,4,6260.0,-1,12.511,-12.4,-1.73,-22.11,0,0,DCHG, ,
15700.3,1,1,1,1,4,6265.0,-1,12.511,-12.4,-1.73,-22.13,0,0,DCHG, ,
15705.3,1,1,1,1,4,6270.0,-1,12.511,-12.4,-1.74,-22.15,0,0,DCHG, ,
15710.3,1,1,1,1,4,6275.0,-1,12.51,-12.4,-1.74,-22.16,0,0,DCHG, ,
15715.3,1,1,1,1,4,6280.0,-1,12.509,-12.4,-1.74,-22.18,0,0,DCHG, ,
15720.3,1,1,1,1,4,6285.0,-1,12.509,-12.4,-1.74,-22.2,0,0,DCHG, ,
15725.3,1,1,1,1,4,6290.0,-1,12.509,-12.4,-1.74,-22.22,0,0,DCHG, ,
15730.3,1,1,1,1,4,6295.0,-1,12.508,-12.4,-1.74,-22.23,0,0,DCHG, ,
15735.3,1,1,1,1,4,6300.0,-1,12.507,-12.4,-1.74,-22.25,0,0,DCHG, ,
15740.3,1,1,1,1,4,6305.0,-1,12.507,-12.4,-1.75,-22.27,0,0,DCHG, ,
15745.3,1,1,1,1,4,6310.0,-1,12.507,-12.4,-1.75,-22.28,0,0,DCHG, ,
15750.3,1,1,1,1,4,6315.0,-1,12.507,-12.4,-1.75,-22.3,0,0,DCHG, ,
15755.3,1,1,1,1,4,6320.0,-1,12.506,-12.4,-1.75,-22.32,0,0,DCHG, ,
15760.3,1,1,1,1,4,6325.0,-1,12.505,-12.4,-1.75,-22.34,0,0,DCHG, ,
15765.3,1,1,1,1,4,6330.0,-1,12.505,-12.4,-1.75,-22.35,0,0,DCHG, ,
15770.3,1,1,1,1,4,6335.0,-1,12.504,-12.4,-1.75,-22.37,0,0,DCHG, ,
15775.3,1,1,1,1,4,6340.0,-1,12.504,-12.4,-1.75,-22.39,0,0,DCHG, ,
15780.3,1,1,1,1,4,6345.0,-1,12.503,-12.4,-1.76,-22.41,0,0,DCHG, ,
15785.3,1,1,1,1,4,6350.0,-1,12.503,-12.4,-1.76,-22.42,0,0,DCHG, ,
15790.3,1,1,1,1,4,6355.0,-1,12.502,-12.4,-1.76,-22.44,0,0,DCHG, ,
15795.3,1,1,1,1,4,6360.0,-1,12.502,-12.4,-1.76,-22.46,0,0,DCHG, ,
15800.3,1,1,1,1,4,6365.0,-1,12.501,-12.4,-1.76,-22.47,0,0,DCHG, ,
15805.3,1,1,1,1,4,6370.0,-0.99,12.501,-12.4,-1.76,-22.49,0,0,DCHG, ,
15810.3,1,1,1,1,4,6375.0,-1,12.5,-12.4,-1.76,-22.51,0,0,DCHG, ,
15815.3,1,1,1,1,4,6380.0,-1,12.5,-12.4,-1.77,-22.53,0,0,DCHG, ,
15820.3,1,1,1,1,4,6385.0,-1,12.499,-12.4,-1.77,-22.54,0,0,DCHG, ,
15825.3,1,1,1,1,4,6390.0,-1,12.499,-12.4,-1.77,-22.56,0,0,DCHG, ,
15830.3,1,1,1,1,4,6395.0,-1,12.498,-12.4,-1.77,-22.58,0,0,DCHG, ,
15835.3,1,1,1,1,4,6400.0,-1,12.498,-12.4,-1.77,-22.59,0,0,DCHG, ,
15840.3,1,1,1,1,4,6405.0,-1,12.498,-12.4,-1.77,-22.61,0,0,DCHG, ,
15845.3,1,1,1,1,4,6410.0,-1,12.497,-12.4,-1.77,-22.63,0,0,DCHG, ,
15850.3,1,1,1,1,4,6415.0,-1,12.497,-12.4,-1.78,-22.65,0,0,DCHG, ,
15855.3,1,1,1,1,4,6420.0,-1,12.497,-12.4,-1.78,-22.66,0,0,DCHG, ,
15860.3,1,1,1,1,4,6425.0,-1,12.496,-12.4,-1.78,-22.68,0,0,DCHG, ,
15865.3,1,1,1,1,4,6430.0,-1,12.495,-12.4,-1.78,-22.7,0,0,DCHG, ,
15870.3,1,1,1,1,4,6435.0,-1,12.494,-12.4,-1.78,-22.72,0,0,DCHG, ,
15875.3,1,1,1,1,4,6440.0,-1,12.494,-12.4,-1.78,-22.73,0,0,DCHG, ,
15880.3,1,1,1,1,4,6445.0,-0.99,12.494,-12.3,-1.78,-22.75,0,0,DCHG, ,
15885.3,1,1,1,1,4,6450.0,-1,12.493,-12.4,-1.79,-22.77,0,0,DCHG, ,
15890.3,1,1,1,1,4,6455.0,-1,12.493,-12.4,-1.79,-22.78,0,0,DCHG, ,
15895.3,1,1,1,1,4,6460.0,-1,12.492,-12.4,-1.79,-22.8,0,0,DCHG, ,
15900.3,1,1,1,1,4,6465.0,-1,12.492,-12.4,-1.79,-22.82,0,0,DCHG, ,
15905.3,1,1,1,1,4,6470.0,-1,12.491,-12.4,-1.79,-22.84,0,0,DCHG, ,
15910.3,1,1,1,1,4,6475.0,-0.99,12.491,-12.3,-1.79,-22.85,0,0,DCHG, ,
15915.3,1,1,1,1,4,6480.0,-1,12.49,-12.4,-1.79,-22.87,0,0,DCHG, ,
15920.3,1,1,1,1,4,6485.0,-1,12.49,-12.4,-1.8,-22.89,0,0,DCHG, ,
15925.3,1,1,1,1,4,6490.0,-1,12.49,-12.4,-1.8,-22.9,0,0,DCHG, ,
15930.3,1,1,1,1,4,6495.0,-1,12.489,-12.4,-1.8,-22.92,0,0,DCHG, ,
15935.3,1,1,1,1,4,6500.0,-1,12.488,-12.4,-1.8,-22.94,0,0,DCHG, ,
15940.3,1,1,1,1,4,6505.0,-1,12.488,-12.4,-1.8,-22.96,0,0,DCHG, ,
15945.3,1,1,1,1,4,6510.0,-1,12.487,-12.4,-1.8,-22.97,0,0,DCHG, ,
15950.3,1,1,1,1,4,6515.0,-1,12.487,-12.4,-1.8,-22.99,0,0,DCHG, ,
15955.3,1,1,1,1,4,6520.0,-1,12.487,-12.4,-1.8,-23.01,0,0,DCHG, ,
15960.3,1,1,1,1,4,6525.0,-1,12.486,-12.4,-1.81,-23.03,0,0,DCHG, ,
15965.3,1,1,1,1,4,6530.0,-1,12.486,-12.4,-1.81,-23.04,0,0,DCHG, ,
15970.3,1,1,1,1,4,6535.0,-1,12.486,-12.4,-1.81,-23.06,0,0,DCHG, ,
15975.3,1,1,1,1,4,6540.0,-1,12.485,-12.4,-1.81,-23.08,0,0,DCHG, ,
15980.3,1,1,1,1,4,6545.0,-1,12.484,-12.4,-1.81,-23.09,0,0,DCHG, ,
15985.3,1,1,1,1,4,6550.0,-1,12.484,-12.4,-1.81,-23.11,0,0,DCHG, ,
15990.3,1,1,1,1,4,6555.0,-1,12.484,-12.4,-1.81,-23.13,0,0,DCHG, ,
15995.3,1,1,1,1,4,6560.0,-1,12.483,-12.4,-1.82,-23.15,0,0,DCHG, ,
16000.3,1,1,1,1,4,6565.0,-1,12.483,-12.4,-1.82,-23.16,0,0,DCHG, ,
16005.3,1,1,1,1,4,6570.0,-0.99,12.482,-12.3,-1.82,-23.18,0,0,DCHG, ,
16010.3,1,1,1,1,4,6575.0,-1,12.482,-12.4,-1.82,-23.2,0,0,DCHG, ,
16015.3,1,1,1,1,4,6580.0,-1,12.482,-12.4,-1.82,-23.21,0,0,DCHG, ,
16020.3,1,1,1,1,4,6585.0,-1,12.481,-12.4,-1.82,-23.23,0,0,DCHG, ,
16025.3,1,1,1,1,4,6590.0,-1,12.481,-12.4,-1.82,-23.25,0,0,DCHG, ,
16030.3,1,1,1,1,4,6595.0,-1,12.481,-12.4,-1.83,-23.27,0,0,DCHG, ,
16035.3,1,1,1,1,4,6600.0,-1,12.479,-12.4,-1.83,-23.28,0,0,DCHG, ,
16040.3,1,1,1,1,4,6605.0,-1,12.48,-12.4,-1.83,-23.3,0,0,DCHG, ,
16045.3,1,1,1,1,4,6610.0,-1,12.479,-12.4,-1.83,-23.32,0,0,DCHG, ,
16050.3,1,1,1,1,4,6615.0,-1,12.478,-12.4,-1.83,-23.33,0,0,DCHG, ,
16055.3,1,1,1,1,4,6620.0,-0.99,12.478,-12.3,-1.83,-23.35,0,0,DCHG, ,
16060.3,1,1,1,1,4,6625.0,-0.99,12.478,-12.3,-1.83,-23.37,0,0,DCHG, ,
16065.3,1,1,1,1,4,6630.0,-1,12.476,-12.4,-1.84,-23.39,0,0,DCHG, ,
16070.3,1,1,1,1,4,6635.0,-1,12.476,-12.4,-1.84,-23.4,0,0,DCHG, ,
16075.3,1,1,1,1,4,6640.0,-0.99,12.476,-12.3,-1.84,-23.42,0,0,DCHG, ,
16080.3,1,1,1,1,4,6645.0,-1,12.475,-12.4,-1.84,-23.44,0,0,DCHG, ,
16085.3,1,1,1,1,4,6650.0,-1,12.475,-12.4,-1.84,-23.46,0,0,DCHG, ,
16090.3,1,1,1,1,4,6655.0,-1,12.475,-12.4,-1.84,-23.47,0,0,DCHG, ,
16095.3,1,1,1,1,4,6660.0,-1,12.474,-12.4,-1.84,-23.49,0,0,DCHG, ,
16100.3,1,1,1,1,4,6665.0,-1,12.474,-12.4,-1.84,-23.51,0,0,DCHG, ,
16105.3,1,1,1,1,4,6670.0,-0.99,12.473,-12.3,-1.85,-23.52,0,0,DCHG, ,
16110.3,1,1,1,1,4,6675.0,-1,12.473,-12.4,-1.85,-23.54,0,0,DCHG, ,
16115.3,1,1,1,1,4,6680.0,-1,12.472,-12.4,-1.85,-23.56,0,0,DCHG, ,
16120.3,1,1,1,1,4,6685.0,-0.99,12.472,-12.3,-1.85,-23.58,0,0,DCHG, ,
16125.3,1,1,1,1,4,6690.0,-1,12.471,-12.4,-1.85,-23.59,0,0,DCHG, ,
16130.3,1,1,1,1,4,6695.0,-1,12.471,-12.4,-1.85,-23.61,0,0,DCHG, ,
16135.3,1,1,1,1,4,6700.0,-1,12.47,-12.4,-1.85,-23.63,0,0,DCHG, ,
16140.3,1,1,1,1,4,6705.0,-1,12.47,-12.4,-1.86,-23.64,0,0,DCHG, ,
16145.3,1,1,1,1,4,6710.0,-1,12.47,-12.4,-1.86,-23.66,0,0,DCHG, ,
16150.3,1,1,1,1,4,6715.0,-1,12.469,-12.4,-1.86,-23.68,0,0,DCHG, ,
16155.3,1,1,1,1,4,6720.0,-1,12.469,-12.4,-1.86,-23.7,0,0,DCHG, ,
16160.3,1,1,1,1,4,6725.0,-1,12.468,-12.4,-1.86,-23.71,0,0,DCHG, ,
16165.3,1,1,1,1,4,6730.0,-1,12.468,-12.4,-1.86,-23.73,0,0,DCHG, ,
16170.3,1,1,1,1,4,6735.0,-1,12.467,-12.4,-1.86,-23.75,0,0,DCHG, ,
16175.3,1,1,1,1,4,6740.0,-1,12.466,-12.4,-1.87,-23.77,0,0,DCHG, ,
16180.3,1,1,1,1,4,6745.0,-1,12.466,-12.4,-1.87,-23.78,0,0,DCHG, ,
16185.3,1,1,1,1,4,6750.0,-0.99,12.466,-12.3,-1.87,-23.8,0,0,DCHG, ,
16190.3,1,1,1,1,4,6755.0,-1,12.465,-12.4,-1.87,-23.82,0,0,DCHG, ,
16195.3,1,1,1,1,4,6760.0,-0.99,12.465,-12.3,-1.87,-23.83,0,0,DCHG, ,
16200.3,1,1,1,1,4,6765.0,-1,12.464,-12.4,-1.87,-23.85,0,0,DCHG, ,
16205.3,1,1,1,1,4,6770.0,-1,12.464,-12.4,-1.87,-23.87,0,0,DCHG, ,
16210.3,1,1,1,1,4,6775.0,-1,12.463,-12.4,-1.88,-23.89,0,0,DCHG, ,
16215.3,1,1,1,1,4,6780.0,-1,12.463,-12.4,-1.88,-23.9,0,0,DCHG, ,
16220.3,1,1,1,1,4,6785.0,-1,12.462,-12.4,-1.88,-23.92,0,0,DCHG, ,
16225.3,1,1,1,1,4,6790.0,-1,12.462,-12.4,-1.88,-23.94,0,0,DCHG, ,
16230.3,1,1,1,1,4,6795.0,-1,12.462,-12.4,-1.88,-23.95,0,0,DCHG, ,
16235.3,1,1,1,1,4,6800.0,-1,12.461,-12.4,-1.88,-23.97,0,0,DCHG, ,
16240.3,1,1,1,1,4,6805.0,-1,12.461,-12.4,-1.88,-23.99,0,0,DCHG, ,
16245.3,1,1,1,1,4,6810.0,-1,12.46,-12.4,-1.89,-24.01,0,0,DCHG, ,
16250.3,1,1,1,1,4,6815.0,-1,12.46,-12.4,-1.89,-24.02,0,0,DCHG, ,
16255.3,1,1,1,1,4,6820.0,-1,12.46,-12.4,-1.89,-24.04,0,0,DCHG, ,
16260.3,1,1,1,1,4,6825.0,-1,12.459,-12.4,-1.89,-24.06,0,0,DCHG, ,
16265.3,1,1,1,1,4,6830.0,-1,12.459,-12.4,-1.89,-24.08,0,0,DCHG, ,
16270.3,1,1,1,1,4,6835.0,-1,12.458,-12.4,-1.89,-24.09,0,0,DCHG, ,
16275.3,1,1,1,1,4,6840.0,-1,12.458,-12.4,-1.89,-24.11,0,0,DCHG, ,
16280.3,1,1,1,1,4,6845.0,-1,12.457,-12.4,-1.89,-24.13,0,0,DCHG, ,
16285.3,1,1,1,1,4,6850.0,-1,12.457,-12.4,-1.9,-24.14,0,0,DCHG, ,
16290.3,1,1,1,1,4,6855.0,-1,12.457,-12.4,-1.9,-24.16,0,0,DCHG, ,
16295.3,1,1,1,1,4,6860.0,-0.99,12.456,-12.3,-1.9,-24.18,0,0,DCHG, ,
16300.3,1,1,1,1,4,6865.0,-1,12.455,-12.4,-1.9,-24.2,0,0,DCHG, ,
16305.3,1,1,1,1,4,6870.0,-1,12.455,-12.4,-1.9,-24.21,0,0,DCHG, ,
16310.3,1,1,1,1,4,6875.0,-1,12.455,-12.4,-1.9,-24.23,0,0,DCHG, ,
16315.3,1,1,1,1,4,6880.0,-1,12.454,-12.4,-1.9,-24.25,0,0,DCHG, ,
16320.3,1,1,1,1,4,6885.0,-1,12.454,-12.4,-1.91,-24.26,0,0,DCHG, ,
16325.3,1,1,1,1,4,6890.0,-1,12.453,-12.4,-1.91,-24.28,0,0,DCHG, ,
16330.3,1,1,1,1,4,6895.0,-1,12.453,-12.4,-1.91,-24.3,0,0,DCHG, ,
16335.3,1,1,1,1,4,6900.0,-1,12.453,-12.4,-1.91,-24.32,0,0,DCHG, ,
16340.3,1,1,1,1,4,6905.0,-1,12.452,-12.4,-1.91,-24.33,0,0,DCHG, ,
16345.3,1,1,1,1,4,6910.0,-1,12.452,-12.4,-1.91,-24.35,0,0,DCHG, ,
16350.3,1,1,1,1,4,6915.0,-1,12.451,-12.4,-1.91,-24.37,0,0,DCHG, ,
16355.3,1,1,1,1,4,6920.0,-0.99,12.451,-12.3,-1.92,-24.38,0,0,DCHG, ,
16360.3,1,1,1,1,4,6925.0,-1,12.451,-12.4,-1.92,-24.4,0,0,DCHG, ,
16365.3,1,1,1,1,4,6930.0,-0.99,12.45,-12.3,-1.92,-24.42,0,0,DCHG, ,
16370.3,1,1,1,1,4,6935.0,-1,12.45,-12.4,-1.92,-24.44,0,0,DCHG, ,
16375.3,1,1,1,1,4,6940.0,-1,12.449,-12.4,-1.92,-24.45,0,0,DCHG, ,
16380.3,1,1,1,1,4,6945.0,-0.99,12.449,-12.3,-1.92,-24.47,0,0,DCHG, ,
16385.3,1,1,1,1,4,6950.0,-1,12.448,-12.4,-1.92,-24.49,0,0,DCHG, ,
16390.3,1,1,1,1,4,6955.0,-1,12.448,-12.4,-1.93,-24.51,0,0,DCHG, ,
16395.3,1,1,1,1,4,6960.0,-1,12.447,-12.4,-1.93,-24.52,0,0,DCHG, ,
16400.3,1,1,1,1,4,6965.0,-1,12.447,-12.4,-1.93,-24.54,0,0,DCHG, ,
16405.3,1,1,1,1,4,6970.0,-1,12.446,-12.4,-1.93,-24.56,0,0,DCHG, ,
16410.3,1,1,1,1,4,6975.0,-1,12.446,-12.4,-1.93,-24.57,0,0,DCHG, ,
16415.3,1,1,1,1,4,6980.0,-1,12.446,-12.4,-1.93,-24.59,0,0,DCHG, ,
16420.3,1,1,1,1,4,6985.0,-1,12.445,-12.4,-1.93,-24.61,0,0,DCHG, ,
16425.3,1,1,1,1,4,6990.0,-1,12.445,-12.4,-1.94,-24.63,0,0,DCHG, ,
16430.3,1,1,1,1,4,6995.0,-0.99,12.445,-12.3,-1.94,-24.64,0,0,DCHG, ,
16435.3,1,1,1,1,4,7000.0,-1,12.444,-12.4,-1.94,-24.66,0,0,DCHG, ,
16440.3,1,1,1,1,4,7005.0,-1,12.444,-12.4,-1.94,-24.68,0,0,DCHG, ,
16445.3,1,1,1,1,4,7010.0,-1,12.443,-12.4,-1.94,-24.69,0,0,DCHG, ,
16450.3,1,1,1,1,4,7015.0,-1,12.443,-12.3,-1.94,-24.71,0,0,DCHG, ,
16455.3,1,1,1,1,4,7020.0,-1,12.443,-12.3,-1.94,-24.73,0,0,DCHG, ,
16460.3,1,1,1,1,4,7025.0,-0.99,12.442,-12.3,-1.94,-24.75,0,0,DCHG, ,
16465.3,1,1,1,1,4,7030.0,-1,12.442,-12.4,-1.95,-24.76,0,0,DCHG, ,
16470.3,1,1,1,1,4,7035.0,-1,12.441,-12.4,-1.95,-24.78,0,0,DCHG, ,
16475.3,1,1,1,1,4,7040.0,-1,12.44,-12.4,-1.95,-24.8,0,0,DCHG, ,
16480.3,1,1,1,1,4,7045.0,-1,12.441,-12.4,-1.95,-24.82,0,0,DCHG, ,
16485.3,1,1,1,1,4,7050.0,-1,12.44,-12.4,-1.95,-24.83,0,0,DCHG, ,
16490.3,1,1,1,1,4,7055.0,-1,12.44,-12.4,-1.95,-24.85,0,0,DCHG, ,
16495.3,1,1,1,1,4,7060.0,-1,12.439,-12.4,-1.95,-24.87,0,0,DCHG, ,
16500.3,1,1,1,1,4,7065.0,-1,12.439,-12.4,-1.96,-24.88,0,0,DCHG, ,
16505.3,1,1,1,1,4,7070.0,-1,12.438,-12.3,-1.96,-24.9,0,0,DCHG, ,
16510.3,1,1,1,1,4,7075.0,-1,12.438,-12.4,-1.96,-24.92,0,0,DCHG, ,
16515.3,1,1,1,1,4,7080.0,-1,12.437,-12.4,-1.96,-24.94,0,0,DCHG, ,
16520.3,1,1,1,1,4,7085.0,-1,12.436,-12.4,-1.96,-24.95,0,0,DCHG, ,
16525.3,1,1,1,1,4,7090.0,-1,12.436,-12.4,-1.96,-24.97,0,0,DCHG, ,
16530.3,1,1,1,1,4,7095.0,-1,12.436,-12.4,-1.96,-24.99,0,0,DCHG, ,
16535.3,1,1,1,1,4,7100.0,-1,12.436,-12.4,-1.97,-25,0,0,DCHG, ,
16540.3,1,1,1,1,4,7105.0,-1,12.435,-12.4,-1.97,-25.02,0,0,DCHG, ,
16545.3,1,1,1,1,4,7110.0,-1,12.435,-12.4,-1.97,-25.04,0,0,DCHG, ,
16550.3,1,1,1,1,4,7115.0,-1,12.434,-12.4,-1.97,-25.06,0,0,DCHG, ,
16555.3,1,1,1,1,4,7120.0,-1,12.434,-12.4,-1.97,-25.07,0,0,DCHG, ,
16560.3,1,1,1,1,4,7125.0,-1,12.434,-12.4,-1.97,-25.09,0,0,DCHG, ,
16565.3,1,1,1,1,4,7130.0,-1,12.433,-12.4,-1.97,-25.11,0,0,DCHG, ,
16570.3,1,1,1,1,4,7135.0,-1,12.433,-12.4,-1.98,-25.12,0,0,DCHG, ,
16575.3,1,1,1,1,4,7140.0,-1,12.433,-12.4,-1.98,-25.14,0,0,DCHG, ,
16580.3,1,1,1,1,4,7145.0,-1,12.432,-12.4,-1.98,-25.16,0,0,DCHG, ,
16585.3,1,1,1,1,4,7150.0,-0.99,12.432,-12.3,-1.98,-25.18,0,0,DCHG, ,
16590.3,1,1,1,1,4,7155.0,-1,12.431,-12.4,-1.98,-25.19,0,0,DCHG, ,
16595.3,1,1,1,1,4,7160.0,-1,12.431,-12.4,-1.98,-25.21,0,0,DCHG, ,
16600.3,1,1,1,1,4,7165.0,-1,12.431,-12.4,-1.98,-25.23,0,0,DCHG, ,
16605.3,1,1,1,1,4,7170.0,-1,12.43,-12.4,-1.99,-25.25,0,0,DCHG, ,
16610.3,1,1,1,1,4,7175.0,-1,12.43,-12.4,-1.99,-25.26,0,0,DCHG, ,
16615.3,1,1,1,1,4,7180.0,-1,12.43,-12.4,-1.99,-25.28,0,0,DCHG, ,
16620.3,1,1,1,1,4,7185.0,-1,12.429,-12.4,-1.99,-25.3,0,0,DCHG, ,
16625.3,1,1,1,1,4,7190.0,-1,12.429,-12.4,-1.99,-25.31,0,0,DCHG, ,
16630.3,1,1,1,1,4,7195.0,-0.99,12.428,-12.3,-1.99,-25.33,0,0,DCHG, ,
16635.3,1,1,1,1,4,7200.0,-1,12.428,-12.4,-1.99,-25.35,0,0,DCHG, ,
16640.3,1,1,1,1,4,7205.0,-1,12.428,-12.4,-1.99,-25.37,0,0,DCHG, ,
16645.3,1,1,1,1,4,7210.0,-1,12.427,-12.4,-2,-25.38,0,0,DCHG, ,
16650.3,1,1,1,1,4,7215.0,-1,12.427,-12.4,-2,-25.4,0,0,DCHG, ,
16655.3,1,1,1,1,4,7220.0,-1,12.427,-12.4,-2,-25.42,0,0,DCHG, ,
16660.3,1,1,1,1,4,7225.0,-1,12.426,-12.4,-2,-25.43,0,0,DCHG, ,
16665.3,1,1,1,1,4,7230.0,-1,12.425,-12.4,-2,-25.45,0,0,DCHG, ,
16670.3,1,1,1,1,4,7235.0,-1,12.425,-12.4,-2,-25.47,0,0,DCHG, ,
16675.3,1,1,1,1,4,7240.0,-1,12.424,-12.3,-2,-25.49,0,0,DCHG, ,
16680.3,1,1,1,1,4,7245.0,-1,12.425,-12.4,-2.01,-25.5,0,0,DCHG, ,
16685.3,1,1,1,1,4,7250.0,-1,12.424,-12.4,-2.01,-25.52,0,0,DCHG, ,
16690.3,1,1,1,1,4,7255.0,-1,12.424,-12.4,-2.01,-25.54,0,0,DCHG, ,
16695.3,1,1,1,1,4,7260.0,-1,12.423,-12.3,-2.01,-25.55,0,0,DCHG, ,
16700.3,1,1,1,1,4,7265.0,-1,12.423,-12.3,-2.01,-25.57,0,0,DCHG, ,
16705.3,1,1,1,1,4,7270.0,-1,12.423,-12.3,-2.01,-25.59,0,0,DCHG, ,
16710.3,1,1,1,1,4,7275.0,-1,12.422,-12.3,-2.01,-25.61,0,0,DCHG, ,
16715.3,1,1,1,1,4,7280.0,-1,12.422,-12.3,-2.02,-25.62,0,0,DCHG, ,
16720.3,1,1,1,1,4,7285.0,-1,12.421,-12.3,-2.02,-25.64,0,0,DCHG, ,
16725.3,1,1,1,1,4,7290.0,-1,12.421,-12.4,-2.02,-25.66,0,0,DCHG, ,
16730.3,1,1,1,1,4,7295.0,-1,12.421,-12.3,-2.02,-25.67,0,0,DCHG, ,
16735.3,1,1,1,1,4,7300.0,-1,12.42,-12.4,-2.02,-25.69,0,0,DCHG, ,
16740.3,1,1,1,1,4,7305.0,-1,12.42,-12.3,-2.02,-25.71,0,0,DCHG, ,
16745.3,1,1,1,1,4,7310.0,-1,12.419,-12.4,-2.02,-25.73,0,0,DCHG, ,
16750.3,1,1,1,1,4,7315.0,-1,12.419,-12.3,-2.03,-25.74,0,0,DCHG, ,
16755.3,1,1,1,1,4,7320.0,-1,12.419,-12.3,-2.03,-25.76,0,0,DCHG, ,
16760.3,1,1,1,1,4,7325.0,-1,12.419,-12.3,-2.03,-25.78,0,0,DCHG, ,
16765.3,1,1,1,1,4,7330.0,-1,12.418,-12.3,-2.03,-25.79,0,0,DCHG, ,
16770.3,1,1,1,1,4,7335.0,-1,12.418,-12.3,-2.03,-25.81,0,0,DCHG, ,
16775.3,1,1,1,1,4,7340.0,-1,12.417,-12.3,-2.03,-25.83,0,0,DCHG, ,
16780.3,1,1,1,1,4,7345.0,-1,12.417,-12.4,-2.03,-25.85,0,0,DCHG, ,
16785.3,1,1,1,1,4,7350.0,-1,12.416,-12.3,-2.04,-25.86,0,0,DCHG, ,
16790.3,1,1,1,1,4,7355.0,-0.99,12.417,-12.3,-2.04,-25.88,0,0,DCHG, ,
16795.3,1,1,1,1,4,7360.0,-1,12.416,-12.4,-2.04,-25.9,0,0,DCHG, ,
16800.3,1,1,1,1,4,7365.0,-1,12.416,-12.4,-2.04,-25.91,0,0,DCHG, ,
16805.3,1,1,1,1,4,7370.0,-1,12.416,-12.3,-2.04,-25.93,0,0,DCHG, ,
16810.3,1,1,1,1,4,7375.0,-1,12.415,-12.4,-2.04,-25.95,0,0,DCHG, ,
16815.3,1,1,1,1,4,7380.0,-0.99,12.414,-12.3,-2.04,-25.97,0,0,DCHG, ,
16820.3,1,1,1,1,4,7385.0,-1,12.414,-12.4,-2.04,-25.98,0,0,DCHG, ,
16825.3,1,1,1,1,4,7390.0,-1,12.414,-12.3,-2.05,-26,0,0,DCHG, ,
16830.3,1,1,1,1,4,7395.0,-1,12.413,-12.4,-2.05,-26.02,0,0,DCHG, ,
16835.3,1,1,1,1,4,7400.0,-1,12.413,-12.4,-2.05,-26.03,0,0,DCHG, ,
16840.3,1,1,1,1,4,7405.0,-1,12.413,-12.4,-2.05,-26.05,0,0,DCHG, ,
16845.3,1,1,1,1,4,7410.0,-1,12.412,-12.3,-2.05,-26.07,0,0,DCHG, ,
16850.3,1,1,1,1,4,7415.0,-1,12.412,-12.3,-2.05,-26.09,0,0,DCHG, ,
16855.3,1,1,1,1,4,7420.0,-1,12.411,-12.3,-2.05,-26.1,0,0,DCHG, ,
16860.3,1,1,1,1,4,7425.0,-1,12.411,-12.3,-2.06,-26.12,0,0,DCHG, ,
16865.3,1,1,1,1,4,7430.0,-1,12.411,-12.3,-2.06,-26.14,0,0,DCHG, ,
16870.3,1,1,1,1,4,7435.0,-1,12.411,-12.4,-2.06,-26.15,0,0,DCHG, ,
16875.3,1,1,1,1,4,7440.0,-1,12.41,-12.3,-2.06,-26.17,0,0,DCHG, ,
16880.3,1,1,1,1,4,7445.0,-1,12.41,-12.3,-2.06,-26.19,0,0,DCHG, ,
16885.3,1,1,1,1,4,7450.0,-0.99,12.409,-12.3,-2.06,-26.2,0,0,DCHG, ,
16890.3,1,1,1,1,4,7455.0,-1,12.409,-12.3,-2.06,-26.22,0,0,DCHG, ,
16895.3,1,1,1,1,4,7460.0,-1,12.408,-12.4,-2.07,-26.24,0,0,DCHG, ,
16900.3,1,1,1,1,4,7465.0,-0.99,12.408,-12.3,-2.07,-26.26,0,0,DCHG, ,
16905.3,1,1,1,1,4,7470.0,-1,12.408,-12.3,-2.07,-26.27,0,0,DCHG, ,
16910.3,1,1,1,1,4,7475.0,-1,12.407,-12.3,-2.07,-26.29,0,0,DCHG, ,
16915.3,1,1,1,1,4,7480.0,-1,12.407,-12.4,-2.07,-26.31,0,0,DCHG, ,
16920.3,1,1,1,1,4,7485.0,-1,12.407,-12.3,-2.07,-26.32,0,0,DCHG, ,
16925.3,1,1,1,1,4,7490.0,-1,12.407,-12.3,-2.07,-26.34,0,0,DCHG, ,
16930.3,1,1,1,1,4,7495.0,-1,12.406,-12.3,-2.08,-26.36,0,0,DCHG, ,
16935.3,1,1,1,1,4,7500.0,-1,12.406,-12.3,-2.08,-26.38,0,0,DCHG, ,
16940.3,1,1,1,1,4,7505.0,-1,12.406,-12.3,-2.08,-26.39,0,0,DCHG, ,
16945.3,1,1,1,1,4,7510.0,-1,12.405,-12.3,-2.08,-26.41,0,0,DCHG, ,
16950.3,1,1,1,1,4,7515.0,-1,12.405,-12.3,-2.08,-26.43,0,0,DCHG, ,
16955.3,1,1,1,1,4,7520.0,-1,12.404,-12.3,-2.08,-26.44,0,0,DCHG, ,
16960.3,1,1,1,1,4,7525.0,-0.99,12.404,-12.3,-2.08,-26.46,0,0,DCHG, ,
16965.3,1,1,1,1,4,7530.0,-0.99,12.404,-12.3,-2.09,-26.48,0,0,DCHG, ,
16970.3,1,1,1,1,4,7535.0,-1,12.404,-12.3,-2.09,-26.5,0,0,DCHG, ,
16975.3,1,1,1,1,4,7540.0,-0.99,12.403,-12.3,-2.09,-26.51,0,0,DCHG, ,
16980.3,1,1,1,1,4,7545.0,-1,12.403,-12.3,-2.09,-26.53,0,0,DCHG, ,
16985.3,1,1,1,1,4,7550.0,-1,12.402,-12.3,-2.09,-26.55,0,0,DCHG, ,
16990.3,1,1,1,1,4,7555.0,-1,12.402,-12.3,-2.09,-26.56,0,0,DCHG, ,
16995.3,1,1,1,1,4,7560.0,-1,12.402,-12.4,-2.09,-26.58,0,0,DCHG, ,
17000.3,1,1,1,1,4,7565.0,-0.99,12.402,-12.3,-2.09,-26.6,0,0,DCHG, ,
17005.3,1,1,1,1,4,7570.0,-1,12.401,-12.3,-2.1,-26.62,0,0,DCHG, ,
17010.3,1,1,1,1,4,7575.0,-1,12.401,-12.3,-2.1,-26.63,0,0,DCHG, ,
17015.3,1,1,1,1,4,7580.0,-1,12.4,-12.3,-2.1,-26.65,0,0,DCHG, ,
17020.3,1,1,1,1,4,7585.0,-1,12.4,-12.3,-2.1,-26.67,0,0,DCHG, ,
17025.3,1,1,1,1,4,7590.0,-0.99,12.4,-12.3,-2.1,-26.68,0,0,DCHG, ,
17030.3,1,1,1,1,4,7595.0,-1,12.399,-12.3,-2.1,-26.7,0,0,DCHG, ,
17035.3,1,1,1,1,4,7600.0,-1,12.399,-12.3,-2.1,-26.72,0,0,DCHG, ,
17040.3,1,1,1,1,4,7605.0,-1,12.399,-12.3,-2.11,-26.73,0,0,DCHG, ,
17045.3,1,1,1,1,4,7610.0,-1,12.398,-12.3,-2.11,-26.75,0,0,DCHG, ,
17050.3,1,1,1,1,4,7615.0,-1,12.398,-12.3,-2.11,-26.77,0,0,DCHG, ,
17055.3,1,1,1,1,4,7620.0,-1,12.398,-12.3,-2.11,-26.79,0,0,DCHG, ,
17060.3,1,1,1,1,4,7625.0,-1,12.397,-12.3,-2.11,-26.8,0,0,DCHG, ,
17065.3,1,1,1,1,4,7630.0,-0.99,12.397,-12.3,-2.11,-26.82,0,0,DCHG, ,
17070.3,1,1,1,1,4,7635.0,-1,12.397,-12.3,-2.11,-26.84,0,0,DCHG, ,
17075.3,1,1,1,1,4,7640.0,-1,12.396,-12.3,-2.12,-26.85,0,0,DCHG, ,
17080.3,1,1,1,1,4,7645.0,-0.99,12.395,-12.2,-2.12,-26.87,0,0,DCHG, ,
17085.3,1,1,1,1,4,7650.0,-1,12.395,-12.3,-2.12,-26.89,0,0,DCHG, ,
17090.3,1,1,1,1,4,7655.0,-1,12.395,-12.3,-2.12,-26.91,0,0,DCHG, ,
17095.3,1,1,1,1,4,7660.0,-1,12.395,-12.3,-2.12,-26.92,0,0,DCHG, ,
17100.3,1,1,1,1,4,7665.0,-1,12.394,-12.3,-2.12,-26.94,0,0,DCHG, ,
17105.3,1,1,1,1,4,7670.0,-1,12.394,-12.3,-2.12,-26.96,0,0,DCHG, ,
17110.3,1,1,1,1,4,7675.0,-1,12.393,-12.3,-2.13,-26.97,0,0,DCHG, ,
17115.3,1,1,1,1,4,7680.0,-1,12.393,-12.3,-2.13,-26.99,0,0,DCHG, ,
17120.3,1,1,1,1,4,7685.0,-1,12.393,-12.3,-2.13,-27.01,0,0,DCHG, ,
17125.3,1,1,1,1,4,7690.0,-1,12.393,-12.3,-2.13,-27.03,0,0,DCHG, ,
17130.3,1,1,1,1,4,7695.0,-1,12.392,-12.3,-2.13,-27.04,0,0,DCHG, ,
17135.3,1,1,1,1,4,7700.0,-1,12.392,-12.3,-2.13,-27.06,0,0,DCHG, ,
17140.3,1,1,1,1,4,7705.0,-1,12.392,-12.3,-2.13,-27.08,0,0,DCHG, ,
17145.3,1,1,1,1,4,7710.0,-1,12.391,-12.3,-2.14,-27.09,0,0,DCHG, ,
17150.3,1,1,1,1,4,7715.0,-1,12.391,-12.3,-2.14,-27.11,0,0,DCHG, ,
17155.3,1,1,1,1,4,7720.0,-1,12.391,-12.3,-2.14,-27.13,0,0,DCHG, ,
17160.3,1,1,1,1,4,7725.0,-1,12.39,-12.3,-2.14,-27.14,0,0,DCHG, ,
17165.3,1,1,1,1,4,7730.0,-1,12.39,-12.3,-2.14,-27.16,0,0,DCHG, ,
17170.3,1,1,1,1,4,7735.0,-1,12.39,-12.3,-2.14,-27.18,0,0,DCHG, ,
17175.3,1,1,1,1,4,7740.0,-1,12.389,-12.3,-2.14,-27.2,0,0,DCHG, ,
17180.3,1,1,1,1,4,7745.0,-1,12.389,-12.3,-2.14,-27.21,0,0,DCHG, ,
17185.3,1,1,1,1,4,7750.0,-1,12.389,-12.3,-2.15,-27.23,0,0,DCHG, ,
17190.3,1,1,1,1,4,7755.0,-0.99,12.389,-12.2,-2.15,-27.25,0,0,DCHG, ,
17195.3,1,1,1,1,4,7760.0,-1,12.389,-12.3,-2.15,-27.26,0,0,DCHG, ,
17200.3,1,1,1,1,4,7765.0,-0.99,12.388,-12.3,-2.15,-27.28,0,0,DCHG, ,
17205.3,1,1,1,1,4,7770.0,-1,12.388,-12.3,-2.15,-27.3,0,0,DCHG, ,
17210.3,1,1,1,1,4,7775.0,-0.99,12.388,-12.2,-2.15,-27.32,0,0,DCHG, ,
17215.3,1,1,1,1,4,7780.0,-0.99,12.387,-12.2,-2.15,-27.33,0,0,DCHG, ,
17220.3,1,1,1,1,4,7785.0,-1,12.387,-12.3,-2.16,-27.35,0,0,DCHG, ,
17225.3,1,1,1,1,4,7790.0,-1,12.387,-12.3,-2.16,-27.37,0,0,DCHG, ,
17230.3,1,1,1,1,4,7795.0,-1,12.386,-12.3,-2.16,-27.38,0,0,DCHG, ,
17235.3,1,1,1,1,4,7800.0,-1,12.386,-12.3,-2.16,-27.4,0,0,DCHG, ,
17240.3,1,1,1,1,4,7805.0,-1,12.385,-12.3,-2.16,-27.42,0,0,DCHG, ,
17245.3,1,1,1,1,4,7810.0,-1,12.385,-12.3,-2.16,-27.44,0,0,DCHG, ,
17250.3,1,1,1,1,4,7815.0,-1,12.385,-12.3,-2.16,-27.45,0,0,DCHG, ,
17255.3,1,1,1,1,4,7820.0,-1,12.384,-12.3,-2.17,-27.47,0,0,DCHG, ,
17260.3,1,1,1,1,4,7825.0,-0.99,12.384,-12.2,-2.17,-27.49,0,0,DCHG, ,
17265.3,1,1,1,1,4,7830.0,-0.99,12.383,-12.3,-2.17,-27.5,0,0,DCHG, ,
17270.3,1,1,1,1,4,7835.0,-1,12.383,-12.3,-2.17,-27.52,0,0,DCHG, ,
17275.3,1,1,1,1,4,7840.0,-1,12.383,-12.3,-2.17,-27.54,0,0,DCHG, ,
17280.3,1,1,1,1,4,7845.0,-1,12.383,-12.3,-2.17,-27.55,0,0,DCHG, ,
17285.3,1,1,1,1,4,7850.0,-1,12.383,-12.3,-2.17,-27.57,0,0,DCHG, ,
17290.3,1,1,1,1,4,7855.0,-1,12.382,-12.3,-2.18,-27.59,0,0,DCHG, ,
17295.3,1,1,1,1,4,7860.0,-1,12.383,-12.3,-2.18,-27.61,0,0,DCHG, ,
17300.3,1,1,1,1,4,7865.0,-1,12.381,-12.3,-2.18,-27.62,0,0,DCHG, ,
17305.3,1,1,1,1,4,7870.0,-1,12.381,-12.3,-2.18,-27.64,0,0,DCHG, ,
17310.3,1,1,1,1,4,7875.0,-1,12.381,-12.3,-2.18,-27.66,0,0,DCHG, ,
17315.3,1,1,1,1,4,7880.0,-1,12.381,-12.3,-2.18,-27.67,0,0,DCHG, ,
17320.3,1,1,1,1,4,7885.0,-1,12.38,-12.3,-2.18,-27.69,0,0,DCHG, ,
17325.3,1,1,1,1,4,7890.0,-1,12.38,-12.3,-2.19,-27.71,0,0,DCHG, ,
17330.3,1,1,1,1,4,7895.0,-1,12.38,-12.3,-2.19,-27.73,0,0,DCHG, ,
17335.3,1,1,1,1,4,7900.0,-1,12.379,-12.3,-2.19,-27.74,0,0,DCHG, ,
17340.3,1,1,1,1,4,7905.0,-0.99,12.379,-12.2,-2.19,-27.76,0,0,DCHG, ,
17345.3,1,1,1,1,4,7910.0,-1,12.379,-12.3,-2.19,-27.78,0,0,DCHG, ,
17350.3,1,1,1,1,4,7915.0,-1,12.379,-12.3,-2.19,-27.79,0,0,DCHG, ,
17355.3,1,1,1,1,4,7920.0,-1,12.378,-12.3,-2.19,-27.81,0,0,DCHG, ,
17360.3,1,1,1,1,4,7925.0,-1,12.378,-12.3,-2.19,-27.83,0,0,DCHG, ,
17365.3,1,1,1,1,4,7930.0,-1,12.378,-12.3,-2.2,-27.84,0,0,DCHG, ,
17370.3,1,1,1,1,4,7935.0,-1,12.377,-12.3,-2.2,-27.86,0,0,DCHG, ,
17375.3,1,1,1,1,4,7940.0,-1,12.377,-12.3,-2.2,-27.88,0,0,DCHG, ,
17380.3,1,1,1,1,4,7945.0,-1,12.377,-12.3,-2.2,-27.9,0,0,DCHG, ,
17385.3,1,1,1,1,4,7950.0,-1,12.376,-12.3,-2.2,-27.91,0,0,DCHG, ,
17390.3,1,1,1,1,4,7955.0,-1,12.376,-12.3,-2.2,-27.93,0,0,DCHG, ,
17395.3,1,1,1,1,4,7960.0,-1,12.376,-12.3,-2.2,-27.95,0,0,DCHG, ,
17400.3,1,1,1,1,4,7965.0,-1,12.375,-12.3,-2.21,-27.96,0,0,DCHG, ,
17405.3,1,1,1,1,4,7970.0,-1,12.375,-12.3,-2.21,-27.98,0,0,DCHG, ,
17410.3,1,1,1,1,4,7975.0,-1,12.375,-12.3,-2.21,-28,0,0,DCHG, ,
17415.3,1,1,1,1,4,7980.0,-1,12.374,-12.3,-2.21,-28.02,0,0,DCHG, ,
17420.3,1,1,1,1,4,7985.0,-1,12.374,-12.3,-2.21,-28.03,0,0,DCHG, ,
17425.3,1,1,1,1,4,7990.0,-1,12.374,-12.3,-2.21,-28.05,0,0,DCHG, ,
17430.3,1,1,1,1,4,7995.0,-1,12.373,-12.3,-2.21,-28.07,0,0,DCHG, ,
17435.3,1,1,1,1,4,8000.0,-1,12.373,-12.3,-2.22,-28.08,0,0,DCHG, ,
17440.3,1,1,1,1,4,8005.0,-1,12.373,-12.3,-2.22,-28.1,0,0,DCHG, ,
17445.3,1,1,1,1,4,8010.0,-1,12.372,-12.3,-2.22,-28.12,0,0,DCHG, ,
17450.3,1,1,1,1,4,8015.0,-1,12.372,-12.3,-2.22,-28.14,0,0,DCHG, ,
17455.3,1,1,1,1,4,8020.0,-1,12.372,-12.3,-2.22,-28.15,0,0,DCHG, ,
17460.3,1,1,1,1,4,8025.0,-1,12.371,-12.3,-2.22,-28.17,0,0,DCHG, ,
17465.3,1,1,1,1,4,8030.0,-1,12.372,-12.3,-2.22,-28.19,0,0,DCHG, ,
17470.3,1,1,1,1,4,8035.0,-1,12.371,-12.3,-2.23,-28.2,0,0,DCHG, ,
17475.3,1,1,1,1,4,8040.0,-1,12.37,-12.3,-2.23,-28.22,0,0,DCHG, ,
17480.3,1,1,1,1,4,8045.0,-1,12.37,-12.3,-2.23,-28.24,0,0,DCHG, ,
17485.3,1,1,1,1,4,8050.0,-1,12.37,-12.3,-2.23,-28.25,0,0,DCHG, ,
17490.3,1,1,1,1,4,8055.0,-1,12.37,-12.3,-2.23,-28.27,0,0,DCHG, ,
17495.3,1,1,1,1,4,8060.0,-1,12.369,-12.3,-2.23,-28.29,0,0,DCHG, ,
17500.3,1,1,1,1,4,8065.0,-1,12.369,-12.3,-2.23,-28.31,0,0,DCHG, ,
17505.3,1,1,1,1,4,8070.0,-1,12.369,-12.3,-2.23,-28.32,0,0,DCHG, ,
17510.3,1,1,1,1,4,8075.0,-1,12.368,-12.3,-2.24,-28.34,0,0,DCHG, ,
17515.3,1,1,1,1,4,8080.0,-0.99,12.369,-12.2,-2.24,-28.36,0,0,DCHG, ,
17520.3,1,1,1,1,4,8085.0,-1,12.368,-12.3,-2.24,-28.37,0,0,DCHG, ,
17525.3,1,1,1,1,4,8090.0,-1,12.368,-12.3,-2.24,-28.39,0,0,DCHG, ,
17530.3,1,1,1,1,4,8095.0,-1,12.367,-12.3,-2.24,-28.41,0,0,DCHG, ,
17535.3,1,1,1,1,4,8100.0,-1,12.367,-12.3,-2.24,-28.43,0,0,DCHG, ,
17540.3,1,1,1,1,4,8105.0,-1,12.367,-12.3,-2.24,-28.44,0,0,DCHG, ,
17545.3,1,1,1,1,4,8110.0,-1,12.367,-12.3,-2.25,-28.46,0,0,DCHG, ,
17550.3,1,1,1,1,4,8115.0,-1,12.366,-12.3,-2.25,-28.48,0,0,DCHG, ,
17555.3,1,1,1,1,4,8120.0,-1,12.366,-12.3,-2.25,-28.49,0,0,DCHG, ,
17560.3,1,1,1,1,4,8125.0,-0.99,12.366,-12.2,-2.25,-28.51,0,0,DCHG, ,
17565.3,1,1,1,1,4,8130.0,-1,12.365,-12.3,-2.25,-28.53,0,0,DCHG, ,
17570.3,1,1,1,1,4,8135.0,-1,12.366,-12.3,-2.25,-28.54,0,0,DCHG, ,
17575.3,1,1,1,1,4,8140.0,-1,12.365,-12.3,-2.25,-28.56,0,0,DCHG, ,
17580.3,1,1,1,1,4,8145.0,-1,12.364,-12.3,-2.26,-28.58,0,0,DCHG, ,
17585.3,1,1,1,1,4,8150.0,-1,12.364,-12.3,-2.26,-28.6,0,0,DCHG, ,
17590.3,1,1,1,1,4,8155.0,-1,12.364,-12.3,-2.26,-28.61,0,0,DCHG, ,
17595.3,1,1,1,1,4,8160.0,-1,12.363,-12.3,-2.26,-28.63,0,0,DCHG, ,
17600.3,1,1,1,1,4,8165.0,-1,12.363,-12.3,-2.26,-28.65,0,0,DCHG, ,
17605.3,1,1,1,1,4,8170.0,-1,12.362,-12.3,-2.26,-28.66,0,0,DCHG, ,
17610.3,1,1,1,1,4,8175.0,-1,12.362,-12.3,-2.26,-28.68,0,0,DCHG, ,
17615.3,1,1,1,1,4,8180.0,-1,12.362,-12.3,-2.27,-28.7,0,0,DCHG, ,
17620.3,1,1,1,1,4,8185.0,-1,12.361,-12.3,-2.27,-28.72,0,0,DCHG, ,
17625.3,1,1,1,1,4,8190.0,-1,12.362,-12.3,-2.27,-28.73,0,0,DCHG, ,
17630.3,1,1,1,1,4,8195.0,-1,12.361,-12.3,-2.27,-28.75,0,0,DCHG, ,
17635.3,1,1,1,1,4,8200.0,-1,12.361,-12.3,-2.27,-28.77,0,0,DCHG, ,
17640.3,1,1,1,1,4,8205.0,-1,12.361,-12.3,-2.27,-28.78,0,0,DCHG, ,
17645.3,1,1,1,1,4,8210.0,-1,12.36,-12.3,-2.27,-28.8,0,0,DCHG, ,
17650.3,1,1,1,1,4,8215.0,-1,12.36,-12.3,-2.28,-28.82,0,0,DCHG, ,
17655.3,1,1,1,1,4,8220.0,-0.99,12.36,-12.2,-2.28,-28.84,0,0,DCHG, ,
17660.3,1,1,1,1,4,8225.0,-1,12.359,-12.3,-2.28,-28.85,0,0,DCHG, ,
17665.3,1,1,1,1,4,8230.0,-1,12.359,-12.3,-2.28,-28.87,0,0,DCHG, ,
17670.3,1,1,1,1,4,8235.0,-1,12.358,-12.3,-2.28,-28.89,0,0,DCHG, ,
17675.3,1,1,1,1,4,8240.0,-1,12.359,-12.3,-2.28,-28.9,0,0,DCHG, ,
17680.3,1,1,1,1,4,8245.0,-1,12.358,-12.3,-2.28,-28.92,0,0,DCHG, ,
17685.3,1,1,1,1,4,8250.0,-1,12.358,-12.3,-2.28,-28.94,0,0,DCHG, ,
17690.3,1,1,1,1,4,8255.0,-1,12.358,-12.3,-2.29,-28.95,0,0,DCHG, ,
17695.3,1,1,1,1,4,8260.0,-1,12.357,-12.3,-2.29,-28.97,0,0,DCHG, ,
17700.3,1,1,1,1,4,8265.0,-1,12.357,-12.3,-2.29,-28.99,0,0,DCHG, ,
17705.3,1,1,1,1,4,8270.0,-0.99,12.357,-12.2,-2.29,-29.01,0,0,DCHG, ,
17710.3,1,1,1,1,4,8275.0,-1,12.356,-12.3,-2.29,-29.02,0,0,DCHG, ,
17715.3,1,1,1,1,4,8280.0,-1,12.356,-12.3,-2.29,-29.04,0,0,DCHG, ,
17720.3,1,1,1,1,4,8285.0,-1,12.356,-12.3,-2.29,-29.06,0,0,DCHG, ,
17725.3,1,1,1,1,4,8290.0,-1,12.356,-12.3,-2.3,-29.07,0,0,DCHG, ,
17730.3,1,1,1,1,4,8295.0,-1,12.355,-12.3,-2.3,-29.09,0,0,DCHG, ,
17735.3,1,1,1,1,4,8300.0,-1,12.355,-12.3,-2.3,-29.11,0,0,DCHG, ,
17740.3,1,1,1,1,4,8305.0,-1,12.354,-12.3,-2.3,-29.13,0,0,DCHG, ,
17745.3,1,1,1,1,4,8310.0,-1,12.354,-12.3,-2.3,-29.14,0,0,DCHG, ,
17750.3,1,1,1,1,4,8315.0,-1,12.354,-12.3,-2.3,-29.16,0,0,DCHG, ,
17755.3,1,1,1,1,4,8320.0,-1,12.354,-12.3,-2.3,-29.18,0,0,DCHG, ,
17760.3,1,1,1,1,4,8325.0,-1,12.354,-12.3,-2.31,-29.19,0,0,DCHG, ,
17765.3,1,1,1,1,4,8330.0,-1,12.353,-12.3,-2.31,-29.21,0,0,DCHG, ,
17770.3,1,1,1,1,4,8335.0,-1,12.353,-12.3,-2.31,-29.23,0,0,DCHG, ,
17775.3,1,1,1,1,4,8340.0,-1,12.353,-12.3,-2.31,-29.24,0,0,DCHG, ,
17780.3,1,1,1,1,4,8345.0,-1,12.353,-12.3,-2.31,-29.26,0,0,DCHG, ,
17785.3,1,1,1,1,4,8350.0,-1,12.352,-12.3,-2.31,-29.28,0,0,DCHG, ,
17790.3,1,1,1,1,4,8355.0,-1,12.352,-12.3,-2.31,-29.3,0,0,DCHG, ,
17795.3,1,1,1,1,4,8360.0,-1,12.351,-12.3,-2.32,-29.31,0,0,DCHG, ,
17800.3,1,1,1,1,4,8365.0,-1,12.351,-12.3,-2.32,-29.33,0,0,DCHG, ,
17805.3,1,1,1,1,4,8370.0,-1,12.351,-12.3,-2.32,-29.35,0,0,DCHG, ,
17810.3,1,1,1,1,4,8375.0,-0.99,12.35,-12.2,-2.32,-29.36,0,0,DCHG, ,
17815.3,1,1,1,1,4,8380.0,-1,12.35,-12.3,-2.32,-29.38,0,0,DCHG, ,
17820.3,1,1,1,1,4,8385.0,-1,12.349,-12.3,-2.32,-29.4,0,0,DCHG, ,
17825.3,1,1,1,1,4,8390.0,-1,12.35,-12.3,-2.32,-29.42,0,0,DCHG, ,
17830.3,1,1,1,1,4,8395.0,-1,12.349,-12.3,-2.33,-29.43,0,0,DCHG, ,
17835.3,1,1,1,1,4,8400.0,-1,12.349,-12.3,-2.33,-29.45,0,0,DCHG, ,
17840.3,1,1,1,1,4,8405.0,-1,12.349,-12.3,-2.33,-29.47,0,0,DCHG, ,
17845.3,1,1,1,1,4,8410.0,-1,12.349,-12.3,-2.33,-29.48,0,0,DCHG, ,
17850.3,1,1,1,1,4,8415.0,-1,12.348,-12.3,-2.33,-29.5,0,0,DCHG, ,
17855.3,1,1,1,1,4,8420.0,-1,12.348,-12.3,-2.33,-29.52,0,0,DCHG, ,
17860.3,1,1,1,1,4,8425.0,-1,12.348,-12.3,-2.33,-29.54,0,0,DCHG, ,
17865.3,1,1,1,1,4,8430.0,-1,12.347,-12.3,-2.33,-29.55,0,0,DCHG, ,
17870.3,1,1,1,1,4,8435.0,-1,12.347,-12.3,-2.34,-29.57,0,0,DCHG, ,
17875.3,1,1,1,1,4,8440.0,-1,12.347,-12.3,-2.34,-29.59,0,0,DCHG, ,
17880.3,1,1,1,1,4,8445.0,-1,12.346,-12.3,-2.34,-29.6,0,0,DCHG, ,
17885.3,1,1,1,1,4,8450.0,-1,12.346,-12.3,-2.34,-29.62,0,0,DCHG, ,
17890.3,1,1,1,1,4,8455.0,-1,12.346,-12.3,-2.34,-29.64,0,0,DCHG, ,
17895.3,1,1,1,1,4,8460.0,-1,12.345,-12.3,-2.34,-29.65,0,0,DCHG, ,
17900.3,1,1,1,1,4,8465.0,-1,12.345,-12.3,-2.34,-29.67,0,0,DCHG, ,
17905.3,1,1,1,1,4,8470.0,-1,12.345,-12.3,-2.35,-29.69,0,0,DCHG, ,
17910.3,1,1,1,1,4,8475.0,-1,12.344,-12.3,-2.35,-29.71,0,0,DCHG, ,
17915.3,1,1,1,1,4,8480.0,-1,12.344,-12.3,-2.35,-29.72,0,0,DCHG, ,
17920.3,1,1,1,1,4,8485.0,-1,12.344,-12.3,-2.35,-29.74,0,0,DCHG, ,
17925.3,1,1,1,1,4,8490.0,-1,12.344,-12.3,-2.35,-29.76,0,0,DCHG, ,
17930.3,1,1,1,1,4,8495.0,-1,12.343,-12.3,-2.35,-29.77,0,0,DCHG, ,
17935.3,1,1,1,1,4,8500.0,-1,12.343,-12.3,-2.35,-29.79,0,0,DCHG, ,
17940.3,1,1,1,1,4,8505.0,-1,12.342,-12.3,-2.36,-29.81,0,0,DCHG, ,
17945.3,1,1,1,1,4,8510.0,-1,12.342,-12.3,-2.36,-29.83,0,0,DCHG, ,
17950.3,1,1,1,1,4,8515.0,-1,12.342,-12.3,-2.36,-29.84,0,0,DCHG, ,
17955.3,1,1,1,1,4,8520.0,-0.99,12.342,-12.2,-2.36,-29.86,0,0,DCHG, ,
17960.3,1,1,1,1,4,8525.0,-1,12.342,-12.3,-2.36,-29.88,0,0,DCHG, ,
17965.3,1,1,1,1,4,8530.0,-1,12.342,-12.3,-2.36,-29.89,0,0,DCHG, ,
17970.3,1,1,1,1,4,8535.0,-1,12.341,-12.3,-2.36,-29.91,0,0,DCHG, ,
17975.3,1,1,1,1,4,8540.0,-1,12.34,-12.3,-2.37,-29.93,0,0,DCHG, ,
17980.3,1,1,1,1,4,8545.0,-1,12.34,-12.3,-2.37,-29.94,0,0,DCHG, ,
17985.3,1,1,1,1,4,8550.0,-1,12.34,-12.3,-2.37,-29.96,0,0,DCHG, ,
17990.3,1,1,1,1,4,8555.0,-1,12.34,-12.3,-2.37,-29.98,0,0,DCHG, ,
17995.3,1,1,1,1,4,8560.0,-0.99,12.34,-12.2,-2.37,-30,0,0,DCHG, ,
18000.3,1,1,1,1,4,8565.0,-1,12.339,-12.3,-2.37,-30.01,0,0,DCHG, ,
18005.3,1,1,1,1,4,8570.0,-1,12.339,-12.3,-2.37,-30.03,0,0,DCHG, ,
18010.3,1,1,1,1,4,8575.0,-1,12.339,-12.2,-2.38,-30.05,0,0,DCHG, ,
18015.3,1,1,1,1,4,8580.0,-1,12.338,-12.3,-2.38,-30.06,0,0,DCHG, ,
18020.3,1,1,1,1,4,8585.0,-1,12.338,-12.3,-2.38,-30.08,0,0,DCHG, ,
18025.3,1,1,1,1,4,8590.0,-1,12.338,-12.3,-2.38,-30.1,0,0,DCHG, ,
18030.3,1,1,1,1,4,8595.0,-1,12.337,-12.2,-2.38,-30.12,0,0,DCHG, ,
18035.3,1,1,1,1,4,8600.0,-1,12.337,-12.3,-2.38,-30.13,0,0,DCHG, ,
18040.3,1,1,1,1,4,8605.0,-1,12.337,-12.3,-2.38,-30.15,0,0,DCHG, ,
18045.3,1,1,1,1,4,8610.0,-1,12.337,-12.3,-2.38,-30.17,0,0,DCHG, ,
18050.3,1,1,1,1,4,8615.0,-1,12.336,-12.3,-2.39,-30.18,0,0,DCHG, ,
18055.3,1,1,1,1,4,8620.0,-1,12.336,-12.3,-2.39,-30.2,0,0,DCHG, ,
18060.3,1,1,1,1,4,8625.0,-0.99,12.336,-12.2,-2.39,-30.22,0,0,DCHG, ,
18065.3,1,1,1,1,4,8630.0,-1,12.336,-12.3,-2.39,-30.24,0,0,DCHG, ,
18070.3,1,1,1,1,4,8635.0,-1,12.336,-12.3,-2.39,-30.25,0,0,DCHG, ,
18075.3,1,1,1,1,4,8640.0,-1,12.335,-12.3,-2.39,-30.27,0,0,DCHG, ,
18080.3,1,1,1,1,4,8645.0,-1,12.335,-12.3,-2.39,-30.29,0,0,DCHG, ,
18085.3,1,1,1,1,4,8650.0,-1,12.334,-12.3,-2.4,-30.3,0,0,DCHG, ,
18090.3,1,1,1,1,4,8655.0,-1,12.334,-12.3,-2.4,-30.32,0,0,DCHG, ,
18095.3,1,1,1,1,4,8660.0,-1,12.334,-12.3,-2.4,-30.34,0,0,DCHG, ,
18100.3,1,1,1,1,4,8665.0,-1,12.333,-12.3,-2.4,-30.35,0,0,DCHG, ,
18105.3,1,1,1,1,4,8670.0,-1,12.333,-12.3,-2.4,-30.37,0,0,DCHG, ,
18110.3,1,1,1,1,4,8675.0,-1,12.333,-12.3,-2.4,-30.39,0,0,DCHG, ,
18115.3,1,1,1,1,4,8680.0,-1,12.333,-12.3,-2.4,-30.41,0,0,DCHG, ,
18120.3,1,1,1,1,4,8685.0,-1,12.333,-12.3,-2.41,-30.42,0,0,DCHG, ,
18125.3,1,1,1,1,4,8690.0,-1,12.332,-12.3,-2.41,-30.44,0,0,DCHG, ,
18130.3,1,1,1,1,4,8695.0,-1,12.332,-12.3,-2.41,-30.46,0,0,DCHG, ,
18135.3,1,1,1,1,4,8700.0,-1,12.331,-12.3,-2.41,-30.47,0,0,DCHG, ,
18140.3,1,1,1,1,4,8705.0,-1,12.331,-12.3,-2.41,-30.49,0,0,DCHG, ,
18145.3,1,1,1,1,4,8710.0,-1,12.331,-12.3,-2.41,-30.51,0,0,DCHG, ,
18150.3,1,1,1,1,4,8715.0,-1,12.331,-12.3,-2.41,-30.53,0,0,DCHG, ,
18155.3,1,1,1,1,4,8720.0,-1,12.33,-12.3,-2.42,-30.54,0,0,DCHG, ,
18160.3,1,1,1,1,4,8725.0,-1,12.33,-12.3,-2.42,-30.56,0,0,DCHG, ,
18165.3,1,1,1,1,4,8730.0,-1,12.33,-12.3,-2.42,-30.58,0,0,DCHG, ,
18170.3,1,1,1,1,4,8735.0,-1,12.329,-12.3,-2.42,-30.59,0,0,DCHG, ,
18175.3,1,1,1,1,4,8740.0,-1,12.329,-12.3,-2.42,-30.61,0,0,DCHG, ,
18180.3,1,1,1,1,4,8745.0,-1,12.329,-12.3,-2.42,-30.63,0,0,DCHG, ,
18185.3,1,1,1,1,4,8750.0,-1,12.329,-12.2,-2.42,-30.64,0,0,DCHG, ,
18190.3,1,1,1,1,4,8755.0,-1,12.328,-12.3,-2.43,-30.66,0,0,DCHG, ,
18195.3,1,1,1,1,4,8760.0,-1,12.328,-12.3,-2.43,-30.68,0,0,DCHG, ,
18200.3,1,1,1,1,4,8765.0,-1,12.328,-12.3,-2.43,-30.7,0,0,DCHG, ,
18205.3,1,1,1,1,4,8770.0,-1,12.327,-12.3,-2.43,-30.71,0,0,DCHG, ,
18210.3,1,1,1,1,4,8775.0,-1,12.327,-12.3,-2.43,-30.73,0,0,DCHG, ,
18215.3,1,1,1,1,4,8780.0,-1,12.327,-12.3,-2.43,-30.75,0,0,DCHG, ,
18220.3,1,1,1,1,4,8785.0,-1,12.326,-12.3,-2.43,-30.76,0,0,DCHG, ,
18225.3,1,1,1,1,4,8790.0,-1,12.326,-12.3,-2.43,-30.78,0,0,DCHG, ,
18230.3,1,1,1,1,4,8795.0,-1,12.326,-12.3,-2.44,-30.8,0,0,DCHG, ,
18235.3,1,1,1,1,4,8800.0,-1,12.326,-12.3,-2.44,-30.82,0,0,DCHG, ,
18240.3,1,1,1,1,4,8805.0,-1,12.326,-12.2,-2.44,-30.83,0,0,DCHG, ,
18245.3,1,1,1,1,4,8810.0,-1,12.325,-12.3,-2.44,-30.85,0,0,DCHG, ,
18250.3,1,1,1,1,4,8815.0,-1,12.325,-12.3,-2.44,-30.87,0,0,DCHG, ,
18255.3,1,1,1,1,4,8820.0,-1,12.325,-12.3,-2.44,-30.88,0,0,DCHG, ,
18260.3,1,1,1,1,4,8825.0,-1,12.325,-12.2,-2.44,-30.9,0,0,DCHG, ,
18265.3,1,1,1,1,4,8830.0,-1,12.324,-12.3,-2.45,-30.92,0,0,DCHG, ,
18270.3,1,1,1,1,4,8835.0,-1,12.324,-12.2,-2.45,-30.93,0,0,DCHG, ,
18275.3,1,1,1,1,4,8840.0,-0.99,12.323,-12.2,-2.45,-30.95,0,0,DCHG, ,
18280.3,1,1,1,1,4,8845.0,-1,12.323,-12.2,-2.45,-30.97,0,0,DCHG, ,
18285.3,1,1,1,1,4,8850.0,-1,12.322,-12.3,-2.45,-30.99,0,0,DCHG, ,
18290.3,1,1,1,1,4,8855.0,-1,12.322,-12.2,-2.45,-31,0,0,DCHG, ,
18295.3,1,1,1,1,4,8860.0,-1,12.322,-12.2,-2.45,-31.02,0,0,DCHG, ,
18300.3,1,1,1,1,4,8865.0,-1,12.321,-12.2,-2.46,-31.04,0,0,DCHG, ,
18305.3,1,1,1,1,4,8870.0,-1,12.321,-12.2,-2.46,-31.05,0,0,DCHG, ,
18310.3,1,1,1,1,4,8875.0,-1,12.321,-12.2,-2.46,-31.07,0,0,DCHG, ,
18315.3,1,1,1,1,4,8880.0,-1,12.321,-12.3,-2.46,-31.09,0,0,DCHG, ,
18320.3,1,1,1,1,4,8885.0,-1,12.321,-12.2,-2.46,-31.1,0,0,DCHG, ,
18325.3,1,1,1,1,4,8890.0,-1,12.32,-12.2,-2.46,-31.12,0,0,DCHG, ,
18330.3,1,1,1,1,4,8895.0,-1,12.32,-12.2,-2.46,-31.14,0,0,DCHG, ,
18335.3,1,1,1,1,4,8900.0,-1,12.32,-12.2,-2.47,-31.16,0,0,DCHG, ,
18340.3,1,1,1,1,4,8905.0,-1,12.319,-12.3,-2.47,-31.17,0,0,DCHG, ,
18345.3,1,1,1,1,4,8910.0,-1,12.319,-12.2,-2.47,-31.19,0,0,DCHG, ,
18350.3,1,1,1,1,4,8915.0,-1,12.319,-12.2,-2.47,-31.21,0,0,DCHG, ,
18355.3,1,1,1,1,4,8920.0,-1,12.319,-12.2,-2.47,-31.22,0,0,DCHG, ,
18360.3,1,1,1,1,4,8925.0,-1,12.318,-12.2,-2.47,-31.24,0,0,DCHG, ,
18365.3,1,1,1,1,4,8930.0,-1,12.318,-12.2,-2.47,-31.26,0,0,DCHG, ,
18370.3,1,1,1,1,4,8935.0,-1,12.318,-12.2,-2.48,-31.27,0,0,DCHG, ,
18375.3,1,1,1,1,4,8940.0,-1,12.317,-12.2,-2.48,-31.29,0,0,DCHG, ,
18380.3,1,1,1,1,4,8945.0,-1,12.317,-12.2,-2.48,-31.31,0,0,DCHG, ,
18385.3,1,1,1,1,4,8950.0,-1,12.317,-12.3,-2.48,-31.33,0,0,DCHG, ,
18390.3,1,1,1,1,4,8955.0,-1,12.317,-12.2,-2.48,-31.34,0,0,DCHG, ,
18395.3,1,1,1,1,4,8960.0,-1,12.317,-12.2,-2.48,-31.36,0,0,DCHG, ,
18400.3,1,1,1,1,4,8965.0,-1,12.316,-12.3,-2.48,-31.38,0,0,DCHG, ,
18405.3,1,1,1,1,4,8970.0,-1,12.316,-12.2,-2.48,-31.39,0,0,DCHG, ,
18410.3,1,1,1,1,4,8975.0,-1,12.316,-12.2,-2.49,-31.41,0,0,DCHG, ,
18415.3,1,1,1,1,4,8980.0,-1,12.315,-12.2,-2.49,-31.43,0,0,DCHG, ,
18420.3,1,1,1,1,4,8985.0,-1,12.315,-12.2,-2.49,-31.44,0,0,DCHG, ,
18425.3,1,1,1,1,4,8990.0,-1,12.315,-12.2,-2.49,-31.46,0,0,DCHG, ,
18430.3,1,1,1,1,4,8995.0,-1,12.315,-12.2,-2.49,-31.48,0,0,DCHG, ,
18435.3,1,1,1,1,4,9000.0,-1,12.314,-12.3,-2.49,-31.49,0,0,DCHG, ,
18440.3,1,1,1,1,4,9005.0,-1,12.314,-12.2,-2.49,-31.51,0,0,DCHG, ,
18445.3,1,1,1,1,4,9010.0,-1,12.313,-12.2,-2.5,-31.53,0,0,DCHG, ,
18450.3,1,1,1,1,4,9015.0,-1,12.314,-12.2,-2.5,-31.55,0,0,DCHG, ,
18455.3,1,1,1,1,4,9020.0,-1,12.313,-12.2,-2.5,-31.56,0,0,DCHG, ,
18460.3,1,1,1,1,4,9025.0,-1,12.313,-12.2,-2.5,-31.58,0,0,DCHG, ,
18465.3,1,1,1,1,4,9030.0,-1,12.313,-12.3,-2.5,-31.6,0,0,DCHG, ,
18470.3,1,1,1,1,4,9035.0,-1,12.313,-12.2,-2.5,-31.61,0,0,DCHG, ,
18475.3,1,1,1,1,4,9040.0,-1,12.312,-12.2,-2.5,-31.63,0,0,DCHG, ,
18480.3,1,1,1,1,4,9045.0,-0.99,12.311,-12.2,-2.51,-31.65,0,0,DCHG, ,
18485.3,1,1,1,1,4,9050.0,-1,12.311,-12.2,-2.51,-31.66,0,0,DCHG, ,
18490.3,1,1,1,1,4,9055.0,-1,12.311,-12.3,-2.51,-31.68,0,0,DCHG, ,
18495.3,1,1,1,1,4,9060.0,-1,12.31,-12.2,-2.51,-31.7,0,0,DCHG, ,
18500.3,1,1,1,1,4,9065.0,-1,12.31,-12.2,-2.51,-31.72,0,0,DCHG, ,
18505.3,1,1,1,1,4,9070.0,-1,12.31,-12.3,-2.51,-31.73,0,0,DCHG, ,
18510.3,1,1,1,1,4,9075.0,-1,12.31,-12.2,-2.51,-31.75,0,0,DCHG, ,
18515.3,1,1,1,1,4,9080.0,-1,12.31,-12.2,-2.52,-31.77,0,0,DCHG, ,
18520.3,1,1,1,1,4,9085.0,-1,12.31,-12.3,-2.52,-31.78,0,0,DCHG, ,
18525.3,1,1,1,1,4,9090.0,-1,12.309,-12.2,-2.52,-31.8,0,0,DCHG, ,
18530.3,1,1,1,1,4,9095.0,-1,12.308,-12.2,-2.52,-31.82,0,0,DCHG, ,
18535.3,1,1,1,1,4,9100.0,-1,12.309,-12.2,-2.52,-31.83,0,0,DCHG, ,
18540.3,1,1,1,1,4,9105.0,-1,12.308,-12.2,-2.52,-31.85,0,0,DCHG, ,
18545.3,1,1,1,1,4,9110.0,-1,12.308,-12.3,-2.52,-31.87,0,0,DCHG, ,
18550.3,1,1,1,1,4,9115.0,-1,12.308,-12.2,-2.53,-31.89,0,0,DCHG, ,
18555.3,1,1,1,1,4,9120.0,-1,12.307,-12.2,-2.53,-31.9,0,0,DCHG, ,
18560.3,1,1,1,1,4,9125.0,-1,12.307,-12.2,-2.53,-31.92,0,0,DCHG, ,
18565.3,1,1,1,1,4,9130.0,-1,12.306,-12.3,-2.53,-31.94,0,0,DCHG, ,
18570.3,1,1,1,1,4,9135.0,-1,12.307,-12.2,-2.53,-31.95,0,0,DCHG, ,
18575.3,1,1,1,1,4,9140.0,-1,12.306,-12.2,-2.53,-31.97,0,0,DCHG, ,
18580.3,1,1,1,1,4,9145.0,-1,12.306,-12.2,-2.53,-31.99,0,0,DCHG, ,
18585.3,1,1,1,1,4,9150.0,-1,12.306,-12.2,-2.53,-32,0,0,DCHG, ,
18590.3,1,1,1,1,4,9155.0,-1,12.306,-12.2,-2.54,-32.02,0,0,DCHG, ,
18595.3,1,1,1,1,4,9160.0,-1,12.305,-12.3,-2.54,-32.04,0,0,DCHG, ,
18600.3,1,1,1,1,4,9165.0,-1,12.305,-12.2,-2.54,-32.05,0,0,DCHG, ,
18605.3,1,1,1,1,4,9170.0,-1,12.305,-12.2,-2.54,-32.07,0,0,DCHG, ,
18610.3,1,1,1,1,4,9175.0,-1,12.304,-12.2,-2.54,-32.09,0,0,DCHG, ,
18615.3,1,1,1,1,4,9180.0,-1,12.304,-12.3,-2.54,-32.11,0,0,DCHG, ,
18620.3,1,1,1,1,4,9185.0,-1,12.304,-12.2,-2.54,-32.12,0,0,DCHG, ,
18625.3,1,1,1,1,4,9190.0,-0.99,12.303,-12.2,-2.55,-32.14,0,0,DCHG, ,
18630.3,1,1,1,1,4,9195.0,-0.99,12.303,-12.2,-2.55,-32.16,0,0,DCHG, ,
18635.3,1,1,1,1,4,9200.0,-1,12.303,-12.2,-2.55,-32.17,0,0,DCHG, ,
18640.3,1,1,1,1,4,9205.0,-1,12.303,-12.2,-2.55,-32.19,0,0,DCHG, ,
18645.3,1,1,1,1,4,9210.0,-1,12.302,-12.2,-2.55,-32.21,0,0,DCHG, ,
18650.3,1,1,1,1,4,9215.0,-1,12.302,-12.2,-2.55,-32.22,0,0,DCHG, ,
18655.3,1,1,1,1,4,9220.0,-1,12.302,-12.2,-2.55,-32.24,0,0,DCHG, ,
18660.3,1,1,1,1,4,9225.0,-1,12.301,-12.2,-2.56,-32.26,0,0,DCHG, ,
18665.3,1,1,1,1,4,9230.0,-1,12.3,-12.2,-2.56,-32.28,0,0,DCHG, ,
18670.3,1,1,1,1,4,9235.0,-1,12.301,-12.2,-2.56,-32.29,0,0,DCHG, ,
18675.3,1,1,1,1,4,9240.0,-0.99,12.3,-12.2,-2.56,-32.31,0,0,DCHG, ,
18680.3,1,1,1,1,4,9245.0,-1,12.3,-12.2,-2.56,-32.33,0,0,DCHG, ,
18685.3,1,1,1,1,4,9250.0,-1,12.3,-12.2,-2.56,-32.34,0,0,DCHG, ,
18690.3,1,1,1,1,4,9255.0,-1,12.3,-12.2,-2.56,-32.36,0,0,DCHG, ,
18695.3,1,1,1,1,4,9260.0,-1,12.299,-12.2,-2.57,-32.38,0,0,DCHG, ,
18700.3,1,1,1,1,4,9265.0,-1,12.299,-12.2,-2.57,-32.39,0,0,DCHG, ,
18705.3,1,1,1,1,4,9270.0,-1,12.299,-12.2,-2.57,-32.41,0,0,DCHG, ,
18710.3,1,1,1,1,4,9275.0,-1,12.299,-12.2,-2.57,-32.43,0,0,DCHG, ,
18715.3,1,1,1,1,4,9280.0,-1,12.299,-12.2,-2.57,-32.44,0,0,DCHG, ,
18720.3,1,1,1,1,4,9285.0,-1,12.298,-12.2,-2.57,-32.46,0,0,DCHG, ,
18725.3,1,1,1,1,4,9290.0,-1,12.298,-12.2,-2.57,-32.48,0,0,DCHG, ,
18730.3,1,1,1,1,4,9295.0,-1,12.297,-12.2,-2.58,-32.5,0,0,DCHG, ,
18735.3,1,1,1,1,4,9300.0,-1,12.297,-12.2,-2.58,-32.51,0,0,DCHG, ,
18740.3,1,1,1,1,4,9305.0,-1,12.297,-12.2,-2.58,-32.53,0,0,DCHG, ,
18745.3,1,1,1,1,4,9310.0,-1,12.297,-12.2,-2.58,-32.55,0,0,DCHG, ,
18750.3,1,1,1,1,4,9315.0,-1,12.296,-12.2,-2.58,-32.56,0,0,DCHG, ,
18755.3,1,1,1,1,4,9320.0,-1,12.296,-12.2,-2.58,-32.58,0,0,DCHG, ,
18760.3,1,1,1,1,4,9325.0,-1,12.296,-12.2,-2.58,-32.6,0,0,DCHG, ,
18765.3,1,1,1,1,4,9330.0,-1,12.295,-12.2,-2.58,-32.61,0,0,DCHG, ,
18770.3,1,1,1,1,4,9335.0,-1,12.295,-12.2,-2.59,-32.63,0,0,DCHG, ,
18775.3,1,1,1,1,4,9340.0,-1,12.295,-12.2,-2.59,-32.65,0,0,DCHG, ,
18780.3,1,1,1,1,4,9345.0,-1,12.295,-12.2,-2.59,-32.67,0,0,DCHG, ,
18785.3,1,1,1,1,4,9350.0,-1,12.294,-12.2,-2.59,-32.68,0,0,DCHG, ,
18790.3,1,1,1,1,4,9355.0,-1,12.294,-12.2,-2.59,-32.7,0,0,DCHG, ,
18795.3,1,1,1,1,4,9360.0,-1,12.294,-12.2,-2.59,-32.72,0,0,DCHG, ,
18800.3,1,1,1,1,4,9365.0,-1,12.293,-12.2,-2.59,-32.73,0,0,DCHG, ,
18805.3,1,1,1,1,4,9370.0,-1,12.293,-12.2,-2.6,-32.75,0,0,DCHG, ,
18810.3,1,1,1,1,4,9375.0,-1,12.293,-12.2,-2.6,-32.77,0,0,DCHG, ,
18815.3,1,1,1,1,4,9380.0,-1,12.292,-12.2,-2.6,-32.78,0,0,DCHG, ,
18820.3,1,1,1,1,4,9385.0,-1,12.292,-12.2,-2.6,-32.8,0,0,DCHG, ,
18825.3,1,1,1,1,4,9390.0,-1,12.292,-12.2,-2.6,-32.82,0,0,DCHG, ,
18830.3,1,1,1,1,4,9395.0,-1,12.291,-12.2,-2.6,-32.83,0,0,DCHG, ,
18835.3,1,1,1,1,4,9400.0,-1,12.291,-12.2,-2.6,-32.85,0,0,DCHG, ,
18840.3,1,1,1,1,4,9405.0,-0.99,12.291,-12.1,-2.61,-32.87,0,0,DCHG, ,
18845.3,1,1,1,1,4,9410.0,-1,12.29,-12.2,-2.61,-32.89,0,0,DCHG, ,
18850.3,1,1,1,1,4,9415.0,-1,12.29,-12.2,-2.61,-32.9,0,0,DCHG, ,
18855.3,1,1,1,1,4,9420.0,-1,12.29,-12.2,-2.61,-32.92,0,0,DCHG, ,
18860.3,1,1,1,1,4,9425.0,-1,12.29,-12.2,-2.61,-32.94,0,0,DCHG, ,
18865.3,1,1,1,1,4,9430.0,-1,12.29,-12.2,-2.61,-32.95,0,0,DCHG, ,
18870.3,1,1,1,1,4,9435.0,-1,12.289,-12.2,-2.61,-32.97,0,0,DCHG, ,
18875.3,1,1,1,1,4,9440.0,-1,12.289,-12.2,-2.62,-32.99,0,0,DCHG, ,
18880.3,1,1,1,1,4,9445.0,-0.99,12.289,-12.1,-2.62,-33,0,0,DCHG, ,
18885.3,1,1,1,1,4,9450.0,-1,12.288,-12.2,-2.62,-33.02,0,0,DCHG, ,
18890.3,1,1,1,1,4,9455.0,-1,12.288,-12.2,-2.62,-33.04,0,0,DCHG, ,
18895.3,1,1,1,1,4,9460.0,-1,12.288,-12.2,-2.62,-33.05,0,0,DCHG, ,
18900.3,1,1,1,1,4,9465.0,-1,12.287,-12.2,-2.62,-33.07,0,0,DCHG, ,
18905.3,1,1,1,1,4,9470.0,-1,12.287,-12.2,-2.62,-33.09,0,0,DCHG, ,
18910.3,1,1,1,1,4,9475.0,-1,12.287,-12.2,-2.63,-33.11,0,0,DCHG, ,
18915.3,1,1,1,1,4,9480.0,-1,12.287,-12.2,-2.63,-33.12,0,0,DCHG, ,
18920.3,1,1,1,1,4,9485.0,-0.99,12.286,-12.1,-2.63,-33.14,0,0,DCHG, ,
18925.3,1,1,1,1,4,9490.0,-1,12.286,-12.2,-2.63,-33.16,0,0,DCHG, ,
18930.3,1,1,1,1,4,9495.0,-1,12.286,-12.2,-2.63,-33.17,0,0,DCHG, ,
18935.3,1,1,1,1,4,9500.0,-1,12.286,-12.2,-2.63,-33.19,0,0,DCHG, ,
18940.3,1,1,1,1,4,9505.0,-1,12.285,-12.2,-2.63,-33.21,0,0,DCHG, ,
18945.3,1,1,1,1,4,9510.0,-0.99,12.285,-12.2,-2.63,-33.22,0,0,DCHG, ,
18950.3,1,1,1,1,4,9515.0,-1,12.285,-12.2,-2.64,-33.24,0,0,DCHG, ,
18955.3,1,1,1,1,4,9520.0,-1,12.284,-12.2,-2.64,-33.26,0,0,DCHG, ,
18960.3,1,1,1,1,4,9525.0,-1,12.284,-12.2,-2.64,-33.27,0,0,DCHG, ,
18965.3,1,1,1,1,4,9530.0,-1,12.284,-12.2,-2.64,-33.29,0,0,DCHG, ,
18970.3,1,1,1,1,4,9535.0,-1,12.284,-12.2,-2.64,-33.31,0,0,DCHG, ,
18975.3,1,1,1,1,4,9540.0,-0.99,12.283,-12.1,-2.64,-33.33,0,0,DCHG, ,
18980.3,1,1,1,1,4,9545.0,-1,12.283,-12.2,-2.64,-33.34,0,0,DCHG, ,
18985.3,1,1,1,1,4,9550.0,-1,12.283,-12.2,-2.65,-33.36,0,0,DCHG, ,
18990.3,1,1,1,1,4,9555.0,-1,12.282,-12.2,-2.65,-33.38,0,0,DCHG, ,
18995.3,1,1,1,1,4,9560.0,-1,12.282,-12.2,-2.65,-33.39,0,0,DCHG, ,
19000.3,1,1,1,1,4,9565.0,-1,12.282,-12.2,-2.65,-33.41,0,0,DCHG, ,
19005.3,1,1,1,1,4,9570.0,-1,12.282,-12.2,-2.65,-33.43,0,0,DCHG, ,
19010.3,1,1,1,1,4,9575.0,-1,12.281,-12.2,-2.65,-33.44,0,0,DCHG, ,
19015.3,1,1,1,1,4,9580.0,-1,12.281,-12.2,-2.65,-33.46,0,0,DCHG, ,
19020.3,1,1,1,1,4,9585.0,-1,12.281,-12.2,-2.66,-33.48,0,0,DCHG, ,
19025.3,1,1,1,1,4,9590.0,-1,12.28,-12.2,-2.66,-33.49,0,0,DCHG, ,
19030.3,1,1,1,1,4,9595.0,-1,12.28,-12.2,-2.66,-33.51,0,0,DCHG, ,
19035.3,1,1,1,1,4,9600.0,-1,12.28,-12.2,-2.66,-33.53,0,0,DCHG, ,
19040.3,1,1,1,1,4,9605.0,-0.99,12.28,-12.1,-2.66,-33.55,0,0,DCHG, ,
19045.3,1,1,1,1,4,9610.0,-1,12.279,-12.2,-2.66,-33.56,0,0,DCHG, ,
19050.3,1,1,1,1,4,9615.0,-1,12.279,-12.2,-2.66,-33.58,0,0,DCHG, ,
19055.3,1,1,1,1,4,9620.0,-1,12.279,-12.2,-2.67,-33.6,0,0,DCHG, ,
19060.3,1,1,1,1,4,9625.0,-1,12.279,-12.2,-2.67,-33.61,0,0,DCHG, ,
19065.3,1,1,1,1,4,9630.0,-1,12.278,-12.2,-2.67,-33.63,0,0,DCHG, ,
19070.3,1,1,1,1,4,9635.0,-1,12.278,-12.2,-2.67,-33.65,0,0,DCHG, ,
19075.3,1,1,1,1,4,9640.0,-1,12.278,-12.2,-2.67,-33.66,0,0,DCHG, ,
19080.3,1,1,1,1,4,9645.0,-1,12.277,-12.2,-2.67,-33.68,0,0,DCHG, ,
19085.3,1,1,1,1,4,9650.0,-1,12.277,-12.2,-2.67,-33.7,0,0,DCHG, ,
19090.3,1,1,1,1,4,9655.0,-1,12.277,-12.2,-2.67,-33.72,0,0,DCHG, ,
19095.3,1,1,1,1,4,9660.0,-1,12.277,-12.2,-2.68,-33.73,0,0,DCHG, ,
19100.3,1,1,1,1,4,9665.0,-1,12.276,-12.2,-2.68,-33.75,0,0,DCHG, ,
19105.3,1,1,1,1,4,9670.0,-1,12.276,-12.2,-2.68,-33.77,0,0,DCHG, ,
19110.3,1,1,1,1,4,9675.0,-1,12.275,-12.2,-2.68,-33.78,0,0,DCHG, ,
19115.3,1,1,1,1,4,9680.0,-1,12.275,-12.2,-2.68,-33.8,0,0,DCHG, ,
19120.3,1,1,1,1,4,9685.0,-1,12.275,-12.2,-2.68,-33.82,0,0,DCHG, ,
19125.3,1,1,1,1,4,9690.0,-1,12.275,-12.2,-2.68,-33.83,0,0,DCHG, ,
19130.3,1,1,1,1,4,9695.0,-1,12.275,-12.2,-2.69,-33.85,0,0,DCHG, ,
19135.3,1,1,1,1,4,9700.0,-0.99,12.274,-12.1,-2.69,-33.87,0,0,DCHG, ,
19140.3,1,1,1,1,4,9705.0,-1,12.273,-12.2,-2.69,-33.88,0,0,DCHG, ,
19145.3,1,1,1,1,4,9710.0,-1,12.274,-12.2,-2.69,-33.9,0,0,DCHG, ,
19150.3,1,1,1,1,4,9715.0,-1,12.274,-12.2,-2.69,-33.92,0,0,DCHG, ,
19155.3,1,1,1,1,4,9720.0,-1,12.273,-12.2,-2.69,-33.94,0,0,DCHG, ,
19160.3,1,1,1,1,4,9725.0,-1,12.273,-12.2,-2.69,-33.95,0,0,DCHG, ,
19165.3,1,1,1,1,4,9730.0,-1,12.273,-12.2,-2.7,-33.97,0,0,DCHG, ,
19170.3,1,1,1,1,4,9735.0,-1,12.273,-12.2,-2.7,-33.99,0,0,DCHG, ,
19175.3,1,1,1,1,4,9740.0,-1,12.272,-12.2,-2.7,-34,0,0,DCHG, ,
19180.3,1,1,1,1,4,9745.0,-0.99,12.272,-12.1,-2.7,-34.02,0,0,DCHG, ,
19185.3,1,1,1,1,4,9750.0,-1,12.271,-12.2,-2.7,-34.04,0,0,DCHG, ,
19190.3,1,1,1,1,4,9755.0,-1,12.271,-12.2,-2.7,-34.05,0,0,DCHG, ,
19195.3,1,1,1,1,4,9760.0,-1,12.271,-12.2,-2.7,-34.07,0,0,DCHG, ,
19200.3,1,1,1,1,4,9765.0,-1,12.271,-12.2,-2.71,-34.09,0,0,DCHG, ,
19205.3,1,1,1,1,4,9770.0,-1,12.27,-12.2,-2.71,-34.1,0,0,DCHG, ,
19210.3,1,1,1,1,4,9775.0,-1,12.269,-12.2,-2.71,-34.12,0,0,DCHG, ,
19215.3,1,1,1,1,4,9780.0,-1,12.269,-12.2,-2.71,-34.14,0,0,DCHG, ,
19220.3,1,1,1,1,4,9785.0,-1,12.269,-12.2,-2.71,-34.16,0,0,DCHG, ,
19225.3,1,1,1,1,4,9790.0,-1,12.269,-12.2,-2.71,-34.17,0,0,DCHG, ,
19230.3,1,1,1,1,4,9795.0,-1,12.269,-12.2,-2.71,-34.19,0,0,DCHG, ,
19235.3,1,1,1,1,4,9800.0,-1,12.268,-12.2,-2.72,-34.21,0,0,DCHG, ,
19240.3,1,1,1,1,4,9805.0,-1,12.268,-12.2,-2.72,-34.22,0,0,DCHG, ,
19245.3,1,1,1,1,4,9810.0,-0.99,12.268,-12.1,-2.72,-34.24,0,0,DCHG, ,
19250.3,1,1,1,1,4,9815.0,-1,12.268,-12.2,-2.72,-34.26,0,0,DCHG, ,
19255.3,1,1,1,1,4,9820.0,-0.99,12.267,-12.1,-2.72,-34.27,0,0,DCHG, ,
19260.3,1,1,1,1,4,9825.0,-1,12.267,-12.2,-2.72,-34.29,0,0,DCHG, ,
19265.3,1,1,1,1,4,9830.0,-1,12.267,-12.2,-2.72,-34.31,0,0,DCHG, ,
19270.3,1,1,1,1,4,9835.0,-1,12.267,-12.2,-2.72,-34.32,0,0,DCHG, ,
19275.3,1,1,1,1,4,9840.0,-1,12.265,-12.2,-2.73,-34.34,0,0,DCHG, ,
19280.3,1,1,1,1,4,9845.0,-1,12.266,-12.2,-2.73,-34.36,0,0,DCHG, ,
19285.3,1,1,1,1,4,9850.0,-1,12.266,-12.2,-2.73,-34.38,0,0,DCHG, ,
19290.3,1,1,1,1,4,9855.0,-1,12.266,-12.2,-2.73,-34.39,0,0,DCHG, ,
19295.3,1,1,1,1,4,9860.0,-1,12.265,-12.2,-2.73,-34.41,0,0,DCHG, ,
19300.3,1,1,1,1,4,9865.0,-0.99,12.265,-12.1,-2.73,-34.43,0,0,DCHG, ,
19305.3,1,1,1,1,4,9870.0,-1,12.265,-12.2,-2.73,-34.44,0,0,DCHG, ,
19310.3,1,1,1,1,4,9875.0,-1,12.264,-12.2,-2.74,-34.46,0,0,DCHG, ,
19315.3,1,1,1,1,4,9880.0,-1,12.264,-12.2,-2.74,-34.48,0,0,DCHG, ,
19320.3,1,1,1,1,4,9885.0,-1,12.264,-12.2,-2.74,-34.49,0,0,DCHG, ,
19325.3,1,1,1,1,4,9890.0,-1,12.263,-12.2,-2.74,-34.51,0,0,DCHG, ,
19330.3,1,1,1,1,4,9895.0,-1,12.263,-12.2,-2.74,-34.53,0,0,DCHG, ,
19335.3,1,1,1,1,4,9900.0,-1,12.263,-12.2,-2.74,-34.54,0,0,DCHG, ,
19340.3,1,1,1,1,4,9905.0,-1,12.263,-12.2,-2.74,-34.56,0,0,DCHG, ,
19345.3,1,1,1,1,4,9910.0,-1,12.262,-12.2,-2.75,-34.58,0,0,DCHG, ,
19350.3,1,1,1,1,4,9915.0,-1,12.262,-12.2,-2.75,-34.6,0,0,DCHG, ,
19355.3,1,1,1,1,4,9920.0,-1,12.262,-12.2,-2.75,-34.61,0,0,DCHG, ,
19360.3,1,1,1,1,4,9925.0,-1,12.261,-12.2,-2.75,-34.63,0,0,DCHG, ,
19365.3,1,1,1,1,4,9930.0,-1,12.261,-12.2,-2.75,-34.65,0,0,DCHG, ,
19370.3,1,1,1,1,4,9935.0,-1,12.261,-12.2,-2.75,-34.66,0,0,DCHG, ,
19375.3,1,1,1,1,4,9940.0,-1,12.261,-12.2,-2.75,-34.68,0,0,DCHG, ,
19380.3,1,1,1,1,4,9945.0,-1,12.26,-12.2,-2.76,-34.7,0,0,DCHG, ,
19385.3,1,1,1,1,4,9950.0,-1,12.26,-12.2,-2.76,-34.71,0,0,DCHG, ,
19390.3,1,1,1,1,4,9955.0,-0.99,12.26,-12.1,-2.76,-34.73,0,0,DCHG, ,
19395.3,1,1,1,1,4,9960.0,-1,12.26,-12.2,-2.76,-34.75,0,0,DCHG, ,
19400.3,1,1,1,1,4,9965.0,-1,12.259,-12.2,-2.76,-34.77,0,0,DCHG, ,
19405.3,1,1,1,1,4,9970.0,-1,12.258,-12.2,-2.76,-34.78,0,0,DCHG, ,
19410.3,1,1,1,1,4,9975.0,-1,12.258,-12.2,-2.76,-34.8,0,0,DCHG, ,
19415.3,1,1,1,1,4,9980.0,-0.99,12.258,-12.1,-2.77,-34.82,0,0,DCHG, ,
19420.3,1,1,1,1,4,9985.0,-1,12.258,-12.2,-2.77,-34.83,0,0,DCHG, ,
19425.3,1,1,1,1,4,9990.0,-1,12.258,-12.2,-2.77,-34.85,0,0,DCHG, ,
19430.3,1,1,1,1,4,9995.0,-1,12.257,-12.2,-2.77,-34.87,0,0,DCHG, ,
19435.3,1,1,1,1,4,10000.0,-1,12.257,-12.2,-2.77,-34.88,0,0,DCHG, ,
19440.3,1,1,1,1,4,10005.0,-0.99,12.257,-12.1,-2.77,-34.9,0,0,DCHG, ,
19445.3,1,1,1,1,4,10010.0,-1,12.257,-12.2,-2.77,-34.92,0,0,DCHG, ,
19450.3,1,1,1,1,4,10015.0,-1,12.256,-12.2,-2.77,-34.93,0,0,DCHG, ,
19455.3,1,1,1,1,4,10020.0,-1,12.256,-12.2,-2.78,-34.95,0,0,DCHG, ,
19460.3,1,1,1,1,4,10025.0,-1,12.256,-12.2,-2.78,-34.97,0,0,DCHG, ,
19465.3,1,1,1,1,4,10030.0,-0.99,12.256,-12.1,-2.78,-34.99,0,0,DCHG, ,
19470.3,1,1,1,1,4,10035.0,-0.99,12.255,-12.1,-2.78,-35,0,0,DCHG, ,
19475.3,1,1,1,1,4,10040.0,-1,12.255,-12.2,-2.78,-35.02,0,0,DCHG, ,
19480.3,1,1,1,1,4,10045.0,-1,12.254,-12.2,-2.78,-35.04,0,0,DCHG, ,
19485.3,1,1,1,1,4,10050.0,-1,12.254,-12.2,-2.78,-35.05,0,0,DCHG, ,
19490.3,1,1,1,1,4,10055.0,-1,12.253,-12.2,-2.79,-35.07,0,0,DCHG, ,
19495.3,1,1,1,1,4,10060.0,-1,12.254,-12.2,-2.79,-35.09,0,0,DCHG, ,
19500.3,1,1,1,1,4,10065.0,-1,12.253,-12.2,-2.79,-35.1,0,0,DCHG, ,
19505.3,1,1,1,1,4,10070.0,-1,12.253,-12.2,-2.79,-35.12,0,0,DCHG, ,
19510.3,1,1,1,1,4,10075.0,-0.99,12.253,-12.1,-2.79,-35.14,0,0,DCHG, ,
19515.3,1,1,1,1,4,10080.0,-1,12.252,-12.2,-2.79,-35.15,0,0,DCHG, ,
19520.3,1,1,1,1,4,10085.0,-1,12.253,-12.2,-2.79,-35.17,0,0,DCHG, ,
19525.3,1,1,1,1,4,10090.0,-0.99,12.252,-12.1,-2.8,-35.19,0,0,DCHG, ,
19530.3,1,1,1,1,4,10095.0,-1,12.251,-12.2,-2.8,-35.21,0,0,DCHG, ,
19535.3,1,1,1,1,4,10100.0,-1,12.252,-12.2,-2.8,-35.22,0,0,DCHG, ,
19540.3,1,1,1,1,4,10105.0,-1,12.251,-12.2,-2.8,-35.24,0,0,DCHG, ,
19545.3,1,1,1,1,4,10110.0,-0.99,12.251,-12.1,-2.8,-35.26,0,0,DCHG, ,
19550.3,1,1,1,1,4,10115.0,-1,12.251,-12.2,-2.8,-35.27,0,0,DCHG, ,
19555.3,1,1,1,1,4,10120.0,-1,12.25,-12.2,-2.8,-35.29,0,0,DCHG, ,
19560.3,1,1,1,1,4,10125.0,-1,12.251,-12.2,-2.81,-35.31,0,0,DCHG, ,
19565.3,1,1,1,1,4,10130.0,-0.99,12.25,-12.1,-2.81,-35.32,0,0,DCHG, ,
19570.3,1,1,1,1,4,10135.0,-1,12.25,-12.2,-2.81,-35.34,0,0,DCHG, ,
19575.3,1,1,1,1,4,10140.0,-1,12.249,-12.2,-2.81,-35.36,0,0,DCHG, ,
19580.3,1,1,1,1,4,10145.0,-1,12.249,-12.2,-2.81,-35.37,0,0,DCHG, ,
19585.3,1,1,1,1,4,10150.0,-1,12.248,-12.2,-2.81,-35.39,0,0,DCHG, ,
19590.3,1,1,1,1,4,10155.0,-1,12.248,-12.2,-2.81,-35.41,0,0,DCHG, ,
19595.3,1,1,1,1,4,10160.0,-1,12.248,-12.2,-2.82,-35.43,0,0,DCHG, ,
19600.3,1,1,1,1,4,10165.0,-1,12.247,-12.2,-2.82,-35.44,0,0,DCHG, ,
19605.3,1,1,1,1,4,10170.0,-1,12.247,-12.2,-2.82,-35.46,0,0,DCHG, ,
19610.3,1,1,1,1,4,10175.0,-1,12.247,-12.2,-2.82,-35.48,0,0,DCHG, ,
19615.3,1,1,1,1,4,10180.0,-1,12.247,-12.2,-2.82,-35.49,0,0,DCHG, ,
19620.3,1,1,1,1,4,10185.0,-1,12.246,-12.2,-2.82,-35.51,0,0,DCHG, ,
19625.3,1,1,1,1,4,10190.0,-1,12.246,-12.2,-2.82,-35.53,0,0,DCHG, ,
19630.3,1,1,1,1,4,10195.0,-1,12.246,-12.2,-2.82,-35.54,0,0,DCHG, ,
19635.3,1,1,1,1,4,10200.0,-1,12.246,-12.2,-2.83,-35.56,0,0,DCHG, ,
19640.3,1,1,1,1,4,10205.0,-1,12.245,-12.2,-2.83,-35.58,0,0,DCHG, ,
19645.3,1,1,1,1,4,10210.0,-1,12.245,-12.2,-2.83,-35.59,0,0,DCHG, ,
19650.3,1,1,1,1,4,10215.0,-1,12.244,-12.2,-2.83,-35.61,0,0,DCHG, ,
19655.3,1,1,1,1,4,10220.0,-1,12.245,-12.2,-2.83,-35.63,0,0,DCHG, ,
19660.3,1,1,1,1,4,10225.0,-1,12.244,-12.2,-2.83,-35.65,0,0,DCHG, ,
19665.3,1,1,1,1,4,10230.0,-1,12.244,-12.2,-2.83,-35.66,0,0,DCHG, ,
19670.3,1,1,1,1,4,10235.0,-1,12.244,-12.2,-2.84,-35.68,0,0,DCHG, ,
19675.3,1,1,1,1,4,10240.0,-1,12.244,-12.2,-2.84,-35.7,0,0,DCHG, ,
19680.3,1,1,1,1,4,10245.0,-1,12.243,-12.1,-2.84,-35.71,0,0,DCHG, ,
19685.3,1,1,1,1,4,10250.0,-1,12.243,-12.2,-2.84,-35.73,0,0,DCHG, ,
19690.3,1,1,1,1,4,10255.0,-1,12.243,-12.2,-2.84,-35.75,0,0,DCHG, ,
19695.3,1,1,1,1,4,10260.0,-1,12.243,-12.2,-2.84,-35.76,0,0,DCHG, ,
19700.3,1,1,1,1,4,10265.0,-1,12.242,-12.2,-2.84,-35.78,0,0,DCHG, ,
19705.3,1,1,1,1,4,10270.0,-1,12.242,-12.2,-2.85,-35.8,0,0,DCHG, ,
19710.3,1,1,1,1,4,10275.0,-1,12.241,-12.2,-2.85,-35.81,0,0,DCHG, ,
19715.3,1,1,1,1,4,10280.0,-1,12.241,-12.2,-2.85,-35.83,0,0,DCHG, ,
19720.3,1,1,1,1,4,10285.0,-0.99,12.241,-12.1,-2.85,-35.85,0,0,DCHG, ,
19725.3,1,1,1,1,4,10290.0,-1,12.241,-12.2,-2.85,-35.87,0,0,DCHG, ,
19730.3,1,1,1,1,4,10295.0,-1,12.24,-12.1,-2.85,-35.88,0,0,DCHG, ,
19735.3,1,1,1,1,4,10300.0,-1,12.24,-12.2,-2.85,-35.9,0,0,DCHG, ,
19740.3,1,1,1,1,4,10305.0,-1,12.24,-12.2,-2.86,-35.92,0,0,DCHG, ,
19745.3,1,1,1,1,4,10310.0,-1,12.24,-12.2,-2.86,-35.93,0,0,DCHG, ,
19750.3,1,1,1,1,4,10315.0,-1,12.239,-12.2,-2.86,-35.95,0,0,DCHG, ,
19755.3,1,1,1,1,4,10320.0,-1,12.239,-12.2,-2.86,-35.97,0,0,DCHG, ,
19760.3,1,1,1,1,4,10325.0,-1,12.238,-12.2,-2.86,-35.98,0,0,DCHG, ,
19765.3,1,1,1,1,4,10330.0,-1,12.238,-12.2,-2.86,-36,0,0,DCHG, ,
19770.3,1,1,1,1,4,10335.0,-1,12.238,-12.2,-2.86,-36.02,0,0,DCHG, ,
19775.3,1,1,1,1,4,10340.0,-1,12.237,-12.2,-2.87,-36.04,0,0,DCHG, ,
19780.3,1,1,1,1,4,10345.0,-1,12.237,-12.2,-2.87,-36.05,0,0,DCHG, ,
19785.3,1,1,1,1,4,10350.0,-1,12.237,-12.2,-2.87,-36.07,0,0,DCHG, ,
19790.3,1,1,1,1,4,10355.0,-1,12.237,-12.1,-2.87,-36.09,0,0,DCHG, ,
19795.3,1,1,1,1,4,10360.0,-1,12.237,-12.2,-2.87,-36.1,0,0,DCHG, ,
19800.3,1,1,1,1,4,10365.0,-0.99,12.236,-12.1,-2.87,-36.12,0,0,DCHG, ,
19805.3,1,1,1,1,4,10370.0,-1,12.236,-12.2,-2.87,-36.14,0,0,DCHG, ,
19810.3,1,1,1,1,4,10375.0,-1,12.236,-12.2,-2.87,-36.15,0,0,DCHG, ,
19815.3,1,1,1,1,4,10380.0,-1,12.236,-12.2,-2.88,-36.17,0,0,DCHG, ,
19820.3,1,1,1,1,4,10385.0,-1,12.235,-12.1,-2.88,-36.19,0,0,DCHG, ,
19825.3,1,1,1,1,4,10390.0,-1,12.235,-12.2,-2.88,-36.2,0,0,DCHG, ,
19830.3,1,1,1,1,4,10395.0,-1,12.234,-12.2,-2.88,-36.22,0,0,DCHG, ,
19835.3,1,1,1,1,4,10400.0,-1,12.235,-12.2,-2.88,-36.24,0,0,DCHG, ,
19840.3,1,1,1,1,4,10405.0,-1,12.234,-12.1,-2.88,-36.26,0,0,DCHG, ,
19845.3,1,1,1,1,4,10410.0,-1,12.234,-12.2,-2.88,-36.27,0,0,DCHG, ,
19850.3,1,1,1,1,4,10415.0,-1,12.233,-12.2,-2.89,-36.29,0,0,DCHG, ,
19855.3,1,1,1,1,4,10420.0,-1,12.233,-12.2,-2.89,-36.31,0,0,DCHG, ,
19860.3,1,1,1,1,4,10425.0,-1,12.233,-12.2,-2.89,-36.32,0,0,DCHG, ,
19865.3,1,1,1,1,4,10430.0,-1,12.233,-12.2,-2.89,-36.34,0,0,DCHG, ,
19870.3,1,1,1,1,4,10435.0,-1,12.232,-12.2,-2.89,-36.36,0,0,DCHG, ,
19875.3,1,1,1,1,4,10440.0,-1,12.232,-12.2,-2.89,-36.37,0,0,DCHG, ,
19880.3,1,1,1,1,4,10445.0,-1,12.232,-12.2,-2.89,-36.39,0,0,DCHG, ,
19885.3,1,1,1,1,4,10450.0,-1,12.231,-12.2,-2.9,-36.41,0,0,DCHG, ,
19890.3,1,1,1,1,4,10455.0,-1,12.231,-12.2,-2.9,-36.42,0,0,DCHG, ,
19895.3,1,1,1,1,4,10460.0,-1,12.23,-12.2,-2.9,-36.44,0,0,DCHG, ,
19900.3,1,1,1,1,4,10465.0,-1,12.23,-12.2,-2.9,-36.46,0,0,DCHG, ,
19905.3,1,1,1,1,4,10470.0,-1,12.23,-12.2,-2.9,-36.48,0,0,DCHG, ,
19910.3,1,1,1,1,4,10475.0,-1,12.23,-12.2,-2.9,-36.49,0,0,DCHG, ,
19915.3,1,1,1,1,4,10480.0,-1,12.229,-12.2,-2.9,-36.51,0,0,DCHG, ,
19920.3,1,1,1,1,4,10485.0,-1,12.229,-12.2,-2.91,-36.53,0,0,DCHG, ,
19925.3,1,1,1,1,4,10490.0,-1,12.229,-12.2,-2.91,-36.54,0,0,DCHG, ,
19930.3,1,1,1,1,4,10495.0,-1,12.228,-12.2,-2.91,-36.56,0,0,DCHG, ,
19935.3,1,1,1,1,4,10500.0,-1,12.228,-12.2,-2.91,-36.58,0,0,DCHG, ,
19940.3,1,1,1,1,4,10505.0,-1,12.228,-12.2,-2.91,-36.59,0,0,DCHG, ,
19945.3,1,1,1,1,4,10510.0,-1,12.228,-12.2,-2.91,-36.61,0,0,DCHG, ,
19950.3,1,1,1,1,4,10515.0,-1,12.228,-12.2,-2.91,-36.63,0,0,DCHG, ,
19955.3,1,1,1,1,4,10520.0,-1,12.227,-12.1,-2.92,-36.64,0,0,DCHG, ,
19960.3,1,1,1,1,4,10525.0,-1,12.227,-12.2,-2.92,-36.66,0,0,DCHG, ,
19965.3,1,1,1,1,4,10530.0,-1,12.226,-12.2,-2.92,-36.68,0,0,DCHG, ,
19970.3,1,1,1,1,4,10535.0,-1,12.226,-12.2,-2.92,-36.7,0,0,DCHG, ,
19975.3,1,1,1,1,4,10540.0,-1,12.226,-12.2,-2.92,-36.71,0,0,DCHG, ,
19980.3,1,1,1,1,4,10545.0,-1,12.225,-12.2,-2.92,-36.73,0,0,DCHG, ,
19985.3,1,1,1,1,4,10550.0,-1,12.225,-12.2,-2.92,-36.75,0,0,DCHG, ,
19990.3,1,1,1,1,4,10555.0,-1,12.226,-12.2,-2.92,-36.76,0,0,DCHG, ,
19995.3,1,1,1,1,4,10560.0,-1,12.225,-12.2,-2.93,-36.78,0,0,DCHG, ,
20000.3,1,1,1,1,4,10565.0,-0.99,12.224,-12.1,-2.93,-36.8,0,0,DCHG, ,
20005.3,1,1,1,1,4,10570.0,-1,12.225,-12.2,-2.93,-36.81,0,0,DCHG, ,
20010.3,1,1,1,1,4,10575.0,-1,12.224,-12.2,-2.93,-36.83,0,0,DCHG, ,
20015.3,1,1,1,1,4,10580.0,-1,12.224,-12.2,-2.93,-36.85,0,0,DCHG, ,
20020.3,1,1,1,1,4,10585.0,-1,12.223,-12.2,-2.93,-36.86,0,0,DCHG, ,
20025.3,1,1,1,1,4,10590.0,-1,12.223,-12.2,-2.93,-36.88,0,0,DCHG, ,
20030.3,1,1,1,1,4,10595.0,-1,12.223,-12.1,-2.94,-36.9,0,0,DCHG, ,
20035.3,1,1,1,1,4,10600.0,-1,12.223,-12.2,-2.94,-36.92,0,0,DCHG, ,
20040.3,1,1,1,1,4,10605.0,-1,12.222,-12.1,-2.94,-36.93,0,0,DCHG, ,
20045.3,1,1,1,1,4,10610.0,-1,12.222,-12.1,-2.94,-36.95,0,0,DCHG, ,
20050.3,1,1,1,1,4,10615.0,-1,12.222,-12.1,-2.94,-36.97,0,0,DCHG, ,
20055.3,1,1,1,1,4,10620.0,-1,12.221,-12.2,-2.94,-36.98,0,0,DCHG, ,
20060.3,1,1,1,1,4,10625.0,-1,12.221,-12.2,-2.94,-37,0,0,DCHG, ,
20065.3,1,1,1,1,4,10630.0,-1,12.221,-12.1,-2.95,-37.02,0,0,DCHG, ,
20070.3,1,1,1,1,4,10635.0,-1,12.221,-12.1,-2.95,-37.03,0,0,DCHG, ,
20075.3,1,1,1,1,4,10640.0,-1,12.22,-12.1,-2.95,-37.05,0,0,DCHG, ,
20080.3,1,1,1,1,4,10645.0,-1,12.22,-12.1,-2.95,-37.07,0,0,DCHG, ,
20085.3,1,1,1,1,4,10650.0,-1,12.22,-12.1,-2.95,-37.08,0,0,DCHG, ,
20090.3,1,1,1,1,4,10655.0,-1,12.219,-12.1,-2.95,-37.1,0,0,DCHG, ,
20095.3,1,1,1,1,4,10660.0,-1,12.219,-12.1,-2.95,-37.12,0,0,DCHG, ,
20100.3,1,1,1,1,4,10665.0,-1,12.219,-12.1,-2.96,-37.13,0,0,DCHG, ,
20105.3,1,1,1,1,4,10670.0,-1,12.219,-12.1,-2.96,-37.15,0,0,DCHG, ,
20110.3,1,1,1,1,4,10675.0,-1,12.218,-12.1,-2.96,-37.17,0,0,DCHG, ,
20115.3,1,1,1,1,4,10680.0,-1,12.218,-12.1,-2.96,-37.18,0,0,DCHG, ,
20120.3,1,1,1,1,4,10685.0,-1,12.217,-12.2,-2.96,-37.2,0,0,DCHG, ,
20125.3,1,1,1,1,4,10690.0,-1,12.218,-12.1,-2.96,-37.22,0,0,DCHG, ,
20130.3,1,1,1,1,4,10695.0,-1,12.217,-12.1,-2.96,-37.24,0,0,DCHG, ,
20135.3,1,1,1,1,4,10700.0,-1,12.217,-12.1,-2.97,-37.25,0,0,DCHG, ,
20140.3,1,1,1,1,4,10705.0,-1,12.216,-12.1,-2.97,-37.27,0,0,DCHG, ,
20145.3,1,1,1,1,4,10710.0,-1,12.216,-12.1,-2.97,-37.29,0,0,DCHG, ,
20150.3,1,1,1,1,4,10715.0,-1,12.216,-12.1,-2.97,-37.3,0,0,DCHG, ,
20155.3,1,1,1,1,4,10720.0,-1,12.216,-12.2,-2.97,-37.32,0,0,DCHG, ,
20160.3,1,1,1,1,4,10725.0,-1,12.216,-12.1,-2.97,-37.34,0,0,DCHG, ,
20165.3,1,1,1,1,4,10730.0,-1,12.215,-12.1,-2.97,-37.35,0,0,DCHG, ,
20170.3,1,1,1,1,4,10735.0,-1,12.214,-12.1,-2.97,-37.37,0,0,DCHG, ,
20175.3,1,1,1,1,4,10740.0,-1,12.214,-12.1,-2.98,-37.39,0,0,DCHG, ,
20180.3,1,1,1,1,4,10745.0,-1,12.214,-12.1,-2.98,-37.4,0,0,DCHG, ,
20185.3,1,1,1,1,4,10750.0,-1,12.214,-12.1,-2.98,-37.42,0,0,DCHG, ,
20190.3,1,1,1,1,4,10755.0,-1,12.214,-12.2,-2.98,-37.44,0,0,DCHG, ,
20195.3,1,1,1,1,4,10760.0,-1,12.213,-12.1,-2.98,-37.45,0,0,DCHG, ,
20200.3,1,1,1,1,4,10765.0,-1,12.213,-12.1,-2.98,-37.47,0,0,DCHG, ,
20205.3,1,1,1,1,4,10770.0,-0.99,12.213,-12.1,-2.98,-37.49,0,0,DCHG, ,
20210.3,1,1,1,1,4,10775.0,-1,12.212,-12.1,-2.99,-37.5,0,0,DCHG, ,
20215.3,1,1,1,1,4,10780.0,-1,12.212,-12.1,-2.99,-37.52,0,0,DCHG, ,
20220.3,1,1,1,1,4,10785.0,-1,12.212,-12.1,-2.99,-37.54,0,0,DCHG, ,
20225.3,1,1,1,1,4,10790.0,-1,12.211,-12.1,-2.99,-37.55,0,0,DCHG, ,
20230.3,1,1,1,1,4,10795.0,-1,12.211,-12.1,-2.99,-37.57,0,0,DCHG, ,
20235.3,1,1,1,1,4,10800.0,-1,12.211,-12.2,-2.99,-37.59,0,0,DCHG, ,
20240.3,1,1,1,1,4,10805.0,-1,12.211,-12.1,-2.99,-37.61,0,0,DCHG, ,
20245.3,1,1,1,1,4,10810.0,-1,12.211,-12.1,-3,-37.62,0,0,DCHG, ,
20250.3,1,1,1,1,4,10815.0,-0.99,12.21,-12.1,-3,-37.64,0,0,DCHG, ,
20255.3,1,1,1,1,4,10820.0,-0.99,12.21,-12.1,-3,-37.66,0,0,DCHG, ,
20260.3,1,1,1,1,4,10825.0,-1,12.21,-12.2,-3,-37.67,0,0,DCHG, ,
20265.3,1,1,1,1,4,10830.0,-1,12.21,-12.1,-3,-37.69,0,0,DCHG, ,
20270.3,1,1,1,1,4,10835.0,-1,12.209,-12.1,-3,-37.71,0,0,DCHG, ,
20275.3,1,1,1,1,4,10840.0,-1,12.209,-12.1,-3,-37.72,0,0,DCHG, ,
20280.3,1,1,1,1,4,10845.0,-1,12.209,-12.1,-3.01,-37.74,0,0,DCHG, ,
20285.3,1,1,1,1,4,10850.0,-1,12.208,-12.1,-3.01,-37.76,0,0,DCHG, ,
20290.3,1,1,1,1,4,10855.0,-1,12.208,-12.1,-3.01,-37.77,0,0,DCHG, ,
20295.3,1,1,1,1,4,10860.0,-1,12.207,-12.1,-3.01,-37.79,0,0,DCHG, ,
20300.3,1,1,1,1,4,10865.0,-1,12.207,-12.2,-3.01,-37.81,0,0,DCHG, ,
20305.3,1,1,1,1,4,10870.0,-1,12.207,-12.1,-3.01,-37.82,0,0,DCHG, ,
20310.3,1,1,1,1,4,10875.0,-1,12.206,-12.1,-3.01,-37.84,0,0,DCHG, ,
20315.3,1,1,1,1,4,10880.0,-1,12.206,-12.1,-3.02,-37.86,0,0,DCHG, ,
20320.3,1,1,1,1,4,10885.0,-1,12.206,-12.1,-3.02,-37.87,0,0,DCHG, ,
20325.3,1,1,1,1,4,10890.0,-1,12.206,-12.2,-3.02,-37.89,0,0,DCHG, ,
20330.3,1,1,1,1,4,10895.0,-1,12.206,-12.1,-3.02,-37.91,0,0,DCHG, ,
20335.3,1,1,1,1,4,10900.0,-1,12.205,-12.1,-3.02,-37.92,0,0,DCHG, ,
20340.3,1,1,1,1,4,10905.0,-1,12.205,-12.1,-3.02,-37.94,0,0,DCHG, ,
20345.3,1,1,1,1,4,10910.0,-1,12.205,-12.1,-3.02,-37.96,0,0,DCHG, ,
20350.3,1,1,1,1,4,10915.0,-1,12.205,-12.1,-3.02,-37.98,0,0,DCHG, ,
20355.3,1,1,1,1,4,10920.0,-1,12.204,-12.1,-3.03,-37.99,0,0,DCHG, ,
20360.3,1,1,1,1,4,10925.0,-1,12.204,-12.1,-3.03,-38.01,0,0,DCHG, ,
20365.3,1,1,1,1,4,10930.0,-1,12.203,-12.2,-3.03,-38.03,0,0,DCHG, ,
20370.3,1,1,1,1,4,10935.0,-1,12.203,-12.1,-3.03,-38.04,0,0,DCHG, ,
20375.3,1,1,1,1,4,10940.0,-1,12.203,-12.1,-3.03,-38.06,0,0,DCHG, ,
20380.3,1,1,1,1,4,10945.0,-1,12.202,-12.1,-3.03,-38.08,0,0,DCHG, ,
20385.3,1,1,1,1,4,10950.0,-1,12.202,-12.1,-3.03,-38.09,0,0,DCHG, ,
20390.3,1,1,1,1,4,10955.0,-1,12.202,-12.1,-3.04,-38.11,0,0,DCHG, ,
20395.3,1,1,1,1,4,10960.0,-1,12.202,-12.1,-3.04,-38.13,0,0,DCHG, ,
20400.3,1,1,1,1,4,10965.0,-1,12.201,-12.1,-3.04,-38.14,0,0,DCHG, ,
20405.3,1,1,1,1,4,10970.0,-1,12.201,-12.2,-3.04,-38.16,0,0,DCHG, ,
20410.3,1,1,1,1,4,10975.0,-1,12.201,-12.1,-3.04,-38.18,0,0,DCHG, ,
20415.3,1,1,1,1,4,10980.0,-1,12.201,-12.1,-3.04,-38.19,0,0,DCHG, ,
20420.3,1,1,1,1,4,10985.0,-1,12.2,-12.1,-3.04,-38.21,0,0,DCHG, ,
20425.3,1,1,1,1,4,10990.0,-1,12.2,-12.1,-3.05,-38.23,0,0,DCHG, ,
20430.3,1,1,1,1,4,10995.0,-1,12.2,-12.1,-3.05,-38.24,0,0,DCHG, ,
20435.3,1,1,1,1,4,11000.0,-1,12.2,-12.1,-3.05,-38.26,0,0,DCHG, ,
20440.3,1,1,1,1,4,11005.0,-1,12.2,-12.1,-3.05,-38.28,0,0,DCHG, ,
20445.3,1,1,1,1,4,11010.0,-1,12.199,-12.1,-3.05,-38.3,0,0,DCHG, ,
20450.3,1,1,1,1,4,11015.0,-1,12.199,-12.1,-3.05,-38.31,0,0,DCHG, ,
20455.3,1,1,1,1,4,11020.0,-1,12.198,-12.1,-3.05,-38.33,0,0,DCHG, ,
20460.3,1,1,1,1,4,11025.0,-1,12.198,-12.1,-3.06,-38.35,0,0,DCHG, ,
20465.3,1,1,1,1,4,11030.0,-1,12.198,-12.1,-3.06,-38.36,0,0,DCHG, ,
20470.3,1,1,1,1,4,11035.0,-1,12.197,-12.1,-3.06,-38.38,0,0,DCHG, ,
20475.3,1,1,1,1,4,11040.0,-1,12.197,-12.1,-3.06,-38.4,0,0,DCHG, ,
20480.3,1,1,1,1,4,11045.0,-1,12.197,-12.1,-3.06,-38.41,0,0,DCHG, ,
20485.3,1,1,1,1,4,11050.0,-1,12.196,-12.1,-3.06,-38.43,0,0,DCHG, ,
20490.3,1,1,1,1,4,11055.0,-0.99,12.196,-12,-3.06,-38.45,0,0,DCHG, ,
20495.3,1,1,1,1,4,11060.0,-1,12.196,-12.1,-3.06,-38.46,0,0,DCHG, ,
20500.3,1,1,1,1,4,11065.0,-1,12.196,-12.1,-3.07,-38.48,0,0,DCHG, ,
20505.3,1,1,1,1,4,11070.0,-1,12.195,-12.1,-3.07,-38.5,0,0,DCHG, ,
20510.3,1,1,1,1,4,11075.0,-1,12.195,-12.1,-3.07,-38.51,0,0,DCHG, ,
20515.3,1,1,1,1,4,11080.0,-1,12.195,-12.1,-3.07,-38.53,0,0,DCHG, ,
20520.3,1,1,1,1,4,11085.0,-1,12.194,-12.1,-3.07,-38.55,0,0,DCHG, ,
20525.3,1,1,1,1,4,11090.0,-1,12.194,-12.1,-3.07,-38.56,0,0,DCHG, ,
20530.3,1,1,1,1,4,11095.0,-1,12.194,-12.1,-3.07,-38.58,0,0,DCHG, ,
20535.3,1,1,1,1,4,11100.0,-1,12.193,-12.1,-3.08,-38.6,0,0,DCHG, ,
20540.3,1,1,1,1,4,11105.0,-1,12.193,-12.1,-3.08,-38.61,0,0,DCHG, ,
20545.3,1,1,1,1,4,11110.0,-1,12.193,-12.1,-3.08,-38.63,0,0,DCHG, ,
20550.3,1,1,1,1,4,11115.0,-1,12.193,-12.1,-3.08,-38.65,0,0,DCHG, ,
20555.3,1,1,1,1,4,11120.0,-1,12.193,-12.1,-3.08,-38.66,0,0,DCHG, ,
20560.3,1,1,1,1,4,11125.0,-0.99,12.192,-12.1,-3.08,-38.68,0,0,DCHG, ,
20565.3,1,1,1,1,4,11130.0,-1,12.192,-12.1,-3.08,-38.7,0,0,DCHG, ,
20570.3,1,1,1,1,4,11135.0,-1,12.192,-12.1,-3.09,-38.72,0,0,DCHG, ,
20575.3,1,1,1,1,4,11140.0,-1,12.191,-12.1,-3.09,-38.73,0,0,DCHG, ,
20580.3,1,1,1,1,4,11145.0,-1,12.191,-12.1,-3.09,-38.75,0,0,DCHG, ,
20585.3,1,1,1,1,4,11150.0,-1,12.191,-12.1,-3.09,-38.77,0,0,DCHG, ,
20590.3,1,1,1,1,4,11155.0,-1,12.19,-12.1,-3.09,-38.78,0,0,DCHG, ,
20595.3,1,1,1,1,4,11160.0,-1,12.19,-12.1,-3.09,-38.8,0,0,DCHG, ,
20600.3,1,1,1,1,4,11165.0,-1,12.19,-12.1,-3.09,-38.82,0,0,DCHG, ,
20605.3,1,1,1,1,4,11170.0,-1,12.19,-12.1,-3.1,-38.83,0,0,DCHG, ,
20610.3,1,1,1,1,4,11175.0,-0.99,12.189,-12,-3.1,-38.85,0,0,DCHG, ,
20615.3,1,1,1,1,4,11180.0,-1,12.189,-12.1,-3.1,-38.87,0,0,DCHG, ,
20620.3,1,1,1,1,4,11185.0,-1,12.189,-12.1,-3.1,-38.88,0,0,DCHG, ,
20625.3,1,1,1,1,4,11190.0,-1,12.188,-12.1,-3.1,-38.9,0,0,DCHG, ,
20630.3,1,1,1,1,4,11195.0,-0.99,12.188,-12.1,-3.1,-38.92,0,0,DCHG, ,
20635.3,1,1,1,1,4,11200.0,-1,12.187,-12.1,-3.1,-38.93,0,0,DCHG, ,
20640.3,1,1,1,1,4,11205.0,-1,12.188,-12.1,-3.11,-38.95,0,0,DCHG, ,
20645.3,1,1,1,1,4,11210.0,-1,12.187,-12.1,-3.11,-38.97,0,0,DCHG, ,
20650.3,1,1,1,1,4,11215.0,-1,12.187,-12.1,-3.11,-38.98,0,0,DCHG, ,
20655.3,1,1,1,1,4,11220.0,-1,12.187,-12.1,-3.11,-39,0,0,DCHG, ,
20660.3,1,1,1,1,4,11225.0,-1,12.186,-12.1,-3.11,-39.02,0,0,DCHG, ,
20665.3,1,1,1,1,4,11230.0,-1,12.186,-12.1,-3.11,-39.03,0,0,DCHG, ,
20670.3,1,1,1,1,4,11235.0,-1,12.186,-12.1,-3.11,-39.05,0,0,DCHG, ,
20675.3,1,1,1,1,4,11240.0,-1,12.185,-12.1,-3.11,-39.07,0,0,DCHG, ,
20680.3,1,1,1,1,4,11245.0,-1,12.185,-12.1,-3.12,-39.08,0,0,DCHG, ,
20685.3,1,1,1,1,4,11250.0,-1,12.185,-12.1,-3.12,-39.1,0,0,DCHG, ,
20690.3,1,1,1,1,4,11255.0,-1,12.184,-12.1,-3.12,-39.12,0,0,DCHG, ,
20695.3,1,1,1,1,4,11260.0,-1,12.184,-12.1,-3.12,-39.13,0,0,DCHG, ,
20700.3,1,1,1,1,4,11265.0,-1,12.184,-12.1,-3.12,-39.15,0,0,DCHG, ,
20705.3,1,1,1,1,4,11270.0,-1,12.183,-12.1,-3.12,-39.17,0,0,DCHG, ,
20710.3,1,1,1,1,4,11275.0,-1,12.183,-12.1,-3.12,-39.19,0,0,DCHG, ,
20715.3,1,1,1,1,4,11280.0,-1,12.183,-12.1,-3.13,-39.2,0,0,DCHG, ,
20720.3,1,1,1,1,4,11285.0,-1,12.183,-12.1,-3.13,-39.22,0,0,DCHG, ,
20725.3,1,1,1,1,4,11290.0,-1,12.182,-12.1,-3.13,-39.24,0,0,DCHG, ,
20730.3,1,1,1,1,4,11295.0,-1,12.182,-12.1,-3.13,-39.25,0,0,DCHG, ,
20735.3,1,1,1,1,4,11300.0,-1,12.181,-12.1,-3.13,-39.27,0,0,DCHG, ,
20740.3,1,1,1,1,4,11305.0,-1,12.181,-12.1,-3.13,-39.29,0,0,DCHG, ,
20745.3,1,1,1,1,4,11310.0,-1,12.181,-12.1,-3.13,-39.3,0,0,DCHG, ,
20750.3,1,1,1,1,4,11315.0,-0.99,12.181,-12,-3.14,-39.32,0,0,DCHG, ,
20755.3,1,1,1,1,4,11320.0,-1,12.18,-12.1,-3.14,-39.34,0,0,DCHG, ,
20760.3,1,1,1,1,4,11325.0,-1,12.18,-12.1,-3.14,-39.35,0,0,DCHG, ,
20765.3,1,1,1,1,4,11330.0,-1,12.18,-12.1,-3.14,-39.37,0,0,DCHG, ,
20770.3,1,1,1,1,4,11335.0,-1,12.18,-12.1,-3.14,-39.39,0,0,DCHG, ,
20775.3,1,1,1,1,4,11340.0,-0.99,12.179,-12,-3.14,-39.4,0,0,DCHG, ,
20780.3,1,1,1,1,4,11345.0,-1,12.179,-12.1,-3.14,-39.42,0,0,DCHG, ,
20785.3,1,1,1,1,4,11350.0,-1,12.179,-12.1,-3.15,-39.44,0,0,DCHG, ,
20790.3,1,1,1,1,4,11355.0,-1,12.179,-12.1,-3.15,-39.45,0,0,DCHG, ,
20795.3,1,1,1,1,4,11360.0,-1,12.178,-12.1,-3.15,-39.47,0,0,DCHG, ,
20800.3,1,1,1,1,4,11365.0,-1,12.178,-12.1,-3.15,-39.49,0,0,DCHG, ,
20805.3,1,1,1,1,4,11370.0,-1,12.178,-12.1,-3.15,-39.5,0,0,DCHG, ,
20810.3,1,1,1,1,4,11375.0,-1,12.177,-12.1,-3.15,-39.52,0,0,DCHG, ,
20815.3,1,1,1,1,4,11380.0,-1,12.177,-12.1,-3.15,-39.54,0,0,DCHG, ,
20820.3,1,1,1,1,4,11385.0,-1,12.176,-12.1,-3.16,-39.55,0,0,DCHG, ,
20825.3,1,1,1,1,4,11390.0,-1,12.176,-12.1,-3.16,-39.57,0,0,DCHG, ,
20830.3,1,1,1,1,4,11395.0,-1,12.176,-12.1,-3.16,-39.59,0,0,DCHG, ,
20835.3,1,1,1,1,4,11400.0,-1,12.175,-12.1,-3.16,-39.61,0,0,DCHG, ,
20840.3,1,1,1,1,4,11405.0,-1,12.175,-12.1,-3.16,-39.62,0,0,DCHG, ,
20845.3,1,1,1,1,4,11410.0,-0.99,12.175,-12,-3.16,-39.64,0,0,DCHG, ,
20850.3,1,1,1,1,4,11415.0,-0.99,12.175,-12,-3.16,-39.66,0,0,DCHG, ,
20855.3,1,1,1,1,4,11420.0,-1,12.174,-12.1,-3.16,-39.67,0,0,DCHG, ,
20860.3,1,1,1,1,4,11425.0,-1,12.174,-12.1,-3.17,-39.69,0,0,DCHG, ,
20865.3,1,1,1,1,4,11430.0,-1,12.174,-12.1,-3.17,-39.71,0,0,DCHG, ,
20870.3,1,1,1,1,4,11435.0,-1,12.174,-12.1,-3.17,-39.72,0,0,DCHG, ,
20875.3,1,1,1,1,4,11440.0,-1,12.173,-12.1,-3.17,-39.74,0,0,DCHG, ,
20880.3,1,1,1,1,4,11445.0,-1,12.173,-12.1,-3.17,-39.76,0,0,DCHG, ,
20885.3,1,1,1,1,4,11450.0,-1,12.173,-12.1,-3.17,-39.77,0,0,DCHG, ,
20890.3,1,1,1,1,4,11455.0,-1,12.172,-12.1,-3.17,-39.79,0,0,DCHG, ,
20895.3,1,1,1,1,4,11460.0,-1,12.172,-12.1,-3.18,-39.81,0,0,DCHG, ,
20900.3,1,1,1,1,4,11465.0,-1,12.172,-12.1,-3.18,-39.82,0,0,DCHG, ,
20905.3,1,1,1,1,4,11470.0,-1,12.171,-12.1,-3.18,-39.84,0,0,DCHG, ,
20910.3,1,1,1,1,4,11475.0,-1,12.171,-12.1,-3.18,-39.86,0,0,DCHG, ,
20915.3,1,1,1,1,4,11480.0,-1,12.171,-12.1,-3.18,-39.87,0,0,DCHG, ,
20920.3,1,1,1,1,4,11485.0,-1,12.17,-12.1,-3.18,-39.89,0,0,DCHG, ,
20925.3,1,1,1,1,4,11490.0,-1,12.17,-12.1,-3.18,-39.91,0,0,DCHG, ,
20930.3,1,1,1,1,4,11495.0,-1,12.17,-12.1,-3.19,-39.92,0,0,DCHG, ,
20935.3,1,1,1,1,4,11500.0,-1,12.17,-12.1,-3.19,-39.94,0,0,DCHG, ,
20940.3,1,1,1,1,4,11505.0,-1,12.17,-12.1,-3.19,-39.96,0,0,DCHG, ,
20945.3,1,1,1,1,4,11510.0,-0.99,12.169,-12,-3.19,-39.97,0,0,DCHG, ,
20950.3,1,1,1,1,4,11515.0,-1,12.169,-12.1,-3.19,-39.99,0,0,DCHG, ,
20955.3,1,1,1,1,4,11520.0,-1,12.168,-12.1,-3.19,-40.01,0,0,DCHG, ,
20960.3,1,1,1,1,4,11525.0,-1,12.168,-12.1,-3.19,-40.03,0,0,DCHG, ,
20965.3,1,1,1,1,4,11530.0,-1,12.168,-12.1,-3.2,-40.04,0,0,DCHG, ,
20970.3,1,1,1,1,4,11535.0,-1,12.167,-12.1,-3.2,-40.06,0,0,DCHG, ,
20975.3,1,1,1,1,4,11540.0,-1,12.167,-12.1,-3.2,-40.08,0,0,DCHG, ,
20980.3,1,1,1,1,4,11545.0,-1,12.166,-12.1,-3.2,-40.09,0,0,DCHG, ,
20985.3,1,1,1,1,4,11550.0,-1,12.166,-12.1,-3.2,-40.11,0,0,DCHG, ,
20990.3,1,1,1,1,4,11555.0,-0.99,12.166,-12,-3.2,-40.13,0,0,DCHG, ,
20995.3,1,1,1,1,4,11560.0,-1,12.166,-12.1,-3.2,-40.14,0,0,DCHG, ,
21000.3,1,1,1,1,4,11565.0,-1,12.165,-12.1,-3.21,-40.16,0,0,DCHG, ,
21005.3,1,1,1,1,4,11570.0,-1,12.165,-12.1,-3.21,-40.18,0,0,DCHG, ,
21010.3,1,1,1,1,4,11575.0,-1,12.165,-12.1,-3.21,-40.19,0,0,DCHG, ,
21015.3,1,1,1,1,4,11580.0,-1,12.165,-12.1,-3.21,-40.21,0,0,DCHG, ,
21020.3,1,1,1,1,4,11585.0,-1,12.164,-12.1,-3.21,-40.23,0,0,DCHG, ,
21025.3,1,1,1,1,4,11590.0,-1,12.164,-12.1,-3.21,-40.24,0,0,DCHG, ,
21030.3,1,1,1,1,4,11595.0,-1,12.164,-12.1,-3.21,-40.26,0,0,DCHG, ,
21035.3,1,1,1,1,4,11600.0,-0.99,12.164,-12,-3.21,-40.28,0,0,DCHG, ,
21040.3,1,1,1,1,4,11605.0,-1,12.164,-12.1,-3.22,-40.29,0,0,DCHG, ,
21045.3,1,1,1,1,4,11610.0,-1,12.163,-12.1,-3.22,-40.31,0,0,DCHG, ,
21050.3,1,1,1,1,4,11615.0,-1,12.163,-12.1,-3.22,-40.33,0,0,DCHG, ,
21055.3,1,1,1,1,4,11620.0,-1,12.162,-12.1,-3.22,-40.34,0,0,DCHG, ,
21060.3,1,1,1,1,4,11625.0,-1,12.162,-12.1,-3.22,-40.36,0,0,DCHG, ,
21065.3,1,1,1,1,4,11630.0,-1,12.162,-12.1,-3.22,-40.38,0,0,DCHG, ,
21070.3,1,1,1,1,4,11635.0,-1,12.162,-12.1,-3.22,-40.39,0,0,DCHG, ,
21075.3,1,1,1,1,4,11640.0,-1,12.161,-12.1,-3.23,-40.41,0,0,DCHG, ,
21080.3,1,1,1,1,4,11645.0,-1,12.161,-12.1,-3.23,-40.43,0,0,DCHG, ,
21085.3,1,1,1,1,4,11650.0,-1,12.161,-12.1,-3.23,-40.45,0,0,DCHG, ,
21090.3,1,1,1,1,4,11655.0,-1,12.16,-12.1,-3.23,-40.46,0,0,DCHG, ,
21095.3,1,1,1,1,4,11660.0,-0.99,12.16,-12,-3.23,-40.48,0,0,DCHG, ,
21100.3,1,1,1,1,4,11665.0,-1,12.16,-12.1,-3.23,-40.5,0,0,DCHG, ,
21105.3,1,1,1,1,4,11670.0,-1,12.159,-12.1,-3.23,-40.51,0,0,DCHG, ,
21110.3,1,1,1,1,4,11675.0,-1,12.159,-12.1,-3.24,-40.53,0,0,DCHG, ,
21115.3,1,1,1,1,4,11680.0,-1,12.159,-12.1,-3.24,-40.55,0,0,DCHG, ,
21120.3,1,1,1,1,4,11685.0,-1,12.158,-12.1,-3.24,-40.56,0,0,DCHG, ,
21125.3,1,1,1,1,4,11690.0,-1,12.158,-12.1,-3.24,-40.58,0,0,DCHG, ,
21130.3,1,1,1,1,4,11695.0,-1,12.159,-12.1,-3.24,-40.6,0,0,DCHG, ,
21135.3,1,1,1,1,4,11700.0,-1,12.158,-12.1,-3.24,-40.61,0,0,DCHG, ,
21140.3,1,1,1,1,4,11705.0,-1,12.158,-12.1,-3.24,-40.63,0,0,DCHG, ,
21145.3,1,1,1,1,4,11710.0,-0.99,12.157,-12,-3.25,-40.65,0,0,DCHG, ,
21150.3,1,1,1,1,4,11715.0,-1,12.157,-12.1,-3.25,-40.66,0,0,DCHG, ,
21155.3,1,1,1,1,4,11720.0,-1,12.157,-12.1,-3.25,-40.68,0,0,DCHG, ,
21160.3,1,1,1,1,4,11725.0,-1,12.157,-12.1,-3.25,-40.7,0,0,DCHG, ,
21165.3,1,1,1,1,4,11730.0,-1,12.157,-12.1,-3.25,-40.71,0,0,DCHG, ,
21170.3,1,1,1,1,4,11735.0,-1,12.156,-12.1,-3.25,-40.73,0,0,DCHG, ,
21175.3,1,1,1,1,4,11740.0,-1,12.155,-12.1,-3.25,-40.75,0,0,DCHG, ,
21180.3,1,1,1,1,4,11745.0,-1,12.155,-12.1,-3.26,-40.76,0,0,DCHG, ,
21185.3,1,1,1,1,4,11750.0,-1,12.154,-12.1,-3.26,-40.78,0,0,DCHG, ,
21190.3,1,1,1,1,4,11755.0,-1,12.155,-12.1,-3.26,-40.8,0,0,DCHG, ,
21195.3,1,1,1,1,4,11760.0,-1,12.154,-12.1,-3.26,-40.81,0,0,DCHG, ,
21200.3,1,1,1,1,4,11765.0,-1,12.154,-12.1,-3.26,-40.83,0,0,DCHG, ,
21205.3,1,1,1,1,4,11770.0,-1,12.154,-12.1,-3.26,-40.85,0,0,DCHG, ,
21210.3,1,1,1,1,4,11775.0,-1,12.153,-12.1,-3.26,-40.86,0,0,DCHG, ,
21215.3,1,1,1,1,4,11780.0,-1,12.153,-12.1,-3.26,-40.88,0,0,DCHG, ,
21220.3,1,1,1,1,4,11785.0,-1,12.153,-12.1,-3.27,-40.9,0,0,DCHG, ,
21225.3,1,1,1,1,4,11790.0,-1,12.152,-12.1,-3.27,-40.92,0,0,DCHG, ,
21230.3,1,1,1,1,4,11795.0,-1,12.152,-12.1,-3.27,-40.93,0,0,DCHG, ,
21235.3,1,1,1,1,4,11800.0,-1,12.151,-12.1,-3.27,-40.95,0,0,DCHG, ,
21240.3,1,1,1,1,4,11805.0,-1,12.152,-12.1,-3.27,-40.97,0,0,DCHG, ,
21245.3,1,1,1,1,4,11810.0,-1,12.151,-12.1,-3.27,-40.98,0,0,DCHG, ,
21250.3,1,1,1,1,4,11815.0,-1,12.151,-12.1,-3.27,-41,0,0,DCHG, ,
21255.3,1,1,1,1,4,11820.0,-1,12.151,-12.1,-3.28,-41.02,0,0,DCHG, ,
21260.3,1,1,1,1,4,11825.0,-1,12.15,-12.1,-3.28,-41.03,0,0,DCHG, ,
21265.3,1,1,1,1,4,11830.0,-1,12.15,-12.1,-3.28,-41.05,0,0,DCHG, ,
21270.3,1,1,1,1,4,11835.0,-1,12.15,-12.1,-3.28,-41.07,0,0,DCHG, ,
21275.3,1,1,1,1,4,11840.0,-0.99,12.15,-12,-3.28,-41.08,0,0,DCHG, ,
21280.3,1,1,1,1,4,11845.0,-1,12.149,-12.1,-3.28,-41.1,0,0,DCHG, ,
21285.3,1,1,1,1,4,11850.0,-1,12.149,-12.1,-3.28,-41.12,0,0,DCHG, ,
21290.3,1,1,1,1,4,11855.0,-1,12.149,-12.1,-3.29,-41.13,0,0,DCHG, ,
21295.3,1,1,1,1,4,11860.0,-1,12.149,-12.1,-3.29,-41.15,0,0,DCHG, ,
21300.3,1,1,1,1,4,11865.0,-1,12.148,-12.1,-3.29,-41.17,0,0,DCHG, ,
21305.3,1,1,1,1,4,11870.0,-1,12.148,-12.1,-3.29,-41.18,0,0,DCHG, ,
21310.3,1,1,1,1,4,11875.0,-1,12.148,-12.1,-3.29,-41.2,0,0,DCHG, ,
21315.3,1,1,1,1,4,11880.0,-1,12.147,-12.1,-3.29,-41.22,0,0,DCHG, ,
21320.3,1,1,1,1,4,11885.0,-1,12.147,-12.1,-3.29,-41.23,0,0,DCHG, ,
21325.3,1,1,1,1,4,11890.0,-1,12.146,-12.1,-3.3,-41.25,0,0,DCHG, ,
21330.3,1,1,1,1,4,11895.0,-1,12.146,-12.1,-3.3,-41.27,0,0,DCHG, ,
21335.3,1,1,1,1,4,11900.0,-1,12.146,-12.1,-3.3,-41.28,0,0,DCHG, ,
21340.3,1,1,1,1,4,11905.0,-1,12.146,-12.1,-3.3,-41.3,0,0,DCHG, ,
21345.3,1,1,1,1,4,11910.0,-0.99,12.146,-12,-3.3,-41.32,0,0,DCHG, ,
21350.3,1,1,1,1,4,11915.0,-1,12.145,-12.1,-3.3,-41.34,0,0,DCHG, ,
21355.3,1,1,1,1,4,11920.0,-1,12.144,-12.1,-3.3,-41.35,0,0,DCHG, ,
21360.3,1,1,1,1,4,11925.0,-1,12.145,-12.1,-3.31,-41.37,0,0,DCHG, ,
21365.3,1,1,1,1,4,11930.0,-1,12.144,-12.1,-3.31,-41.39,0,0,DCHG, ,
21370.3,1,1,1,1,4,11935.0,-1,12.143,-12.1,-3.31,-41.4,0,0,DCHG, ,
21375.3,1,1,1,1,4,11940.0,-0.99,12.143,-12,-3.31,-41.42,0,0,DCHG, ,
21380.3,1,1,1,1,4,11945.0,-1,12.143,-12.1,-3.31,-41.44,0,0,DCHG, ,
21385.3,1,1,1,1,4,11950.0,-1,12.143,-12.1,-3.31,-41.45,0,0,DCHG, ,
21390.3,1,1,1,1,4,11955.0,-1,12.143,-12.1,-3.31,-41.47,0,0,DCHG, ,
21395.3,1,1,1,1,4,11960.0,-1,12.142,-12.1,-3.31,-41.49,0,0,DCHG, ,
21400.3,1,1,1,1,4,11965.0,-1,12.142,-12.1,-3.32,-41.5,0,0,DCHG, ,
21405.3,1,1,1,1,4,11970.0,-1,12.141,-12,-3.32,-41.52,0,0,DCHG, ,
21410.3,1,1,1,1,4,11975.0,-1,12.141,-12.1,-3.32,-41.54,0,0,DCHG, ,
21415.3,1,1,1,1,4,11980.0,-0.99,12.141,-12,-3.32,-41.55,0,0,DCHG, ,
21420.3,1,1,1,1,4,11985.0,-1,12.141,-12.1,-3.32,-41.57,0,0,DCHG, ,
21425.3,1,1,1,1,4,11990.0,-1,12.14,-12.1,-3.32,-41.59,0,0,DCHG, ,
21430.3,1,1,1,1,4,11995.0,-1,12.14,-12.1,-3.32,-41.6,0,0,DCHG, ,
21435.3,1,1,1,1,4,12000.0,-1,12.14,-12.1,-3.33,-41.62,0,0,DCHG, ,
21440.3,1,1,1,1,4,12005.0,-1,12.139,-12.1,-3.33,-41.64,0,0,DCHG, ,
21445.3,1,1,1,1,4,12010.0,-1,12.139,-12.1,-3.33,-41.65,0,0,DCHG, ,
21450.3,1,1,1,1,4,12015.0,-0.99,12.139,-12,-3.33,-41.67,0,0,DCHG, ,
21455.3,1,1,1,1,4,12020.0,-1,12.138,-12.1,-3.33,-41.69,0,0,DCHG, ,
21460.3,1,1,1,1,4,12025.0,-1,12.138,-12.1,-3.33,-41.7,0,0,DCHG, ,
21465.3,1,1,1,1,4,12030.0,-1,12.138,-12,-3.33,-41.72,0,0,DCHG, ,
21470.3,1,1,1,1,4,12035.0,-1,12.138,-12.1,-3.34,-41.74,0,0,DCHG, ,
21475.3,1,1,1,1,4,12040.0,-1,12.137,-12.1,-3.34,-41.76,0,0,DCHG, ,
21480.3,1,1,1,1,4,12045.0,-1,12.137,-12.1,-3.34,-41.77,0,0,DCHG, ,
21485.3,1,1,1,1,4,12050.0,-1,12.137,-12.1,-3.34,-41.79,0,0,DCHG, ,
21490.3,1,1,1,1,4,12055.0,-1,12.137,-12.1,-3.34,-41.81,0,0,DCHG, ,
21495.3,1,1,1,1,4,12060.0,-1,12.136,-12.1,-3.34,-41.82,0,0,DCHG, ,
21500.3,1,1,1,1,4,12065.0,-1,12.136,-12.1,-3.34,-41.84,0,0,DCHG, ,
21505.3,1,1,1,1,4,12070.0,-1,12.136,-12.1,-3.35,-41.86,0,0,DCHG, ,
21510.3,1,1,1,1,4,12075.0,-1,12.136,-12.1,-3.35,-41.87,0,0,DCHG, ,
21515.3,1,1,1,1,4,12080.0,-1,12.135,-12.1,-3.35,-41.89,0,0,DCHG, ,
21520.3,1,1,1,1,4,12085.0,-1,12.135,-12.1,-3.35,-41.91,0,0,DCHG, ,
21525.3,1,1,1,1,4,12090.0,-1,12.134,-12.1,-3.35,-41.92,0,0,DCHG, ,
21530.3,1,1,1,1,4,12095.0,-0.99,12.134,-12,-3.35,-41.94,0,0,DCHG, ,
21535.3,1,1,1,1,4,12100.0,-0.99,12.133,-12,-3.35,-41.96,0,0,DCHG, ,
21540.3,1,1,1,1,4,12105.0,-0.99,12.134,-12,-3.36,-41.97,0,0,DCHG, ,
21545.3,1,1,1,1,4,12110.0,-1,12.133,-12.1,-3.36,-41.99,0,0,DCHG, ,
21550.3,1,1,1,1,4,12115.0,-1,12.133,-12.1,-3.36,-42.01,0,0,DCHG, ,
21555.3,1,1,1,1,4,12120.0,-1,12.132,-12.1,-3.36,-42.02,0,0,DCHG, ,
21560.3,1,1,1,1,4,12125.0,-1,12.132,-12.1,-3.36,-42.04,0,0,DCHG, ,
21565.3,1,1,1,1,4,12130.0,-1,12.132,-12.1,-3.36,-42.06,0,0,DCHG, ,
21570.3,1,1,1,1,4,12135.0,-1,12.132,-12.1,-3.36,-42.07,0,0,DCHG, ,
21575.3,1,1,1,1,4,12140.0,-1,12.131,-12.1,-3.36,-42.09,0,0,DCHG, ,
21580.3,1,1,1,1,4,12145.0,-1,12.131,-12.1,-3.37,-42.11,0,0,DCHG, ,
21585.3,1,1,1,1,4,12150.0,-1,12.131,-12.1,-3.37,-42.12,0,0,DCHG, ,
21590.3,1,1,1,1,4,12155.0,-0.99,12.131,-12,-3.37,-42.14,0,0,DCHG, ,
21595.3,1,1,1,1,4,12160.0,-1,12.13,-12.1,-3.37,-42.16,0,0,DCHG, ,
21600.3,1,1,1,1,4,12165.0,-1,12.13,-12.1,-3.37,-42.17,0,0,DCHG, ,
21605.3,1,1,1,1,4,12170.0,-1,12.13,-12.1,-3.37,-42.19,0,0,DCHG, ,
21610.3,1,1,1,1,4,12175.0,-1,12.13,-12,-3.37,-42.21,0,0,DCHG, ,
21615.3,1,1,1,1,4,12180.0,-1,12.129,-12.1,-3.38,-42.23,0,0,DCHG, ,
21620.3,1,1,1,1,4,12185.0,-1,12.129,-12.1,-3.38,-42.24,0,0,DCHG, ,
21625.3,1,1,1,1,4,12190.0,-1,12.129,-12.1,-3.38,-42.26,0,0,DCHG, ,
21630.3,1,1,1,1,4,12195.0,-1,12.128,-12.1,-3.38,-42.28,0,0,DCHG, ,
21635.3,1,1,1,1,4,12200.0,-1,12.128,-12.1,-3.38,-42.29,0,0,DCHG, ,
21640.3,1,1,1,1,4,12205.0,-1,12.128,-12.1,-3.38,-42.31,0,0,DCHG, ,
21645.3,1,1,1,1,4,12210.0,-1,12.127,-12.1,-3.38,-42.33,0,0,DCHG, ,
21650.3,1,1,1,1,4,12215.0,-1,12.127,-12.1,-3.39,-42.34,0,0,DCHG, ,
21655.3,1,1,1,1,4,12220.0,-1,12.126,-12.1,-3.39,-42.36,0,0,DCHG, ,
21660.3,1,1,1,1,4,12225.0,-0.99,12.126,-12,-3.39,-42.38,0,0,DCHG, ,
21665.3,1,1,1,1,4,12230.0,-1,12.126,-12.1,-3.39,-42.39,0,0,DCHG, ,
21670.3,1,1,1,1,4,12235.0,-1,12.125,-12.1,-3.39,-42.41,0,0,DCHG, ,
21675.3,1,1,1,1,4,12240.0,-1,12.125,-12.1,-3.39,-42.43,0,0,DCHG, ,
21680.3,1,1,1,1,4,12245.0,-1,12.125,-12.1,-3.39,-42.44,0,0,DCHG, ,
21685.3,1,1,1,1,4,12250.0,-1,12.125,-12.1,-3.4,-42.46,0,0,DCHG, ,
21690.3,1,1,1,1,4,12255.0,-1,12.124,-12.1,-3.4,-42.48,0,0,DCHG, ,
21695.3,1,1,1,1,4,12260.0,-1,12.124,-12.1,-3.4,-42.49,0,0,DCHG, ,
21700.3,1,1,1,1,4,12265.0,-1,12.123,-12.1,-3.4,-42.51,0,0,DCHG, ,
21705.3,1,1,1,1,4,12270.0,-1,12.124,-12.1,-3.4,-42.53,0,0,DCHG, ,
21710.3,1,1,1,1,4,12275.0,-1,12.123,-12.1,-3.4,-42.54,0,0,DCHG, ,
21715.3,1,1,1,1,4,12280.0,-0.99,12.123,-12,-3.4,-42.56,0,0,DCHG, ,
21720.3,1,1,1,1,4,12285.0,-1,12.123,-12.1,-3.41,-42.58,0,0,DCHG, ,
21725.3,1,1,1,1,4,12290.0,-1,12.122,-12.1,-3.41,-42.59,0,0,DCHG, ,
21730.3,1,1,1,1,4,12295.0,-1,12.122,-12.1,-3.41,-42.61,0,0,DCHG, ,
21735.3,1,1,1,1,4,12300.0,-1,12.122,-12,-3.41,-42.63,0,0,DCHG, ,
21740.3,1,1,1,1,4,12305.0,-1,12.122,-12.1,-3.41,-42.64,0,0,DCHG, ,
21745.3,1,1,1,1,4,12310.0,-1,12.122,-12,-3.41,-42.66,0,0,DCHG, ,
21750.3,1,1,1,1,4,12315.0,-1,12.121,-12,-3.41,-42.68,0,0,DCHG, ,
21755.3,1,1,1,1,4,12320.0,-1,12.121,-12,-3.41,-42.69,0,0,DCHG, ,
21760.3,1,1,1,1,4,12325.0,-1,12.12,-12,-3.42,-42.71,0,0,DCHG, ,
21765.3,1,1,1,1,4,12330.0,-1,12.12,-12,-3.42,-42.73,0,0,DCHG, ,
21770.3,1,1,1,1,4,12335.0,-1,12.12,-12,-3.42,-42.74,0,0,DCHG, ,
21775.3,1,1,1,1,4,12340.0,-0.99,12.119,-12,-3.42,-42.76,0,0,DCHG, ,
21780.3,1,1,1,1,4,12345.0,-1,12.119,-12.1,-3.42,-42.78,0,0,DCHG, ,
21785.3,1,1,1,1,4,12350.0,-1,12.119,-12,-3.42,-42.8,0,0,DCHG, ,
21790.3,1,1,1,1,4,12355.0,-1,12.118,-12,-3.42,-42.81,0,0,DCHG, ,
21795.3,1,1,1,1,4,12360.0,-1,12.118,-12,-3.43,-42.83,0,0,DCHG, ,
21800.3,1,1,1,1,4,12365.0,-1,12.118,-12,-3.43,-42.85,0,0,DCHG, ,
21805.3,1,1,1,1,4,12370.0,-1,12.117,-12,-3.43,-42.86,0,0,DCHG, ,
21810.3,1,1,1,1,4,12375.0,-0.99,12.118,-12,-3.43,-42.88,0,0,DCHG, ,
21815.3,1,1,1,1,4,12380.0,-1,12.117,-12,-3.43,-42.9,0,0,DCHG, ,
21820.3,1,1,1,1,4,12385.0,-1,12.117,-12.1,-3.43,-42.91,0,0,DCHG, ,
21825.3,1,1,1,1,4,12390.0,-1,12.117,-12,-3.43,-42.93,0,0,DCHG, ,
21830.3,1,1,1,1,4,12395.0,-1,12.116,-12,-3.44,-42.95,0,0,DCHG, ,
21835.3,1,1,1,1,4,12400.0,-1,12.116,-12.1,-3.44,-42.96,0,0,DCHG, ,
21840.3,1,1,1,1,4,12405.0,-1,12.115,-12.1,-3.44,-42.98,0,0,DCHG, ,
21845.3,1,1,1,1,4,12410.0,-1,12.115,-12,-3.44,-43,0,0,DCHG, ,
21850.3,1,1,1,1,4,12415.0,-1,12.114,-12,-3.44,-43.01,0,0,DCHG, ,
21855.3,1,1,1,1,4,12420.0,-1,12.115,-12,-3.44,-43.03,0,0,DCHG, ,
21860.3,1,1,1,1,4,12425.0,-1,12.114,-12,-3.44,-43.05,0,0,DCHG, ,
21865.3,1,1,1,1,4,12430.0,-1,12.114,-12,-3.45,-43.06,0,0,DCHG, ,
21870.3,1,1,1,1,4,12435.0,-1,12.113,-12,-3.45,-43.08,0,0,DCHG, ,
21875.3,1,1,1,1,4,12440.0,-1,12.113,-12,-3.45,-43.1,0,0,DCHG, ,
21880.3,1,1,1,1,4,12445.0,-1,12.113,-12,-3.45,-43.11,0,0,DCHG, ,
21885.3,1,1,1,1,4,12450.0,-1,12.113,-12,-3.45,-43.13,0,0,DCHG, ,
21890.3,1,1,1,1,4,12455.0,-1,12.112,-12,-3.45,-43.15,0,0,DCHG, ,
21895.3,1,1,1,1,4,12460.0,-1,12.112,-12.1,-3.45,-43.16,0,0,DCHG, ,
21900.3,1,1,1,1,4,12465.0,-1,12.112,-12,-3.45,-43.18,0,0,DCHG, ,
21905.3,1,1,1,1,4,12470.0,-1,12.112,-12,-3.46,-43.2,0,0,DCHG, ,
21910.3,1,1,1,1,4,12475.0,-1,12.111,-12,-3.46,-43.21,0,0,DCHG, ,
21915.3,1,1,1,1,4,12480.0,-1,12.111,-12,-3.46,-43.23,0,0,DCHG, ,
21920.3,1,1,1,1,4,12485.0,-1,12.111,-12,-3.46,-43.25,0,0,DCHG, ,
21925.3,1,1,1,1,4,12490.0,-1,12.11,-12,-3.46,-43.26,0,0,DCHG, ,
21930.3,1,1,1,1,4,12495.0,-1,12.11,-12,-3.46,-43.28,0,0,DCHG, ,
21935.3,1,1,1,1,4,12500.0,-0.99,12.11,-12,-3.46,-43.3,0,0,DCHG, ,
21940.3,1,1,1,1,4,12505.0,-1,12.11,-12,-3.47,-43.31,0,0,DCHG, ,
21945.3,1,1,1,1,4,12510.0,-1,12.109,-12,-3.47,-43.33,0,0,DCHG, ,
21950.3,1,1,1,1,4,12515.0,-1,12.109,-12,-3.47,-43.35,0,0,DCHG, ,
21955.3,1,1,1,1,4,12520.0,-1,12.108,-12,-3.47,-43.36,0,0,DCHG, ,
21960.3,1,1,1,1,4,12525.0,-1,12.108,-12,-3.47,-43.38,0,0,DCHG, ,
21965.3,1,1,1,1,4,12530.0,-1,12.108,-12.1,-3.47,-43.4,0,0,DCHG, ,
21970.3,1,1,1,1,4,12535.0,-1,12.108,-12,-3.47,-43.41,0,0,DCHG, ,
21975.3,1,1,1,1,4,12540.0,-1,12.107,-12,-3.48,-43.43,0,0,DCHG, ,
21980.3,1,1,1,1,4,12545.0,-1,12.107,-12,-3.48,-43.45,0,0,DCHG, ,
21985.3,1,1,1,1,4,12550.0,-1,12.107,-12,-3.48,-43.46,0,0,DCHG, ,
21990.3,1,1,1,1,4,12555.0,-1,12.106,-12,-3.48,-43.48,0,0,DCHG, ,
21995.3,1,1,1,1,4,12560.0,-1,12.107,-12,-3.48,-43.5,0,0,DCHG, ,
22000.3,1,1,1,1,4,12565.0,-1,12.106,-12,-3.48,-43.51,0,0,DCHG, ,
22005.3,1,1,1,1,4,12570.0,-1,12.105,-12,-3.48,-43.53,0,0,DCHG, ,
22010.3,1,1,1,1,4,12575.0,-1,12.105,-12,-3.49,-43.55,0,0,DCHG, ,
22015.3,1,1,1,1,4,12580.0,-1,12.105,-12,-3.49,-43.56,0,0,DCHG, ,
22020.3,1,1,1,1,4,12585.0,-1,12.104,-12,-3.49,-43.58,0,0,DCHG, ,
22025.3,1,1,1,1,4,12590.0,-1,12.104,-12,-3.49,-43.6,0,0,DCHG, ,
22030.3,1,1,1,1,4,12595.0,-0.99,12.104,-12,-3.49,-43.61,0,0,DCHG, ,
22035.3,1,1,1,1,4,12600.0,-1,12.103,-12,-3.49,-43.63,0,0,DCHG, ,
22040.3,1,1,1,1,4,12605.0,-1,12.103,-12,-3.49,-43.65,0,0,DCHG, ,
22045.3,1,1,1,1,4,12610.0,-1,12.102,-12,-3.5,-43.66,0,0,DCHG, ,
22050.3,1,1,1,1,4,12615.0,-1,12.103,-12,-3.5,-43.68,0,0,DCHG, ,
22055.3,1,1,1,1,4,12620.0,-1,12.102,-12,-3.5,-43.7,0,0,DCHG, ,
22060.3,1,1,1,1,4,12625.0,-1,12.102,-12,-3.5,-43.71,0,0,DCHG, ,
22065.3,1,1,1,1,4,12630.0,-1,12.102,-12,-3.5,-43.73,0,0,DCHG, ,
22070.3,1,1,1,1,4,12635.0,-1,12.102,-12,-3.5,-43.75,0,0,DCHG, ,
22075.3,1,1,1,1,4,12640.0,-1,12.101,-12.1,-3.5,-43.76,0,0,DCHG, ,
22080.3,1,1,1,1,4,12645.0,-1,12.101,-12,-3.5,-43.78,0,0,DCHG, ,
22085.3,1,1,1,1,4,12650.0,-1,12.1,-12,-3.51,-43.8,0,0,DCHG, ,
22090.3,1,1,1,1,4,12655.0,-1,12.1,-12,-3.51,-43.81,0,0,DCHG, ,
22095.3,1,1,1,1,4,12660.0,-1,12.1,-12,-3.51,-43.83,0,0,DCHG, ,
22100.3,1,1,1,1,4,12665.0,-1,12.1,-12,-3.51,-43.85,0,0,DCHG, ,
22105.3,1,1,1,1,4,12670.0,-1,12.099,-12,-3.51,-43.86,0,0,DCHG, ,
22110.3,1,1,1,1,4,12675.0,-1,12.099,-12,-3.51,-43.88,0,0,DCHG, ,
22115.3,1,1,1,1,4,12680.0,-1,12.099,-12,-3.51,-43.9,0,0,DCHG, ,
22120.3,1,1,1,1,4,12685.0,-1,12.099,-12,-3.52,-43.91,0,0,DCHG, ,
22125.3,1,1,1,1,4,12690.0,-1,12.098,-12,-3.52,-43.93,0,0,DCHG, ,
22130.3,1,1,1,1,4,12695.0,-1,12.098,-12,-3.52,-43.95,0,0,DCHG, ,
22135.3,1,1,1,1,4,12700.0,-1,12.098,-12,-3.52,-43.96,0,0,DCHG, ,
22140.3,1,1,1,1,4,12705.0,-1,12.097,-12,-3.52,-43.98,0,0,DCHG, ,
22145.3,1,1,1,1,4,12710.0,-1,12.097,-12,-3.52,-44,0,0,DCHG, ,
22150.3,1,1,1,1,4,12715.0,-1,12.097,-12,-3.52,-44.01,0,0,DCHG, ,
22155.3,1,1,1,1,4,12720.0,-1,12.097,-12,-3.53,-44.03,0,0,DCHG, ,
22160.3,1,1,1,1,4,12725.0,-1,12.096,-12,-3.53,-44.05,0,0,DCHG, ,
22165.3,1,1,1,1,4,12730.0,-1,12.096,-12,-3.53,-44.06,0,0,DCHG, ,
22170.3,1,1,1,1,4,12735.0,-1,12.096,-12,-3.53,-44.08,0,0,DCHG, ,
22175.3,1,1,1,1,4,12740.0,-1,12.095,-12,-3.53,-44.1,0,0,DCHG, ,
22180.3,1,1,1,1,4,12745.0,-1,12.095,-12,-3.53,-44.11,0,0,DCHG, ,
22185.3,1,1,1,1,4,12750.0,-1,12.094,-12,-3.53,-44.13,0,0,DCHG, ,
22190.3,1,1,1,1,4,12755.0,-1,12.094,-12,-3.54,-44.15,0,0,DCHG, ,
22195.3,1,1,1,1,4,12760.0,-0.99,12.094,-11.9,-3.54,-44.16,0,0,DCHG, ,
22200.3,1,1,1,1,4,12765.0,-0.99,12.094,-11.9,-3.54,-44.18,0,0,DCHG, ,
22205.3,1,1,1,1,4,12770.0,-1,12.093,-12,-3.54,-44.2,0,0,DCHG, ,
22210.3,1,1,1,1,4,12775.0,-1,12.093,-12,-3.54,-44.21,0,0,DCHG, ,
22215.3,1,1,1,1,4,12780.0,-1,12.093,-12,-3.54,-44.23,0,0,DCHG, ,
22220.3,1,1,1,1,4,12785.0,-1,12.092,-12,-3.54,-44.25,0,0,DCHG, ,
22225.3,1,1,1,1,4,12790.0,-1,12.092,-12,-3.55,-44.26,0,0,DCHG, ,
22230.3,1,1,1,1,4,12795.0,-1,12.092,-12,-3.55,-44.28,0,0,DCHG, ,
22235.3,1,1,1,1,4,12800.0,-1,12.091,-12,-3.55,-44.3,0,0,DCHG, ,
22240.3,1,1,1,1,4,12805.0,-1,12.091,-12,-3.55,-44.31,0,0,DCHG, ,
22245.3,1,1,1,1,4,12810.0,-1,12.091,-12,-3.55,-44.33,0,0,DCHG, ,
22250.3,1,1,1,1,4,12815.0,-1,12.09,-12,-3.55,-44.35,0,0,DCHG, ,
22255.3,1,1,1,1,4,12820.0,-1,12.09,-12,-3.55,-44.36,0,0,DCHG, ,
22260.3,1,1,1,1,4,12825.0,-1,12.09,-12,-3.55,-44.38,0,0,DCHG, ,
22265.3,1,1,1,1,4,12830.0,-1,12.09,-12,-3.56,-44.4,0,0,DCHG, ,
22270.3,1,1,1,1,4,12835.0,-1,12.089,-12,-3.56,-44.41,0,0,DCHG, ,
22275.3,1,1,1,1,4,12840.0,-1,12.089,-12,-3.56,-44.43,0,0,DCHG, ,
22280.3,1,1,1,1,4,12845.0,-1,12.089,-12,-3.56,-44.45,0,0,DCHG, ,
22285.3,1,1,1,1,4,12850.0,-1,12.088,-12,-3.56,-44.46,0,0,DCHG, ,
22290.3,1,1,1,1,4,12855.0,-1,12.088,-12,-3.56,-44.48,0,0,DCHG, ,
22295.3,1,1,1,1,4,12860.0,-1,12.088,-12,-3.56,-44.5,0,0,DCHG, ,
22300.3,1,1,1,1,4,12865.0,-1,12.087,-12,-3.57,-44.51,0,0,DCHG, ,
22305.3,1,1,1,1,4,12870.0,-1,12.087,-12,-3.57,-44.53,0,0,DCHG, ,
22310.3,1,1,1,1,4,12875.0,-1,12.087,-12,-3.57,-44.55,0,0,DCHG, ,
22315.3,1,1,1,1,4,12880.0,-1,12.087,-12,-3.57,-44.56,0,0,DCHG, ,
22320.3,1,1,1,1,4,12885.0,-1,12.086,-12,-3.57,-44.58,0,0,DCHG, ,
22325.3,1,1,1,1,4,12890.0,-1,12.086,-12,-3.57,-44.6,0,0,DCHG, ,
22330.3,1,1,1,1,4,12895.0,-1,12.086,-12,-3.57,-44.61,0,0,DCHG, ,
22335.3,1,1,1,1,4,12900.0,-1,12.085,-12,-3.58,-44.63,0,0,DCHG, ,
22340.3,1,1,1,1,4,12905.0,-1,12.085,-12,-3.58,-44.65,0,0,DCHG, ,
22345.3,1,1,1,1,4,12910.0,-1,12.084,-12,-3.58,-44.66,0,0,DCHG, ,
22350.3,1,1,1,1,4,12915.0,-1,12.085,-12,-3.58,-44.68,0,0,DCHG, ,
22355.3,1,1,1,1,4,12920.0,-1,12.084,-12,-3.58,-44.7,0,0,DCHG, ,
22360.3,1,1,1,1,4,12925.0,-1,12.084,-12,-3.58,-44.71,0,0,DCHG, ,
22365.3,1,1,1,1,4,12930.0,-1,12.084,-12,-3.58,-44.73,0,0,DCHG, ,
22370.3,1,1,1,1,4,12935.0,-1,12.083,-12,-3.59,-44.75,0,0,DCHG, ,
22375.3,1,1,1,1,4,12940.0,-1,12.083,-12,-3.59,-44.76,0,0,DCHG, ,
22380.3,1,1,1,1,4,12945.0,-1,12.083,-12,-3.59,-44.78,0,0,DCHG, ,
22385.3,1,1,1,1,4,12950.0,-1,12.082,-12,-3.59,-44.8,0,0,DCHG, ,
22390.3,1,1,1,1,4,12955.0,-1,12.082,-12,-3.59,-44.81,0,0,DCHG, ,
22395.3,1,1,1,1,4,12960.0,-1,12.082,-12,-3.59,-44.83,0,0,DCHG, ,
22400.3,1,1,1,1,4,12965.0,-1,12.081,-12,-3.59,-44.85,0,0,DCHG, ,
22405.3,1,1,1,1,4,12970.0,-1,12.081,-12,-3.6,-44.86,0,0,DCHG, ,
22410.3,1,1,1,1,4,12975.0,-1,12.08,-12,-3.6,-44.88,0,0,DCHG, ,
22415.3,1,1,1,1,4,12980.0,-1,12.08,-12,-3.6,-44.9,0,0,DCHG, ,
22420.3,1,1,1,1,4,12985.0,-1,12.08,-12,-3.6,-44.91,0,0,DCHG, ,
22425.3,1,1,1,1,4,12990.0,-1,12.08,-12,-3.6,-44.93,0,0,DCHG, ,
22430.3,1,1,1,1,4,12995.0,-1,12.079,-12,-3.6,-44.95,0,0,DCHG, ,
22435.3,1,1,1,1,4,13000.0,-1,12.079,-12,-3.6,-44.96,0,0,DCHG, ,
22440.3,1,1,1,1,4,13005.0,-1,12.079,-12,-3.6,-44.98,0,0,DCHG, ,
22445.3,1,1,1,1,4,13010.0,-1,12.078,-12,-3.61,-45,0,0,DCHG, ,
22450.3,1,1,1,1,4,13015.0,-1,12.078,-12,-3.61,-45.01,0,0,DCHG, ,
22455.3,1,1,1,1,4,13020.0,-1,12.078,-12,-3.61,-45.03,0,0,DCHG, ,
22460.3,1,1,1,1,4,13025.0,-1,12.077,-12,-3.61,-45.05,0,0,DCHG, ,
22465.3,1,1,1,1,4,13030.0,-1,12.077,-12,-3.61,-45.06,0,0,DCHG, ,
22470.3,1,1,1,1,4,13035.0,-1,12.077,-12,-3.61,-45.08,0,0,DCHG, ,
22475.3,1,1,1,1,4,13040.0,-1,12.076,-12,-3.61,-45.1,0,0,DCHG, ,
22480.3,1,1,1,1,4,13045.0,-1,12.076,-12,-3.62,-45.11,0,0,DCHG, ,
22485.3,1,1,1,1,4,13050.0,-1,12.076,-12,-3.62,-45.13,0,0,DCHG, ,
22490.3,1,1,1,1,4,13055.0,-0.99,12.076,-11.9,-3.62,-45.15,0,0,DCHG, ,
22495.3,1,1,1,1,4,13060.0,-1,12.076,-12,-3.62,-45.16,0,0,DCHG, ,
22500.3,1,1,1,1,4,13065.0,-1,12.075,-12,-3.62,-45.18,0,0,DCHG, ,
22505.3,1,1,1,1,4,13070.0,-1,12.075,-12,-3.62,-45.2,0,0,DCHG, ,
22510.3,1,1,1,1,4,13075.0,-1,12.074,-12,-3.62,-45.21,0,0,DCHG, ,
22515.3,1,1,1,1,4,13080.0,-1,12.074,-12,-3.63,-45.23,0,0,DCHG, ,
22520.3,1,1,1,1,4,13085.0,-1,12.074,-12,-3.63,-45.25,0,0,DCHG, ,
22525.3,1,1,1,1,4,13090.0,-1,12.073,-12,-3.63,-45.26,0,0,DCHG, ,
22530.3,1,1,1,1,4,13095.0,-1,12.073,-12,-3.63,-45.28,0,0,DCHG, ,
22535.3,1,1,1,1,4,13100.0,-1,12.073,-12,-3.63,-45.3,0,0,DCHG, ,
22540.3,1,1,1,1,4,13105.0,-1,12.072,-12,-3.63,-45.31,0,0,DCHG, ,
22545.3,1,1,1,1,4,13110.0,-1,12.072,-12,-3.63,-45.33,0,0,DCHG, ,
22550.3,1,1,1,1,4,13115.0,-1,12.072,-12,-3.64,-45.35,0,0,DCHG, ,
22555.3,1,1,1,1,4,13120.0,-0.99,12.072,-11.9,-3.64,-45.36,0,0,DCHG, ,
22560.3,1,1,1,1,4,13125.0,-1,12.071,-12,-3.64,-45.38,0,0,DCHG, ,
22565.3,1,1,1,1,4,13130.0,-1,12.071,-12,-3.64,-45.4,0,0,DCHG, ,
22570.3,1,1,1,1,4,13135.0,-1,12.071,-12,-3.64,-45.41,0,0,DCHG, ,
22575.3,1,1,1,1,4,13140.0,-1,12.07,-12,-3.64,-45.43,0,0,DCHG, ,
22580.3,1,1,1,1,4,13145.0,-1,12.07,-12,-3.64,-45.45,0,0,DCHG, ,
22585.3,1,1,1,1,4,13150.0,-1,12.07,-12,-3.65,-45.46,0,0,DCHG, ,
22590.3,1,1,1,1,4,13155.0,-1,12.07,-12,-3.65,-45.48,0,0,DCHG, ,
22595.3,1,1,1,1,4,13160.0,-1,12.069,-12,-3.65,-45.5,0,0,DCHG, ,
22600.3,1,1,1,1,4,13165.0,-1,12.069,-12,-3.65,-45.51,0,0,DCHG, ,
22605.3,1,1,1,1,4,13170.0,-1,12.068,-12,-3.65,-45.53,0,0,DCHG, ,
22610.3,1,1,1,1,4,13175.0,-0.99,12.068,-12,-3.65,-45.55,0,0,DCHG, ,
22615.3,1,1,1,1,4,13180.0,-0.99,12.068,-12,-3.65,-45.56,0,0,DCHG, ,
22620.3,1,1,1,1,4,13185.0,-1,12.068,-12,-3.65,-45.58,0,0,DCHG, ,
22625.3,1,1,1,1,4,13190.0,-1,12.068,-12,-3.66,-45.6,0,0,DCHG, ,
22630.3,1,1,1,1,4,13195.0,-1,12.067,-12,-3.66,-45.61,0,0,DCHG, ,
22635.3,1,1,1,1,4,13200.0,-1,12.067,-12,-3.66,-45.63,0,0,DCHG, ,
22640.3,1,1,1,1,4,13205.0,-1,12.066,-12,-3.66,-45.65,0,0,DCHG, ,
22645.3,1,1,1,1,4,13210.0,-1,12.066,-12,-3.66,-45.66,0,0,DCHG, ,
22650.3,1,1,1,1,4,13215.0,-1,12.066,-12,-3.66,-45.68,0,0,DCHG, ,
22655.3,1,1,1,1,4,13220.0,-1,12.065,-12,-3.66,-45.7,0,0,DCHG, ,
22660.3,1,1,1,1,4,13225.0,-1,12.065,-12,-3.67,-45.71,0,0,DCHG, ,
22665.3,1,1,1,1,4,13230.0,-1,12.065,-12,-3.67,-45.73,0,0,DCHG, ,
22670.3,1,1,1,1,4,13235.0,-0.99,12.065,-11.9,-3.67,-45.75,0,0,DCHG, ,
22675.3,1,1,1,1,4,13240.0,-1,12.064,-12,-3.67,-45.76,0,0,DCHG, ,
22680.3,1,1,1,1,4,13245.0,-1,12.064,-12,-3.67,-45.78,0,0,DCHG, ,
22685.3,1,1,1,1,4,13250.0,-1,12.064,-12,-3.67,-45.8,0,0,DCHG, ,
22690.3,1,1,1,1,4,13255.0,-1,12.063,-12,-3.67,-45.81,0,0,DCHG, ,
22695.3,1,1,1,1,4,13260.0,-1,12.063,-12,-3.68,-45.83,0,0,DCHG, ,
22700.3,1,1,1,1,4,13265.0,-1,12.063,-12,-3.68,-45.85,0,0,DCHG, ,
22705.3,1,1,1,1,4,13270.0,-1,12.062,-12,-3.68,-45.86,0,0,DCHG, ,
22710.3,1,1,1,1,4,13275.0,-1,12.062,-12,-3.68,-45.88,0,0,DCHG, ,
22715.3,1,1,1,1,4,13280.0,-1,12.062,-12,-3.68,-45.9,0,0,DCHG, ,
22720.3,1,1,1,1,4,13285.0,-1,12.061,-12,-3.68,-45.91,0,0,DCHG, ,
22725.3,1,1,1,1,4,13290.0,-1,12.061,-12,-3.68,-45.93,0,0,DCHG, ,
22730.3,1,1,1,1,4,13295.0,-1,12.061,-12,-3.69,-45.95,0,0,DCHG, ,
22735.3,1,1,1,1,4,13300.0,-1,12.061,-12,-3.69,-45.96,0,0,DCHG, ,
22740.3,1,1,1,1,4,13305.0,-1,12.06,-12,-3.69,-45.98,0,0,DCHG, ,
22745.3,1,1,1,1,4,13310.0,-1,12.06,-12,-3.69,-46,0,0,DCHG, ,
22750.3,1,1,1,1,4,13315.0,-1,12.06,-12,-3.69,-46.01,0,0,DCHG, ,
22755.3,1,1,1,1,4,13320.0,-1,12.06,-12,-3.69,-46.03,0,0,DCHG, ,
22760.3,1,1,1,1,4,13325.0,-1,12.059,-12,-3.69,-46.05,0,0,DCHG, ,
22765.3,1,1,1,1,4,13330.0,-1,12.058,-12,-3.7,-46.06,0,0,DCHG, ,
22770.3,1,1,1,1,4,13335.0,-1,12.058,-12,-3.7,-46.08,0,0,DCHG, ,
22775.3,1,1,1,1,4,13340.0,-1,12.058,-12,-3.7,-46.1,0,0,DCHG, ,
22780.3,1,1,1,1,4,13345.0,-0.99,12.058,-11.9,-3.7,-46.11,0,0,DCHG, ,
22785.3,1,1,1,1,4,13350.0,-1,12.058,-12,-3.7,-46.13,0,0,DCHG, ,
22790.3,1,1,1,1,4,13355.0,-1,12.057,-12,-3.7,-46.15,0,0,DCHG, ,
22795.3,1,1,1,1,4,13360.0,-1,12.057,-12,-3.7,-46.16,0,0,DCHG, ,
22800.3,1,1,1,1,4,13365.0,-1,12.056,-12,-3.7,-46.18,0,0,DCHG, ,
22805.3,1,1,1,1,4,13370.0,-1,12.056,-12,-3.71,-46.2,0,0,DCHG, ,
22810.3,1,1,1,1,4,13375.0,-1,12.056,-12,-3.71,-46.21,0,0,DCHG, ,
22815.3,1,1,1,1,4,13380.0,-1,12.055,-12,-3.71,-46.23,0,0,DCHG, ,
22820.3,1,1,1,1,4,13385.0,-1,12.055,-12,-3.71,-46.25,0,0,DCHG, ,
22825.3,1,1,1,1,4,13390.0,-1,12.055,-12,-3.71,-46.26,0,0,DCHG, ,
22830.3,1,1,1,1,4,13395.0,-1,12.054,-12,-3.71,-46.28,0,0,DCHG, ,
22835.3,1,1,1,1,4,13400.0,-1,12.054,-12,-3.71,-46.3,0,0,DCHG, ,
22840.3,1,1,1,1,4,13405.0,-1,12.054,-12,-3.72,-46.31,0,0,DCHG, ,
22845.3,1,1,1,1,4,13410.0,-1,12.054,-12,-3.72,-46.33,0,0,DCHG, ,
22850.3,1,1,1,1,4,13415.0,-1,12.054,-12,-3.72,-46.35,0,0,DCHG, ,
22855.3,1,1,1,1,4,13420.0,-1,12.053,-12,-3.72,-46.36,0,0,DCHG, ,
22860.3,1,1,1,1,4,13425.0,-1,12.053,-12,-3.72,-46.38,0,0,DCHG, ,
22865.3,1,1,1,1,4,13430.0,-1,12.053,-12,-3.72,-46.4,0,0,DCHG, ,
22870.3,1,1,1,1,4,13435.0,-1,12.052,-12,-3.72,-46.41,0,0,DCHG, ,
22875.3,1,1,1,1,4,13440.0,-1,12.052,-12,-3.73,-46.43,0,0,DCHG, ,
22880.3,1,1,1,1,4,13445.0,-0.99,12.051,-11.9,-3.73,-46.45,0,0,DCHG, ,
22885.3,1,1,1,1,4,13450.0,-1,12.051,-12,-3.73,-46.46,0,0,DCHG, ,
22890.3,1,1,1,1,4,13455.0,-1,12.051,-12,-3.73,-46.48,0,0,DCHG, ,
22895.3,1,1,1,1,4,13460.0,-1,12.051,-12,-3.73,-46.5,0,0,DCHG, ,
22900.3,1,1,1,1,4,13465.0,-1,12.05,-12,-3.73,-46.51,0,0,DCHG, ,
22905.3,1,1,1,1,4,13470.0,-1,12.05,-12,-3.73,-46.53,0,0,DCHG, ,
22910.3,1,1,1,1,4,13475.0,-1,12.05,-12,-3.74,-46.55,0,0,DCHG, ,
22915.3,1,1,1,1,4,13480.0,-1,12.049,-12,-3.74,-46.56,0,0,DCHG, ,
22920.3,1,1,1,1,4,13485.0,-1,12.049,-12,-3.74,-46.58,0,0,DCHG, ,
22925.3,1,1,1,1,4,13490.0,-1,12.049,-12,-3.74,-46.6,0,0,DCHG, ,
22930.3,1,1,1,1,4,13495.0,-1,12.048,-12,-3.74,-46.61,0,0,DCHG, ,
22935.3,1,1,1,1,4,13500.0,-1,12.048,-12,-3.74,-46.63,0,0,DCHG, ,
22940.3,1,1,1,1,4,13505.0,-0.99,12.048,-11.9,-3.74,-46.65,0,0,DCHG, ,
22945.3,1,1,1,1,4,13510.0,-1,12.047,-12,-3.75,-46.66,0,0,DCHG, ,
22950.3,1,1,1,1,4,13515.0,-1,12.047,-12,-3.75,-46.68,0,0,DCHG, ,
22955.3,1,1,1,1,4,13520.0,-1,12.047,-12,-3.75,-46.7,0,0,DCHG, ,
22960.3,1,1,1,1,4,13525.0,-1,12.047,-12,-3.75,-46.71,0,0,DCHG, ,
22965.3,1,1,1,1,4,13530.0,-1,12.046,-12,-3.75,-46.73,0,0,DCHG, ,
22970.3,1,1,1,1,4,13535.0,-1,12.046,-12,-3.75,-46.75,0,0,DCHG, ,
22975.3,1,1,1,1,4,13540.0,-1,12.046,-12,-3.75,-46.76,0,0,DCHG, ,
22980.3,1,1,1,1,4,13545.0,-1,12.045,-12,-3.75,-46.78,0,0,DCHG, ,
22985.3,1,1,1,1,4,13550.0,-1,12.045,-12,-3.76,-46.8,0,0,DCHG, ,
22990.3,1,1,1,1,4,13555.0,-1,12.045,-12,-3.76,-46.81,0,0,DCHG, ,
22995.3,1,1,1,1,4,13560.0,-1,12.044,-12,-3.76,-46.83,0,0,DCHG, ,
23000.3,1,1,1,1,4,13565.0,-1,12.044,-12,-3.76,-46.85,0,0,DCHG, ,
23005.3,1,1,1,1,4,13570.0,-1,12.044,-12,-3.76,-46.86,0,0,DCHG, ,
23010.3,1,1,1,1,4,13575.0,-1,12.044,-12,-3.76,-46.88,0,0,DCHG, ,
23015.3,1,1,1,1,4,13580.0,-1,12.043,-12,-3.76,-46.89,0,0,DCHG, ,
23020.3,1,1,1,1,4,13585.0,-1,12.043,-12,-3.77,-46.91,0,0,DCHG, ,
23025.3,1,1,1,1,4,13590.0,-1,12.043,-12,-3.77,-46.93,0,0,DCHG, ,
23030.3,1,1,1,1,4,13595.0,-1,12.043,-12,-3.77,-46.94,0,0,DCHG, ,
23035.3,1,1,1,1,4,13600.0,-1,12.042,-12,-3.77,-46.96,0,0,DCHG, ,
23040.3,1,1,1,1,4,13605.0,-1,12.041,-12,-3.77,-46.98,0,0,DCHG, ,
23045.3,1,1,1,1,4,13610.0,-1,12.041,-12,-3.77,-46.99,0,0,DCHG, ,
23050.3,1,1,1,1,4,13615.0,-1,12.041,-12,-3.77,-47.01,0,0,DCHG, ,
23055.3,1,1,1,1,4,13620.0,-1,12.041,-12,-3.78,-47.03,0,0,DCHG, ,
23060.3,1,1,1,1,4,13625.0,-1,12.041,-12,-3.78,-47.04,0,0,DCHG, ,
23065.3,1,1,1,1,4,13630.0,-1,12.04,-12,-3.78,-47.06,0,0,DCHG, ,
23070.3,1,1,1,1,4,13635.0,-1,12.04,-12,-3.78,-47.08,0,0,DCHG, ,
23075.3,1,1,1,1,4,13640.0,-1,12.039,-12,-3.78,-47.09,0,0,DCHG, ,
23080.3,1,1,1,1,4,13645.0,-1,12.039,-12,-3.78,-47.11,0,0,DCHG, ,
23085.3,1,1,1,1,4,13650.0,-1,12.039,-12,-3.78,-47.13,0,0,DCHG, ,
23090.3,1,1,1,1,4,13655.0,-1,12.038,-12,-3.79,-47.14,0,0,DCHG, ,
23095.3,1,1,1,1,4,13660.0,-1,12.038,-12,-3.79,-47.16,0,0,DCHG, ,
23100.3,1,1,1,1,4,13665.0,-1,12.038,-12,-3.79,-47.18,0,0,DCHG, ,
23105.3,1,1,1,1,4,13670.0,-1,12.037,-12,-3.79,-47.19,0,0,DCHG, ,
23110.3,1,1,1,1,4,13675.0,-1,12.037,-12,-3.79,-47.21,0,0,DCHG, ,
23115.3,1,1,1,1,4,13680.0,-1,12.037,-12,-3.79,-47.23,0,0,DCHG, ,
23120.3,1,1,1,1,4,13685.0,-1,12.036,-12,-3.79,-47.24,0,0,DCHG, ,
23125.3,1,1,1,1,4,13690.0,-1,12.036,-12,-3.8,-47.26,0,0,DCHG, ,
23130.3,1,1,1,1,4,13695.0,-1,12.036,-12,-3.8,-47.28,0,0,DCHG, ,
23135.3,1,1,1,1,4,13700.0,-1,12.036,-12,-3.8,-47.29,0,0,DCHG, ,
23140.3,1,1,1,1,4,13705.0,-1,12.035,-12,-3.8,-47.31,0,0,DCHG, ,
23145.3,1,1,1,1,4,13710.0,-1,12.035,-12,-3.8,-47.33,0,0,DCHG, ,
23150.3,1,1,1,1,4,13715.0,-1,12.035,-12,-3.8,-47.34,0,0,DCHG, ,
23155.3,1,1,1,1,4,13720.0,-0.99,12.035,-11.9,-3.8,-47.36,0,0,DCHG, ,
23160.3,1,1,1,1,4,13725.0,-1,12.034,-12,-3.8,-47.38,0,0,DCHG, ,
23165.3,1,1,1,1,4,13730.0,-1,12.033,-12,-3.81,-47.39,0,0,DCHG, ,
23170.3,1,1,1,1,4,13735.0,-1,12.034,-12,-3.81,-47.41,0,0,DCHG, ,
23175.3,1,1,1,1,4,13740.0,-1,12.033,-12,-3.81,-47.43,0,0,DCHG, ,
23180.3,1,1,1,1,4,13745.0,-1,12.033,-12,-3.81,-47.44,0,0,DCHG, ,
23185.3,1,1,1,1,4,13750.0,-1,12.033,-12,-3.81,-47.46,0,0,DCHG, ,
23190.3,1,1,1,1,4,13755.0,-1,12.032,-12,-3.81,-47.48,0,0,DCHG, ,
23195.3,1,1,1,1,4,13760.0,-1,12.032,-12,-3.81,-47.49,0,0,DCHG, ,
23200.3,1,1,1,1,4,13765.0,-1,12.032,-12,-3.82,-47.51,0,0,DCHG, ,
23205.3,1,1,1,1,4,13770.0,-1,12.032,-11.9,-3.82,-47.53,0,0,DCHG, ,
23210.3,1,1,1,1,4,13775.0,-1,12.031,-12,-3.82,-47.54,0,0,DCHG, ,
23215.3,1,1,1,1,4,13780.0,-1,12.031,-12,-3.82,-47.56,0,0,DCHG, ,
23220.3,1,1,1,1,4,13785.0,-1,12.03,-12,-3.82,-47.58,0,0,DCHG, ,
23225.3,1,1,1,1,4,13790.0,-1,12.031,-12,-3.82,-47.59,0,0,DCHG, ,
23230.3,1,1,1,1,4,13795.0,-1,12.03,-12,-3.82,-47.61,0,0,DCHG, ,
23235.3,1,1,1,1,4,13800.0,-1,12.029,-12,-3.83,-47.63,0,0,DCHG, ,
23240.3,1,1,1,1,4,13805.0,-1,12.029,-12,-3.83,-47.64,0,0,DCHG, ,
23245.3,1,1,1,1,4,13810.0,-1,12.028,-12,-3.83,-47.66,0,0,DCHG, ,
23250.3,1,1,1,1,4,13815.0,-1,12.029,-12,-3.83,-47.68,0,0,DCHG, ,
23255.3,1,1,1,1,4,13820.0,-1,12.028,-12,-3.83,-47.69,0,0,DCHG, ,
23260.3,1,1,1,1,4,13825.0,-1,12.028,-12,-3.83,-47.71,0,0,DCHG, ,
23265.3,1,1,1,1,4,13830.0,-1,12.027,-12,-3.83,-47.73,0,0,DCHG, ,
23270.3,1,1,1,1,4,13835.0,-1,12.027,-12,-3.84,-47.74,0,0,DCHG, ,
23275.3,1,1,1,1,4,13840.0,-1,12.027,-12,-3.84,-47.76,0,0,DCHG, ,
23280.3,1,1,1,1,4,13845.0,-1,12.027,-12,-3.84,-47.78,0,0,DCHG, ,
23285.3,1,1,1,1,4,13850.0,-1,12.026,-12,-3.84,-47.79,0,0,DCHG, ,
23290.3,1,1,1,1,4,13855.0,-1,12.026,-12,-3.84,-47.81,0,0,DCHG, ,
23295.3,1,1,1,1,4,13860.0,-1,12.026,-12,-3.84,-47.83,0,0,DCHG, ,
23300.3,1,1,1,1,4,13865.0,-1,12.025,-12,-3.84,-47.84,0,0,DCHG, ,
23305.3,1,1,1,1,4,13870.0,-1,12.025,-12,-3.85,-47.86,0,0,DCHG, ,
23310.3,1,1,1,1,4,13875.0,-1,12.025,-12,-3.85,-47.88,0,0,DCHG, ,
23315.3,1,1,1,1,4,13880.0,-1,12.025,-12,-3.85,-47.89,0,0,DCHG, ,
23320.3,1,1,1,1,4,13885.0,-1,12.024,-12,-3.85,-47.91,0,0,DCHG, ,
23325.3,1,1,1,1,4,13890.0,-1,12.024,-12,-3.85,-47.93,0,0,DCHG, ,
23330.3,1,1,1,1,4,13895.0,-1,12.023,-12,-3.85,-47.94,0,0,DCHG, ,
23335.3,1,1,1,1,4,13900.0,-1,12.023,-12,-3.85,-47.96,0,0,DCHG, ,
23340.3,1,1,1,1,4,13905.0,-1,12.022,-12,-3.85,-47.98,0,0,DCHG, ,
23345.3,1,1,1,1,4,13910.0,-1,12.022,-12,-3.86,-47.99,0,0,DCHG, ,
23350.3,1,1,1,1,4,13915.0,-1,12.022,-12,-3.86,-48.01,0,0,DCHG, ,
23355.3,1,1,1,1,4,13920.0,-0.99,12.022,-11.9,-3.86,-48.03,0,0,DCHG, ,
23360.3,1,1,1,1,4,13925.0,-1,12.021,-12,-3.86,-48.04,0,0,DCHG, ,
23365.3,1,1,1,1,4,13930.0,-1,12.021,-12,-3.86,-48.06,0,0,DCHG, ,
23370.3,1,1,1,1,4,13935.0,-1,12.021,-12,-3.86,-48.08,0,0,DCHG, ,
23375.3,1,1,1,1,4,13940.0,-1,12.021,-12,-3.86,-48.09,0,0,DCHG, ,
23380.3,1,1,1,1,4,13945.0,-1,12.02,-12,-3.87,-48.11,0,0,DCHG, ,
23385.3,1,1,1,1,4,13950.0,-1,12.02,-11.9,-3.87,-48.13,0,0,DCHG, ,
23390.3,1,1,1,1,4,13955.0,-1,12.019,-11.9,-3.87,-48.14,0,0,DCHG, ,
23395.3,1,1,1,1,4,13960.0,-1,12.019,-11.9,-3.87,-48.16,0,0,DCHG, ,
23400.3,1,1,1,1,4,13965.0,-1,12.019,-12,-3.87,-48.18,0,0,DCHG, ,
23405.3,1,1,1,1,4,13970.0,-1,12.019,-11.9,-3.87,-48.19,0,0,DCHG, ,
23410.3,1,1,1,1,4,13975.0,-1,12.018,-11.9,-3.87,-48.21,0,0,DCHG, ,
23415.3,1,1,1,1,4,13980.0,-1,12.018,-11.9,-3.88,-48.23,0,0,DCHG, ,
23420.3,1,1,1,1,4,13985.0,-1,12.017,-11.9,-3.88,-48.24,0,0,DCHG, ,
23425.3,1,1,1,1,4,13990.0,-1,12.017,-11.9,-3.88,-48.26,0,0,DCHG, ,
23430.3,1,1,1,1,4,13995.0,-1,12.017,-11.9,-3.88,-48.28,0,0,DCHG, ,
23435.3,1,1,1,1,4,14000.0,-1,12.017,-11.9,-3.88,-48.29,0,0,DCHG, ,
23440.3,1,1,1,1,4,14005.0,-1,12.016,-11.9,-3.88,-48.31,0,0,DCHG, ,
23445.3,1,1,1,1,4,14010.0,-1,12.016,-12,-3.88,-48.33,0,0,DCHG, ,
23450.3,1,1,1,1,4,14015.0,-1,12.016,-11.9,-3.89,-48.34,0,0,DCHG, ,
23455.3,1,1,1,1,4,14020.0,-1,12.015,-11.9,-3.89,-48.36,0,0,DCHG, ,
23460.3,1,1,1,1,4,14025.0,-1,12.015,-11.9,-3.89,-48.38,0,0,DCHG, ,
23465.3,1,1,1,1,4,14030.0,-1,12.015,-11.9,-3.89,-48.39,0,0,DCHG, ,
23470.3,1,1,1,1,4,14035.0,-1,12.014,-12,-3.89,-48.41,0,0,DCHG, ,
23475.3,1,1,1,1,4,14040.0,-1,12.014,-11.9,-3.89,-48.42,0,0,DCHG, ,
23480.3,1,1,1,1,4,14045.0,-1,12.014,-11.9,-3.89,-48.44,0,0,DCHG, ,
23485.3,1,1,1,1,4,14050.0,-1,12.013,-11.9,-3.89,-48.46,0,0,DCHG, ,
23490.3,1,1,1,1,4,14055.0,-1,12.013,-11.9,-3.9,-48.47,0,0,DCHG, ,
23495.3,1,1,1,1,4,14060.0,-1,12.013,-11.9,-3.9,-48.49,0,0,DCHG, ,
23500.3,1,1,1,1,4,14065.0,-1,12.013,-11.9,-3.9,-48.51,0,0,DCHG, ,
23505.3,1,1,1,1,4,14070.0,-1,12.013,-11.9,-3.9,-48.52,0,0,DCHG, ,
23510.3,1,1,1,1,4,14075.0,-1,12.012,-12,-3.9,-48.54,0,0,DCHG, ,
23515.3,1,1,1,1,4,14080.0,-1,12.012,-11.9,-3.9,-48.56,0,0,DCHG, ,
23520.3,1,1,1,1,4,14085.0,-1,12.012,-11.9,-3.9,-48.57,0,0,DCHG, ,
23525.3,1,1,1,1,4,14090.0,-1,12.011,-11.9,-3.91,-48.59,0,0,DCHG, ,
23530.3,1,1,1,1,4,14095.0,-1,12.011,-12,-3.91,-48.61,0,0,DCHG, ,
23535.3,1,1,1,1,4,14100.0,-1,12.01,-11.9,-3.91,-48.62,0,0,DCHG, ,
23540.3,1,1,1,1,4,14105.0,-1,12.01,-11.9,-3.91,-48.64,0,0,DCHG, ,
23545.3,1,1,1,1,4,14110.0,-1,12.01,-11.9,-3.91,-48.66,0,0,DCHG, ,
23550.3,1,1,1,1,4,14115.0,-1,12.009,-11.9,-3.91,-48.67,0,0,DCHG, ,
23555.3,1,1,1,1,4,14120.0,-1,12.009,-11.9,-3.91,-48.69,0,0,DCHG, ,
23560.3,1,1,1,1,4,14125.0,-0.99,12.008,-11.9,-3.92,-48.71,0,0,DCHG, ,
23565.3,1,1,1,1,4,14130.0,-1,12.008,-11.9,-3.92,-48.72,0,0,DCHG, ,
23570.3,1,1,1,1,4,14135.0,-1,12.008,-11.9,-3.92,-48.74,0,0,DCHG, ,
23575.3,1,1,1,1,4,14140.0,-1,12.008,-11.9,-3.92,-48.76,0,0,DCHG, ,
23580.3,1,1,1,1,4,14145.0,-1,12.008,-11.9,-3.92,-48.77,0,0,DCHG, ,
23585.3,1,1,1,1,4,14150.0,-1,12.007,-12,-3.92,-48.79,0,0,DCHG, ,
23590.3,1,1,1,1,4,14155.0,-1,12.007,-11.9,-3.92,-48.81,0,0,DCHG, ,
23595.3,1,1,1,1,4,14160.0,-1,12.006,-11.9,-3.93,-48.82,0,0,DCHG, ,
23600.3,1,1,1,1,4,14165.0,-1,12.006,-12,-3.93,-48.84,0,0,DCHG, ,
23605.3,1,1,1,1,4,14170.0,-1,12.006,-11.9,-3.93,-48.86,0,0,DCHG, ,
23610.3,1,1,1,1,4,14175.0,-1,12.006,-11.9,-3.93,-48.87,0,0,DCHG, ,
23615.3,1,1,1,1,4,14180.0,-1,12.005,-11.9,-3.93,-48.89,0,0,DCHG, ,
23620.3,1,1,1,1,4,14185.0,-1,12.005,-11.9,-3.93,-48.9,0,0,DCHG, ,
23625.3,1,1,1,1,4,14190.0,-1,12.005,-11.9,-3.93,-48.92,0,0,DCHG, ,
23630.3,1,1,1,1,4,14195.0,-1,12.004,-11.9,-3.94,-48.94,0,0,DCHG, ,
23635.3,1,1,1,1,4,14200.0,-1,12.004,-11.9,-3.94,-48.95,0,0,DCHG, ,
23640.3,1,1,1,1,4,14205.0,-1,12.003,-11.9,-3.94,-48.97,0,0,DCHG, ,
23645.3,1,1,1,1,4,14210.0,-1,12.003,-11.9,-3.94,-48.99,0,0,DCHG, ,
23650.3,1,1,1,1,4,14215.0,-1,12.003,-11.9,-3.94,-49,0,0,DCHG, ,
23655.3,1,1,1,1,4,14220.0,-1,12.003,-11.9,-3.94,-49.02,0,0,DCHG, ,
23660.3,1,1,1,1,4,14225.0,-1,12.002,-11.9,-3.94,-49.04,0,0,DCHG, ,
23665.3,1,1,1,1,4,14230.0,-1,12.003,-11.9,-3.94,-49.05,0,0,DCHG, ,
23670.3,1,1,1,1,4,14235.0,-1,12.002,-11.9,-3.95,-49.07,0,0,DCHG, ,
23675.3,1,1,1,1,4,14240.0,-1,12.002,-12,-3.95,-49.09,0,0,DCHG, ,
23680.3,1,1,1,1,4,14245.0,-1,12.001,-11.9,-3.95,-49.1,0,0,DCHG, ,
23685.3,1,1,1,1,4,14250.0,-1,12.001,-11.9,-3.95,-49.12,0,0,DCHG, ,
23690.3,1,1,1,1,4,14255.0,-1,12,-11.9,-3.95,-49.14,0,0,DCHG, ,
23695.3,1,1,1,1,4,14260.0,-1,12,-11.9,-3.95,-49.15,0,0,DCHG, ,
23700.3,1,1,1,1,4,14265.0,-1,12,-11.9,-3.95,-49.17,0,0,DCHG, ,
23705.3,1,1,1,1,4,14270.0,-1,11.999,-11.9,-3.96,-49.19,0,0,DCHG, ,
23710.3,1,1,1,1,4,14275.0,-1,12,-11.9,-3.96,-49.2,0,0,DCHG, ,
23715.3,1,1,1,1,4,14280.0,-1,11.999,-11.9,-3.96,-49.22,0,0,DCHG, ,
23720.3,1,1,1,1,4,14285.0,-1,11.998,-11.9,-3.96,-49.24,0,0,DCHG, ,
23725.3,1,1,1,1,4,14290.0,-1,11.998,-11.9,-3.96,-49.25,0,0,DCHG, ,
23730.3,1,1,1,1,4,14295.0,-1,11.997,-11.9,-3.96,-49.27,0,0,DCHG, ,
23735.3,1,1,1,1,4,14300.0,-1,11.998,-11.9,-3.96,-49.29,0,0,DCHG, ,
23740.3,1,1,1,1,4,14305.0,-0.99,11.998,-11.8,-3.97,-49.3,0,0,DCHG, ,
23745.3,1,1,1,1,4,14310.0,-1,11.997,-11.9,-3.97,-49.32,0,0,DCHG, ,
23750.3,1,1,1,1,4,14315.0,-1,11.997,-11.9,-3.97,-49.33,0,0,DCHG, ,
23755.3,1,1,1,1,4,14320.0,-1,11.996,-11.9,-3.97,-49.35,0,0,DCHG, ,
23760.3,1,1,1,1,4,14325.0,-1,11.996,-11.9,-3.97,-49.37,0,0,DCHG, ,
23765.3,1,1,1,1,4,14330.0,-1,11.996,-11.9,-3.97,-49.38,0,0,DCHG, ,
23770.3,1,1,1,1,4,14335.0,-1,11.995,-11.9,-3.97,-49.4,0,0,DCHG, ,
23775.3,1,1,1,1,4,14340.0,-1,11.995,-11.9,-3.98,-49.42,0,0,DCHG, ,
23780.3,1,1,1,1,4,14345.0,-1,11.995,-11.9,-3.98,-49.43,0,0,DCHG, ,
23785.3,1,1,1,1,4,14350.0,-1,11.995,-11.9,-3.98,-49.45,0,0,DCHG, ,
23790.3,1,1,1,1,4,14355.0,-1,11.995,-11.9,-3.98,-49.47,0,0,DCHG, ,
23795.3,1,1,1,1,4,14360.0,-1,11.994,-11.9,-3.98,-49.48,0,0,DCHG, ,
23800.3,1,1,1,1,4,14365.0,-1,11.994,-11.9,-3.98,-49.5,0,0,DCHG, ,
23805.3,1,1,1,1,4,14370.0,-1,11.994,-11.9,-3.98,-49.52,0,0,DCHG, ,
23810.3,1,1,1,1,4,14375.0,-1,11.993,-11.9,-3.99,-49.53,0,0,DCHG, ,
23815.3,1,1,1,1,4,14380.0,-1,11.993,-11.9,-3.99,-49.55,0,0,DCHG, ,
23820.3,1,1,1,1,4,14385.0,-1,11.992,-11.9,-3.99,-49.57,0,0,DCHG, ,
23825.3,1,1,1,1,4,14390.0,-1,11.992,-11.9,-3.99,-49.58,0,0,DCHG, ,
23830.3,1,1,1,1,4,14395.0,-1,11.991,-11.9,-3.99,-49.6,0,0,DCHG, ,
23835.3,1,1,1,1,4,14400.0,-1,11.991,-11.9,-3.99,-49.62,0,0,DCHG, ,
23840.3,1,1,1,1,4,14405.0,-1,11.991,-11.9,-3.99,-49.63,0,0,DCHG, ,
23845.3,1,1,1,1,4,14410.0,-1,11.991,-11.9,-3.99,-49.65,0,0,DCHG, ,
23850.3,1,1,1,1,4,14415.0,-1,11.99,-11.9,-4,-49.67,0,0,DCHG, ,
23855.3,1,1,1,1,4,14420.0,-0.99,11.99,-11.8,-4,-49.68,0,0,DCHG, ,
23860.3,1,1,1,1,4,14425.0,-1,11.99,-11.9,-4,-49.7,0,0,DCHG, ,
23865.3,1,1,1,1,4,14430.0,-1,11.989,-11.9,-4,-49.71,0,0,DCHG, ,
23870.3,1,1,1,1,4,14435.0,-1,11.989,-11.9,-4,-49.73,0,0,DCHG, ,
23875.3,1,1,1,1,4,14440.0,-1,11.989,-11.9,-4,-49.75,0,0,DCHG, ,
23880.3,1,1,1,1,4,14445.0,-1,11.988,-11.9,-4,-49.76,0,0,DCHG, ,
23885.3,1,1,1,1,4,14450.0,-1,11.988,-11.9,-4.01,-49.78,0,0,DCHG, ,
23890.3,1,1,1,1,4,14455.0,-1,11.987,-11.9,-4.01,-49.8,0,0,DCHG, ,
23895.3,1,1,1,1,4,14460.0,-0.99,11.987,-11.8,-4.01,-49.81,0,0,DCHG, ,
23900.3,1,1,1,1,4,14465.0,-1,11.987,-11.9,-4.01,-49.83,0,0,DCHG, ,
23905.3,1,1,1,1,4,14470.0,-1,11.987,-11.9,-4.01,-49.85,0,0,DCHG, ,
23910.3,1,1,1,1,4,14475.0,-1,11.986,-11.9,-4.01,-49.86,0,0,DCHG, ,
23915.3,1,1,1,1,4,14480.0,-1,11.986,-11.9,-4.01,-49.88,0,0,DCHG, ,
23920.3,1,1,1,1,4,14485.0,-1,11.986,-11.9,-4.02,-49.9,0,0,DCHG, ,
23925.3,1,1,1,1,4,14490.0,-1,11.986,-11.9,-4.02,-49.91,0,0,DCHG, ,
23930.3,1,1,1,1,4,14495.0,-1,11.985,-11.9,-4.02,-49.93,0,0,DCHG, ,
23935.3,1,1,1,1,4,14500.0,-1,11.985,-11.9,-4.02,-49.95,0,0,DCHG, ,
23940.3,1,1,1,1,4,14505.0,-1,11.985,-11.9,-4.02,-49.96,0,0,DCHG, ,
23945.3,1,1,1,1,4,14510.0,-1,11.984,-11.9,-4.02,-49.98,0,0,DCHG, ,
23950.3,1,1,1,1,4,14515.0,-0.99,11.984,-11.9,-4.02,-50,0,0,DCHG, ,
23955.3,1,1,1,1,4,14520.0,-1,11.983,-11.9,-4.03,-50.01,0,0,DCHG, ,
23960.3,1,1,1,1,4,14525.0,-1,11.983,-11.9,-4.03,-50.03,0,0,DCHG, ,
23965.3,1,1,1,1,4,14530.0,-1,11.983,-11.9,-4.03,-50.05,0,0,DCHG, ,
23970.3,1,1,1,1,4,14535.0,-1,11.982,-11.9,-4.03,-50.06,0,0,DCHG, ,
23975.3,1,1,1,1,4,14540.0,-1,11.982,-11.9,-4.03,-50.08,0,0,DCHG, ,
23980.3,1,1,1,1,4,14545.0,-1,11.982,-11.9,-4.03,-50.09,0,0,DCHG, ,
23985.3,1,1,1,1,4,14550.0,-1,11.981,-11.9,-4.03,-50.11,0,0,DCHG, ,
23990.3,1,1,1,1,4,14555.0,-1,11.981,-11.9,-4.04,-50.13,0,0,DCHG, ,
23995.3,1,1,1,1,4,14560.0,-1,11.981,-11.9,-4.04,-50.14,0,0,DCHG, ,
24000.3,1,1,1,1,4,14565.0,-1,11.981,-11.9,-4.04,-50.16,0,0,DCHG, ,
24005.3,1,1,1,1,4,14570.0,-1,11.98,-11.9,-4.04,-50.18,0,0,DCHG, ,
24010.3,1,1,1,1,4,14575.0,-1,11.98,-11.9,-4.04,-50.19,0,0,DCHG, ,
24015.3,1,1,1,1,4,14580.0,-1,11.98,-11.9,-4.04,-50.21,0,0,DCHG, ,
24020.3,1,1,1,1,4,14585.0,-1,11.98,-11.9,-4.04,-50.23,0,0,DCHG, ,
24025.3,1,1,1,1,4,14590.0,-1,11.979,-11.9,-4.04,-50.24,0,0,DCHG, ,
24030.3,1,1,1,1,4,14595.0,-1,11.979,-11.9,-4.05,-50.26,0,0,DCHG, ,
24035.3,1,1,1,1,4,14600.0,-1,11.979,-11.9,-4.05,-50.28,0,0,DCHG, ,
24040.3,1,1,1,1,4,14605.0,-1,11.978,-11.9,-4.05,-50.29,0,0,DCHG, ,
24045.3,1,1,1,1,4,14610.0,-1,11.978,-11.9,-4.05,-50.31,0,0,DCHG, ,
24050.3,1,1,1,1,4,14615.0,-1,11.978,-11.9,-4.05,-50.33,0,0,DCHG, ,
24055.3,1,1,1,1,4,14620.0,-1,11.977,-11.9,-4.05,-50.34,0,0,DCHG, ,
24060.3,1,1,1,1,4,14625.0,-1,11.977,-11.9,-4.05,-50.36,0,0,DCHG, ,
24065.3,1,1,1,1,4,14630.0,-1,11.976,-11.9,-4.06,-50.38,0,0,DCHG, ,
24070.3,1,1,1,1,4,14635.0,-1,11.976,-11.9,-4.06,-50.39,0,0,DCHG, ,
24075.3,1,1,1,1,4,14640.0,-1,11.976,-11.9,-4.06,-50.41,0,0,DCHG, ,
24080.3,1,1,1,1,4,14645.0,-1,11.976,-11.9,-4.06,-50.43,0,0,DCHG, ,
24085.3,1,1,1,1,4,14650.0,-1,11.975,-11.9,-4.06,-50.44,0,0,DCHG, ,
24090.3,1,1,1,1,4,14655.0,-0.99,11.975,-11.8,-4.06,-50.46,0,0,DCHG, ,
24095.3,1,1,1,1,4,14660.0,-0.99,11.975,-11.8,-4.06,-50.47,0,0,DCHG, ,
24100.3,1,1,1,1,4,14665.0,-1,11.974,-11.9,-4.07,-50.49,0,0,DCHG, ,
24105.3,1,1,1,1,4,14670.0,-1,11.974,-11.9,-4.07,-50.51,0,0,DCHG, ,
24110.3,1,1,1,1,4,14675.0,-0.99,11.974,-11.8,-4.07,-50.52,0,0,DCHG, ,
24115.3,1,1,1,1,4,14680.0,-1,11.973,-11.9,-4.07,-50.54,0,0,DCHG, ,
24120.3,1,1,1,1,4,14685.0,-1,11.974,-11.9,-4.07,-50.56,0,0,DCHG, ,
24125.3,1,1,1,1,4,14690.0,-1,11.973,-11.9,-4.07,-50.57,0,0,DCHG, ,
24130.3,1,1,1,1,4,14695.0,-1,11.973,-11.9,-4.07,-50.59,0,0,DCHG, ,
24135.3,1,1,1,1,4,14700.0,-1,11.972,-11.9,-4.08,-50.61,0,0,DCHG, ,
24140.3,1,1,1,1,4,14705.0,-1,11.972,-11.9,-4.08,-50.62,0,0,DCHG, ,
24145.3,1,1,1,1,4,14710.0,-1,11.972,-11.9,-4.08,-50.64,0,0,DCHG, ,
24150.3,1,1,1,1,4,14715.0,-0.99,11.971,-11.8,-4.08,-50.66,0,0,DCHG, ,
24155.3,1,1,1,1,4,14720.0,-1,11.971,-11.9,-4.08,-50.67,0,0,DCHG, ,
24160.3,1,1,1,1,4,14725.0,-1,11.971,-11.9,-4.08,-50.69,0,0,DCHG, ,
24165.3,1,1,1,1,4,14730.0,-1,11.97,-11.9,-4.08,-50.71,0,0,DCHG, ,
24170.3,1,1,1,1,4,14735.0,-1,11.969,-11.9,-4.09,-50.72,0,0,DCHG, ,
24175.3,1,1,1,1,4,14740.0,-1,11.969,-11.9,-4.09,-50.74,0,0,DCHG, ,
24180.3,1,1,1,1,4,14745.0,-1,11.969,-11.9,-4.09,-50.76,0,0,DCHG, ,
24185.3,1,1,1,1,4,14750.0,-1,11.969,-11.9,-4.09,-50.77,0,0,DCHG, ,
24190.3,1,1,1,1,4,14755.0,-1,11.969,-11.9,-4.09,-50.79,0,0,DCHG, ,
24195.3,1,1,1,1,4,14760.0,-1,11.968,-11.9,-4.09,-50.81,0,0,DCHG, ,
24200.3,1,1,1,1,4,14765.0,-1,11.967,-11.9,-4.09,-50.82,0,0,DCHG, ,
24205.3,1,1,1,1,4,14770.0,-1,11.968,-11.9,-4.09,-50.84,0,0,DCHG, ,
24210.3,1,1,1,1,4,14775.0,-1,11.967,-11.9,-4.1,-50.85,0,0,DCHG, ,
24215.3,1,1,1,1,4,14780.0,-1,11.967,-11.9,-4.1,-50.87,0,0,DCHG, ,
24220.3,1,1,1,1,4,14785.0,-1,11.967,-11.9,-4.1,-50.89,0,0,DCHG, ,
24225.3,1,1,1,1,4,14790.0,-1,11.966,-11.9,-4.1,-50.9,0,0,DCHG, ,
24230.3,1,1,1,1,4,14795.0,-1,11.966,-11.9,-4.1,-50.92,0,0,DCHG, ,
24235.3,1,1,1,1,4,14800.0,-1,11.966,-11.9,-4.1,-50.94,0,0,DCHG, ,
24240.3,1,1,1,1,4,14805.0,-1,11.965,-11.9,-4.1,-50.95,0,0,DCHG, ,
24245.3,1,1,1,1,4,14810.0,-1,11.965,-11.9,-4.11,-50.97,0,0,DCHG, ,
24250.3,1,1,1,1,4,14815.0,-0.99,11.964,-11.8,-4.11,-50.99,0,0,DCHG, ,
24255.3,1,1,1,1,4,14820.0,-1,11.964,-11.9,-4.11,-51,0,0,DCHG, ,
24260.3,1,1,1,1,4,14825.0,-1,11.964,-11.9,-4.11,-51.02,0,0,DCHG, ,
24265.3,1,1,1,1,4,14830.0,-1,11.964,-11.9,-4.11,-51.04,0,0,DCHG, ,
24270.3,1,1,1,1,4,14835.0,-1,11.964,-11.9,-4.11,-51.05,0,0,DCHG, ,
24275.3,1,1,1,1,4,14840.0,-0.99,11.963,-11.8,-4.11,-51.07,0,0,DCHG, ,
24280.3,1,1,1,1,4,14845.0,-1,11.962,-11.9,-4.12,-51.09,0,0,DCHG, ,
24285.3,1,1,1,1,4,14850.0,-1,11.962,-11.9,-4.12,-51.1,0,0,DCHG, ,
24290.3,1,1,1,1,4,14855.0,-1,11.962,-11.9,-4.12,-51.12,0,0,DCHG, ,
24295.3,1,1,1,1,4,14860.0,-1,11.962,-11.9,-4.12,-51.14,0,0,DCHG, ,
24300.3,1,1,1,1,4,14865.0,-1,11.961,-11.9,-4.12,-51.15,0,0,DCHG, ,
24305.3,1,1,1,1,4,14870.0,-1,11.961,-11.9,-4.12,-51.17,0,0,DCHG, ,
24310.3,1,1,1,1,4,14875.0,-1,11.961,-11.9,-4.12,-51.19,0,0,DCHG, ,
24315.3,1,1,1,1,4,14880.0,-1,11.961,-11.9,-4.13,-51.2,0,0,DCHG, ,
24320.3,1,1,1,1,4,14885.0,-0.99,11.96,-11.8,-4.13,-51.22,0,0,DCHG, ,
24325.3,1,1,1,1,4,14890.0,-0.99,11.96,-11.8,-4.13,-51.23,0,0,DCHG, ,
24330.3,1,1,1,1,4,14895.0,-1,11.959,-11.9,-4.13,-51.25,0,0,DCHG, ,
24335.3,1,1,1,1,4,14900.0,-0.99,11.959,-11.8,-4.13,-51.27,0,0,DCHG, ,
24340.3,1,1,1,1,4,14905.0,-1,11.959,-11.9,-4.13,-51.28,0,0,DCHG, ,
24345.3,1,1,1,1,4,14910.0,-0.99,11.958,-11.8,-4.13,-51.3,0,0,DCHG, ,
24350.3,1,1,1,1,4,14915.0,-1,11.958,-11.9,-4.14,-51.32,0,0,DCHG, ,
24355.3,1,1,1,1,4,14920.0,-1,11.957,-11.9,-4.14,-51.33,0,0,DCHG, ,
24360.3,1,1,1,1,4,14925.0,-1,11.957,-11.9,-4.14,-51.35,0,0,DCHG, ,
24365.3,1,1,1,1,4,14930.0,-1,11.957,-11.9,-4.14,-51.37,0,0,DCHG, ,
24370.3,1,1,1,1,4,14935.0,-1,11.957,-11.9,-4.14,-51.38,0,0,DCHG, ,
24375.3,1,1,1,1,4,14940.0,-1,11.956,-11.9,-4.14,-51.4,0,0,DCHG, ,
24380.3,1,1,1,1,4,14945.0,-1,11.956,-11.9,-4.14,-51.42,0,0,DCHG, ,
24385.3,1,1,1,1,4,14950.0,-1,11.956,-11.9,-4.14,-51.43,0,0,DCHG, ,
24390.3,1,1,1,1,4,14955.0,-1,11.956,-11.9,-4.15,-51.45,0,0,DCHG, ,
24395.3,1,1,1,1,4,14960.0,-1,11.955,-11.9,-4.15,-51.47,0,0,DCHG, ,
24400.3,1,1,1,1,4,14965.0,-1,11.955,-11.9,-4.15,-51.48,0,0,DCHG, ,
24405.3,1,1,1,1,4,14970.0,-1,11.954,-11.9,-4.15,-51.5,0,0,DCHG, ,
24410.3,1,1,1,1,4,14975.0,-1,11.954,-11.9,-4.15,-51.52,0,0,DCHG, ,
24415.3,1,1,1,1,4,14980.0,-1,11.954,-11.9,-4.15,-51.53,0,0,DCHG, ,
24420.3,1,1,1,1,4,14985.0,-0.99,11.954,-11.8,-4.15,-51.55,0,0,DCHG, ,
24425.3,1,1,1,1,4,14990.0,-1,11.953,-11.9,-4.16,-51.56,0,0,DCHG, ,
24430.3,1,1,1,1,4,14995.0,-1,11.952,-11.9,-4.16,-51.58,0,0,DCHG, ,
24435.3,1,1,1,1,4,15000.0,-1,11.952,-11.9,-4.16,-51.6,0,0,DCHG, ,
24440.3,1,1,1,1,4,15005.0,-1,11.952,-11.9,-4.16,-51.61,0,0,DCHG, ,
24445.3,1,1,1,1,4,15010.0,-1,11.952,-11.9,-4.16,-51.63,0,0,DCHG, ,
24450.3,1,1,1,1,4,15015.0,-1,11.951,-11.9,-4.16,-51.65,0,0,DCHG, ,
24455.3,1,1,1,1,4,15020.0,-1,11.951,-11.9,-4.16,-51.66,0,0,DCHG, ,
24460.3,1,1,1,1,4,15025.0,-1,11.951,-11.9,-4.17,-51.68,0,0,DCHG, ,
24465.3,1,1,1,1,4,15030.0,-1,11.95,-11.9,-4.17,-51.7,0,0,DCHG, ,
24470.3,1,1,1,1,4,15035.0,-1,11.95,-11.9,-4.17,-51.71,0,0,DCHG, ,
24475.3,1,1,1,1,4,15040.0,-1,11.95,-11.9,-4.17,-51.73,0,0,DCHG, ,
24480.3,1,1,1,1,4,15045.0,-1,11.95,-11.9,-4.17,-51.75,0,0,DCHG, ,
24485.3,1,1,1,1,4,15050.0,-0.99,11.949,-11.8,-4.17,-51.76,0,0,DCHG, ,
24490.3,1,1,1,1,4,15055.0,-1,11.949,-11.9,-4.17,-51.78,0,0,DCHG, ,
24495.3,1,1,1,1,4,15060.0,-1,11.949,-11.9,-4.18,-51.8,0,0,DCHG, ,
24500.3,1,1,1,1,4,15065.0,-1,11.949,-11.9,-4.18,-51.81,0,0,DCHG, ,
24505.3,1,1,1,1,4,15070.0,-1,11.948,-11.9,-4.18,-51.83,0,0,DCHG, ,
24510.3,1,1,1,1,4,15075.0,-1,11.948,-11.9,-4.18,-51.85,0,0,DCHG, ,
24515.3,1,1,1,1,4,15080.0,-1,11.947,-11.9,-4.18,-51.86,0,0,DCHG, ,
24520.3,1,1,1,1,4,15085.0,-1,11.947,-11.9,-4.18,-51.88,0,0,DCHG, ,
24525.3,1,1,1,1,4,15090.0,-1,11.946,-11.9,-4.18,-51.9,0,0,DCHG, ,
24530.3,1,1,1,1,4,15095.0,-1,11.946,-11.9,-4.19,-51.91,0,0,DCHG, ,
24535.3,1,1,1,1,4,15100.0,-0.99,11.945,-11.8,-4.19,-51.93,0,0,DCHG, ,
24540.3,1,1,1,1,4,15105.0,-1,11.945,-11.9,-4.19,-51.94,0,0,DCHG, ,
24545.3,1,1,1,1,4,15110.0,-1,11.945,-11.9,-4.19,-51.96,0,0,DCHG, ,
24550.3,1,1,1,1,4,15115.0,-1,11.945,-11.9,-4.19,-51.98,0,0,DCHG, ,
24555.3,1,1,1,1,4,15120.0,-0.99,11.945,-11.8,-4.19,-51.99,0,0,DCHG, ,
24560.3,1,1,1,1,4,15125.0,-1,11.944,-11.9,-4.19,-52.01,0,0,DCHG, ,
24565.3,1,1,1,1,4,15130.0,-1,11.944,-11.9,-4.19,-52.03,0,0,DCHG, ,
24570.3,1,1,1,1,4,15135.0,-1,11.943,-11.9,-4.2,-52.04,0,0,DCHG, ,
24575.3,1,1,1,1,4,15140.0,-1,11.943,-11.9,-4.2,-52.06,0,0,DCHG, ,
24580.3,1,1,1,1,4,15145.0,-0.99,11.943,-11.8,-4.2,-52.08,0,0,DCHG, ,
24585.3,1,1,1,1,4,15150.0,-1,11.943,-11.9,-4.2,-52.09,0,0,DCHG, ,
24590.3,1,1,1,1,4,15155.0,-1,11.942,-11.9,-4.2,-52.11,0,0,DCHG, ,
24595.3,1,1,1,1,4,15160.0,-1,11.942,-11.9,-4.2,-52.13,0,0,DCHG, ,
24600.3,1,1,1,1,4,15165.0,-1,11.942,-11.9,-4.2,-52.14,0,0,DCHG, ,
24605.3,1,1,1,1,4,15170.0,-1,11.942,-11.9,-4.21,-52.16,0,0,DCHG, ,
24610.3,1,1,1,1,4,15175.0,-1,11.941,-11.9,-4.21,-52.18,0,0,DCHG, ,
24615.3,1,1,1,1,4,15180.0,-1,11.941,-11.9,-4.21,-52.19,0,0,DCHG, ,
24620.3,1,1,1,1,4,15185.0,-1,11.941,-11.9,-4.21,-52.21,0,0,DCHG, ,
24625.3,1,1,1,1,4,15190.0,-0.99,11.94,-11.8,-4.21,-52.23,0,0,DCHG, ,
24630.3,1,1,1,1,4,15195.0,-1,11.939,-11.9,-4.21,-52.24,0,0,DCHG, ,
24635.3,1,1,1,1,4,15200.0,-1,11.94,-11.9,-4.21,-52.26,0,0,DCHG, ,
24640.3,1,1,1,1,4,15205.0,-0.99,11.939,-11.8,-4.22,-52.28,0,0,DCHG, ,
24645.3,1,1,1,1,4,15210.0,-1,11.939,-11.9,-4.22,-52.29,0,0,DCHG, ,
24650.3,1,1,1,1,4,15215.0,-0.99,11.939,-11.8,-4.22,-52.31,0,0,DCHG, ,
24655.3,1,1,1,1,4,15220.0,-1,11.939,-11.9,-4.22,-52.32,0,0,DCHG, ,
24660.3,1,1,1,1,4,15225.0,-1,11.938,-11.9,-4.22,-52.34,0,0,DCHG, ,
24665.3,1,1,1,1,4,15230.0,-1,11.938,-11.9,-4.22,-52.36,0,0,DCHG, ,
24670.3,1,1,1,1,4,15235.0,-0.99,11.938,-11.8,-4.22,-52.37,0,0,DCHG, ,
24675.3,1,1,1,1,4,15240.0,-1,11.937,-11.9,-4.23,-52.39,0,0,DCHG, ,
24680.3,1,1,1,1,4,15245.0,-1,11.937,-11.9,-4.23,-52.41,0,0,DCHG, ,
24685.3,1,1,1,1,4,15250.0,-1,11.936,-11.9,-4.23,-52.42,0,0,DCHG, ,
24690.3,1,1,1,1,4,15255.0,-1,11.936,-11.9,-4.23,-52.44,0,0,DCHG, ,
24695.3,1,1,1,1,4,15260.0,-1,11.936,-11.9,-4.23,-52.46,0,0,DCHG, ,
24700.3,1,1,1,1,4,15265.0,-1,11.935,-11.9,-4.23,-52.47,0,0,DCHG, ,
24705.3,1,1,1,1,4,15270.0,-1,11.935,-11.9,-4.23,-52.49,0,0,DCHG, ,
24710.3,1,1,1,1,4,15275.0,-1,11.935,-11.9,-4.24,-52.51,0,0,DCHG, ,
24715.3,1,1,1,1,4,15280.0,-1,11.935,-11.9,-4.24,-52.52,0,0,DCHG, ,
24720.3,1,1,1,1,4,15285.0,-1,11.934,-11.9,-4.24,-52.54,0,0,DCHG, ,
24725.3,1,1,1,1,4,15290.0,-1,11.934,-11.8,-4.24,-52.56,0,0,DCHG, ,
24730.3,1,1,1,1,4,15295.0,-1,11.933,-11.9,-4.24,-52.57,0,0,DCHG, ,
24735.3,1,1,1,1,4,15300.0,-1,11.933,-11.9,-4.24,-52.59,0,0,DCHG, ,
24740.3,1,1,1,1,4,15305.0,-1,11.933,-11.9,-4.24,-52.61,0,0,DCHG, ,
24745.3,1,1,1,1,4,15310.0,-1,11.932,-11.9,-4.24,-52.62,0,0,DCHG, ,
24750.3,1,1,1,1,4,15315.0,-1,11.932,-11.9,-4.25,-52.64,0,0,DCHG, ,
24755.3,1,1,1,1,4,15320.0,-1,11.931,-11.9,-4.25,-52.66,0,0,DCHG, ,
24760.3,1,1,1,1,4,15325.0,-1,11.931,-11.9,-4.25,-52.67,0,0,DCHG, ,
24765.3,1,1,1,1,4,15330.0,-0.99,11.931,-11.8,-4.25,-52.69,0,0,DCHG, ,
24770.3,1,1,1,1,4,15335.0,-1,11.931,-11.9,-4.25,-52.7,0,0,DCHG, ,
24775.3,1,1,1,1,4,15340.0,-1,11.93,-11.9,-4.25,-52.72,0,0,DCHG, ,
24780.3,1,1,1,1,4,15345.0,-1,11.93,-11.9,-4.25,-52.74,0,0,DCHG, ,
24785.3,1,1,1,1,4,15350.0,-1,11.93,-11.9,-4.26,-52.75,0,0,DCHG, ,
24790.3,1,1,1,1,4,15355.0,-1,11.929,-11.8,-4.26,-52.77,0,0,DCHG, ,
24795.3,1,1,1,1,4,15360.0,-0.99,11.929,-11.8,-4.26,-52.79,0,0,DCHG, ,
24800.3,1,1,1,1,4,15365.0,-1,11.929,-11.9,-4.26,-52.8,0,0,DCHG, ,
24805.3,1,1,1,1,4,15370.0,-1,11.929,-11.9,-4.26,-52.82,0,0,DCHG, ,
24810.3,1,1,1,1,4,15375.0,-1,11.928,-11.9,-4.26,-52.84,0,0,DCHG, ,
24815.3,1,1,1,1,4,15380.0,-0.99,11.928,-11.8,-4.26,-52.85,0,0,DCHG, ,
24820.3,1,1,1,1,4,15385.0,-1,11.928,-11.9,-4.27,-52.87,0,0,DCHG, ,
24825.3,1,1,1,1,4,15390.0,-1,11.927,-11.9,-4.27,-52.89,0,0,DCHG, ,
24830.3,1,1,1,1,4,15395.0,-1,11.927,-11.9,-4.27,-52.9,0,0,DCHG, ,
24835.3,1,1,1,1,4,15400.0,-1,11.926,-11.9,-4.27,-52.92,0,0,DCHG, ,
24840.3,1,1,1,1,4,15405.0,-1,11.926,-11.9,-4.27,-52.94,0,0,DCHG, ,
24845.3,1,1,1,1,4,15410.0,-1,11.926,-11.9,-4.27,-52.95,0,0,DCHG, ,
24850.3,1,1,1,1,4,15415.0,-1,11.926,-11.9,-4.27,-52.97,0,0,DCHG, ,
24855.3,1,1,1,1,4,15420.0,-1,11.925,-11.9,-4.28,-52.99,0,0,DCHG, ,
24860.3,1,1,1,1,4,15425.0,-1,11.924,-11.9,-4.28,-53,0,0,DCHG, ,
24865.3,1,1,1,1,4,15430.0,-1,11.924,-11.9,-4.28,-53.02,0,0,DCHG, ,
24870.3,1,1,1,1,4,15435.0,-1,11.924,-11.9,-4.28,-53.03,0,0,DCHG, ,
24875.3,1,1,1,1,4,15440.0,-1,11.924,-11.9,-4.28,-53.05,0,0,DCHG, ,
24880.3,1,1,1,1,4,15445.0,-1,11.924,-11.9,-4.28,-53.07,0,0,DCHG, ,
24885.3,1,1,1,1,4,15450.0,-1,11.923,-11.9,-4.28,-53.08,0,0,DCHG, ,
24890.3,1,1,1,1,4,15455.0,-1,11.923,-11.9,-4.28,-53.1,0,0,DCHG, ,
24895.3,1,1,1,1,4,15460.0,-1,11.922,-11.9,-4.29,-53.12,0,0,DCHG, ,
24900.3,1,1,1,1,4,15465.0,-1,11.922,-11.9,-4.29,-53.13,0,0,DCHG, ,
24905.3,1,1,1,1,4,15470.0,-0.99,11.922,-11.8,-4.29,-53.15,0,0,DCHG, ,
24910.3,1,1,1,1,4,15475.0,-0.99,11.921,-11.8,-4.29,-53.17,0,0,DCHG, ,
24915.3,1,1,1,1,4,15480.0,-1,11.921,-11.9,-4.29,-53.18,0,0,DCHG, ,
24920.3,1,1,1,1,4,15485.0,-1,11.921,-11.9,-4.29,-53.2,0,0,DCHG, ,
24925.3,1,1,1,1,4,15490.0,-1,11.921,-11.9,-4.29,-53.22,0,0,DCHG, ,
24930.3,1,1,1,1,4,15495.0,-1,11.92,-11.9,-4.3,-53.23,0,0,DCHG, ,
24935.3,1,1,1,1,4,15500.0,-1,11.92,-11.9,-4.3,-53.25,0,0,DCHG, ,
24940.3,1,1,1,1,4,15505.0,-1,11.92,-11.8,-4.3,-53.27,0,0,DCHG, ,
24945.3,1,1,1,1,4,15510.0,-1,11.919,-11.8,-4.3,-53.28,0,0,DCHG, ,
24950.3,1,1,1,1,4,15515.0,-1,11.919,-11.9,-4.3,-53.3,0,0,DCHG, ,
24955.3,1,1,1,1,4,15520.0,-1,11.918,-11.8,-4.3,-53.32,0,0,DCHG, ,
24960.3,1,1,1,1,4,15525.0,-1,11.918,-11.8,-4.3,-53.33,0,0,DCHG, ,
24965.3,1,1,1,1,4,15530.0,-1,11.918,-11.8,-4.31,-53.35,0,0,DCHG, ,
24970.3,1,1,1,1,4,15535.0,-1,11.918,-11.9,-4.31,-53.36,0,0,DCHG, ,
24975.3,1,1,1,1,4,15540.0,-1,11.917,-11.8,-4.31,-53.38,0,0,DCHG, ,
24980.3,1,1,1,1,4,15545.0,-1,11.917,-11.8,-4.31,-53.4,0,0,DCHG, ,
24985.3,1,1,1,1,4,15550.0,-1,11.917,-11.8,-4.31,-53.41,0,0,DCHG, ,
24990.3,1,1,1,1,4,15555.0,-1,11.917,-11.8,-4.31,-53.43,0,0,DCHG, ,
24995.3,1,1,1,1,4,15560.0,-1,11.916,-11.8,-4.31,-53.45,0,0,DCHG, ,
25000.3,1,1,1,1,4,15565.0,-1,11.916,-11.8,-4.32,-53.46,0,0,DCHG, ,
25005.3,1,1,1,1,4,15570.0,-1,11.915,-11.8,-4.32,-53.48,0,0,DCHG, ,
25010.3,1,1,1,1,4,15575.0,-1,11.915,-11.8,-4.32,-53.5,0,0,DCHG, ,
25015.3,1,1,1,1,4,15580.0,-0.99,11.915,-11.8,-4.32,-53.51,0,0,DCHG, ,
25020.3,1,1,1,1,4,15585.0,-1,11.914,-11.8,-4.32,-53.53,0,0,DCHG, ,
25025.3,1,1,1,1,4,15590.0,-0.99,11.914,-11.8,-4.32,-53.55,0,0,DCHG, ,
25030.3,1,1,1,1,4,15595.0,-1,11.914,-11.8,-4.32,-53.56,0,0,DCHG, ,
25035.3,1,1,1,1,4,15600.0,-1,11.913,-11.8,-4.33,-53.58,0,0,DCHG, ,
25040.3,1,1,1,1,4,15605.0,-1,11.913,-11.8,-4.33,-53.59,0,0,DCHG, ,
25045.3,1,1,1,1,4,15610.0,-1,11.913,-11.9,-4.33,-53.61,0,0,DCHG, ,
25050.3,1,1,1,1,4,15615.0,-1,11.912,-11.8,-4.33,-53.63,0,0,DCHG, ,
25055.3,1,1,1,1,4,15620.0,-1,11.912,-11.8,-4.33,-53.64,0,0,DCHG, ,
25060.3,1,1,1,1,4,15625.0,-1,11.912,-11.8,-4.33,-53.66,0,0,DCHG, ,
25065.3,1,1,1,1,4,15630.0,-1,11.911,-11.8,-4.33,-53.68,0,0,DCHG, ,
25070.3,1,1,1,1,4,15635.0,-1,11.911,-11.8,-4.33,-53.69,0,0,DCHG, ,
25075.3,1,1,1,1,4,15640.0,-1,11.911,-11.8,-4.34,-53.71,0,0,DCHG, ,
25080.3,1,1,1,1,4,15645.0,-1,11.91,-11.9,-4.34,-53.73,0,0,DCHG, ,
25085.3,1,1,1,1,4,15650.0,-1,11.91,-11.8,-4.34,-53.74,0,0,DCHG, ,
25090.3,1,1,1,1,4,15655.0,-1,11.91,-11.8,-4.34,-53.76,0,0,DCHG, ,
25095.3,1,1,1,1,4,15660.0,-1,11.909,-11.8,-4.34,-53.77,0,0,DCHG, ,
25100.3,1,1,1,1,4,15665.0,-1,11.909,-11.9,-4.34,-53.79,0,0,DCHG, ,
25105.3,1,1,1,1,4,15670.0,-1,11.909,-11.9,-4.34,-53.81,0,0,DCHG, ,
25110.3,1,1,1,1,4,15675.0,-1,11.909,-11.8,-4.35,-53.82,0,0,DCHG, ,
25115.3,1,1,1,1,4,15680.0,-1,11.908,-11.9,-4.35,-53.84,0,0,DCHG, ,
25120.3,1,1,1,1,4,15685.0,-1,11.908,-11.9,-4.35,-53.86,0,0,DCHG, ,
25125.3,1,1,1,1,4,15690.0,-1,11.907,-11.8,-4.35,-53.87,0,0,DCHG, ,
25130.3,1,1,1,1,4,15695.0,-1,11.907,-11.8,-4.35,-53.89,0,0,DCHG, ,
25135.3,1,1,1,1,4,15700.0,-1,11.907,-11.8,-4.35,-53.91,0,0,DCHG, ,
25140.3,1,1,1,1,4,15705.0,-1,11.906,-11.8,-4.35,-53.92,0,0,DCHG, ,
25145.3,1,1,1,1,4,15710.0,-1,11.906,-11.8,-4.36,-53.94,0,0,DCHG, ,
25150.3,1,1,1,1,4,15715.0,-1,11.905,-11.8,-4.36,-53.96,0,0,DCHG, ,
25155.3,1,1,1,1,4,15720.0,-1,11.905,-11.8,-4.36,-53.97,0,0,DCHG, ,
25160.3,1,1,1,1,4,15725.0,-1,11.905,-11.8,-4.36,-53.99,0,0,DCHG, ,
25165.3,1,1,1,1,4,15730.0,-1,11.904,-11.8,-4.36,-54,0,0,DCHG, ,
25170.3,1,1,1,1,4,15735.0,-1,11.904,-11.8,-4.36,-54.02,0,0,DCHG, ,
25175.3,1,1,1,1,4,15740.0,-1,11.904,-11.8,-4.36,-54.04,0,0,DCHG, ,
25180.3,1,1,1,1,4,15745.0,-1,11.903,-11.8,-4.37,-54.05,0,0,DCHG, ,
25185.3,1,1,1,1,4,15750.0,-1,11.903,-11.8,-4.37,-54.07,0,0,DCHG, ,
25190.3,1,1,1,1,4,15755.0,-1,11.903,-11.8,-4.37,-54.09,0,0,DCHG, ,
25195.3,1,1,1,1,4,15760.0,-1,11.902,-11.8,-4.37,-54.1,0,0,DCHG, ,
25200.3,1,1,1,1,4,15765.0,-1,11.902,-11.8,-4.37,-54.12,0,0,DCHG, ,
25205.3,1,1,1,1,4,15770.0,-1,11.902,-11.8,-4.37,-54.14,0,0,DCHG, ,
25210.3,1,1,1,1,4,15775.0,-1,11.902,-11.8,-4.37,-54.15,0,0,DCHG, ,
25215.3,1,1,1,1,4,15780.0,-1,11.901,-11.8,-4.38,-54.17,0,0,DCHG, ,
25220.3,1,1,1,1,4,15785.0,-1,11.901,-11.8,-4.38,-54.19,0,0,DCHG, ,
25225.3,1,1,1,1,4,15790.0,-1,11.901,-11.8,-4.38,-54.2,0,0,DCHG, ,
25230.3,1,1,1,1,4,15795.0,-1,11.9,-11.8,-4.38,-54.22,0,0,DCHG, ,
25235.3,1,1,1,1,4,15800.0,-1,11.9,-11.8,-4.38,-54.23,0,0,DCHG, ,
25240.3,1,1,1,1,4,15805.0,-1,11.9,-11.8,-4.38,-54.25,0,0,DCHG, ,
25245.3,1,1,1,1,4,15810.0,-1,11.899,-11.8,-4.38,-54.27,0,0,DCHG, ,
25250.3,1,1,1,1,4,15815.0,-1,11.899,-11.8,-4.38,-54.28,0,0,DCHG, ,
25255.3,1,1,1,1,4,15820.0,-1,11.899,-11.8,-4.39,-54.3,0,0,DCHG, ,
25260.3,1,1,1,1,4,15825.0,-1,11.898,-11.8,-4.39,-54.32,0,0,DCHG, ,
25265.3,1,1,1,1,4,15830.0,-1,11.898,-11.8,-4.39,-54.33,0,0,DCHG, ,
25270.3,1,1,1,1,4,15835.0,-1,11.898,-11.8,-4.39,-54.35,0,0,DCHG, ,
25275.3,1,1,1,1,4,15840.0,-1,11.897,-11.8,-4.39,-54.37,0,0,DCHG, ,
25280.3,1,1,1,1,4,15845.0,-0.99,11.897,-11.7,-4.39,-54.38,0,0,DCHG, ,
25285.3,1,1,1,1,4,15850.0,-1,11.897,-11.8,-4.39,-54.4,0,0,DCHG, ,
25290.3,1,1,1,1,4,15855.0,-1,11.896,-11.8,-4.4,-54.41,0,0,DCHG, ,
25295.3,1,1,1,1,4,15860.0,-1,11.896,-11.8,-4.4,-54.43,0,0,DCHG, ,
25300.3,1,1,1,1,4,15865.0,-1,11.896,-11.8,-4.4,-54.45,0,0,DCHG, ,
25305.3,1,1,1,1,4,15870.0,-1,11.895,-11.8,-4.4,-54.46,0,0,DCHG, ,
25310.3,1,1,1,1,4,15875.0,-1,11.895,-11.8,-4.4,-54.48,0,0,DCHG, ,
25315.3,1,1,1,1,4,15880.0,-1,11.895,-11.8,-4.4,-54.5,0,0,DCHG, ,
25320.3,1,1,1,1,4,15885.0,-1,11.894,-11.8,-4.4,-54.51,0,0,DCHG, ,
25325.3,1,1,1,1,4,15890.0,-1,11.894,-11.8,-4.41,-54.53,0,0,DCHG, ,
25330.3,1,1,1,1,4,15895.0,-1,11.894,-11.8,-4.41,-54.55,0,0,DCHG, ,
25335.3,1,1,1,1,4,15900.0,-1,11.893,-11.8,-4.41,-54.56,0,0,DCHG, ,
25340.3,1,1,1,1,4,15905.0,-1,11.893,-11.8,-4.41,-54.58,0,0,DCHG, ,
25345.3,1,1,1,1,4,15910.0,-1,11.893,-11.8,-4.41,-54.59,0,0,DCHG, ,
25350.3,1,1,1,1,4,15915.0,-1,11.892,-11.8,-4.41,-54.61,0,0,DCHG, ,
25355.3,1,1,1,1,4,15920.0,-1,11.892,-11.8,-4.41,-54.63,0,0,DCHG, ,
25360.3,1,1,1,1,4,15925.0,-1,11.892,-11.8,-4.42,-54.64,0,0,DCHG, ,
25365.3,1,1,1,1,4,15930.0,-1,11.891,-11.8,-4.42,-54.66,0,0,DCHG, ,
25370.3,1,1,1,1,4,15935.0,-0.99,11.891,-11.7,-4.42,-54.68,0,0,DCHG, ,
25375.3,1,1,1,1,4,15940.0,-0.99,11.891,-11.7,-4.42,-54.69,0,0,DCHG, ,
25380.3,1,1,1,1,4,15945.0,-1,11.89,-11.8,-4.42,-54.71,0,0,DCHG, ,
25385.3,1,1,1,1,4,15950.0,-1,11.89,-11.8,-4.42,-54.73,0,0,DCHG, ,
25390.3,1,1,1,1,4,15955.0,-1,11.89,-11.8,-4.42,-54.74,0,0,DCHG, ,
25395.3,1,1,1,1,4,15960.0,-1,11.889,-11.8,-4.43,-54.76,0,0,DCHG, ,
25400.3,1,1,1,1,4,15965.0,-1,11.889,-11.8,-4.43,-54.77,0,0,DCHG, ,
25405.3,1,1,1,1,4,15970.0,-1,11.889,-11.8,-4.43,-54.79,0,0,DCHG, ,
25410.3,1,1,1,1,4,15975.0,-1,11.889,-11.8,-4.43,-54.81,0,0,DCHG, ,
25415.3,1,1,1,1,4,15980.0,-1,11.888,-11.8,-4.43,-54.82,0,0,DCHG, ,
25420.3,1,1,1,1,4,15985.0,-1,11.888,-11.8,-4.43,-54.84,0,0,DCHG, ,
25425.3,1,1,1,1,4,15990.0,-1,11.888,-11.8,-4.43,-54.86,0,0,DCHG, ,
25430.3,1,1,1,1,4,15995.0,-1,11.887,-11.8,-4.43,-54.87,0,0,DCHG, ,
25435.3,1,1,1,1,4,16000.0,-1,11.887,-11.8,-4.44,-54.89,0,0,DCHG, ,
25440.3,1,1,1,1,4,16005.0,-1,11.887,-11.8,-4.44,-54.91,0,0,DCHG, ,
25445.3,1,1,1,1,4,16010.0,-1,11.886,-11.8,-4.44,-54.92,0,0,DCHG, ,
25450.3,1,1,1,1,4,16015.0,-1,11.886,-11.8,-4.44,-54.94,0,0,DCHG, ,
25455.3,1,1,1,1,4,16020.0,-1,11.885,-11.8,-4.44,-54.96,0,0,DCHG, ,
25460.3,1,1,1,1,4,16025.0,-1,11.885,-11.8,-4.44,-54.97,0,0,DCHG, ,
25465.3,1,1,1,1,4,16030.0,-0.99,11.885,-11.8,-4.44,-54.99,0,0,DCHG, ,
25470.3,1,1,1,1,4,16035.0,-1,11.884,-11.8,-4.45,-55,0,0,DCHG, ,
25475.3,1,1,1,1,4,16040.0,-1,11.884,-11.8,-4.45,-55.02,0,0,DCHG, ,
25480.3,1,1,1,1,4,16045.0,-1,11.884,-11.8,-4.45,-55.04,0,0,DCHG, ,
25485.3,1,1,1,1,4,16050.0,-1,11.883,-11.8,-4.45,-55.05,0,0,DCHG, ,
25490.3,1,1,1,1,4,16055.0,-1,11.883,-11.8,-4.45,-55.07,0,0,DCHG, ,
25495.3,1,1,1,1,4,16060.0,-1,11.883,-11.8,-4.45,-55.09,0,0,DCHG, ,
25500.3,1,1,1,1,4,16065.0,-1,11.882,-11.8,-4.45,-55.1,0,0,DCHG, ,
25505.3,1,1,1,1,4,16070.0,-1,11.882,-11.8,-4.46,-55.12,0,0,DCHG, ,
25510.3,1,1,1,1,4,16075.0,-1,11.882,-11.8,-4.46,-55.14,0,0,DCHG, ,
25515.3,1,1,1,1,4,16080.0,-1,11.881,-11.8,-4.46,-55.15,0,0,DCHG, ,
25520.3,1,1,1,1,4,16085.0,-0.99,11.881,-11.7,-4.46,-55.17,0,0,DCHG, ,
25525.3,1,1,1,1,4,16090.0,-1,11.88,-11.8,-4.46,-55.18,0,0,DCHG, ,
25530.3,1,1,1,1,4,16095.0,-1,11.88,-11.8,-4.46,-55.2,0,0,DCHG, ,
25535.3,1,1,1,1,4,16100.0,-1,11.88,-11.8,-4.46,-55.22,0,0,DCHG, ,
25540.3,1,1,1,1,4,16105.0,-1,11.88,-11.8,-4.47,-55.23,0,0,DCHG, ,
25545.3,1,1,1,1,4,16110.0,-1,11.879,-11.8,-4.47,-55.25,0,0,DCHG, ,
25550.3,1,1,1,1,4,16115.0,-1,11.879,-11.8,-4.47,-55.27,0,0,DCHG, ,
25555.3,1,1,1,1,4,16120.0,-1,11.879,-11.8,-4.47,-55.28,0,0,DCHG, ,
25560.3,1,1,1,1,4,16125.0,-0.99,11.878,-11.7,-4.47,-55.3,0,0,DCHG, ,
25565.3,1,1,1,1,4,16130.0,-1,11.878,-11.8,-4.47,-55.32,0,0,DCHG, ,
25570.3,1,1,1,1,4,16135.0,-1,11.878,-11.8,-4.47,-55.33,0,0,DCHG, ,
25575.3,1,1,1,1,4,16140.0,-1,11.877,-11.8,-4.48,-55.35,0,0,DCHG, ,
25580.3,1,1,1,1,4,16145.0,-1,11.877,-11.8,-4.48,-55.36,0,0,DCHG, ,
25585.3,1,1,1,1,4,16150.0,-1,11.877,-11.8,-4.48,-55.38,0,0,DCHG, ,
25590.3,1,1,1,1,4,16155.0,-1,11.876,-11.8,-4.48,-55.4,0,0,DCHG, ,
25595.3,1,1,1,1,4,16160.0,-0.99,11.876,-11.7,-4.48,-55.41,0,0,DCHG, ,
25600.3,1,1,1,1,4,16165.0,-1,11.876,-11.8,-4.48,-55.43,0,0,DCHG, ,
25605.3,1,1,1,1,4,16170.0,-1,11.875,-11.8,-4.48,-55.45,0,0,DCHG, ,
25610.3,1,1,1,1,4,16175.0,-1,11.875,-11.8,-4.48,-55.46,0,0,DCHG, ,
25615.3,1,1,1,1,4,16180.0,-0.99,11.874,-11.7,-4.49,-55.48,0,0,DCHG, ,
25620.3,1,1,1,1,4,16185.0,-1,11.875,-11.8,-4.49,-55.5,0,0,DCHG, ,
25625.3,1,1,1,1,4,16190.0,-1,11.874,-11.8,-4.49,-55.51,0,0,DCHG, ,
25630.3,1,1,1,1,4,16195.0,-1,11.873,-11.8,-4.49,-55.53,0,0,DCHG, ,
25635.3,1,1,1,1,4,16200.0,-1,11.873,-11.8,-4.49,-55.54,0,0,DCHG, ,
25640.3,1,1,1,1,4,16205.0,-1,11.873,-11.8,-4.49,-55.56,0,0,DCHG, ,
25645.3,1,1,1,1,4,16210.0,-1,11.873,-11.8,-4.49,-55.58,0,0,DCHG, ,
25650.3,1,1,1,1,4,16215.0,-1,11.872,-11.8,-4.5,-55.59,0,0,DCHG, ,
25655.3,1,1,1,1,4,16220.0,-0.99,11.871,-11.7,-4.5,-55.61,0,0,DCHG, ,
25660.3,1,1,1,1,4,16225.0,-1,11.872,-11.8,-4.5,-55.63,0,0,DCHG, ,
25665.3,1,1,1,1,4,16230.0,-1,11.871,-11.8,-4.5,-55.64,0,0,DCHG, ,
25670.3,1,1,1,1,4,16235.0,-1,11.871,-11.8,-4.5,-55.66,0,0,DCHG, ,
25675.3,1,1,1,1,4,16240.0,-1,11.87,-11.8,-4.5,-55.68,0,0,DCHG, ,
25680.3,1,1,1,1,4,16245.0,-1,11.87,-11.8,-4.5,-55.69,0,0,DCHG, ,
25685.3,1,1,1,1,4,16250.0,-1,11.869,-11.8,-4.51,-55.71,0,0,DCHG, ,
25690.3,1,1,1,1,4,16255.0,-1,11.869,-11.8,-4.51,-55.72,0,0,DCHG, ,
25695.3,1,1,1,1,4,16260.0,-0.99,11.869,-11.7,-4.51,-55.74,0,0,DCHG, ,
25700.3,1,1,1,1,4,16265.0,-1,11.869,-11.8,-4.51,-55.76,0,0,DCHG, ,
25705.3,1,1,1,1,4,16270.0,-1,11.869,-11.8,-4.51,-55.77,0,0,DCHG, ,
25710.3,1,1,1,1,4,16275.0,-1,11.868,-11.8,-4.51,-55.79,0,0,DCHG, ,
25715.3,1,1,1,1,4,16280.0,-1,11.868,-11.8,-4.51,-55.81,0,0,DCHG, ,
25720.3,1,1,1,1,4,16285.0,-1,11.868,-11.8,-4.52,-55.82,0,0,DCHG, ,
25725.3,1,1,1,1,4,16290.0,-0.99,11.867,-11.7,-4.52,-55.84,0,0,DCHG, ,
25730.3,1,1,1,1,4,16295.0,-1,11.867,-11.8,-4.52,-55.86,0,0,DCHG, ,
25735.3,1,1,1,1,4,16300.0,-1,11.866,-11.8,-4.52,-55.87,0,0,DCHG, ,
25740.3,1,1,1,1,4,16305.0,-1,11.866,-11.8,-4.52,-55.89,0,0,DCHG, ,
25745.3,1,1,1,1,4,16310.0,-1,11.866,-11.8,-4.52,-55.91,0,0,DCHG, ,
25750.3,1,1,1,1,4,16315.0,-1,11.865,-11.8,-4.52,-55.92,0,0,DCHG, ,
25755.3,1,1,1,1,4,16320.0,-1,11.865,-11.8,-4.53,-55.94,0,0,DCHG, ,
25760.3,1,1,1,1,4,16325.0,-1,11.864,-11.8,-4.53,-55.95,0,0,DCHG, ,
25765.3,1,1,1,1,4,16330.0,-1,11.864,-11.8,-4.53,-55.97,0,0,DCHG, ,
25770.3,1,1,1,1,4,16335.0,-1,11.864,-11.8,-4.53,-55.99,0,0,DCHG, ,
25775.3,1,1,1,1,4,16340.0,-1,11.864,-11.8,-4.53,-56,0,0,DCHG, ,
25780.3,1,1,1,1,4,16345.0,-1,11.864,-11.8,-4.53,-56.02,0,0,DCHG, ,
25785.3,1,1,1,1,4,16350.0,-1,11.862,-11.8,-4.53,-56.04,0,0,DCHG, ,
25790.3,1,1,1,1,4,16355.0,-1,11.863,-11.8,-4.53,-56.05,0,0,DCHG, ,
25795.3,1,1,1,1,4,16360.0,-1,11.862,-11.8,-4.54,-56.07,0,0,DCHG, ,
25800.3,1,1,1,1,4,16365.0,-1,11.862,-11.8,-4.54,-56.09,0,0,DCHG, ,
25805.3,1,1,1,1,4,16370.0,-1,11.861,-11.8,-4.54,-56.1,0,0,DCHG, ,
25810.3,1,1,1,1,4,16375.0,-1,11.861,-11.8,-4.54,-56.12,0,0,DCHG, ,
25815.3,1,1,1,1,4,16380.0,-1,11.861,-11.8,-4.54,-56.13,0,0,DCHG, ,
25820.3,1,1,1,1,4,16385.0,-1,11.861,-11.8,-4.54,-56.15,0,0,DCHG, ,
25825.3,1,1,1,1,4,16390.0,-1,11.86,-11.8,-4.54,-56.17,0,0,DCHG, ,
25830.3,1,1,1,1,4,16395.0,-1,11.861,-11.8,-4.55,-56.18,0,0,DCHG, ,
25835.3,1,1,1,1,4,16400.0,-1,11.86,-11.8,-4.55,-56.2,0,0,DCHG, ,
25840.3,1,1,1,1,4,16405.0,-1,11.86,-11.8,-4.55,-56.22,0,0,DCHG, ,
25845.3,1,1,1,1,4,16410.0,-1,11.859,-11.8,-4.55,-56.23,0,0,DCHG, ,
25850.3,1,1,1,1,4,16415.0,-1,11.859,-11.8,-4.55,-56.25,0,0,DCHG, ,
25855.3,1,1,1,1,4,16420.0,-1,11.859,-11.8,-4.55,-56.27,0,0,DCHG, ,
25860.3,1,1,1,1,4,16425.0,-1,11.858,-11.8,-4.55,-56.28,0,0,DCHG, ,
25865.3,1,1,1,1,4,16430.0,-0.99,11.858,-11.7,-4.56,-56.3,0,0,DCHG, ,
25870.3,1,1,1,1,4,16435.0,-1,11.857,-11.8,-4.56,-56.31,0,0,DCHG, ,
25875.3,1,1,1,1,4,16440.0,-1,11.857,-11.8,-4.56,-56.33,0,0,DCHG, ,
25880.3,1,1,1,1,4,16445.0,-1,11.857,-11.8,-4.56,-56.35,0,0,DCHG, ,
25885.3,1,1,1,1,4,16450.0,-1,11.856,-11.8,-4.56,-56.36,0,0,DCHG, ,
25890.3,1,1,1,1,4,16455.0,-1,11.856,-11.8,-4.56,-56.38,0,0,DCHG, ,
25895.3,1,1,1,1,4,16460.0,-1,11.856,-11.8,-4.56,-56.4,0,0,DCHG, ,
25900.3,1,1,1,1,4,16465.0,-0.99,11.855,-11.7,-4.57,-56.41,0,0,DCHG, ,
25905.3,1,1,1,1,4,16470.0,-1,11.855,-11.8,-4.57,-56.43,0,0,DCHG, ,
25910.3,1,1,1,1,4,16475.0,-1,11.855,-11.8,-4.57,-56.45,0,0,DCHG, ,
25915.3,1,1,1,1,4,16480.0,-1,11.855,-11.8,-4.57,-56.46,0,0,DCHG, ,
25920.3,1,1,1,1,4,16485.0,-1,11.854,-11.8,-4.57,-56.48,0,0,DCHG, ,
25925.3,1,1,1,1,4,16490.0,-1,11.854,-11.8,-4.57,-56.49,0,0,DCHG, ,
25930.3,1,1,1,1,4,16495.0,-1,11.853,-11.8,-4.57,-56.51,0,0,DCHG, ,
25935.3,1,1,1,1,4,16500.0,-1,11.853,-11.8,-4.58,-56.53,0,0,DCHG, ,
25940.3,1,1,1,1,4,16505.0,-1,11.853,-11.8,-4.58,-56.54,0,0,DCHG, ,
25945.3,1,1,1,1,4,16510.0,-1,11.852,-11.8,-4.58,-56.56,0,0,DCHG, ,
25950.3,1,1,1,1,4,16515.0,-1,11.852,-11.8,-4.58,-56.58,0,0,DCHG, ,
25955.3,1,1,1,1,4,16520.0,-1,11.852,-11.8,-4.58,-56.59,0,0,DCHG, ,
25960.3,1,1,1,1,4,16525.0,-1,11.851,-11.8,-4.58,-56.61,0,0,DCHG, ,
25965.3,1,1,1,1,4,16530.0,-1,11.851,-11.8,-4.58,-56.63,0,0,DCHG, ,
25970.3,1,1,1,1,4,16535.0,-1,11.85,-11.8,-4.58,-56.64,0,0,DCHG, ,
25975.3,1,1,1,1,4,16540.0,-1,11.85,-11.8,-4.59,-56.66,0,0,DCHG, ,
25980.3,1,1,1,1,4,16545.0,-1,11.85,-11.8,-4.59,-56.67,0,0,DCHG, ,
25985.3,1,1,1,1,4,16550.0,-1,11.85,-11.8,-4.59,-56.69,0,0,DCHG, ,
25990.3,1,1,1,1,4,16555.0,-1,11.849,-11.8,-4.59,-56.71,0,0,DCHG, ,
25995.3,1,1,1,1,4,16560.0,-1,11.849,-11.8,-4.59,-56.72,0,0,DCHG, ,
26000.3,1,1,1,1,4,16565.0,-1,11.849,-11.8,-4.59,-56.74,0,0,DCHG, ,
26005.3,1,1,1,1,4,16570.0,-1,11.848,-11.8,-4.59,-56.76,0,0,DCHG, ,
26010.3,1,1,1,1,4,16575.0,-1,11.848,-11.8,-4.6,-56.77,0,0,DCHG, ,
26015.3,1,1,1,1,4,16580.0,-1,11.847,-11.8,-4.6,-56.79,0,0,DCHG, ,
26020.3,1,1,1,1,4,16585.0,-1,11.847,-11.8,-4.6,-56.81,0,0,DCHG, ,
26025.3,1,1,1,1,4,16590.0,-1,11.847,-11.8,-4.6,-56.82,0,0,DCHG, ,
26030.3,1,1,1,1,4,16595.0,-1,11.846,-11.8,-4.6,-56.84,0,0,DCHG, ,
26035.3,1,1,1,1,4,16600.0,-1,11.846,-11.8,-4.6,-56.86,0,0,DCHG, ,
26040.3,1,1,1,1,4,16605.0,-1,11.846,-11.8,-4.6,-56.87,0,0,DCHG, ,
26045.3,1,1,1,1,4,16610.0,-1,11.846,-11.8,-4.61,-56.89,0,0,DCHG, ,
26050.3,1,1,1,1,4,16615.0,-1,11.845,-11.8,-4.61,-56.9,0,0,DCHG, ,
26055.3,1,1,1,1,4,16620.0,-1,11.844,-11.8,-4.61,-56.92,0,0,DCHG, ,
26060.3,1,1,1,1,4,16625.0,-1,11.844,-11.8,-4.61,-56.94,0,0,DCHG, ,
26065.3,1,1,1,1,4,16630.0,-1,11.844,-11.8,-4.61,-56.95,0,0,DCHG, ,
26070.3,1,1,1,1,4,16635.0,-1,11.844,-11.8,-4.61,-56.97,0,0,DCHG, ,
26075.3,1,1,1,1,4,16640.0,-1,11.843,-11.8,-4.61,-56.99,0,0,DCHG, ,
26080.3,1,1,1,1,4,16645.0,-1,11.844,-11.8,-4.62,-57,0,0,DCHG, ,
26085.3,1,1,1,1,4,16650.0,-1,11.843,-11.8,-4.62,-57.02,0,0,DCHG, ,
26090.3,1,1,1,1,4,16655.0,-1,11.842,-11.8,-4.62,-57.04,0,0,DCHG, ,
26095.3,1,1,1,1,4,16660.0,-1,11.841,-11.8,-4.62,-57.05,0,0,DCHG, ,
26100.3,1,1,1,1,4,16665.0,-1,11.842,-11.8,-4.62,-57.07,0,0,DCHG, ,
26105.3,1,1,1,1,4,16670.0,-0.99,11.841,-11.7,-4.62,-57.08,0,0,DCHG, ,
26110.3,1,1,1,1,4,16675.0,-1,11.841,-11.8,-4.62,-57.1,0,0,DCHG, ,
26115.3,1,1,1,1,4,16680.0,-1,11.84,-11.8,-4.63,-57.12,0,0,DCHG, ,
26120.3,1,1,1,1,4,16685.0,-1,11.84,-11.8,-4.63,-57.13,0,0,DCHG, ,
26125.3,1,1,1,1,4,16690.0,-1,11.84,-11.8,-4.63,-57.15,0,0,DCHG, ,
26130.3,1,1,1,1,4,16695.0,-1,11.839,-11.8,-4.63,-57.17,0,0,DCHG, ,
26135.3,1,1,1,1,4,16700.0,-1,11.839,-11.8,-4.63,-57.18,0,0,DCHG, ,
26140.3,1,1,1,1,4,16705.0,-1,11.839,-11.8,-4.63,-57.2,0,0,DCHG, ,
26145.3,1,1,1,1,4,16710.0,-1,11.839,-11.8,-4.63,-57.22,0,0,DCHG, ,
26150.3,1,1,1,1,4,16715.0,-1,11.838,-11.8,-4.63,-57.23,0,0,DCHG, ,
26155.3,1,1,1,1,4,16720.0,-1,11.838,-11.8,-4.64,-57.25,0,0,DCHG, ,
26160.3,1,1,1,1,4,16725.0,-1,11.838,-11.8,-4.64,-57.26,0,0,DCHG, ,
26165.3,1,1,1,1,4,16730.0,-1,11.838,-11.8,-4.64,-57.28,0,0,DCHG, ,
26170.3,1,1,1,1,4,16735.0,-1,11.837,-11.8,-4.64,-57.3,0,0,DCHG, ,
26175.3,1,1,1,1,4,16740.0,-1,11.837,-11.8,-4.64,-57.31,0,0,DCHG, ,
26180.3,1,1,1,1,4,16745.0,-1,11.836,-11.8,-4.64,-57.33,0,0,DCHG, ,
26185.3,1,1,1,1,4,16750.0,-1,11.836,-11.7,-4.64,-57.35,0,0,DCHG, ,
26190.3,1,1,1,1,4,16755.0,-1,11.836,-11.8,-4.65,-57.36,0,0,DCHG, ,
26195.3,1,1,1,1,4,16760.0,-1,11.835,-11.8,-4.65,-57.38,0,0,DCHG, ,
26200.3,1,1,1,1,4,16765.0,-1,11.835,-11.8,-4.65,-57.4,0,0,DCHG, ,
26205.3,1,1,1,1,4,16770.0,-1,11.835,-11.8,-4.65,-57.41,0,0,DCHG, ,
26210.3,1,1,1,1,4,16775.0,-1,11.834,-11.8,-4.65,-57.43,0,0,DCHG, ,
26215.3,1,1,1,1,4,16780.0,-1,11.834,-11.8,-4.65,-57.44,0,0,DCHG, ,
26220.3,1,1,1,1,4,16785.0,-0.99,11.834,-11.7,-4.65,-57.46,0,0,DCHG, ,
26225.3,1,1,1,1,4,16790.0,-1,11.833,-11.8,-4.66,-57.48,0,0,DCHG, ,
26230.3,1,1,1,1,4,16795.0,-1,11.833,-11.8,-4.66,-57.49,0,0,DCHG, ,
26235.3,1,1,1,1,4,16800.0,-1,11.832,-11.8,-4.66,-57.51,0,0,DCHG, ,
26240.3,1,1,1,1,4,16805.0,-1,11.832,-11.8,-4.66,-57.53,0,0,DCHG, ,
26245.3,1,1,1,1,4,16810.0,-1,11.832,-11.8,-4.66,-57.54,0,0,DCHG, ,
26250.3,1,1,1,1,4,16815.0,-1,11.831,-11.8,-4.66,-57.56,0,0,DCHG, ,
26255.3,1,1,1,1,4,16820.0,-1,11.831,-11.8,-4.66,-57.58,0,0,DCHG, ,
26260.3,1,1,1,1,4,16825.0,-1,11.831,-11.8,-4.67,-57.59,0,0,DCHG, ,
26265.3,1,1,1,1,4,16830.0,-1,11.83,-11.8,-4.67,-57.61,0,0,DCHG, ,
26270.3,1,1,1,1,4,16835.0,-1,11.83,-11.8,-4.67,-57.62,0,0,DCHG, ,
26275.3,1,1,1,1,4,16840.0,-1,11.83,-11.8,-4.67,-57.64,0,0,DCHG, ,
26280.3,1,1,1,1,4,16845.0,-0.99,11.829,-11.7,-4.67,-57.66,0,0,DCHG, ,
26285.3,1,1,1,1,4,16850.0,-1,11.829,-11.7,-4.67,-57.67,0,0,DCHG, ,
26290.3,1,1,1,1,4,16855.0,-1,11.828,-11.8,-4.67,-57.69,0,0,DCHG, ,
26295.3,1,1,1,1,4,16860.0,-1,11.828,-11.8,-4.67,-57.71,0,0,DCHG, ,
26300.3,1,1,1,1,4,16865.0,-1,11.828,-11.8,-4.68,-57.72,0,0,DCHG, ,
26305.3,1,1,1,1,4,16870.0,-1,11.827,-11.8,-4.68,-57.74,0,0,DCHG, ,
26310.3,1,1,1,1,4,16875.0,-1,11.827,-11.8,-4.68,-57.76,0,0,DCHG, ,
26315.3,1,1,1,1,4,16880.0,-1,11.828,-11.8,-4.68,-57.77,0,0,DCHG, ,
26320.3,1,1,1,1,4,16885.0,-1,11.827,-11.8,-4.68,-57.79,0,0,DCHG, ,
26325.3,1,1,1,1,4,16890.0,-1,11.826,-11.8,-4.68,-57.8,0,0,DCHG, ,
26330.3,1,1,1,1,4,16895.0,-1,11.825,-11.8,-4.68,-57.82,0,0,DCHG, ,
26335.3,1,1,1,1,4,16900.0,-1,11.825,-11.8,-4.69,-57.84,0,0,DCHG, ,
26340.3,1,1,1,1,4,16905.0,-1,11.825,-11.8,-4.69,-57.85,0,0,DCHG, ,
26345.3,1,1,1,1,4,16910.0,-1,11.825,-11.7,-4.69,-57.87,0,0,DCHG, ,
26350.3,1,1,1,1,4,16915.0,-1,11.825,-11.8,-4.69,-57.89,0,0,DCHG, ,
26355.3,1,1,1,1,4,16920.0,-1,11.824,-11.8,-4.69,-57.9,0,0,DCHG, ,
26360.3,1,1,1,1,4,16925.0,-1,11.824,-11.8,-4.69,-57.92,0,0,DCHG, ,
26365.3,1,1,1,1,4,16930.0,-1,11.824,-11.8,-4.69,-57.94,0,0,DCHG, ,
26370.3,1,1,1,1,4,16935.0,-1,11.823,-11.8,-4.7,-57.95,0,0,DCHG, ,
26375.3,1,1,1,1,4,16940.0,-1,11.823,-11.8,-4.7,-57.97,0,0,DCHG, ,
26380.3,1,1,1,1,4,16945.0,-1,11.823,-11.8,-4.7,-57.98,0,0,DCHG, ,
26385.3,1,1,1,1,4,16950.0,-1,11.822,-11.8,-4.7,-58,0,0,DCHG, ,
26390.3,1,1,1,1,4,16955.0,-1,11.822,-11.8,-4.7,-58.02,0,0,DCHG, ,
26395.3,1,1,1,1,4,16960.0,-1,11.821,-11.8,-4.7,-58.03,0,0,DCHG, ,
26400.3,1,1,1,1,4,16965.0,-1,11.821,-11.8,-4.7,-58.05,0,0,DCHG, ,
26405.3,1,1,1,1,4,16970.0,-1,11.821,-11.8,-4.71,-58.07,0,0,DCHG, ,
26410.3,1,1,1,1,4,16975.0,-1,11.82,-11.8,-4.71,-58.08,0,0,DCHG, ,
26415.3,1,1,1,1,4,16980.0,-0.99,11.819,-11.7,-4.71,-58.1,0,0,DCHG, ,
26420.3,1,1,1,1,4,16985.0,-0.99,11.82,-11.7,-4.71,-58.12,0,0,DCHG, ,
26425.3,1,1,1,1,4,16990.0,-1,11.819,-11.8,-4.71,-58.13,0,0,DCHG, ,
26430.3,1,1,1,1,4,16995.0,-1,11.819,-11.8,-4.71,-58.15,0,0,DCHG, ,
26435.3,1,1,1,1,4,17000.0,-1,11.819,-11.8,-4.71,-58.17,0,0,DCHG, ,
26440.3,1,1,1,1,4,17005.0,-1,11.818,-11.8,-4.72,-58.18,0,0,DCHG, ,
26445.3,1,1,1,1,4,17010.0,-1,11.818,-11.7,-4.72,-58.2,0,0,DCHG, ,
26450.3,1,1,1,1,4,17015.0,-1,11.817,-11.7,-4.72,-58.21,0,0,DCHG, ,
26455.3,1,1,1,1,4,17020.0,-1,11.818,-11.8,-4.72,-58.23,0,0,DCHG, ,
26460.3,1,1,1,1,4,17025.0,-1,11.816,-11.7,-4.72,-58.25,0,0,DCHG, ,
26465.3,1,1,1,1,4,17030.0,-1,11.816,-11.7,-4.72,-58.26,0,0,DCHG, ,
26470.3,1,1,1,1,4,17035.0,-1,11.816,-11.7,-4.72,-58.28,0,0,DCHG, ,
26475.3,1,1,1,1,4,17040.0,-1,11.816,-11.7,-4.72,-58.3,0,0,DCHG, ,
26480.3,1,1,1,1,4,17045.0,-1,11.816,-11.8,-4.73,-58.31,0,0,DCHG, ,
26485.3,1,1,1,1,4,17050.0,-1,11.816,-11.7,-4.73,-58.33,0,0,DCHG, ,
26490.3,1,1,1,1,4,17055.0,-1,11.815,-11.7,-4.73,-58.34,0,0,DCHG, ,
26495.3,1,1,1,1,4,17060.0,-1,11.814,-11.7,-4.73,-58.36,0,0,DCHG, ,
26500.3,1,1,1,1,4,17065.0,-1,11.814,-11.7,-4.73,-58.38,0,0,DCHG, ,
26505.3,1,1,1,1,4,17070.0,-1,11.814,-11.7,-4.73,-58.39,0,0,DCHG, ,
26510.3,1,1,1,1,4,17075.0,-1,11.814,-11.7,-4.73,-58.41,0,0,DCHG, ,
26515.3,1,1,1,1,4,17080.0,-1,11.813,-11.7,-4.74,-58.43,0,0,DCHG, ,
26520.3,1,1,1,1,4,17085.0,-1,11.812,-11.7,-4.74,-58.44,0,0,DCHG, ,
26525.3,1,1,1,1,4,17090.0,-0.99,11.813,-11.7,-4.74,-58.46,0,0,DCHG, ,
26530.3,1,1,1,1,4,17095.0,-1,11.812,-11.7,-4.74,-58.47,0,0,DCHG, ,
26535.3,1,1,1,1,4,17100.0,-1,11.812,-11.7,-4.74,-58.49,0,0,DCHG, ,
26540.3,1,1,1,1,4,17105.0,-1,11.812,-11.7,-4.74,-58.51,0,0,DCHG, ,
26545.3,1,1,1,1,4,17110.0,-1,11.811,-11.7,-4.74,-58.52,0,0,DCHG, ,
26550.3,1,1,1,1,4,17115.0,-1,11.811,-11.7,-4.75,-58.54,0,0,DCHG, ,
26555.3,1,1,1,1,4,17120.0,-1,11.81,-11.7,-4.75,-58.56,0,0,DCHG, ,
26560.3,1,1,1,1,4,17125.0,-1,11.81,-11.8,-4.75,-58.57,0,0,DCHG, ,
26565.3,1,1,1,1,4,17130.0,-1,11.809,-11.7,-4.75,-58.59,0,0,DCHG, ,
26570.3,1,1,1,1,4,17135.0,-1,11.809,-11.7,-4.75,-58.6,0,0,DCHG, ,
26575.3,1,1,1,1,4,17140.0,-1,11.809,-11.7,-4.75,-58.62,0,0,DCHG, ,
26580.3,1,1,1,1,4,17145.0,-0.99,11.809,-11.7,-4.75,-58.64,0,0,DCHG, ,
26585.3,1,1,1,1,4,17150.0,-1,11.808,-11.7,-4.76,-58.65,0,0,DCHG, ,
26590.3,1,1,1,1,4,17155.0,-1,11.808,-11.8,-4.76,-58.67,0,0,DCHG, ,
26595.3,1,1,1,1,4,17160.0,-1,11.808,-11.7,-4.76,-58.69,0,0,DCHG, ,
26600.3,1,1,1,1,4,17165.0,-0.99,11.807,-11.7,-4.76,-58.7,0,0,DCHG, ,
26605.3,1,1,1,1,4,17170.0,-1,11.807,-11.7,-4.76,-58.72,0,0,DCHG, ,
26610.3,1,1,1,1,4,17175.0,-1,11.807,-11.7,-4.76,-58.73,0,0,DCHG, ,
26615.3,1,1,1,1,4,17180.0,-1,11.806,-11.7,-4.76,-58.75,0,0,DCHG, ,
26620.3,1,1,1,1,4,17185.0,-1,11.806,-11.7,-4.77,-58.77,0,0,DCHG, ,
26625.3,1,1,1,1,4,17190.0,-1,11.805,-11.7,-4.77,-58.78,0,0,DCHG, ,
26630.3,1,1,1,1,4,17195.0,-1,11.805,-11.7,-4.77,-58.8,0,0,DCHG, ,
26635.3,1,1,1,1,4,17200.0,-1,11.805,-11.7,-4.77,-58.82,0,0,DCHG, ,
26640.3,1,1,1,1,4,17205.0,-1,11.805,-11.8,-4.77,-58.83,0,0,DCHG, ,
26645.3,1,1,1,1,4,17210.0,-1,11.804,-11.7,-4.77,-58.85,0,0,DCHG, ,
26650.3,1,1,1,1,4,17215.0,-1,11.804,-11.7,-4.77,-58.86,0,0,DCHG, ,
26655.3,1,1,1,1,4,17220.0,-1,11.803,-11.8,-4.77,-58.88,0,0,DCHG, ,
26660.3,1,1,1,1,4,17225.0,-1,11.803,-11.7,-4.78,-58.9,0,0,DCHG, ,
26665.3,1,1,1,1,4,17230.0,-1,11.802,-11.7,-4.78,-58.91,0,0,DCHG, ,
26670.3,1,1,1,1,4,17235.0,-1,11.802,-11.7,-4.78,-58.93,0,0,DCHG, ,
26675.3,1,1,1,1,4,17240.0,-1,11.802,-11.7,-4.78,-58.95,0,0,DCHG, ,
26680.3,1,1,1,1,4,17245.0,-1,11.801,-11.7,-4.78,-58.96,0,0,DCHG, ,
26685.3,1,1,1,1,4,17250.0,-1,11.801,-11.7,-4.78,-58.98,0,0,DCHG, ,
26690.3,1,1,1,1,4,17255.0,-1,11.801,-11.7,-4.78,-59,0,0,DCHG, ,
26695.3,1,1,1,1,4,17260.0,-1,11.801,-11.8,-4.79,-59.01,0,0,DCHG, ,
26700.3,1,1,1,1,4,17265.0,-1,11.8,-11.8,-4.79,-59.03,0,0,DCHG, ,
26705.3,1,1,1,1,4,17270.0,-1,11.8,-11.7,-4.79,-59.04,0,0,DCHG, ,
26710.3,1,1,1,1,4,17275.0,-1,11.8,-11.7,-4.79,-59.06,0,0,DCHG, ,
26715.3,1,1,1,1,4,17280.0,-1,11.799,-11.7,-4.79,-59.08,0,0,DCHG, ,
26720.3,1,1,1,1,4,17285.0,-1,11.799,-11.7,-4.79,-59.09,0,0,DCHG, ,
26725.3,1,1,1,1,4,17290.0,-1,11.798,-11.7,-4.79,-59.11,0,0,DCHG, ,
26730.3,1,1,1,1,4,17295.0,-1,11.798,-11.7,-4.8,-59.13,0,0,DCHG, ,
26735.3,1,1,1,1,4,17300.0,-1,11.798,-11.7,-4.8,-59.14,0,0,DCHG, ,
26740.3,1,1,1,1,4,17305.0,-1,11.797,-11.7,-4.8,-59.16,0,0,DCHG, ,
26745.3,1,1,1,1,4,17310.0,-1,11.797,-11.7,-4.8,-59.17,0,0,DCHG, ,
26750.3,1,1,1,1,4,17315.0,-1,11.797,-11.7,-4.8,-59.19,0,0,DCHG, ,
26755.3,1,1,1,1,4,17320.0,-1,11.796,-11.7,-4.8,-59.21,0,0,DCHG, ,
26760.3,1,1,1,1,4,17325.0,-1,11.796,-11.7,-4.8,-59.22,0,0,DCHG, ,
26765.3,1,1,1,1,4,17330.0,-1,11.795,-11.7,-4.81,-59.24,0,0,DCHG, ,
26770.3,1,1,1,1,4,17335.0,-1,11.795,-11.7,-4.81,-59.26,0,0,DCHG, ,
26775.3,1,1,1,1,4,17340.0,-1,11.795,-11.7,-4.81,-59.27,0,0,DCHG, ,
26780.3,1,1,1,1,4,17345.0,-1,11.795,-11.7,-4.81,-59.29,0,0,DCHG, ,
26785.3,1,1,1,1,4,17350.0,-1,11.794,-11.7,-4.81,-59.3,0,0,DCHG, ,
26790.3,1,1,1,1,4,17355.0,-1,11.794,-11.7,-4.81,-59.32,0,0,DCHG, ,
26795.3,1,1,1,1,4,17360.0,-0.99,11.793,-11.6,-4.81,-59.34,0,0,DCHG, ,
26800.3,1,1,1,1,4,17365.0,-1,11.793,-11.7,-4.82,-59.35,0,0,DCHG, ,
26805.3,1,1,1,1,4,17370.0,-1,11.792,-11.7,-4.82,-59.37,0,0,DCHG, ,
26810.3,1,1,1,1,4,17375.0,-1,11.792,-11.7,-4.82,-59.38,0,0,DCHG, ,
26815.3,1,1,1,1,4,17380.0,-1,11.792,-11.7,-4.82,-59.4,0,0,DCHG, ,
26820.3,1,1,1,1,4,17385.0,-1,11.791,-11.7,-4.82,-59.42,0,0,DCHG, ,
26825.3,1,1,1,1,4,17390.0,-1,11.791,-11.7,-4.82,-59.43,0,0,DCHG, ,
26830.3,1,1,1,1,4,17395.0,-1,11.791,-11.7,-4.82,-59.45,0,0,DCHG, ,
26835.3,1,1,1,1,4,17400.0,-1,11.79,-11.7,-4.82,-59.47,0,0,DCHG, ,
26840.3,1,1,1,1,4,17405.0,-0.99,11.79,-11.6,-4.83,-59.48,0,0,DCHG, ,
26845.3,1,1,1,1,4,17410.0,-1,11.79,-11.7,-4.83,-59.5,0,0,DCHG, ,
26850.3,1,1,1,1,4,17415.0,-1,11.789,-11.7,-4.83,-59.51,0,0,DCHG, ,
26855.3,1,1,1,1,4,17420.0,-1,11.789,-11.7,-4.83,-59.53,0,0,DCHG, ,
26860.3,1,1,1,1,4,17425.0,-1,11.789,-11.7,-4.83,-59.55,0,0,DCHG, ,
26865.3,1,1,1,1,4,17430.0,-1,11.788,-11.7,-4.83,-59.56,0,0,DCHG, ,
26870.3,1,1,1,1,4,17435.0,-1,11.787,-11.7,-4.83,-59.58,0,0,DCHG, ,
26875.3,1,1,1,1,4,17440.0,-1,11.787,-11.7,-4.84,-59.6,0,0,DCHG, ,
26880.3,1,1,1,1,4,17445.0,-1,11.787,-11.7,-4.84,-59.61,0,0,DCHG, ,
26885.3,1,1,1,1,4,17450.0,-1,11.787,-11.7,-4.84,-59.63,0,0,DCHG, ,
26890.3,1,1,1,1,4,17455.0,-1,11.787,-11.7,-4.84,-59.64,0,0,DCHG, ,
26895.3,1,1,1,1,4,17460.0,-1,11.787,-11.7,-4.84,-59.66,0,0,DCHG, ,
26900.3,1,1,1,1,4,17465.0,-0.99,11.786,-11.6,-4.84,-59.68,0,0,DCHG, ,
26905.3,1,1,1,1,4,17470.0,-1,11.786,-11.7,-4.84,-59.69,0,0,DCHG, ,
26910.3,1,1,1,1,4,17475.0,-1,11.785,-11.7,-4.85,-59.71,0,0,DCHG, ,
26915.3,1,1,1,1,4,17480.0,-1,11.785,-11.7,-4.85,-59.73,0,0,DCHG, ,
26920.3,1,1,1,1,4,17485.0,-1,11.785,-11.7,-4.85,-59.74,0,0,DCHG, ,
26925.3,1,1,1,1,4,17490.0,-1,11.784,-11.7,-4.85,-59.76,0,0,DCHG, ,
26930.3,1,1,1,1,4,17495.0,-1,11.784,-11.7,-4.85,-59.77,0,0,DCHG, ,
26935.3,1,1,1,1,4,17500.0,-1,11.783,-11.7,-4.85,-59.79,0,0,DCHG, ,
26940.3,1,1,1,1,4,17505.0,-1,11.783,-11.7,-4.85,-59.81,0,0,DCHG, ,
26945.3,1,1,1,1,4,17510.0,-1,11.783,-11.7,-4.86,-59.82,0,0,DCHG, ,
26950.3,1,1,1,1,4,17515.0,-1,11.782,-11.7,-4.86,-59.84,0,0,DCHG, ,
26955.3,1,1,1,1,4,17520.0,-0.99,11.782,-11.6,-4.86,-59.86,0,0,DCHG, ,
26960.3,1,1,1,1,4,17525.0,-1,11.782,-11.7,-4.86,-59.87,0,0,DCHG, ,
26965.3,1,1,1,1,4,17530.0,-1,11.781,-11.7,-4.86,-59.89,0,0,DCHG, ,
26970.3,1,1,1,1,4,17535.0,-1,11.781,-11.7,-4.86,-59.9,0,0,DCHG, ,
26975.3,1,1,1,1,4,17540.0,-1,11.781,-11.7,-4.86,-59.92,0,0,DCHG, ,
26980.3,1,1,1,1,4,17545.0,-1,11.78,-11.7,-4.87,-59.94,0,0,DCHG, ,
26985.3,1,1,1,1,4,17550.0,-1,11.78,-11.7,-4.87,-59.95,0,0,DCHG, ,
26990.3,1,1,1,1,4,17555.0,-1,11.779,-11.7,-4.87,-59.97,0,0,DCHG, ,
26995.3,1,1,1,1,4,17560.0,-1,11.779,-11.7,-4.87,-59.99,0,0,DCHG, ,
27000.3,1,1,1,1,4,17565.0,-1,11.779,-11.7,-4.87,-60,0,0,DCHG, ,
27005.3,1,1,1,1,4,17570.0,-1,11.778,-11.7,-4.87,-60.02,0,0,DCHG, ,
27010.3,1,1,1,1,4,17575.0,-1,11.778,-11.7,-4.87,-60.03,0,0,DCHG, ,
27015.3,1,1,1,1,4,17580.0,-1,11.778,-11.7,-4.87,-60.05,0,0,DCHG, ,
27020.3,1,1,1,1,4,17585.0,-1,11.777,-11.7,-4.88,-60.07,0,0,DCHG, ,
27025.3,1,1,1,1,4,17590.0,-1,11.777,-11.7,-4.88,-60.08,0,0,DCHG, ,
27030.3,1,1,1,1,4,17595.0,-1,11.777,-11.7,-4.88,-60.1,0,0,DCHG, ,
27035.3,1,1,1,1,4,17600.0,-1,11.776,-11.7,-4.88,-60.12,0,0,DCHG, ,
27040.3,1,1,1,1,4,17605.0,-1,11.776,-11.7,-4.88,-60.13,0,0,DCHG, ,
27045.3,1,1,1,1,4,17610.0,-0.99,11.775,-11.6,-4.88,-60.15,0,0,DCHG, ,
27050.3,1,1,1,1,4,17615.0,-1,11.775,-11.7,-4.88,-60.16,0,0,DCHG, ,
27055.3,1,1,1,1,4,17620.0,-1,11.775,-11.7,-4.89,-60.18,0,0,DCHG, ,
27060.3,1,1,1,1,4,17625.0,-1,11.774,-11.7,-4.89,-60.2,0,0,DCHG, ,
27065.3,1,1,1,1,4,17630.0,-1,11.774,-11.7,-4.89,-60.21,0,0,DCHG, ,
27070.3,1,1,1,1,4,17635.0,-1,11.773,-11.7,-4.89,-60.23,0,0,DCHG, ,
27075.3,1,1,1,1,4,17640.0,-1,11.773,-11.7,-4.89,-60.25,0,0,DCHG, ,
27080.3,1,1,1,1,4,17645.0,-1,11.773,-11.7,-4.89,-60.26,0,0,DCHG, ,
27085.3,1,1,1,1,4,17650.0,-1,11.773,-11.7,-4.89,-60.28,0,0,DCHG, ,
27090.3,1,1,1,1,4,17655.0,-1,11.772,-11.7,-4.9,-60.29,0,0,DCHG, ,
27095.3,1,1,1,1,4,17660.0,-1,11.772,-11.7,-4.9,-60.31,0,0,DCHG, ,
27100.3,1,1,1,1,4,17665.0,-1,11.772,-11.7,-4.9,-60.33,0,0,DCHG, ,
27105.3,1,1,1,1,4,17670.0,-1,11.771,-11.7,-4.9,-60.34,0,0,DCHG, ,
27110.3,1,1,1,1,4,17675.0,-1,11.771,-11.7,-4.9,-60.36,0,0,DCHG, ,
27115.3,1,1,1,1,4,17680.0,-1,11.77,-11.7,-4.9,-60.38,0,0,DCHG, ,
27120.3,1,1,1,1,4,17685.0,-1,11.77,-11.7,-4.9,-60.39,0,0,DCHG, ,
27125.3,1,1,1,1,4,17690.0,-1,11.769,-11.7,-4.91,-60.41,0,0,DCHG, ,
27130.3,1,1,1,1,4,17695.0,-1,11.769,-11.7,-4.91,-60.42,0,0,DCHG, ,
27135.3,1,1,1,1,4,17700.0,-1,11.769,-11.7,-4.91,-60.44,0,0,DCHG, ,
27140.3,1,1,1,1,4,17705.0,-1,11.769,-11.7,-4.91,-60.46,0,0,DCHG, ,
27145.3,1,1,1,1,4,17710.0,-1,11.768,-11.7,-4.91,-60.47,0,0,DCHG, ,
27150.3,1,1,1,1,4,17715.0,-1,11.768,-11.7,-4.91,-60.49,0,0,DCHG, ,
27155.3,1,1,1,1,4,17720.0,-0.99,11.768,-11.6,-4.91,-60.51,0,0,DCHG, ,
27160.3,1,1,1,1,4,17725.0,-1,11.767,-11.7,-4.92,-60.52,0,0,DCHG, ,
27165.3,1,1,1,1,4,17730.0,-1,11.767,-11.7,-4.92,-60.54,0,0,DCHG, ,
27170.3,1,1,1,1,4,17735.0,-1,11.766,-11.7,-4.92,-60.55,0,0,DCHG, ,
27175.3,1,1,1,1,4,17740.0,-1,11.766,-11.7,-4.92,-60.57,0,0,DCHG, ,
27180.3,1,1,1,1,4,17745.0,-1,11.765,-11.7,-4.92,-60.59,0,0,DCHG, ,
27185.3,1,1,1,1,4,17750.0,-1,11.765,-11.7,-4.92,-60.6,0,0,DCHG, ,
27190.3,1,1,1,1,4,17755.0,-1,11.765,-11.7,-4.92,-60.62,0,0,DCHG, ,
27195.3,1,1,1,1,4,17760.0,-1,11.765,-11.7,-4.92,-60.64,0,0,DCHG, ,
27200.3,1,1,1,1,4,17765.0,-1,11.764,-11.7,-4.93,-60.65,0,0,DCHG, ,
27205.3,1,1,1,1,4,17770.0,-1,11.763,-11.7,-4.93,-60.67,0,0,DCHG, ,
27210.3,1,1,1,1,4,17775.0,-1,11.764,-11.7,-4.93,-60.68,0,0,DCHG, ,
27215.3,1,1,1,1,4,17780.0,-1,11.763,-11.7,-4.93,-60.7,0,0,DCHG, ,
27220.3,1,1,1,1,4,17785.0,-1,11.763,-11.7,-4.93,-60.72,0,0,DCHG, ,
27225.3,1,1,1,1,4,17790.0,-1,11.762,-11.7,-4.93,-60.73,0,0,DCHG, ,
27230.3,1,1,1,1,4,17795.0,-1,11.762,-11.7,-4.93,-60.75,0,0,DCHG, ,
27235.3,1,1,1,1,4,17800.0,-1,11.762,-11.7,-4.94,-60.77,0,0,DCHG, ,
27240.3,1,1,1,1,4,17805.0,-1,11.762,-11.7,-4.94,-60.78,0,0,DCHG, ,
27245.3,1,1,1,1,4,17810.0,-1,11.761,-11.7,-4.94,-60.8,0,0,DCHG, ,
27250.3,1,1,1,1,4,17815.0,-1,11.761,-11.7,-4.94,-60.81,0,0,DCHG, ,
27255.3,1,1,1,1,4,17820.0,-1,11.761,-11.7,-4.94,-60.83,0,0,DCHG, ,
27260.3,1,1,1,1,4,17825.0,-1,11.76,-11.7,-4.94,-60.85,0,0,DCHG, ,
27265.3,1,1,1,1,4,17830.0,-1,11.76,-11.7,-4.94,-60.86,0,0,DCHG, ,
27270.3,1,1,1,1,4,17835.0,-1,11.759,-11.7,-4.95,-60.88,0,0,DCHG, ,
27275.3,1,1,1,1,4,17840.0,-1,11.759,-11.7,-4.95,-60.9,0,0,DCHG, ,
27280.3,1,1,1,1,4,17845.0,-1,11.758,-11.7,-4.95,-60.91,0,0,DCHG, ,
27285.3,1,1,1,1,4,17850.0,-1,11.758,-11.7,-4.95,-60.93,0,0,DCHG, ,
27290.3,1,1,1,1,4,17855.0,-1,11.757,-11.7,-4.95,-60.94,0,0,DCHG, ,
27295.3,1,1,1,1,4,17860.0,-1,11.757,-11.7,-4.95,-60.96,0,0,DCHG, ,
27300.3,1,1,1,1,4,17865.0,-1,11.757,-11.7,-4.95,-60.98,0,0,DCHG, ,
27305.3,1,1,1,1,4,17870.0,-1,11.757,-11.7,-4.96,-60.99,0,0,DCHG, ,
27310.3,1,1,1,1,4,17875.0,-1,11.756,-11.7,-4.96,-61.01,0,0,DCHG, ,
27315.3,1,1,1,1,4,17880.0,-1,11.756,-11.7,-4.96,-61.03,0,0,DCHG, ,
27320.3,1,1,1,1,4,17885.0,-1,11.756,-11.7,-4.96,-61.04,0,0,DCHG, ,
27325.3,1,1,1,1,4,17890.0,-1,11.755,-11.7,-4.96,-61.06,0,0,DCHG, ,
27330.3,1,1,1,1,4,17895.0,-0.99,11.755,-11.6,-4.96,-61.07,0,0,DCHG, ,
27335.3,1,1,1,1,4,17900.0,-1,11.754,-11.7,-4.96,-61.09,0,0,DCHG, ,
27340.3,1,1,1,1,4,17905.0,-1,11.754,-11.7,-4.97,-61.11,0,0,DCHG, ,
27345.3,1,1,1,1,4,17910.0,-1,11.754,-11.7,-4.97,-61.12,0,0,DCHG, ,
27350.3,1,1,1,1,4,17915.0,-1,11.753,-11.7,-4.97,-61.14,0,0,DCHG, ,
27355.3,1,1,1,1,4,17920.0,-1,11.753,-11.7,-4.97,-61.16,0,0,DCHG, ,
27360.3,1,1,1,1,4,17925.0,-1,11.753,-11.7,-4.97,-61.17,0,0,DCHG, ,
27365.3,1,1,1,1,4,17930.0,-0.99,11.752,-11.6,-4.97,-61.19,0,0,DCHG, ,
27370.3,1,1,1,1,4,17935.0,-1,11.752,-11.7,-4.97,-61.2,0,0,DCHG, ,
27375.3,1,1,1,1,4,17940.0,-1,11.752,-11.7,-4.97,-61.22,0,0,DCHG, ,
27380.3,1,1,1,1,4,17945.0,-1,11.751,-11.7,-4.98,-61.24,0,0,DCHG, ,
27385.3,1,1,1,1,4,17950.0,-0.99,11.751,-11.6,-4.98,-61.25,0,0,DCHG, ,
27390.3,1,1,1,1,4,17955.0,-1,11.751,-11.7,-4.98,-61.27,0,0,DCHG, ,
27395.3,1,1,1,1,4,17960.0,-1,11.75,-11.7,-4.98,-61.29,0,0,DCHG, ,
27400.3,1,1,1,1,4,17965.0,-1,11.75,-11.7,-4.98,-61.3,0,0,DCHG, ,
27405.3,1,1,1,1,4,17970.0,-1,11.75,-11.7,-4.98,-61.32,0,0,DCHG, ,
27410.3,1,1,1,1,4,17975.0,-1,11.749,-11.7,-4.98,-61.33,0,0,DCHG, ,
27415.3,1,1,1,1,4,17980.0,-1,11.748,-11.7,-4.99,-61.35,0,0,DCHG, ,
27420.3,1,1,1,1,4,17985.0,-1,11.748,-11.7,-4.99,-61.37,0,0,DCHG, ,
27425.3,1,1,1,1,4,17990.0,-1,11.748,-11.7,-4.99,-61.38,0,0,DCHG, ,
27430.3,1,1,1,1,4,17995.0,-1,11.748,-11.7,-4.99,-61.4,0,0,DCHG, ,
27435.3,1,1,1,1,4,18000.0,-1,11.747,-11.7,-4.99,-61.42,0,0,DCHG, ,
27440.3,1,1,1,1,4,18005.0,-1,11.747,-11.7,-4.99,-61.43,0,0,DCHG, ,
27445.3,1,1,1,1,4,18010.0,-1,11.746,-11.7,-4.99,-61.45,0,0,DCHG, ,
27450.3,1,1,1,1,4,18015.0,-1,11.746,-11.7,-5,-61.46,0,0,DCHG, ,
27455.3,1,1,1,1,4,18020.0,-1,11.746,-11.7,-5,-61.48,0,0,DCHG, ,
27460.3,1,1,1,1,4,18025.0,-1,11.745,-11.7,-5,-61.5,0,0,DCHG, ,
27465.3,1,1,1,1,4,18030.0,-1,11.745,-11.7,-5,-61.51,0,0,DCHG, ,
27470.3,1,1,1,1,4,18035.0,-1,11.745,-11.7,-5,-61.53,0,0,DCHG, ,
27475.3,1,1,1,1,4,18040.0,-1,11.744,-11.7,-5,-61.54,0,0,DCHG, ,
27480.3,1,1,1,1,4,18045.0,-0.99,11.744,-11.6,-5,-61.56,0,0,DCHG, ,
27485.3,1,1,1,1,4,18050.0,-1,11.743,-11.7,-5.01,-61.58,0,0,DCHG, ,
27490.3,1,1,1,1,4,18055.0,-1,11.743,-11.7,-5.01,-61.59,0,0,DCHG, ,
27495.3,1,1,1,1,4,18060.0,-1,11.743,-11.7,-5.01,-61.61,0,0,DCHG, ,
27500.3,1,1,1,1,4,18065.0,-1,11.743,-11.7,-5.01,-61.63,0,0,DCHG, ,
27505.3,1,1,1,1,4,18070.0,-1,11.742,-11.7,-5.01,-61.64,0,0,DCHG, ,
27510.3,1,1,1,1,4,18075.0,-1,11.742,-11.7,-5.01,-61.66,0,0,DCHG, ,
27515.3,1,1,1,1,4,18080.0,-1,11.742,-11.7,-5.01,-61.67,0,0,DCHG, ,
27520.3,1,1,1,1,4,18085.0,-1,11.741,-11.7,-5.02,-61.69,0,0,DCHG, ,
27525.3,1,1,1,1,4,18090.0,-1,11.74,-11.7,-5.02,-61.71,0,0,DCHG, ,
27530.3,1,1,1,1,4,18095.0,-1,11.74,-11.7,-5.02,-61.72,0,0,DCHG, ,
27535.3,1,1,1,1,4,18100.0,-1,11.74,-11.7,-5.02,-61.74,0,0,DCHG, ,
27540.3,1,1,1,1,4,18105.0,-0.99,11.74,-11.6,-5.02,-61.76,0,0,DCHG, ,
27545.3,1,1,1,1,4,18110.0,-1,11.739,-11.7,-5.02,-61.77,0,0,DCHG, ,
27550.3,1,1,1,1,4,18115.0,-1,11.739,-11.7,-5.02,-61.79,0,0,DCHG, ,
27555.3,1,1,1,1,4,18120.0,-1,11.738,-11.7,-5.02,-61.8,0,0,DCHG, ,
27560.3,1,1,1,1,4,18125.0,-1,11.738,-11.7,-5.03,-61.82,0,0,DCHG, ,
27565.3,1,1,1,1,4,18130.0,-1,11.737,-11.7,-5.03,-61.84,0,0,DCHG, ,
27570.3,1,1,1,1,4,18135.0,-1,11.737,-11.7,-5.03,-61.85,0,0,DCHG, ,
27575.3,1,1,1,1,4,18140.0,-1,11.737,-11.7,-5.03,-61.87,0,0,DCHG, ,
27580.3,1,1,1,1,4,18145.0,-1,11.737,-11.7,-5.03,-61.89,0,0,DCHG, ,
27585.3,1,1,1,1,4,18150.0,-1,11.736,-11.7,-5.03,-61.9,0,0,DCHG, ,
27590.3,1,1,1,1,4,18155.0,-1,11.736,-11.7,-5.03,-61.92,0,0,DCHG, ,
27595.3,1,1,1,1,4,18160.0,-1,11.735,-11.7,-5.04,-61.93,0,0,DCHG, ,
27600.3,1,1,1,1,4,18165.0,-1,11.735,-11.7,-5.04,-61.95,0,0,DCHG, ,
27605.3,1,1,1,1,4,18170.0,-1,11.735,-11.7,-5.04,-61.97,0,0,DCHG, ,
27610.3,1,1,1,1,4,18175.0,-1,11.735,-11.7,-5.04,-61.98,0,0,DCHG, ,
27615.3,1,1,1,1,4,18180.0,-1,11.734,-11.7,-5.04,-62,0,0,DCHG, ,
27620.3,1,1,1,1,4,18185.0,-1,11.733,-11.7,-5.04,-62.02,0,0,DCHG, ,
27625.3,1,1,1,1,4,18190.0,-1,11.733,-11.7,-5.04,-62.03,0,0,DCHG, ,
27630.3,1,1,1,1,4,18195.0,-1,11.733,-11.7,-5.05,-62.05,0,0,DCHG, ,
27635.3,1,1,1,1,4,18200.0,-1,11.732,-11.6,-5.05,-62.06,0,0,DCHG, ,
27640.3,1,1,1,1,4,18205.0,-1,11.732,-11.7,-5.05,-62.08,0,0,DCHG, ,
27645.3,1,1,1,1,4,18210.0,-1,11.732,-11.7,-5.05,-62.1,0,0,DCHG, ,
27650.3,1,1,1,1,4,18215.0,-1,11.731,-11.7,-5.05,-62.11,0,0,DCHG, ,
27655.3,1,1,1,1,4,18220.0,-1,11.731,-11.7,-5.05,-62.13,0,0,DCHG, ,
27660.3,1,1,1,1,4,18225.0,-1,11.731,-11.7,-5.05,-62.15,0,0,DCHG, ,
27665.3,1,1,1,1,4,18230.0,-1,11.73,-11.7,-5.06,-62.16,0,0,DCHG, ,
27670.3,1,1,1,1,4,18235.0,-0.99,11.73,-11.6,-5.06,-62.18,0,0,DCHG, ,
27675.3,1,1,1,1,4,18240.0,-1,11.73,-11.7,-5.06,-62.19,0,0,DCHG, ,
27680.3,1,1,1,1,4,18245.0,-1,11.73,-11.7,-5.06,-62.21,0,0,DCHG, ,
27685.3,1,1,1,1,4,18250.0,-1,11.729,-11.7,-5.06,-62.23,0,0,DCHG, ,
27690.3,1,1,1,1,4,18255.0,-1,11.728,-11.7,-5.06,-62.24,0,0,DCHG, ,
27695.3,1,1,1,1,4,18260.0,-1,11.728,-11.7,-5.06,-62.26,0,0,DCHG, ,
27700.3,1,1,1,1,4,18265.0,-1,11.728,-11.7,-5.06,-62.28,0,0,DCHG, ,
27705.3,1,1,1,1,4,18270.0,-1,11.727,-11.7,-5.07,-62.29,0,0,DCHG, ,
27710.3,1,1,1,1,4,18275.0,-1,11.727,-11.7,-5.07,-62.31,0,0,DCHG, ,
27715.3,1,1,1,1,4,18280.0,-1,11.727,-11.7,-5.07,-62.32,0,0,DCHG, ,
27720.3,1,1,1,1,4,18285.0,-1,11.726,-11.7,-5.07,-62.34,0,0,DCHG, ,
27725.3,1,1,1,1,4,18290.0,-1,11.726,-11.7,-5.07,-62.36,0,0,DCHG, ,
27730.3,1,1,1,1,4,18295.0,-0.99,11.725,-11.6,-5.07,-62.37,0,0,DCHG, ,
27735.3,1,1,1,1,4,18300.0,-1,11.725,-11.7,-5.07,-62.39,0,0,DCHG, ,
27740.3,1,1,1,1,4,18305.0,-1,11.724,-11.7,-5.08,-62.41,0,0,DCHG, ,
27745.3,1,1,1,1,4,18310.0,-1,11.724,-11.7,-5.08,-62.42,0,0,DCHG, ,
27750.3,1,1,1,1,4,18315.0,-0.99,11.724,-11.6,-5.08,-62.44,0,0,DCHG, ,
27755.3,1,1,1,1,4,18320.0,-1,11.723,-11.7,-5.08,-62.45,0,0,DCHG, ,
27760.3,1,1,1,1,4,18325.0,-1,11.723,-11.7,-5.08,-62.47,0,0,DCHG, ,
27765.3,1,1,1,1,4,18330.0,-1,11.723,-11.7,-5.08,-62.49,0,0,DCHG, ,
27770.3,1,1,1,1,4,18335.0,-0.99,11.723,-11.6,-5.08,-62.5,0,0,DCHG, ,
27775.3,1,1,1,1,4,18340.0,-1,11.723,-11.7,-5.09,-62.52,0,0,DCHG, ,
27780.3,1,1,1,1,4,18345.0,-1,11.721,-11.7,-5.09,-62.54,0,0,DCHG, ,
27785.3,1,1,1,1,4,18350.0,-1,11.721,-11.7,-5.09,-62.55,0,0,DCHG, ,
27790.3,1,1,1,1,4,18355.0,-1,11.721,-11.6,-5.09,-62.57,0,0,DCHG, ,
27795.3,1,1,1,1,4,18360.0,-1,11.721,-11.7,-5.09,-62.58,0,0,DCHG, ,
27800.3,1,1,1,1,4,18365.0,-1,11.72,-11.7,-5.09,-62.6,0,0,DCHG, ,
27805.3,1,1,1,1,4,18370.0,-1,11.72,-11.7,-5.09,-62.62,0,0,DCHG, ,
27810.3,1,1,1,1,4,18375.0,-1,11.72,-11.6,-5.1,-62.63,0,0,DCHG, ,
27815.3,1,1,1,1,4,18380.0,-1,11.719,-11.7,-5.1,-62.65,0,0,DCHG, ,
27820.3,1,1,1,1,4,18385.0,-1,11.718,-11.6,-5.1,-62.67,0,0,DCHG, ,
27825.3,1,1,1,1,4,18390.0,-1,11.718,-11.7,-5.1,-62.68,0,0,DCHG, ,
27830.3,1,1,1,1,4,18395.0,-1,11.718,-11.7,-5.1,-62.7,0,0,DCHG, ,
27835.3,1,1,1,1,4,18400.0,-0.99,11.717,-11.6,-5.1,-62.71,0,0,DCHG, ,
27840.3,1,1,1,1,4,18405.0,-1,11.717,-11.6,-5.1,-62.73,0,0,DCHG, ,
27845.3,1,1,1,1,4,18410.0,-1,11.716,-11.6,-5.11,-62.75,0,0,DCHG, ,
27850.3,1,1,1,1,4,18415.0,-1,11.716,-11.6,-5.11,-62.76,0,0,DCHG, ,
27855.3,1,1,1,1,4,18420.0,-1,11.716,-11.7,-5.11,-62.78,0,0,DCHG, ,
27860.3,1,1,1,1,4,18425.0,-1,11.715,-11.7,-5.11,-62.79,0,0,DCHG, ,
27865.3,1,1,1,1,4,18430.0,-1,11.715,-11.6,-5.11,-62.81,0,0,DCHG, ,
27870.3,1,1,1,1,4,18435.0,-1,11.715,-11.6,-5.11,-62.83,0,0,DCHG, ,
27875.3,1,1,1,1,4,18440.0,-1,11.714,-11.6,-5.11,-62.84,0,0,DCHG, ,
27880.3,1,1,1,1,4,18445.0,-1,11.714,-11.6,-5.11,-62.86,0,0,DCHG, ,
27885.3,1,1,1,1,4,18450.0,-1,11.714,-11.6,-5.12,-62.88,0,0,DCHG, ,
27890.3,1,1,1,1,4,18455.0,-1,11.713,-11.6,-5.12,-62.89,0,0,DCHG, ,
27895.3,1,1,1,1,4,18460.0,-1,11.713,-11.6,-5.12,-62.91,0,0,DCHG, ,
27900.3,1,1,1,1,4,18465.0,-0.99,11.713,-11.6,-5.12,-62.92,0,0,DCHG, ,
27905.3,1,1,1,1,4,18470.0,-1,11.712,-11.7,-5.12,-62.94,0,0,DCHG, ,
27910.3,1,1,1,1,4,18475.0,-1,11.712,-11.6,-5.12,-62.96,0,0,DCHG, ,
27915.3,1,1,1,1,4,18480.0,-1,11.712,-11.6,-5.12,-62.97,0,0,DCHG, ,
27920.3,1,1,1,1,4,18485.0,-1,11.711,-11.6,-5.13,-62.99,0,0,DCHG, ,
27925.3,1,1,1,1,4,18490.0,-1,11.71,-11.6,-5.13,-63,0,0,DCHG, ,
27930.3,1,1,1,1,4,18495.0,-1,11.71,-11.6,-5.13,-63.02,0,0,DCHG, ,
27935.3,1,1,1,1,4,18500.0,-1,11.71,-11.6,-5.13,-63.04,0,0,DCHG, ,
27940.3,1,1,1,1,4,18505.0,-1,11.709,-11.6,-5.13,-63.05,0,0,DCHG, ,
27945.3,1,1,1,1,4,18510.0,-1,11.709,-11.6,-5.13,-63.07,0,0,DCHG, ,
27950.3,1,1,1,1,4,18515.0,-1,11.709,-11.6,-5.13,-63.09,0,0,DCHG, ,
27955.3,1,1,1,1,4,18520.0,-1,11.709,-11.6,-5.14,-63.1,0,0,DCHG, ,
27960.3,1,1,1,1,4,18525.0,-1,11.708,-11.6,-5.14,-63.12,0,0,DCHG, ,
27965.3,1,1,1,1,4,18530.0,-1,11.708,-11.6,-5.14,-63.13,0,0,DCHG, ,
27970.3,1,1,1,1,4,18535.0,-1,11.707,-11.6,-5.14,-63.15,0,0,DCHG, ,
27975.3,1,1,1,1,4,18540.0,-1,11.707,-11.6,-5.14,-63.17,0,0,DCHG, ,
27980.3,1,1,1,1,4,18545.0,-1,11.707,-11.6,-5.14,-63.18,0,0,DCHG, ,
27985.3,1,1,1,1,4,18550.0,-0.99,11.706,-11.6,-5.14,-63.2,0,0,DCHG, ,
27990.3,1,1,1,1,4,18555.0,-1,11.706,-11.6,-5.15,-63.21,0,0,DCHG, ,
27995.3,1,1,1,1,4,18560.0,-1,11.706,-11.6,-5.15,-63.23,0,0,DCHG, ,
28000.3,1,1,1,1,4,18565.0,-1,11.705,-11.6,-5.15,-63.25,0,0,DCHG, ,
28005.3,1,1,1,1,4,18570.0,-1,11.705,-11.6,-5.15,-63.26,0,0,DCHG, ,
28010.3,1,1,1,1,4,18575.0,-1,11.704,-11.7,-5.15,-63.28,0,0,DCHG, ,
28015.3,1,1,1,1,4,18580.0,-1,11.704,-11.6,-5.15,-63.29,0,0,DCHG, ,
28020.3,1,1,1,1,4,18585.0,-1,11.704,-11.6,-5.15,-63.31,0,0,DCHG, ,
28025.3,1,1,1,1,4,18590.0,-1,11.703,-11.6,-5.16,-63.33,0,0,DCHG, ,
28030.3,1,1,1,1,4,18595.0,-1,11.702,-11.6,-5.16,-63.34,0,0,DCHG, ,
28035.3,1,1,1,1,4,18600.0,-1,11.702,-11.6,-5.16,-63.36,0,0,DCHG, ,
28040.3,1,1,1,1,4,18605.0,-1,11.702,-11.6,-5.16,-63.38,0,0,DCHG, ,
28045.3,1,1,1,1,4,18610.0,-1,11.702,-11.6,-5.16,-63.39,0,0,DCHG, ,
28050.3,1,1,1,1,4,18615.0,-1,11.701,-11.6,-5.16,-63.41,0,0,DCHG, ,
28055.3,1,1,1,1,4,18620.0,-0.99,11.701,-11.6,-5.16,-63.42,0,0,DCHG, ,
28060.3,1,1,1,1,4,18625.0,-1,11.7,-11.6,-5.16,-63.44,0,0,DCHG, ,
28065.3,1,1,1,1,4,18630.0,-1,11.701,-11.6,-5.17,-63.46,0,0,DCHG, ,
28070.3,1,1,1,1,4,18635.0,-1,11.7,-11.6,-5.17,-63.47,0,0,DCHG, ,
28075.3,1,1,1,1,4,18640.0,-1,11.699,-11.6,-5.17,-63.49,0,0,DCHG, ,
28080.3,1,1,1,1,4,18645.0,-1,11.699,-11.6,-5.17,-63.5,0,0,DCHG, ,
28085.3,1,1,1,1,4,18650.0,-1,11.699,-11.6,-5.17,-63.52,0,0,DCHG, ,
28090.3,1,1,1,1,4,18655.0,-1,11.698,-11.6,-5.17,-63.54,0,0,DCHG, ,
28095.3,1,1,1,1,4,18660.0,-1,11.698,-11.6,-5.17,-63.55,0,0,DCHG, ,
28100.3,1,1,1,1,4,18665.0,-1,11.698,-11.6,-5.18,-63.57,0,0,DCHG, ,
28105.3,1,1,1,1,4,18670.0,-0.99,11.697,-11.5,-5.18,-63.58,0,0,DCHG, ,
28110.3,1,1,1,1,4,18675.0,-1,11.696,-11.6,-5.18,-63.6,0,0,DCHG, ,
28115.3,1,1,1,1,4,18680.0,-1,11.696,-11.6,-5.18,-63.62,0,0,DCHG, ,
28120.3,1,1,1,1,4,18685.0,-1,11.696,-11.6,-5.18,-63.63,0,0,DCHG, ,
28125.3,1,1,1,1,4,18690.0,-1,11.696,-11.6,-5.18,-63.65,0,0,DCHG, ,
28130.3,1,1,1,1,4,18695.0,-1,11.695,-11.6,-5.18,-63.67,0,0,DCHG, ,
28135.3,1,1,1,1,4,18700.0,-1,11.695,-11.6,-5.19,-63.68,0,0,DCHG, ,
28140.3,1,1,1,1,4,18705.0,-1,11.694,-11.6,-5.19,-63.7,0,0,DCHG, ,
28145.3,1,1,1,1,4,18710.0,-1,11.694,-11.6,-5.19,-63.71,0,0,DCHG, ,
28150.3,1,1,1,1,4,18715.0,-1,11.693,-11.6,-5.19,-63.73,0,0,DCHG, ,
28155.3,1,1,1,1,4,18720.0,-1,11.693,-11.6,-5.19,-63.75,0,0,DCHG, ,
28160.3,1,1,1,1,4,18725.0,-1,11.693,-11.6,-5.19,-63.76,0,0,DCHG, ,
28165.3,1,1,1,1,4,18730.0,-1,11.692,-11.6,-5.19,-63.78,0,0,DCHG, ,
28170.3,1,1,1,1,4,18735.0,-1,11.692,-11.6,-5.2,-63.79,0,0,DCHG, ,
28175.3,1,1,1,1,4,18740.0,-1,11.692,-11.6,-5.2,-63.81,0,0,DCHG, ,
28180.3,1,1,1,1,4,18745.0,-1,11.691,-11.6,-5.2,-63.83,0,0,DCHG, ,
28185.3,1,1,1,1,4,18750.0,-0.99,11.691,-11.6,-5.2,-63.84,0,0,DCHG, ,
28190.3,1,1,1,1,4,18755.0,-1,11.69,-11.6,-5.2,-63.86,0,0,DCHG, ,
28195.3,1,1,1,1,4,18760.0,-1,11.69,-11.6,-5.2,-63.87,0,0,DCHG, ,
28200.3,1,1,1,1,4,18765.0,-1,11.69,-11.6,-5.2,-63.89,0,0,DCHG, ,
28205.3,1,1,1,1,4,18770.0,-1,11.689,-11.6,-5.21,-63.91,0,0,DCHG, ,
28210.3,1,1,1,1,4,18775.0,-1,11.689,-11.6,-5.21,-63.92,0,0,DCHG, ,
28215.3,1,1,1,1,4,18780.0,-1,11.689,-11.6,-5.21,-63.94,0,0,DCHG, ,
28220.3,1,1,1,1,4,18785.0,-1,11.688,-11.6,-5.21,-63.96,0,0,DCHG, ,
28225.3,1,1,1,1,4,18790.0,-1,11.688,-11.6,-5.21,-63.97,0,0,DCHG, ,
28230.3,1,1,1,1,4,18795.0,-1,11.688,-11.6,-5.21,-63.99,0,0,DCHG, ,
28235.3,1,1,1,1,4,18800.0,-1,11.687,-11.6,-5.21,-64,0,0,DCHG, ,
28240.3,1,1,1,1,4,18805.0,-1,11.687,-11.6,-5.21,-64.02,0,0,DCHG, ,
28245.3,1,1,1,1,4,18810.0,-1,11.687,-11.6,-5.22,-64.04,0,0,DCHG, ,
28250.3,1,1,1,1,4,18815.0,-1,11.686,-11.6,-5.22,-64.05,0,0,DCHG, ,
28255.3,1,1,1,1,4,18820.0,-1,11.686,-11.6,-5.22,-64.07,0,0,DCHG, ,
28260.3,1,1,1,1,4,18825.0,-1,11.685,-11.6,-5.22,-64.08,0,0,DCHG, ,
28265.3,1,1,1,1,4,18830.0,-1,11.685,-11.6,-5.22,-64.1,0,0,DCHG, ,
28270.3,1,1,1,1,4,18835.0,-1,11.684,-11.6,-5.22,-64.12,0,0,DCHG, ,
28275.3,1,1,1,1,4,18840.0,-1,11.684,-11.6,-5.22,-64.13,0,0,DCHG, ,
28280.3,1,1,1,1,4,18845.0,-1,11.684,-11.6,-5.23,-64.15,0,0,DCHG, ,
28285.3,1,1,1,1,4,18850.0,-1,11.683,-11.6,-5.23,-64.16,0,0,DCHG, ,
28290.3,1,1,1,1,4,18855.0,-1,11.683,-11.6,-5.23,-64.18,0,0,DCHG, ,
28295.3,1,1,1,1,4,18860.0,-1,11.683,-11.6,-5.23,-64.2,0,0,DCHG, ,
28300.3,1,1,1,1,4,18865.0,-1,11.682,-11.6,-5.23,-64.21,0,0,DCHG, ,
28305.3,1,1,1,1,4,18870.0,-1,11.681,-11.6,-5.23,-64.23,0,0,DCHG, ,
28310.3,1,1,1,1,4,18875.0,-1,11.681,-11.6,-5.23,-64.25,0,0,DCHG, ,
28315.3,1,1,1,1,4,18880.0,-1,11.681,-11.6,-5.24,-64.26,0,0,DCHG, ,
28320.3,1,1,1,1,4,18885.0,-1,11.68,-11.6,-5.24,-64.28,0,0,DCHG, ,
28325.3,1,1,1,1,4,18890.0,-1,11.68,-11.6,-5.24,-64.29,0,0,DCHG, ,
28330.3,1,1,1,1,4,18895.0,-1,11.68,-11.6,-5.24,-64.31,0,0,DCHG, ,
28335.3,1,1,1,1,4,18900.0,-1,11.68,-11.6,-5.24,-64.33,0,0,DCHG, ,
28340.3,1,1,1,1,4,18905.0,-1,11.679,-11.6,-5.24,-64.34,0,0,DCHG, ,
28345.3,1,1,1,1,4,18910.0,-1,11.679,-11.6,-5.24,-64.36,0,0,DCHG, ,
28350.3,1,1,1,1,4,18915.0,-1,11.678,-11.6,-5.25,-64.37,0,0,DCHG, ,
28355.3,1,1,1,1,4,18920.0,-0.99,11.678,-11.5,-5.25,-64.39,0,0,DCHG, ,
28360.3,1,1,1,1,4,18925.0,-1,11.677,-11.6,-5.25,-64.41,0,0,DCHG, ,
28365.3,1,1,1,1,4,18930.0,-0.99,11.677,-11.5,-5.25,-64.42,0,0,DCHG, ,
28370.3,1,1,1,1,4,18935.0,-1,11.676,-11.6,-5.25,-64.44,0,0,DCHG, ,
28375.3,1,1,1,1,4,18940.0,-0.99,11.676,-11.5,-5.25,-64.45,0,0,DCHG, ,
28380.3,1,1,1,1,4,18945.0,-1,11.676,-11.6,-5.25,-64.47,0,0,DCHG, ,
28385.3,1,1,1,1,4,18950.0,-1,11.675,-11.6,-5.26,-64.49,0,0,DCHG, ,
28390.3,1,1,1,1,4,18955.0,-1,11.675,-11.6,-5.26,-64.5,0,0,DCHG, ,
28395.3,1,1,1,1,4,18960.0,-1,11.675,-11.6,-5.26,-64.52,0,0,DCHG, ,
28400.3,1,1,1,1,4,18965.0,-1,11.674,-11.6,-5.26,-64.54,0,0,DCHG, ,
28405.3,1,1,1,1,4,18970.0,-1,11.674,-11.6,-5.26,-64.55,0,0,DCHG, ,
28410.3,1,1,1,1,4,18975.0,-1,11.674,-11.6,-5.26,-64.57,0,0,DCHG, ,
28415.3,1,1,1,1,4,18980.0,-1,11.673,-11.6,-5.26,-64.58,0,0,DCHG, ,
28420.3,1,1,1,1,4,18985.0,-1,11.673,-11.6,-5.26,-64.6,0,0,DCHG, ,
28425.3,1,1,1,1,4,18990.0,-1,11.672,-11.6,-5.27,-64.62,0,0,DCHG, ,
28430.3,1,1,1,1,4,18995.0,-1,11.672,-11.6,-5.27,-64.63,0,0,DCHG, ,
28435.3,1,1,1,1,4,19000.0,-1,11.672,-11.6,-5.27,-64.65,0,0,DCHG, ,
28440.3,1,1,1,1,4,19005.0,-1,11.671,-11.6,-5.27,-64.66,0,0,DCHG, ,
28445.3,1,1,1,1,4,19010.0,-0.99,11.671,-11.5,-5.27,-64.68,0,0,DCHG, ,
28450.3,1,1,1,1,4,19015.0,-1,11.671,-11.6,-5.27,-64.7,0,0,DCHG, ,
28455.3,1,1,1,1,4,19020.0,-1,11.67,-11.6,-5.27,-64.71,0,0,DCHG, ,
28460.3,1,1,1,1,4,19025.0,-1,11.67,-11.6,-5.28,-64.73,0,0,DCHG, ,
28465.3,1,1,1,1,4,19030.0,-1,11.669,-11.6,-5.28,-64.74,0,0,DCHG, ,
28470.3,1,1,1,1,4,19035.0,-1,11.669,-11.6,-5.28,-64.76,0,0,DCHG, ,
28475.3,1,1,1,1,4,19040.0,-1,11.668,-11.6,-5.28,-64.78,0,0,DCHG, ,
28480.3,1,1,1,1,4,19045.0,-1,11.668,-11.6,-5.28,-64.79,0,0,DCHG, ,
28485.3,1,1,1,1,4,19050.0,-1,11.668,-11.6,-5.28,-64.81,0,0,DCHG, ,
28490.3,1,1,1,1,4,19055.0,-1,11.667,-11.6,-5.28,-64.82,0,0,DCHG, ,
28495.3,1,1,1,1,4,19060.0,-1,11.666,-11.6,-5.29,-64.84,0,0,DCHG, ,
28500.3,1,1,1,1,4,19065.0,-1,11.666,-11.6,-5.29,-64.86,0,0,DCHG, ,
28505.3,1,1,1,1,4,19070.0,-1,11.666,-11.6,-5.29,-64.87,0,0,DCHG, ,
28510.3,1,1,1,1,4,19075.0,-1,11.665,-11.6,-5.29,-64.89,0,0,DCHG, ,
28515.3,1,1,1,1,4,19080.0,-1,11.665,-11.6,-5.29,-64.91,0,0,DCHG, ,
28520.3,1,1,1,1,4,19085.0,-1,11.664,-11.6,-5.29,-64.92,0,0,DCHG, ,
28525.3,1,1,1,1,4,19090.0,-1,11.664,-11.6,-5.29,-64.94,0,0,DCHG, ,
28530.3,1,1,1,1,4,19095.0,-0.99,11.664,-11.5,-5.3,-64.95,0,0,DCHG, ,
28535.3,1,1,1,1,4,19100.0,-1,11.664,-11.6,-5.3,-64.97,0,0,DCHG, ,
28540.3,1,1,1,1,4,19105.0,-1,11.663,-11.6,-5.3,-64.99,0,0,DCHG, ,
28545.3,1,1,1,1,4,19110.0,-1,11.663,-11.6,-5.3,-65,0,0,DCHG, ,
28550.3,1,1,1,1,4,19115.0,-1,11.663,-11.6,-5.3,-65.02,0,0,DCHG, ,
28555.3,1,1,1,1,4,19120.0,-1,11.662,-11.6,-5.3,-65.03,0,0,DCHG, ,
28560.3,1,1,1,1,4,19125.0,-1,11.661,-11.6,-5.3,-65.05,0,0,DCHG, ,
28565.3,1,1,1,1,4,19130.0,-1,11.661,-11.6,-5.31,-65.07,0,0,DCHG, ,
28570.3,1,1,1,1,4,19135.0,-1,11.66,-11.6,-5.31,-65.08,0,0,DCHG, ,
28575.3,1,1,1,1,4,19140.0,-1,11.66,-11.6,-5.31,-65.1,0,0,DCHG, ,
28580.3,1,1,1,1,4,19145.0,-1,11.66,-11.6,-5.31,-65.11,0,0,DCHG, ,
28585.3,1,1,1,1,4,19150.0,-1,11.66,-11.6,-5.31,-65.13,0,0,DCHG, ,
28590.3,1,1,1,1,4,19155.0,-1,11.659,-11.6,-5.31,-65.15,0,0,DCHG, ,
28595.3,1,1,1,1,4,19160.0,-1,11.658,-11.6,-5.31,-65.16,0,0,DCHG, ,
28600.3,1,1,1,1,4,19165.0,-1,11.658,-11.6,-5.31,-65.18,0,0,DCHG, ,
28605.3,1,1,1,1,4,19170.0,-1,11.658,-11.6,-5.32,-65.2,0,0,DCHG, ,
28610.3,1,1,1,1,4,19175.0,-1,11.658,-11.6,-5.32,-65.21,0,0,DCHG, ,
28615.3,1,1,1,1,4,19180.0,-1,11.657,-11.6,-5.32,-65.23,0,0,DCHG, ,
28620.3,1,1,1,1,4,19185.0,-0.99,11.657,-11.5,-5.32,-65.24,0,0,DCHG, ,
28625.3,1,1,1,1,4,19190.0,-1,11.657,-11.6,-5.32,-65.26,0,0,DCHG, ,
28630.3,1,1,1,1,4,19195.0,-1,11.656,-11.6,-5.32,-65.28,0,0,DCHG, ,
28635.3,1,1,1,1,4,19200.0,-1,11.655,-11.6,-5.32,-65.29,0,0,DCHG, ,
28640.3,1,1,1,1,4,19205.0,-1,11.655,-11.6,-5.33,-65.31,0,0,DCHG, ,
28645.3,1,1,1,1,4,19210.0,-1,11.655,-11.6,-5.33,-65.32,0,0,DCHG, ,
28650.3,1,1,1,1,4,19215.0,-0.99,11.654,-11.5,-5.33,-65.34,0,0,DCHG, ,
28655.3,1,1,1,1,4,19220.0,-1,11.654,-11.6,-5.33,-65.36,0,0,DCHG, ,
28660.3,1,1,1,1,4,19225.0,-1,11.654,-11.6,-5.33,-65.37,0,0,DCHG, ,
28665.3,1,1,1,1,4,19230.0,-1,11.653,-11.6,-5.33,-65.39,0,0,DCHG, ,
28670.3,1,1,1,1,4,19235.0,-1,11.653,-11.6,-5.33,-65.4,0,0,DCHG, ,
28675.3,1,1,1,1,4,19240.0,-1,11.653,-11.6,-5.34,-65.42,0,0,DCHG, ,
28680.3,1,1,1,1,4,19245.0,-1,11.652,-11.6,-5.34,-65.44,0,0,DCHG, ,
28685.3,1,1,1,1,4,19250.0,-1,11.652,-11.6,-5.34,-65.45,0,0,DCHG, ,
28690.3,1,1,1,1,4,19255.0,-1,11.652,-11.6,-5.34,-65.47,0,0,DCHG, ,
28695.3,1,1,1,1,4,19260.0,-1,11.651,-11.6,-5.34,-65.48,0,0,DCHG, ,
28700.3,1,1,1,1,4,19265.0,-1,11.651,-11.6,-5.34,-65.5,0,0,DCHG, ,
28705.3,1,1,1,1,4,19270.0,-1,11.65,-11.6,-5.34,-65.52,0,0,DCHG, ,
28710.3,1,1,1,1,4,19275.0,-1,11.65,-11.6,-5.35,-65.53,0,0,DCHG, ,
28715.3,1,1,1,1,4,19280.0,-1,11.65,-11.6,-5.35,-65.55,0,0,DCHG, ,
28720.3,1,1,1,1,4,19285.0,-1,11.649,-11.6,-5.35,-65.57,0,0,DCHG, ,
28725.3,1,1,1,1,4,19290.0,-1,11.649,-11.6,-5.35,-65.58,0,0,DCHG, ,
28730.3,1,1,1,1,4,19295.0,-1,11.648,-11.6,-5.35,-65.6,0,0,DCHG, ,
28735.3,1,1,1,1,4,19300.0,-1,11.648,-11.6,-5.35,-65.61,0,0,DCHG, ,
28740.3,1,1,1,1,4,19305.0,-1,11.648,-11.6,-5.35,-65.63,0,0,DCHG, ,
28745.3,1,1,1,1,4,19310.0,-1,11.647,-11.6,-5.36,-65.65,0,0,DCHG, ,
28750.3,1,1,1,1,4,19315.0,-1,11.647,-11.6,-5.36,-65.66,0,0,DCHG, ,
28755.3,1,1,1,1,4,19320.0,-1,11.646,-11.6,-5.36,-65.68,0,0,DCHG, ,
28760.3,1,1,1,1,4,19325.0,-1,11.646,-11.6,-5.36,-65.69,0,0,DCHG, ,
28765.3,1,1,1,1,4,19330.0,-1,11.645,-11.6,-5.36,-65.71,0,0,DCHG, ,
28770.3,1,1,1,1,4,19335.0,-1,11.645,-11.6,-5.36,-65.73,0,0,DCHG, ,
28775.3,1,1,1,1,4,19340.0,-1,11.645,-11.6,-5.36,-65.74,0,0,DCHG, ,
28780.3,1,1,1,1,4,19345.0,-1,11.644,-11.6,-5.36,-65.76,0,0,DCHG, ,
28785.3,1,1,1,1,4,19350.0,-1,11.644,-11.6,-5.37,-65.77,0,0,DCHG, ,
28790.3,1,1,1,1,4,19355.0,-1,11.643,-11.6,-5.37,-65.79,0,0,DCHG, ,
28795.3,1,1,1,1,4,19360.0,-1,11.643,-11.6,-5.37,-65.81,0,0,DCHG, ,
28800.3,1,1,1,1,4,19365.0,-1,11.643,-11.6,-5.37,-65.82,0,0,DCHG, ,
28805.3,1,1,1,1,4,19370.0,-0.99,11.643,-11.5,-5.37,-65.84,0,0,DCHG, ,
28810.3,1,1,1,1,4,19375.0,-1,11.642,-11.6,-5.37,-65.86,0,0,DCHG, ,
28815.3,1,1,1,1,4,19380.0,-1,11.642,-11.6,-5.37,-65.87,0,0,DCHG, ,
28820.3,1,1,1,1,4,19385.0,-0.99,11.641,-11.5,-5.38,-65.89,0,0,DCHG, ,
28825.3,1,1,1,1,4,19390.0,-0.99,11.641,-11.5,-5.38,-65.9,0,0,DCHG, ,
28830.3,1,1,1,1,4,19395.0,-1,11.64,-11.6,-5.38,-65.92,0,0,DCHG, ,
28835.3,1,1,1,1,4,19400.0,-1,11.64,-11.6,-5.38,-65.94,0,0,DCHG, ,
28840.3,1,1,1,1,4,19405.0,-1,11.639,-11.6,-5.38,-65.95,0,0,DCHG, ,
28845.3,1,1,1,1,4,19410.0,-1,11.639,-11.6,-5.38,-65.97,0,0,DCHG, ,
28850.3,1,1,1,1,4,19415.0,-1,11.639,-11.6,-5.38,-65.98,0,0,DCHG, ,
28855.3,1,1,1,1,4,19420.0,-1,11.638,-11.6,-5.39,-66,0,0,DCHG, ,
28860.3,1,1,1,1,4,19425.0,-1,11.637,-11.6,-5.39,-66.02,0,0,DCHG, ,
28865.3,1,1,1,1,4,19430.0,-0.99,11.637,-11.5,-5.39,-66.03,0,0,DCHG, ,
28870.3,1,1,1,1,4,19435.0,-1,11.636,-11.6,-5.39,-66.05,0,0,DCHG, ,
28875.3,1,1,1,1,4,19440.0,-1,11.636,-11.6,-5.39,-66.06,0,0,DCHG, ,
28880.3,1,1,1,1,4,19445.0,-1,11.636,-11.6,-5.39,-66.08,0,0,DCHG, ,
28885.3,1,1,1,1,4,19450.0,-1,11.636,-11.6,-5.39,-66.1,0,0,DCHG, ,
28890.3,1,1,1,1,4,19455.0,-1,11.635,-11.6,-5.4,-66.11,0,0,DCHG, ,
28895.3,1,1,1,1,4,19460.0,-1,11.635,-11.6,-5.4,-66.13,0,0,DCHG, ,
28900.3,1,1,1,1,4,19465.0,-1,11.635,-11.6,-5.4,-66.15,0,0,DCHG, ,
28905.3,1,1,1,1,4,19470.0,-0.99,11.634,-11.5,-5.4,-66.16,0,0,DCHG, ,
28910.3,1,1,1,1,4,19475.0,-1,11.634,-11.6,-5.4,-66.18,0,0,DCHG, ,
28915.3,1,1,1,1,4,19480.0,-1,11.633,-11.6,-5.4,-66.19,0,0,DCHG, ,
28920.3,1,1,1,1,4,19485.0,-1,11.633,-11.6,-5.4,-66.21,0,0,DCHG, ,
28925.3,1,1,1,1,4,19490.0,-1,11.632,-11.6,-5.41,-66.23,0,0,DCHG, ,
28930.3,1,1,1,1,4,19495.0,-0.99,11.632,-11.5,-5.41,-66.24,0,0,DCHG, ,
28935.3,1,1,1,1,4,19500.0,-1,11.631,-11.6,-5.41,-66.26,0,0,DCHG, ,
28940.3,1,1,1,1,4,19505.0,-1,11.631,-11.6,-5.41,-66.27,0,0,DCHG, ,
28945.3,1,1,1,1,4,19510.0,-1,11.631,-11.6,-5.41,-66.29,0,0,DCHG, ,
28950.3,1,1,1,1,4,19515.0,-1,11.63,-11.6,-5.41,-66.31,0,0,DCHG, ,
28955.3,1,1,1,1,4,19520.0,-0.99,11.63,-11.5,-5.41,-66.32,0,0,DCHG, ,
28960.3,1,1,1,1,4,19525.0,-1,11.63,-11.6,-5.41,-66.34,0,0,DCHG, ,
28965.3,1,1,1,1,4,19530.0,-1,11.629,-11.6,-5.42,-66.35,0,0,DCHG, ,
28970.3,1,1,1,1,4,19535.0,-1,11.628,-11.6,-5.42,-66.37,0,0,DCHG, ,
28975.3,1,1,1,1,4,19540.0,-1,11.628,-11.6,-5.42,-66.39,0,0,DCHG, ,
28980.3,1,1,1,1,4,19545.0,-1,11.628,-11.6,-5.42,-66.4,0,0,DCHG, ,
28985.3,1,1,1,1,4,19550.0,-1,11.628,-11.6,-5.42,-66.42,0,0,DCHG, ,
28990.3,1,1,1,1,4,19555.0,-1,11.627,-11.6,-5.42,-66.43,0,0,DCHG, ,
28995.3,1,1,1,1,4,19560.0,-0.99,11.627,-11.5,-5.42,-66.45,0,0,DCHG, ,
29000.3,1,1,1,1,4,19565.0,-1,11.626,-11.6,-5.43,-66.47,0,0,DCHG, ,
29005.3,1,1,1,1,4,19570.0,-1,11.625,-11.6,-5.43,-66.48,0,0,DCHG, ,
29010.3,1,1,1,1,4,19575.0,-1,11.626,-11.6,-5.43,-66.5,0,0,DCHG, ,
29015.3,1,1,1,1,4,19580.0,-1,11.625,-11.6,-5.43,-66.52,0,0,DCHG, ,
29020.3,1,1,1,1,4,19585.0,-1,11.624,-11.6,-5.43,-66.53,0,0,DCHG, ,
29025.3,1,1,1,1,4,19590.0,-1,11.624,-11.6,-5.43,-66.55,0,0,DCHG, ,
29030.3,1,1,1,1,4,19595.0,-1,11.623,-11.6,-5.43,-66.56,0,0,DCHG, ,
29035.3,1,1,1,1,4,19600.0,-1,11.623,-11.6,-5.44,-66.58,0,0,DCHG, ,
29040.3,1,1,1,1,4,19605.0,-1,11.623,-11.6,-5.44,-66.6,0,0,DCHG, ,
29045.3,1,1,1,1,4,19610.0,-1,11.623,-11.6,-5.44,-66.61,0,0,DCHG, ,
29050.3,1,1,1,1,4,19615.0,-1,11.622,-11.6,-5.44,-66.63,0,0,DCHG, ,
29055.3,1,1,1,1,4,19620.0,-1,11.622,-11.6,-5.44,-66.64,0,0,DCHG, ,
29060.3,1,1,1,1,4,19625.0,-1,11.621,-11.6,-5.44,-66.66,0,0,DCHG, ,
29065.3,1,1,1,1,4,19630.0,-1,11.621,-11.6,-5.44,-66.68,0,0,DCHG, ,
29070.3,1,1,1,1,4,19635.0,-1,11.621,-11.6,-5.45,-66.69,0,0,DCHG, ,
29075.3,1,1,1,1,4,19640.0,-0.99,11.62,-11.5,-5.45,-66.71,0,0,DCHG, ,
29080.3,1,1,1,1,4,19645.0,-1,11.62,-11.6,-5.45,-66.72,0,0,DCHG, ,
29085.3,1,1,1,1,4,19650.0,-1,11.619,-11.6,-5.45,-66.74,0,0,DCHG, ,
29090.3,1,1,1,1,4,19655.0,-1,11.619,-11.6,-5.45,-66.76,0,0,DCHG, ,
29095.3,1,1,1,1,4,19660.0,-1,11.618,-11.5,-5.45,-66.77,0,0,DCHG, ,
29100.3,1,1,1,1,4,19665.0,-1,11.619,-11.6,-5.45,-66.79,0,0,DCHG, ,
29105.3,1,1,1,1,4,19670.0,-1,11.618,-11.6,-5.45,-66.81,0,0,DCHG, ,
29110.3,1,1,1,1,4,19675.0,-1,11.618,-11.6,-5.46,-66.82,0,0,DCHG, ,
29115.3,1,1,1,1,4,19680.0,-1,11.617,-11.6,-5.46,-66.84,0,0,DCHG, ,
29120.3,1,1,1,1,4,19685.0,-1,11.617,-11.5,-5.46,-66.85,0,0,DCHG, ,
29125.3,1,1,1,1,4,19690.0,-1,11.616,-11.5,-5.46,-66.87,0,0,DCHG, ,
29130.3,1,1,1,1,4,19695.0,-1,11.616,-11.5,-5.46,-66.89,0,0,DCHG, ,
29135.3,1,1,1,1,4,19700.0,-1,11.615,-11.5,-5.46,-66.9,0,0,DCHG, ,
29140.3,1,1,1,1,4,19705.0,-1,11.615,-11.5,-5.46,-66.92,0,0,DCHG, ,
29145.3,1,1,1,1,4,19710.0,-1,11.615,-11.5,-5.47,-66.93,0,0,DCHG, ,
29150.3,1,1,1,1,4,19715.0,-1,11.614,-11.5,-5.47,-66.95,0,0,DCHG, ,
29155.3,1,1,1,1,4,19720.0,-1,11.614,-11.5,-5.47,-66.97,0,0,DCHG, ,
29160.3,1,1,1,1,4,19725.0,-1,11.613,-11.5,-5.47,-66.98,0,0,DCHG, ,
29165.3,1,1,1,1,4,19730.0,-1,11.613,-11.5,-5.47,-67,0,0,DCHG, ,
29170.3,1,1,1,1,4,19735.0,-1,11.612,-11.5,-5.47,-67.01,0,0,DCHG, ,
29175.3,1,1,1,1,4,19740.0,-1,11.612,-11.5,-5.47,-67.03,0,0,DCHG, ,
29180.3,1,1,1,1,4,19745.0,-1,11.611,-11.5,-5.48,-67.05,0,0,DCHG, ,
29185.3,1,1,1,1,4,19750.0,-1,11.611,-11.5,-5.48,-67.06,0,0,DCHG, ,
29190.3,1,1,1,1,4,19755.0,-1,11.611,-11.5,-5.48,-67.08,0,0,DCHG, ,
29195.3,1,1,1,1,4,19760.0,-1,11.61,-11.5,-5.48,-67.09,0,0,DCHG, ,
29200.3,1,1,1,1,4,19765.0,-1,11.61,-11.5,-5.48,-67.11,0,0,DCHG, ,
29205.3,1,1,1,1,4,19770.0,-1,11.609,-11.5,-5.48,-67.13,0,0,DCHG, ,
29210.3,1,1,1,1,4,19775.0,-1,11.609,-11.5,-5.48,-67.14,0,0,DCHG, ,
29215.3,1,1,1,1,4,19780.0,-1,11.608,-11.5,-5.49,-67.16,0,0,DCHG, ,
29220.3,1,1,1,1,4,19785.0,-1,11.608,-11.5,-5.49,-67.17,0,0,DCHG, ,
29225.3,1,1,1,1,4,19790.0,-1,11.608,-11.5,-5.49,-67.19,0,0,DCHG, ,
29230.3,1,1,1,1,4,19795.0,-1,11.608,-11.5,-5.49,-67.21,0,0,DCHG, ,
29235.3,1,1,1,1,4,19800.0,-1,11.607,-11.6,-5.49,-67.22,0,0,DCHG, ,
29240.3,1,1,1,1,4,19805.0,-1,11.607,-11.5,-5.49,-67.24,0,0,DCHG, ,
29245.3,1,1,1,1,4,19810.0,-1,11.606,-11.5,-5.49,-67.25,0,0,DCHG, ,
29250.3,1,1,1,1,4,19815.0,-0.99,11.605,-11.5,-5.5,-67.27,0,0,DCHG, ,
29255.3,1,1,1,1,4,19820.0,-1,11.605,-11.6,-5.5,-67.29,0,0,DCHG, ,
29260.3,1,1,1,1,4,19825.0,-1,11.605,-11.6,-5.5,-67.3,0,0,DCHG, ,
29265.3,1,1,1,1,4,19830.0,-1,11.604,-11.5,-5.5,-67.32,0,0,DCHG, ,
29270.3,1,1,1,1,4,19835.0,-1,11.604,-11.5,-5.5,-67.33,0,0,DCHG, ,
29275.3,1,1,1,1,4,19840.0,-1,11.604,-11.5,-5.5,-67.35,0,0,DCHG, ,
29280.3,1,1,1,1,4,19845.0,-1,11.603,-11.6,-5.5,-67.37,0,0,DCHG, ,
29285.3,1,1,1,1,4,19850.0,-0.99,11.603,-11.5,-5.5,-67.38,0,0,DCHG, ,
29290.3,1,1,1,1,4,19855.0,-1,11.603,-11.5,-5.51,-67.4,0,0,DCHG, ,
29295.3,1,1,1,1,4,19860.0,-1,11.602,-11.6,-5.51,-67.41,0,0,DCHG, ,
29300.3,1,1,1,1,4,19865.0,-1,11.601,-11.5,-5.51,-67.43,0,0,DCHG, ,
29305.3,1,1,1,1,4,19870.0,-0.99,11.601,-11.5,-5.51,-67.45,0,0,DCHG, ,
29310.3,1,1,1,1,4,19875.0,-0.99,11.601,-11.5,-5.51,-67.46,0,0,DCHG, ,
29315.3,1,1,1,1,4,19880.0,-1,11.6,-11.5,-5.51,-67.48,0,0,DCHG, ,
29320.3,1,1,1,1,4,19885.0,-1,11.6,-11.5,-5.51,-67.49,0,0,DCHG, ,
29325.3,1,1,1,1,4,19890.0,-1,11.599,-11.5,-5.52,-67.51,0,0,DCHG, ,
29330.3,1,1,1,1,4,19895.0,-1,11.599,-11.5,-5.52,-67.53,0,0,DCHG, ,
29335.3,1,1,1,1,4,19900.0,-1,11.598,-11.5,-5.52,-67.54,0,0,DCHG, ,
29340.3,1,1,1,1,4,19905.0,-1,11.598,-11.5,-5.52,-67.56,0,0,DCHG, ,
29345.3,1,1,1,1,4,19910.0,-1,11.598,-11.5,-5.52,-67.57,0,0,DCHG, ,
29350.3,1,1,1,1,4,19915.0,-1,11.597,-11.5,-5.52,-67.59,0,0,DCHG, ,
29355.3,1,1,1,1,4,19920.0,-1,11.597,-11.5,-5.52,-67.6,0,0,DCHG, ,
29360.3,1,1,1,1,4,19925.0,-1,11.597,-11.5,-5.53,-67.62,0,0,DCHG, ,
29365.3,1,1,1,1,4,19930.0,-0.99,11.596,-11.4,-5.53,-67.64,0,0,DCHG, ,
29370.3,1,1,1,1,4,19935.0,-1,11.596,-11.5,-5.53,-67.65,0,0,DCHG, ,
29375.3,1,1,1,1,4,19940.0,-1,11.595,-11.5,-5.53,-67.67,0,0,DCHG, ,
29380.3,1,1,1,1,4,19945.0,-1,11.595,-11.5,-5.53,-67.68,0,0,DCHG, ,
29385.3,1,1,1,1,4,19950.0,-1,11.595,-11.5,-5.53,-67.7,0,0,DCHG, ,
29390.3,1,1,1,1,4,19955.0,-1,11.594,-11.5,-5.53,-67.72,0,0,DCHG, ,
29395.3,1,1,1,1,4,19960.0,-1,11.594,-11.5,-5.54,-67.73,0,0,DCHG, ,
29400.3,1,1,1,1,4,19965.0,-1,11.593,-11.5,-5.54,-67.75,0,0,DCHG, ,
29405.3,1,1,1,1,4,19970.0,-1,11.593,-11.5,-5.54,-67.76,0,0,DCHG, ,
29410.3,1,1,1,1,4,19975.0,-1,11.593,-11.5,-5.54,-67.78,0,0,DCHG, ,
29415.3,1,1,1,1,4,19980.0,-1,11.592,-11.5,-5.54,-67.8,0,0,DCHG, ,
29420.3,1,1,1,1,4,19985.0,-1,11.592,-11.5,-5.54,-67.81,0,0,DCHG, ,
29425.3,1,1,1,1,4,19990.0,-1,11.591,-11.5,-5.54,-67.83,0,0,DCHG, ,
29430.3,1,1,1,1,4,19995.0,-1,11.591,-11.5,-5.55,-67.84,0,0,DCHG, ,
29435.3,1,1,1,1,4,20000.0,-1,11.59,-11.5,-5.55,-67.86,0,0,DCHG, ,
29440.3,1,1,1,1,4,20005.0,-1,11.59,-11.5,-5.55,-67.88,0,0,DCHG, ,
29445.3,1,1,1,1,4,20010.0,-1,11.589,-11.5,-5.55,-67.89,0,0,DCHG, ,
29450.3,1,1,1,1,4,20015.0,-1,11.589,-11.5,-5.55,-67.91,0,0,DCHG, ,
29455.3,1,1,1,1,4,20020.0,-1,11.589,-11.5,-5.55,-67.92,0,0,DCHG, ,
29460.3,1,1,1,1,4,20025.0,-1,11.588,-11.5,-5.55,-67.94,0,0,DCHG, ,
29465.3,1,1,1,1,4,20030.0,-1,11.587,-11.5,-5.55,-67.96,0,0,DCHG, ,
29470.3,1,1,1,1,4,20035.0,-1,11.587,-11.5,-5.56,-67.97,0,0,DCHG, ,
29475.3,1,1,1,1,4,20040.0,-1,11.586,-11.5,-5.56,-67.99,0,0,DCHG, ,
29480.3,1,1,1,1,4,20045.0,-1,11.586,-11.5,-5.56,-68,0,0,DCHG, ,
29485.3,1,1,1,1,4,20050.0,-1,11.586,-11.5,-5.56,-68.02,0,0,DCHG, ,
29490.3,1,1,1,1,4,20055.0,-1,11.586,-11.5,-5.56,-68.04,0,0,DCHG, ,
29495.3,1,1,1,1,4,20060.0,-1,11.585,-11.5,-5.56,-68.05,0,0,DCHG, ,
29500.3,1,1,1,1,4,20065.0,-1,11.585,-11.5,-5.56,-68.07,0,0,DCHG, ,
29505.3,1,1,1,1,4,20070.0,-1,11.585,-11.5,-5.57,-68.08,0,0,DCHG, ,
29510.3,1,1,1,1,4,20075.0,-1,11.584,-11.5,-5.57,-68.1,0,0,DCHG, ,
29515.3,1,1,1,1,4,20080.0,-1,11.583,-11.5,-5.57,-68.12,0,0,DCHG, ,
29520.3,1,1,1,1,4,20085.0,-1,11.583,-11.5,-5.57,-68.13,0,0,DCHG, ,
29525.3,1,1,1,1,4,20090.0,-1,11.582,-11.5,-5.57,-68.15,0,0,DCHG, ,
29530.3,1,1,1,1,4,20095.0,-1,11.582,-11.5,-5.57,-68.16,0,0,DCHG, ,
29535.3,1,1,1,1,4,20100.0,-1,11.582,-11.5,-5.57,-68.18,0,0,DCHG, ,
29540.3,1,1,1,1,4,20105.0,-1,11.581,-11.5,-5.58,-68.2,0,0,DCHG, ,
29545.3,1,1,1,1,4,20110.0,-1,11.58,-11.5,-5.58,-68.21,0,0,DCHG, ,
29550.3,1,1,1,1,4,20115.0,-0.99,11.58,-11.4,-5.58,-68.23,0,0,DCHG, ,
29555.3,1,1,1,1,4,20120.0,-1,11.58,-11.5,-5.58,-68.24,0,0,DCHG, ,
29560.3,1,1,1,1,4,20125.0,-1,11.579,-11.5,-5.58,-68.26,0,0,DCHG, ,
29565.3,1,1,1,1,4,20130.0,-1,11.579,-11.5,-5.58,-68.28,0,0,DCHG, ,
29570.3,1,1,1,1,4,20135.0,-1,11.578,-11.5,-5.58,-68.29,0,0,DCHG, ,
29575.3,1,1,1,1,4,20140.0,-1,11.578,-11.5,-5.59,-68.31,0,0,DCHG, ,
29580.3,1,1,1,1,4,20145.0,-0.99,11.578,-11.4,-5.59,-68.32,0,0,DCHG, ,
29585.3,1,1,1,1,4,20150.0,-1,11.577,-11.5,-5.59,-68.34,0,0,DCHG, ,
29590.3,1,1,1,1,4,20155.0,-1,11.577,-11.5,-5.59,-68.36,0,0,DCHG, ,
29595.3,1,1,1,1,4,20160.0,-1,11.576,-11.5,-5.59,-68.37,0,0,DCHG, ,
29600.3,1,1,1,1,4,20165.0,-1,11.576,-11.5,-5.59,-68.39,0,0,DCHG, ,
29605.3,1,1,1,1,4,20170.0,-1,11.576,-11.5,-5.59,-68.4,0,0,DCHG, ,
29610.3,1,1,1,1,4,20175.0,-1,11.575,-11.5,-5.6,-68.42,0,0,DCHG, ,
29615.3,1,1,1,1,4,20180.0,-1,11.575,-11.5,-5.6,-68.44,0,0,DCHG, ,
29620.3,1,1,1,1,4,20185.0,-1,11.574,-11.5,-5.6,-68.45,0,0,DCHG, ,
29625.3,1,1,1,1,4,20190.0,-0.99,11.574,-11.4,-5.6,-68.47,0,0,DCHG, ,
29630.3,1,1,1,1,4,20195.0,-1,11.573,-11.5,-5.6,-68.48,0,0,DCHG, ,
29635.3,1,1,1,1,4,20200.0,-1,11.573,-11.5,-5.6,-68.5,0,0,DCHG, ,
29640.3,1,1,1,1,4,20205.0,-1,11.572,-11.5,-5.6,-68.51,0,0,DCHG, ,
29645.3,1,1,1,1,4,20210.0,-1,11.572,-11.5,-5.6,-68.53,0,0,DCHG, ,
29650.3,1,1,1,1,4,20215.0,-1,11.571,-11.5,-5.61,-68.55,0,0,DCHG, ,
29655.3,1,1,1,1,4,20220.0,-1,11.571,-11.5,-5.61,-68.56,0,0,DCHG, ,
29660.3,1,1,1,1,4,20225.0,-1,11.571,-11.5,-5.61,-68.58,0,0,DCHG, ,
29665.3,1,1,1,1,4,20230.0,-1,11.57,-11.5,-5.61,-68.59,0,0,DCHG, ,
29670.3,1,1,1,1,4,20235.0,-1,11.57,-11.5,-5.61,-68.61,0,0,DCHG, ,
29675.3,1,1,1,1,4,20240.0,-1,11.57,-11.5,-5.61,-68.63,0,0,DCHG, ,
29680.3,1,1,1,1,4,20245.0,-1,11.569,-11.5,-5.61,-68.64,0,0,DCHG, ,
29685.3,1,1,1,1,4,20250.0,-1,11.568,-11.5,-5.62,-68.66,0,0,DCHG, ,
29690.3,1,1,1,1,4,20255.0,-1,11.568,-11.5,-5.62,-68.67,0,0,DCHG, ,
29695.3,1,1,1,1,4,20260.0,-1,11.567,-11.5,-5.62,-68.69,0,0,DCHG, ,
29700.3,1,1,1,1,4,20265.0,-1,11.567,-11.5,-5.62,-68.71,0,0,DCHG, ,
29705.3,1,1,1,1,4,20270.0,-1,11.567,-11.5,-5.62,-68.72,0,0,DCHG, ,
29710.3,1,1,1,1,4,20275.0,-1,11.567,-11.5,-5.62,-68.74,0,0,DCHG, ,
29715.3,1,1,1,1,4,20280.0,-1,11.566,-11.5,-5.62,-68.75,0,0,DCHG, ,
29720.3,1,1,1,1,4,20285.0,-1,11.565,-11.5,-5.63,-68.77,0,0,DCHG, ,
29725.3,1,1,1,1,4,20290.0,-1,11.565,-11.5,-5.63,-68.79,0,0,DCHG, ,
29730.3,1,1,1,1,4,20295.0,-1,11.565,-11.5,-5.63,-68.8,0,0,DCHG, ,
29735.3,1,1,1,1,4,20300.0,-1,11.565,-11.5,-5.63,-68.82,0,0,DCHG, ,
29740.3,1,1,1,1,4,20305.0,-1,11.564,-11.5,-5.63,-68.83,0,0,DCHG, ,
29745.3,1,1,1,1,4,20310.0,-1,11.563,-11.5,-5.63,-68.85,0,0,DCHG, ,
29750.3,1,1,1,1,4,20315.0,-1,11.563,-11.5,-5.63,-68.87,0,0,DCHG, ,
29755.3,1,1,1,1,4,20320.0,-1,11.562,-11.5,-5.64,-68.88,0,0,DCHG, ,
29760.3,1,1,1,1,4,20325.0,-1,11.562,-11.5,-5.64,-68.9,0,0,DCHG, ,
29765.3,1,1,1,1,4,20330.0,-1,11.562,-11.5,-5.64,-68.91,0,0,DCHG, ,
29770.3,1,1,1,1,4,20335.0,-1,11.561,-11.5,-5.64,-68.93,0,0,DCHG, ,
29775.3,1,1,1,1,4,20340.0,-1,11.561,-11.5,-5.64,-68.95,0,0,DCHG, ,
29780.3,1,1,1,1,4,20345.0,-1,11.56,-11.5,-5.64,-68.96,0,0,DCHG, ,
29785.3,1,1,1,1,4,20350.0,-1,11.56,-11.5,-5.64,-68.98,0,0,DCHG, ,
29790.3,1,1,1,1,4,20355.0,-1,11.559,-11.5,-5.65,-68.99,0,0,DCHG, ,
29795.3,1,1,1,1,4,20360.0,-1,11.559,-11.5,-5.65,-69.01,0,0,DCHG, ,
29800.3,1,1,1,1,4,20365.0,-1,11.558,-11.5,-5.65,-69.03,0,0,DCHG, ,
29805.3,1,1,1,1,4,20370.0,-1,11.558,-11.5,-5.65,-69.04,0,0,DCHG, ,
29810.3,1,1,1,1,4,20375.0,-1,11.558,-11.5,-5.65,-69.06,0,0,DCHG, ,
29815.3,1,1,1,1,4,20380.0,-1,11.557,-11.5,-5.65,-69.07,0,0,DCHG, ,
29820.3,1,1,1,1,4,20385.0,-1,11.557,-11.5,-5.65,-69.09,0,0,DCHG, ,
29825.3,1,1,1,1,4,20390.0,-1,11.556,-11.5,-5.65,-69.11,0,0,DCHG, ,
29830.3,1,1,1,1,4,20395.0,-1,11.556,-11.5,-5.66,-69.12,0,0,DCHG, ,
29835.3,1,1,1,1,4,20400.0,-1,11.555,-11.5,-5.66,-69.14,0,0,DCHG, ,
29840.3,1,1,1,1,4,20405.0,-1,11.555,-11.5,-5.66,-69.15,0,0,DCHG, ,
29845.3,1,1,1,1,4,20410.0,-1,11.554,-11.5,-5.66,-69.17,0,0,DCHG, ,
29850.3,1,1,1,1,4,20415.0,-1,11.554,-11.5,-5.66,-69.19,0,0,DCHG, ,
29855.3,1,1,1,1,4,20420.0,-1,11.553,-11.5,-5.66,-69.2,0,0,DCHG, ,
29860.3,1,1,1,1,4,20425.0,-1,11.553,-11.5,-5.66,-69.22,0,0,DCHG, ,
29865.3,1,1,1,1,4,20430.0,-1,11.553,-11.5,-5.67,-69.23,0,0,DCHG, ,
29870.3,1,1,1,1,4,20435.0,-1,11.552,-11.5,-5.67,-69.25,0,0,DCHG, ,
29875.3,1,1,1,1,4,20440.0,-1,11.552,-11.5,-5.67,-69.27,0,0,DCHG, ,
29880.3,1,1,1,1,4,20445.0,-1,11.551,-11.5,-5.67,-69.28,0,0,DCHG, ,
29885.3,1,1,1,1,4,20450.0,-1,11.551,-11.5,-5.67,-69.3,0,0,DCHG, ,
29890.3,1,1,1,1,4,20455.0,-1,11.55,-11.5,-5.67,-69.31,0,0,DCHG, ,
29895.3,1,1,1,1,4,20460.0,-1,11.55,-11.5,-5.67,-69.33,0,0,DCHG, ,
29900.3,1,1,1,1,4,20465.0,-1,11.55,-11.5,-5.68,-69.34,0,0,DCHG, ,
29905.3,1,1,1,1,4,20470.0,-1,11.549,-11.5,-5.68,-69.36,0,0,DCHG, ,
29910.3,1,1,1,1,4,20475.0,-1,11.549,-11.5,-5.68,-69.38,0,0,DCHG, ,
29915.3,1,1,1,1,4,20480.0,-1,11.548,-11.5,-5.68,-69.39,0,0,DCHG, ,
29920.3,1,1,1,1,4,20485.0,-1,11.548,-11.5,-5.68,-69.41,0,0,DCHG, ,
29925.3,1,1,1,1,4,20490.0,-0.99,11.547,-11.4,-5.68,-69.42,0,0,DCHG, ,
29930.3,1,1,1,1,4,20495.0,-1,11.547,-11.5,-5.68,-69.44,0,0,DCHG, ,
29935.3,1,1,1,1,4,20500.0,-1,11.546,-11.5,-5.69,-69.46,0,0,DCHG, ,
29940.3,1,1,1,1,4,20505.0,-1,11.546,-11.5,-5.69,-69.47,0,0,DCHG, ,
29945.3,1,1,1,1,4,20510.0,-1,11.546,-11.5,-5.69,-69.49,0,0,DCHG, ,
29950.3,1,1,1,1,4,20515.0,-1,11.545,-11.5,-5.69,-69.5,0,0,DCHG, ,
29955.3,1,1,1,1,4,20520.0,-1,11.545,-11.5,-5.69,-69.52,0,0,DCHG, ,
29960.3,1,1,1,1,4,20525.0,-1,11.544,-11.5,-5.69,-69.54,0,0,DCHG, ,
29965.3,1,1,1,1,4,20530.0,-1,11.543,-11.5,-5.69,-69.55,0,0,DCHG, ,
29970.3,1,1,1,1,4,20535.0,-1,11.543,-11.5,-5.7,-69.57,0,0,DCHG, ,
29975.3,1,1,1,1,4,20540.0,-0.99,11.543,-11.4,-5.7,-69.58,0,0,DCHG, ,
29980.3,1,1,1,1,4,20545.0,-1,11.542,-11.5,-5.7,-69.6,0,0,DCHG, ,
29985.3,1,1,1,1,4,20550.0,-1,11.542,-11.5,-5.7,-69.62,0,0,DCHG, ,
29990.3,1,1,1,1,4,20555.0,-0.99,11.541,-11.4,-5.7,-69.63,0,0,DCHG, ,
29995.3,1,1,1,1,4,20560.0,-1,11.541,-11.5,-5.7,-69.65,0,0,DCHG, ,
30000.3,1,1,1,1,4,20565.0,-1,11.54,-11.5,-5.7,-69.66,0,0,DCHG, ,
30005.3,1,1,1,1,4,20570.0,-1,11.54,-11.5,-5.7,-69.68,0,0,DCHG, ,
30010.3,1,1,1,1,4,20575.0,-1,11.539,-11.5,-5.71,-69.7,0,0,DCHG, ,
30015.3,1,1,1,1,4,20580.0,-1,11.539,-11.5,-5.71,-69.71,0,0,DCHG, ,
30020.3,1,1,1,1,4,20585.0,-1,11.538,-11.5,-5.71,-69.73,0,0,DCHG, ,
30025.3,1,1,1,1,4,20590.0,-1,11.538,-11.5,-5.71,-69.74,0,0,DCHG, ,
30030.3,1,1,1,1,4,20595.0,-1,11.538,-11.5,-5.71,-69.76,0,0,DCHG, ,
30035.3,1,1,1,1,4,20600.0,-1,11.538,-11.5,-5.71,-69.78,0,0,DCHG, ,
30040.3,1,1,1,1,4,20605.0,-1,11.537,-11.5,-5.71,-69.79,0,0,DCHG, ,
30045.3,1,1,1,1,4,20610.0,-1,11.536,-11.5,-5.72,-69.81,0,0,DCHG, ,
30050.3,1,1,1,1,4,20615.0,-1,11.536,-11.5,-5.72,-69.82,0,0,DCHG, ,
30055.3,1,1,1,1,4,20620.0,-1,11.535,-11.5,-5.72,-69.84,0,0,DCHG, ,
30060.3,1,1,1,1,4,20625.0,-0.99,11.535,-11.4,-5.72,-69.86,0,0,DCHG, ,
30065.3,1,1,1,1,4,20630.0,-1,11.534,-11.5,-5.72,-69.87,0,0,DCHG, ,
30070.3,1,1,1,1,4,20635.0,-1,11.534,-11.5,-5.72,-69.89,0,0,DCHG, ,
30075.3,1,1,1,1,4,20640.0,-1,11.534,-11.5,-5.72,-69.9,0,0,DCHG, ,
30080.3,1,1,1,1,4,20645.0,-1,11.534,-11.5,-5.73,-69.92,0,0,DCHG, ,
30085.3,1,1,1,1,4,20650.0,-1,11.532,-11.5,-5.73,-69.94,0,0,DCHG, ,
30090.3,1,1,1,1,4,20655.0,-1,11.532,-11.5,-5.73,-69.95,0,0,DCHG, ,
30095.3,1,1,1,1,4,20660.0,-1,11.532,-11.5,-5.73,-69.97,0,0,DCHG, ,
30100.3,1,1,1,1,4,20665.0,-0.99,11.532,-11.4,-5.73,-69.98,0,0,DCHG, ,
30105.3,1,1,1,1,4,20670.0,-1,11.531,-11.5,-5.73,-70,0,0,DCHG, ,
30110.3,1,1,1,1,4,20675.0,-1,11.531,-11.5,-5.73,-70.02,0,0,DCHG, ,
30115.3,1,1,1,1,4,20680.0,-1,11.53,-11.5,-5.74,-70.03,0,0,DCHG, ,
30120.3,1,1,1,1,4,20685.0,-1,11.53,-11.5,-5.74,-70.05,0,0,DCHG, ,
30125.3,1,1,1,1,4,20690.0,-1,11.529,-11.5,-5.74,-70.06,0,0,DCHG, ,
30130.3,1,1,1,1,4,20695.0,-1,11.529,-11.5,-5.74,-70.08,0,0,DCHG, ,
30135.3,1,1,1,1,4,20700.0,-1,11.528,-11.5,-5.74,-70.1,0,0,DCHG, ,
30140.3,1,1,1,1,4,20705.0,-1,11.527,-11.5,-5.74,-70.11,0,0,DCHG, ,
30145.3,1,1,1,1,4,20710.0,-1,11.527,-11.5,-5.74,-70.13,0,0,DCHG, ,
30150.3,1,1,1,1,4,20715.0,-1,11.527,-11.5,-5.75,-70.14,0,0,DCHG, ,
30155.3,1,1,1,1,4,20720.0,-1,11.527,-11.5,-5.75,-70.16,0,0,DCHG, ,
30160.3,1,1,1,1,4,20725.0,-1,11.526,-11.5,-5.75,-70.17,0,0,DCHG, ,
30165.3,1,1,1,1,4,20730.0,-1,11.526,-11.5,-5.75,-70.19,0,0,DCHG, ,
30170.3,1,1,1,1,4,20735.0,-1,11.525,-11.5,-5.75,-70.21,0,0,DCHG, ,
30175.3,1,1,1,1,4,20740.0,-1,11.524,-11.5,-5.75,-70.22,0,0,DCHG, ,
30180.3,1,1,1,1,4,20745.0,-1,11.524,-11.5,-5.75,-70.24,0,0,DCHG, ,
30185.3,1,1,1,1,4,20750.0,-1,11.524,-11.5,-5.75,-70.25,0,0,DCHG, ,
30190.3,1,1,1,1,4,20755.0,-1,11.523,-11.5,-5.76,-70.27,0,0,DCHG, ,
30195.3,1,1,1,1,4,20760.0,-1,11.523,-11.4,-5.76,-70.29,0,0,DCHG, ,
30200.3,1,1,1,1,4,20765.0,-1,11.522,-11.5,-5.76,-70.3,0,0,DCHG, ,
30205.3,1,1,1,1,4,20770.0,-1,11.522,-11.5,-5.76,-70.32,0,0,DCHG, ,
30210.3,1,1,1,1,4,20775.0,-1,11.521,-11.5,-5.76,-70.33,0,0,DCHG, ,
30215.3,1,1,1,1,4,20780.0,-1,11.521,-11.5,-5.76,-70.35,0,0,DCHG, ,
30220.3,1,1,1,1,4,20785.0,-1,11.52,-11.5,-5.76,-70.37,0,0,DCHG, ,
30225.3,1,1,1,1,4,20790.0,-1,11.52,-11.5,-5.77,-70.38,0,0,DCHG, ,
30230.3,1,1,1,1,4,20795.0,-1,11.52,-11.5,-5.77,-70.4,0,0,DCHG, ,
30235.3,1,1,1,1,4,20800.0,-1,11.519,-11.5,-5.77,-70.41,0,0,DCHG, ,
30240.3,1,1,1,1,4,20805.0,-1,11.518,-11.5,-5.77,-70.43,0,0,DCHG, ,
30245.3,1,1,1,1,4,20810.0,-1,11.518,-11.5,-5.77,-70.45,0,0,DCHG, ,
30250.3,1,1,1,1,4,20815.0,-1,11.518,-11.5,-5.77,-70.46,0,0,DCHG, ,
30255.3,1,1,1,1,4,20820.0,-1,11.517,-11.4,-5.77,-70.48,0,0,DCHG, ,
30260.3,1,1,1,1,4,20825.0,-1,11.517,-11.4,-5.78,-70.49,0,0,DCHG, ,
30265.3,1,1,1,1,4,20830.0,-1,11.516,-11.5,-5.78,-70.51,0,0,DCHG, ,
30270.3,1,1,1,1,4,20835.0,-1,11.516,-11.5,-5.78,-70.53,0,0,DCHG, ,
30275.3,1,1,1,1,4,20840.0,-1,11.515,-11.4,-5.78,-70.54,0,0,DCHG, ,
30280.3,1,1,1,1,4,20845.0,-1,11.515,-11.4,-5.78,-70.56,0,0,DCHG, ,
30285.3,1,1,1,1,4,20850.0,-1,11.514,-11.4,-5.78,-70.57,0,0,DCHG, ,
30290.3,1,1,1,1,4,20855.0,-1,11.513,-11.4,-5.78,-70.59,0,0,DCHG, ,
30295.3,1,1,1,1,4,20860.0,-1,11.514,-11.4,-5.79,-70.61,0,0,DCHG, ,
30300.3,1,1,1,1,4,20865.0,-1,11.513,-11.5,-5.79,-70.62,0,0,DCHG, ,
30305.3,1,1,1,1,4,20870.0,-1,11.512,-11.5,-5.79,-70.64,0,0,DCHG, ,
30310.3,1,1,1,1,4,20875.0,-1,11.512,-11.4,-5.79,-70.65,0,0,DCHG, ,
30315.3,1,1,1,1,4,20880.0,-1,11.512,-11.4,-5.79,-70.67,0,0,DCHG, ,
30320.3,1,1,1,1,4,20885.0,-1,11.511,-11.4,-5.79,-70.68,0,0,DCHG, ,
30325.3,1,1,1,1,4,20890.0,-1,11.511,-11.4,-5.79,-70.7,0,0,DCHG, ,
30330.3,1,1,1,1,4,20895.0,-0.99,11.51,-11.4,-5.8,-70.72,0,0,DCHG, ,
30335.3,1,1,1,1,4,20900.0,-1,11.51,-11.4,-5.8,-70.73,0,0,DCHG, ,
30340.3,1,1,1,1,4,20905.0,-1,11.509,-11.4,-5.8,-70.75,0,0,DCHG, ,
30345.3,1,1,1,1,4,20910.0,-1,11.508,-11.4,-5.8,-70.76,0,0,DCHG, ,
30350.3,1,1,1,1,4,20915.0,-1,11.508,-11.4,-5.8,-70.78,0,0,DCHG, ,
30355.3,1,1,1,1,4,20920.0,-1,11.507,-11.4,-5.8,-70.8,0,0,DCHG, ,
30360.3,1,1,1,1,4,20925.0,-1,11.507,-11.5,-5.8,-70.81,0,0,DCHG, ,
30365.3,1,1,1,1,4,20930.0,-1,11.507,-11.4,-5.8,-70.83,0,0,DCHG, ,
30370.3,1,1,1,1,4,20935.0,-1,11.506,-11.4,-5.81,-70.84,0,0,DCHG, ,
30375.3,1,1,1,1,4,20940.0,-1,11.505,-11.5,-5.81,-70.86,0,0,DCHG, ,
30380.3,1,1,1,1,4,20945.0,-1,11.505,-11.4,-5.81,-70.87,0,0,DCHG, ,
30385.3,1,1,1,1,4,20950.0,-1,11.505,-11.4,-5.81,-70.89,0,0,DCHG, ,
30390.3,1,1,1,1,4,20955.0,-1,11.505,-11.4,-5.81,-70.91,0,0,DCHG, ,
30395.3,1,1,1,1,4,20960.0,-1,11.504,-11.4,-5.81,-70.92,0,0,DCHG, ,
30400.3,1,1,1,1,4,20965.0,-1,11.503,-11.4,-5.81,-70.94,0,0,DCHG, ,
30405.3,1,1,1,1,4,20970.0,-1,11.503,-11.4,-5.82,-70.95,0,0,DCHG, ,
30410.3,1,1,1,1,4,20975.0,-0.99,11.503,-11.4,-5.82,-70.97,0,0,DCHG, ,
30415.3,1,1,1,1,4,20980.0,-1,11.502,-11.4,-5.82,-70.99,0,0,DCHG, ,
30420.3,1,1,1,1,4,20985.0,-1,11.502,-11.4,-5.82,-71,0,0,DCHG, ,
30425.3,1,1,1,1,4,20990.0,-1,11.501,-11.4,-5.82,-71.02,0,0,DCHG, ,
30430.3,1,1,1,1,4,20995.0,-1,11.5,-11.5,-5.82,-71.03,0,0,DCHG, ,
30435.3,1,1,1,1,4,21000.0,-1,11.5,-11.4,-5.82,-71.05,0,0,DCHG, ,
30440.3,1,1,1,1,4,21005.0,-1,11.5,-11.4,-5.83,-71.06,0,0,DCHG, ,
30445.3,1,1,1,1,4,21010.0,-1,11.499,-11.4,-5.83,-71.08,0,0,DCHG, ,
30450.3,1,1,1,1,4,21015.0,-1,11.498,-11.4,-5.83,-71.1,0,0,DCHG, ,
30455.3,1,1,1,1,4,21020.0,-1,11.498,-11.4,-5.83,-71.11,0,0,DCHG, ,
30460.3,1,1,1,1,4,21025.0,-1,11.497,-11.4,-5.83,-71.13,0,0,DCHG, ,
30465.3,1,1,1,1,4,21030.0,-1,11.497,-11.4,-5.83,-71.14,0,0,DCHG, ,
30470.3,1,1,1,1,4,21035.0,-0.99,11.497,-11.4,-5.83,-71.16,0,0,DCHG, ,
30475.3,1,1,1,1,4,21040.0,-1,11.496,-11.4,-5.84,-71.18,0,0,DCHG, ,
30480.3,1,1,1,1,4,21045.0,-1,11.496,-11.4,-5.84,-71.19,0,0,DCHG, ,
30485.3,1,1,1,1,4,21050.0,-1,11.495,-11.4,-5.84,-71.21,0,0,DCHG, ,
30490.3,1,1,1,1,4,21055.0,-1,11.495,-11.4,-5.84,-71.22,0,0,DCHG, ,
30495.3,1,1,1,1,4,21060.0,-1,11.494,-11.4,-5.84,-71.24,0,0,DCHG, ,
30500.3,1,1,1,1,4,21065.0,-1,11.494,-11.4,-5.84,-71.25,0,0,DCHG, ,
30505.3,1,1,1,1,4,21070.0,-1,11.493,-11.4,-5.84,-71.27,0,0,DCHG, ,
30510.3,1,1,1,1,4,21075.0,-1,11.493,-11.4,-5.84,-71.29,0,0,DCHG, ,
30515.3,1,1,1,1,4,21080.0,-1,11.493,-11.4,-5.85,-71.3,0,0,DCHG, ,
30520.3,1,1,1,1,4,21085.0,-1,11.491,-11.4,-5.85,-71.32,0,0,DCHG, ,
30525.3,1,1,1,1,4,21090.0,-1,11.491,-11.4,-5.85,-71.33,0,0,DCHG, ,
30530.3,1,1,1,1,4,21095.0,-1,11.491,-11.4,-5.85,-71.35,0,0,DCHG, ,
30535.3,1,1,1,1,4,21100.0,-1,11.49,-11.4,-5.85,-71.37,0,0,DCHG, ,
30540.3,1,1,1,1,4,21105.0,-1,11.49,-11.4,-5.85,-71.38,0,0,DCHG, ,
30545.3,1,1,1,1,4,21110.0,-1,11.489,-11.4,-5.85,-71.4,0,0,DCHG, ,
30550.3,1,1,1,1,4,21115.0,-1,11.489,-11.4,-5.86,-71.41,0,0,DCHG, ,
30555.3,1,1,1,1,4,21120.0,-1,11.488,-11.4,-5.86,-71.43,0,0,DCHG, ,
30560.3,1,1,1,1,4,21125.0,-1,11.488,-11.4,-5.86,-71.44,0,0,DCHG, ,
30565.3,1,1,1,1,4,21130.0,-1,11.487,-11.4,-5.86,-71.46,0,0,DCHG, ,
30570.3,1,1,1,1,4,21135.0,-0.99,11.486,-11.3,-5.86,-71.48,0,0,DCHG, ,
30575.3,1,1,1,1,4,21140.0,-1,11.486,-11.4,-5.86,-71.49,0,0,DCHG, ,
30580.3,1,1,1,1,4,21145.0,-1,11.486,-11.4,-5.86,-71.51,0,0,DCHG, ,
30585.3,1,1,1,1,4,21150.0,-1,11.485,-11.4,-5.87,-71.52,0,0,DCHG, ,
30590.3,1,1,1,1,4,21155.0,-1,11.485,-11.4,-5.87,-71.54,0,0,DCHG, ,
30595.3,1,1,1,1,4,21160.0,-1,11.485,-11.4,-5.87,-71.56,0,0,DCHG, ,
30600.3,1,1,1,1,4,21165.0,-0.99,11.484,-11.3,-5.87,-71.57,0,0,DCHG, ,
30605.3,1,1,1,1,4,21170.0,-1,11.484,-11.4,-5.87,-71.59,0,0,DCHG, ,
30610.3,1,1,1,1,4,21175.0,-0.99,11.483,-11.3,-5.87,-71.6,0,0,DCHG, ,
30615.3,1,1,1,1,4,21180.0,-1,11.483,-11.4,-5.87,-71.62,0,0,DCHG, ,
30620.3,1,1,1,1,4,21185.0,-1,11.482,-11.4,-5.88,-71.63,0,0,DCHG, ,
30625.3,1,1,1,1,4,21190.0,-1,11.482,-11.4,-5.88,-71.65,0,0,DCHG, ,
30630.3,1,1,1,1,4,21195.0,-0.99,11.481,-11.3,-5.88,-71.67,0,0,DCHG, ,
30635.3,1,1,1,1,4,21200.0,-1,11.48,-11.4,-5.88,-71.68,0,0,DCHG, ,
30640.3,1,1,1,1,4,21205.0,-1,11.48,-11.4,-5.88,-71.7,0,0,DCHG, ,
30645.3,1,1,1,1,4,21210.0,-1,11.48,-11.4,-5.88,-71.71,0,0,DCHG, ,
30650.3,1,1,1,1,4,21215.0,-1,11.479,-11.4,-5.88,-71.73,0,0,DCHG, ,
30655.3,1,1,1,1,4,21220.0,-1,11.478,-11.4,-5.89,-71.75,0,0,DCHG, ,
30660.3,1,1,1,1,4,21225.0,-1,11.478,-11.4,-5.89,-71.76,0,0,DCHG, ,
30665.3,1,1,1,1,4,21230.0,-1,11.478,-11.4,-5.89,-71.78,0,0,DCHG, ,
30670.3,1,1,1,1,4,21235.0,-1,11.477,-11.4,-5.89,-71.79,0,0,DCHG, ,
30675.3,1,1,1,1,4,21240.0,-1,11.476,-11.4,-5.89,-71.81,0,0,DCHG, ,
30680.3,1,1,1,1,4,21245.0,-1,11.477,-11.4,-5.89,-71.82,0,0,DCHG, ,
30685.3,1,1,1,1,4,21250.0,-1,11.476,-11.4,-5.89,-71.84,0,0,DCHG, ,
30690.3,1,1,1,1,4,21255.0,-1,11.475,-11.4,-5.89,-71.86,0,0,DCHG, ,
30695.3,1,1,1,1,4,21260.0,-1,11.474,-11.4,-5.9,-71.87,0,0,DCHG, ,
30700.3,1,1,1,1,4,21265.0,-1,11.474,-11.4,-5.9,-71.89,0,0,DCHG, ,
30705.3,1,1,1,1,4,21270.0,-1,11.474,-11.4,-5.9,-71.9,0,0,DCHG, ,
30710.3,1,1,1,1,4,21275.0,-1,11.474,-11.4,-5.9,-71.92,0,0,DCHG, ,
30715.3,1,1,1,1,4,21280.0,-1,11.473,-11.4,-5.9,-71.94,0,0,DCHG, ,
30720.3,1,1,1,1,4,21285.0,-1,11.472,-11.4,-5.9,-71.95,0,0,DCHG, ,
30725.3,1,1,1,1,4,21290.0,-1,11.472,-11.4,-5.9,-71.97,0,0,DCHG, ,
30730.3,1,1,1,1,4,21295.0,-1,11.472,-11.4,-5.91,-71.98,0,0,DCHG, ,
30735.3,1,1,1,1,4,21300.0,-1,11.471,-11.4,-5.91,-72,0,0,DCHG, ,
30740.3,1,1,1,1,4,21305.0,-1,11.47,-11.4,-5.91,-72.01,0,0,DCHG, ,
30745.3,1,1,1,1,4,21310.0,-1,11.47,-11.4,-5.91,-72.03,0,0,DCHG, ,
30750.3,1,1,1,1,4,21315.0,-1,11.469,-11.4,-5.91,-72.05,0,0,DCHG, ,
30755.3,1,1,1,1,4,21320.0,-1,11.469,-11.4,-5.91,-72.06,0,0,DCHG, ,
30760.3,1,1,1,1,4,21325.0,-1,11.469,-11.4,-5.91,-72.08,0,0,DCHG, ,
30765.3,1,1,1,1,4,21330.0,-1,11.468,-11.4,-5.92,-72.09,0,0,DCHG, ,
30770.3,1,1,1,1,4,21335.0,-1,11.467,-11.4,-5.92,-72.11,0,0,DCHG, ,
30775.3,1,1,1,1,4,21340.0,-1,11.467,-11.4,-5.92,-72.13,0,0,DCHG, ,
30780.3,1,1,1,1,4,21345.0,-1,11.466,-11.4,-5.92,-72.14,0,0,DCHG, ,
30785.3,1,1,1,1,4,21350.0,-1,11.466,-11.4,-5.92,-72.16,0,0,DCHG, ,
30790.3,1,1,1,1,4,21355.0,-1,11.465,-11.4,-5.92,-72.17,0,0,DCHG, ,
30795.3,1,1,1,1,4,21360.0,-0.99,11.465,-11.3,-5.92,-72.19,0,0,DCHG, ,
30800.3,1,1,1,1,4,21365.0,-1,11.464,-11.4,-5.93,-72.2,0,0,DCHG, ,
30805.3,1,1,1,1,4,21370.0,-0.99,11.464,-11.3,-5.93,-72.22,0,0,DCHG, ,
30810.3,1,1,1,1,4,21375.0,-1,11.463,-11.4,-5.93,-72.24,0,0,DCHG, ,
30815.3,1,1,1,1,4,21380.0,-1,11.462,-11.4,-5.93,-72.25,0,0,DCHG, ,
30820.3,1,1,1,1,4,21385.0,-1,11.463,-11.4,-5.93,-72.27,0,0,DCHG, ,
30825.3,1,1,1,1,4,21390.0,-1,11.462,-11.4,-5.93,-72.28,0,0,DCHG, ,
30830.3,1,1,1,1,4,21395.0,-1,11.461,-11.4,-5.93,-72.3,0,0,DCHG, ,
30835.3,1,1,1,1,4,21400.0,-1,11.461,-11.4,-5.94,-72.32,0,0,DCHG, ,
30840.3,1,1,1,1,4,21405.0,-1,11.46,-11.4,-5.94,-72.33,0,0,DCHG, ,
30845.3,1,1,1,1,4,21410.0,-1,11.46,-11.4,-5.94,-72.35,0,0,DCHG, ,
30850.3,1,1,1,1,4,21415.0,-1,11.46,-11.4,-5.94,-72.36,0,0,DCHG, ,
30855.3,1,1,1,1,4,21420.0,-0.99,11.459,-11.3,-5.94,-72.38,0,0,DCHG, ,
30860.3,1,1,1,1,4,21425.0,-1,11.459,-11.4,-5.94,-72.39,0,0,DCHG, ,
30865.3,1,1,1,1,4,21430.0,-1,11.457,-11.4,-5.94,-72.41,0,0,DCHG, ,
30870.3,1,1,1,1,4,21435.0,-1,11.457,-11.4,-5.94,-72.43,0,0,DCHG, ,
30875.3,1,1,1,1,4,21440.0,-1,11.457,-11.4,-5.95,-72.44,0,0,DCHG, ,
30880.3,1,1,1,1,4,21445.0,-1,11.456,-11.4,-5.95,-72.46,0,0,DCHG, ,
30885.3,1,1,1,1,4,21450.0,-1,11.456,-11.4,-5.95,-72.47,0,0,DCHG, ,
30890.3,1,1,1,1,4,21455.0,-1,11.455,-11.4,-5.95,-72.49,0,0,DCHG, ,
30895.3,1,1,1,1,4,21460.0,-1,11.455,-11.4,-5.95,-72.5,0,0,DCHG, ,
30900.3,1,1,1,1,4,21465.0,-1,11.454,-11.4,-5.95,-72.52,0,0,DCHG, ,
30905.3,1,1,1,1,4,21470.0,-1,11.453,-11.4,-5.95,-72.54,0,0,DCHG, ,
30910.3,1,1,1,1,4,21475.0,-1,11.453,-11.4,-5.96,-72.55,0,0,DCHG, ,
30915.3,1,1,1,1,4,21480.0,-0.99,11.453,-11.3,-5.96,-72.57,0,0,DCHG, ,
30920.3,1,1,1,1,4,21485.0,-1,11.452,-11.4,-5.96,-72.58,0,0,DCHG, ,
30925.3,1,1,1,1,4,21490.0,-0.99,11.452,-11.3,-5.96,-72.6,0,0,DCHG, ,
30930.3,1,1,1,1,4,21495.0,-1,11.451,-11.4,-5.96,-72.62,0,0,DCHG, ,
30935.3,1,1,1,1,4,21500.0,-1,11.451,-11.4,-5.96,-72.63,0,0,DCHG, ,
30940.3,1,1,1,1,4,21505.0,-1,11.45,-11.4,-5.96,-72.65,0,0,DCHG, ,
30945.3,1,1,1,1,4,21510.0,-1,11.45,-11.4,-5.97,-72.66,0,0,DCHG, ,
30950.3,1,1,1,1,4,21515.0,-1,11.449,-11.4,-5.97,-72.68,0,0,DCHG, ,
30955.3,1,1,1,1,4,21520.0,-0.99,11.448,-11.3,-5.97,-72.69,0,0,DCHG, ,
30960.3,1,1,1,1,4,21525.0,-1,11.448,-11.4,-5.97,-72.71,0,0,DCHG, ,
30965.3,1,1,1,1,4,21530.0,-1,11.448,-11.4,-5.97,-72.73,0,0,DCHG, ,
30970.3,1,1,1,1,4,21535.0,-1,11.447,-11.4,-5.97,-72.74,0,0,DCHG, ,
30975.3,1,1,1,1,4,21540.0,-1,11.446,-11.4,-5.97,-72.76,0,0,DCHG, ,
30980.3,1,1,1,1,4,21545.0,-1,11.446,-11.4,-5.98,-72.77,0,0,DCHG, ,
30985.3,1,1,1,1,4,21550.0,-1,11.445,-11.4,-5.98,-72.79,0,0,DCHG, ,
30990.3,1,1,1,1,4,21555.0,-1,11.445,-11.4,-5.98,-72.81,0,0,DCHG, ,
30995.3,1,1,1,1,4,21560.0,-1,11.444,-11.4,-5.98,-72.82,0,0,DCHG, ,
31000.3,1,1,1,1,4,21565.0,-1,11.444,-11.4,-5.98,-72.84,0,0,DCHG, ,
31005.3,1,1,1,1,4,21570.0,-1,11.444,-11.4,-5.98,-72.85,0,0,DCHG, ,
31010.3,1,1,1,1,4,21575.0,-1,11.443,-11.4,-5.98,-72.87,0,0,DCHG, ,
31015.3,1,1,1,1,4,21580.0,-1,11.442,-11.4,-5.99,-72.88,0,0,DCHG, ,
31020.3,1,1,1,1,4,21585.0,-1,11.442,-11.4,-5.99,-72.9,0,0,DCHG, ,
31025.3,1,1,1,1,4,21590.0,-1,11.441,-11.4,-5.99,-72.92,0,0,DCHG, ,
31030.3,1,1,1,1,4,21595.0,-1,11.441,-11.4,-5.99,-72.93,0,0,DCHG, ,
31035.3,1,1,1,1,4,21600.0,-1,11.44,-11.4,-5.99,-72.95,0,0,DCHG, ,
31040.3,1,1,1,1,4,21605.0,-1,11.439,-11.4,-5.99,-72.96,0,0,DCHG, ,
31045.3,1,1,1,1,4,21610.0,-1,11.439,-11.4,-5.99,-72.98,0,0,DCHG, ,
31050.3,1,1,1,1,4,21615.0,-1,11.439,-11.4,-5.99,-73,0,0,DCHG, ,
31055.3,1,1,1,1,4,21620.0,-1,11.438,-11.4,-6,-73.01,0,0,DCHG, ,
31060.3,1,1,1,1,4,21625.0,-1,11.438,-11.4,-6,-73.03,0,0,DCHG, ,
31065.3,1,1,1,1,4,21630.0,-1,11.438,-11.4,-6,-73.04,0,0,DCHG, ,
31070.3,1,1,1,1,4,21635.0,-1,11.437,-11.4,-6,-73.06,0,0,DCHG, ,
31075.3,1,1,1,1,4,21640.0,-1,11.436,-11.4,-6,-73.07,0,0,DCHG, ,
31080.3,1,1,1,1,4,21645.0,-1,11.436,-11.4,-6,-73.09,0,0,DCHG, ,
31085.3,1,1,1,1,4,21650.0,-1,11.435,-11.4,-6,-73.11,0,0,DCHG, ,
31090.3,1,1,1,1,4,21655.0,-1,11.434,-11.4,-6.01,-73.12,0,0,DCHG, ,
31095.3,1,1,1,1,4,21660.0,-1,11.434,-11.4,-6.01,-73.14,0,0,DCHG, ,
31100.3,1,1,1,1,4,21665.0,-1,11.433,-11.4,-6.01,-73.15,0,0,DCHG, ,
31105.3,1,1,1,1,4,21670.0,-1,11.433,-11.4,-6.01,-73.17,0,0,DCHG, ,
31110.3,1,1,1,1,4,21675.0,-1,11.433,-11.4,-6.01,-73.19,0,0,DCHG, ,
31115.3,1,1,1,1,4,21680.0,-1,11.432,-11.4,-6.01,-73.2,0,0,DCHG, ,
31120.3,1,1,1,1,4,21685.0,-1,11.431,-11.4,-6.01,-73.22,0,0,DCHG, ,
31125.3,1,1,1,1,4,21690.0,-1,11.431,-11.4,-6.02,-73.23,0,0,DCHG, ,
31130.3,1,1,1,1,4,21695.0,-1,11.43,-11.4,-6.02,-73.25,0,0,DCHG, ,
31135.3,1,1,1,1,4,21700.0,-1,11.43,-11.4,-6.02,-73.26,0,0,DCHG, ,
31140.3,1,1,1,1,4,21705.0,-1,11.429,-11.4,-6.02,-73.28,0,0,DCHG, ,
31145.3,1,1,1,1,4,21710.0,-1,11.428,-11.4,-6.02,-73.3,0,0,DCHG, ,
31150.3,1,1,1,1,4,21715.0,-1,11.428,-11.4,-6.02,-73.31,0,0,DCHG, ,
31155.3,1,1,1,1,4,21720.0,-1,11.428,-11.3,-6.02,-73.33,0,0,DCHG, ,
31160.3,1,1,1,1,4,21725.0,-1,11.427,-11.4,-6.03,-73.34,0,0,DCHG, ,
31165.3,1,1,1,1,4,21730.0,-1,11.427,-11.4,-6.03,-73.36,0,0,DCHG, ,
31170.3,1,1,1,1,4,21735.0,-1,11.427,-11.4,-6.03,-73.38,0,0,DCHG, ,
31175.3,1,1,1,1,4,21740.0,-1,11.426,-11.4,-6.03,-73.39,0,0,DCHG, ,
31180.3,1,1,1,1,4,21745.0,-1,11.425,-11.4,-6.03,-73.41,0,0,DCHG, ,
31185.3,1,1,1,1,4,21750.0,-1,11.424,-11.4,-6.03,-73.42,0,0,DCHG, ,
31190.3,1,1,1,1,4,21755.0,-1,11.424,-11.4,-6.03,-73.44,0,0,DCHG, ,
31195.3,1,1,1,1,4,21760.0,-1,11.423,-11.4,-6.04,-73.45,0,0,DCHG, ,
31200.3,1,1,1,1,4,21765.0,-1,11.423,-11.4,-6.04,-73.47,0,0,DCHG, ,
31205.3,1,1,1,1,4,21770.0,-1,11.422,-11.4,-6.04,-73.49,0,0,DCHG, ,
31210.3,1,1,1,1,4,21775.0,-1,11.422,-11.4,-6.04,-73.5,0,0,DCHG, ,
31215.3,1,1,1,1,4,21780.0,-1,11.421,-11.4,-6.04,-73.52,0,0,DCHG, ,
31220.3,1,1,1,1,4,21785.0,-1,11.421,-11.4,-6.04,-73.53,0,0,DCHG, ,
31225.3,1,1,1,1,4,21790.0,-1,11.421,-11.4,-6.04,-73.55,0,0,DCHG, ,
31230.3,1,1,1,1,4,21795.0,-0.99,11.42,-11.3,-6.04,-73.56,0,0,DCHG, ,
31235.3,1,1,1,1,4,21800.0,-1,11.419,-11.4,-6.05,-73.58,0,0,DCHG, ,
31240.3,1,1,1,1,4,21805.0,-1,11.419,-11.3,-6.05,-73.6,0,0,DCHG, ,
31245.3,1,1,1,1,4,21810.0,-1,11.418,-11.4,-6.05,-73.61,0,0,DCHG, ,
31250.3,1,1,1,1,4,21815.0,-1,11.418,-11.4,-6.05,-73.63,0,0,DCHG, ,
31255.3,1,1,1,1,4,21820.0,-1,11.417,-11.4,-6.05,-73.64,0,0,DCHG, ,
31260.3,1,1,1,1,4,21825.0,-1,11.417,-11.4,-6.05,-73.66,0,0,DCHG, ,
31265.3,1,1,1,1,4,21830.0,-1,11.416,-11.4,-6.05,-73.68,0,0,DCHG, ,
31270.3,1,1,1,1,4,21835.0,-0.99,11.416,-11.3,-6.06,-73.69,0,0,DCHG, ,
31275.3,1,1,1,1,4,21840.0,-1,11.415,-11.3,-6.06,-73.71,0,0,DCHG, ,
31280.3,1,1,1,1,4,21845.0,-1,11.414,-11.3,-6.06,-73.72,0,0,DCHG, ,
31285.3,1,1,1,1,4,21850.0,-1,11.414,-11.3,-6.06,-73.74,0,0,DCHG, ,
31290.3,1,1,1,1,4,21855.0,-1,11.414,-11.3,-6.06,-73.75,0,0,DCHG, ,
31295.3,1,1,1,1,4,21860.0,-1,11.413,-11.3,-6.06,-73.77,0,0,DCHG, ,
31300.3,1,1,1,1,4,21865.0,-1,11.412,-11.3,-6.06,-73.79,0,0,DCHG, ,
31305.3,1,1,1,1,4,21870.0,-1,11.412,-11.3,-6.07,-73.8,0,0,DCHG, ,
31310.3,1,1,1,1,4,21875.0,-1,11.411,-11.3,-6.07,-73.82,0,0,DCHG, ,
31315.3,1,1,1,1,4,21880.0,-1,11.41,-11.4,-6.07,-73.83,0,0,DCHG, ,
31320.3,1,1,1,1,4,21885.0,-1,11.41,-11.3,-6.07,-73.85,0,0,DCHG, ,
31325.3,1,1,1,1,4,21890.0,-1,11.409,-11.3,-6.07,-73.86,0,0,DCHG, ,
31330.3,1,1,1,1,4,21895.0,-1,11.409,-11.3,-6.07,-73.88,0,0,DCHG, ,
31335.3,1,1,1,1,4,21900.0,-1,11.408,-11.3,-6.07,-73.9,0,0,DCHG, ,
31340.3,1,1,1,1,4,21905.0,-1,11.408,-11.3,-6.08,-73.91,0,0,DCHG, ,
31345.3,1,1,1,1,4,21910.0,-1,11.407,-11.3,-6.08,-73.93,0,0,DCHG, ,
31350.3,1,1,1,1,4,21915.0,-1,11.407,-11.3,-6.08,-73.94,0,0,DCHG, ,
31355.3,1,1,1,1,4,21920.0,-1,11.406,-11.3,-6.08,-73.96,0,0,DCHG, ,
31360.3,1,1,1,1,4,21925.0,-1,11.406,-11.3,-6.08,-73.97,0,0,DCHG, ,
31365.3,1,1,1,1,4,21930.0,-1,11.405,-11.3,-6.08,-73.99,0,0,DCHG, ,
31370.3,1,1,1,1,4,21935.0,-1,11.405,-11.3,-6.08,-74.01,0,0,DCHG, ,
31375.3,1,1,1,1,4,21940.0,-1,11.404,-11.3,-6.09,-74.02,0,0,DCHG, ,
31380.3,1,1,1,1,4,21945.0,-0.99,11.403,-11.3,-6.09,-74.04,0,0,DCHG, ,
31385.3,1,1,1,1,4,21950.0,-1,11.403,-11.3,-6.09,-74.05,0,0,DCHG, ,
31390.3,1,1,1,1,4,21955.0,-1,11.402,-11.3,-6.09,-74.07,0,0,DCHG, ,
31395.3,1,1,1,1,4,21960.0,-1,11.401,-11.3,-6.09,-74.08,0,0,DCHG, ,
31400.3,1,1,1,1,4,21965.0,-1,11.401,-11.3,-6.09,-74.1,0,0,DCHG, ,
31405.3,1,1,1,1,4,21970.0,-1,11.401,-11.3,-6.09,-74.12,0,0,DCHG, ,
31410.3,1,1,1,1,4,21975.0,-1,11.4,-11.3,-6.09,-74.13,0,0,DCHG, ,
31415.3,1,1,1,1,4,21980.0,-1,11.4,-11.3,-6.1,-74.15,0,0,DCHG, ,
31420.3,1,1,1,1,4,21985.0,-1,11.399,-11.3,-6.1,-74.16,0,0,DCHG, ,
31425.3,1,1,1,1,4,21990.0,-1,11.399,-11.3,-6.1,-74.18,0,0,DCHG, ,
31430.3,1,1,1,1,4,21995.0,-1,11.398,-11.3,-6.1,-74.19,0,0,DCHG, ,
31435.3,1,1,1,1,4,22000.0,-1,11.398,-11.3,-6.1,-74.21,0,0,DCHG, ,
31440.3,1,1,1,1,4,22005.0,-1,11.397,-11.3,-6.1,-74.23,0,0,DCHG, ,
31445.3,1,1,1,1,4,22010.0,-1,11.396,-11.3,-6.1,-74.24,0,0,DCHG, ,
31450.3,1,1,1,1,4,22015.0,-1,11.396,-11.3,-6.11,-74.26,0,0,DCHG, ,
31455.3,1,1,1,1,4,22020.0,-1,11.395,-11.3,-6.11,-74.27,0,0,DCHG, ,
31460.3,1,1,1,1,4,22025.0,-1,11.395,-11.3,-6.11,-74.29,0,0,DCHG, ,
31465.3,1,1,1,1,4,22030.0,-1,11.394,-11.3,-6.11,-74.3,0,0,DCHG, ,
31470.3,1,1,1,1,4,22035.0,-1,11.394,-11.3,-6.11,-74.32,0,0,DCHG, ,
31475.3,1,1,1,1,4,22040.0,-1,11.393,-11.3,-6.11,-74.34,0,0,DCHG, ,
31480.3,1,1,1,1,4,22045.0,-1,11.392,-11.3,-6.11,-74.35,0,0,DCHG, ,
31485.3,1,1,1,1,4,22050.0,-1,11.392,-11.3,-6.12,-74.37,0,0,DCHG, ,
31490.3,1,1,1,1,4,22055.0,-1,11.391,-11.3,-6.12,-74.38,0,0,DCHG, ,
31495.3,1,1,1,1,4,22060.0,-0.99,11.39,-11.2,-6.12,-74.4,0,0,DCHG, ,
31500.3,1,1,1,1,4,22065.0,-0.99,11.39,-11.2,-6.12,-74.41,0,0,DCHG, ,
31505.3,1,1,1,1,4,22070.0,-1,11.39,-11.3,-6.12,-74.43,0,0,DCHG, ,
31510.3,1,1,1,1,4,22075.0,-1,11.389,-11.3,-6.12,-74.45,0,0,DCHG, ,
31515.3,1,1,1,1,4,22080.0,-1,11.388,-11.3,-6.12,-74.46,0,0,DCHG, ,
31520.3,1,1,1,1,4,22085.0,-1,11.388,-11.3,-6.13,-74.48,0,0,DCHG, ,
31525.3,1,1,1,1,4,22090.0,-1,11.387,-11.3,-6.13,-74.49,0,0,DCHG, ,
31530.3,1,1,1,1,4,22095.0,-1,11.386,-11.3,-6.13,-74.51,0,0,DCHG, ,
31535.3,1,1,1,1,4,22100.0,-1,11.386,-11.3,-6.13,-74.52,0,0,DCHG, ,
31540.3,1,1,1,1,4,22105.0,-1,11.385,-11.3,-6.13,-74.54,0,0,DCHG, ,
31545.3,1,1,1,1,4,22110.0,-1,11.385,-11.3,-6.13,-74.56,0,0,DCHG, ,
31550.3,1,1,1,1,4,22115.0,-1,11.384,-11.3,-6.13,-74.57,0,0,DCHG, ,
31555.3,1,1,1,1,4,22120.0,-1,11.383,-11.3,-6.14,-74.59,0,0,DCHG, ,
31560.3,1,1,1,1,4,22125.0,-1,11.383,-11.3,-6.14,-74.6,0,0,DCHG, ,
31565.3,1,1,1,1,4,22130.0,-1,11.382,-11.3,-6.14,-74.62,0,0,DCHG, ,
31570.3,1,1,1,1,4,22135.0,-1,11.382,-11.3,-6.14,-74.63,0,0,DCHG, ,
31575.3,1,1,1,1,4,22140.0,-1,11.381,-11.3,-6.14,-74.65,0,0,DCHG, ,
31580.3,1,1,1,1,4,22145.0,-0.99,11.381,-11.2,-6.14,-74.67,0,0,DCHG, ,
31585.3,1,1,1,1,4,22150.0,-1,11.38,-11.3,-6.14,-74.68,0,0,DCHG, ,
31590.3,1,1,1,1,4,22155.0,-1,11.379,-11.3,-6.14,-74.7,0,0,DCHG, ,
31595.3,1,1,1,1,4,22160.0,-1,11.379,-11.3,-6.15,-74.71,0,0,DCHG, ,
31600.3,1,1,1,1,4,22165.0,-1,11.378,-11.3,-6.15,-74.73,0,0,DCHG, ,
31605.3,1,1,1,1,4,22170.0,-1,11.377,-11.3,-6.15,-74.74,0,0,DCHG, ,
31610.3,1,1,1,1,4,22175.0,-1,11.378,-11.3,-6.15,-74.76,0,0,DCHG, ,
31615.3,1,1,1,1,4,22180.0,-1,11.376,-11.3,-6.15,-74.77,0,0,DCHG, ,
31620.3,1,1,1,1,4,22185.0,-1,11.376,-11.3,-6.15,-74.79,0,0,DCHG, ,
31625.3,1,1,1,1,4,22190.0,-1,11.375,-11.3,-6.15,-74.81,0,0,DCHG, ,
31630.3,1,1,1,1,4,22195.0,-1,11.375,-11.3,-6.16,-74.82,0,0,DCHG, ,
31635.3,1,1,1,1,4,22200.0,-1,11.375,-11.3,-6.16,-74.84,0,0,DCHG, ,
31640.3,1,1,1,1,4,22205.0,-1,11.374,-11.3,-6.16,-74.85,0,0,DCHG, ,
31645.3,1,1,1,1,4,22210.0,-1,11.373,-11.3,-6.16,-74.87,0,0,DCHG, ,
31650.3,1,1,1,1,4,22215.0,-1,11.373,-11.3,-6.16,-74.88,0,0,DCHG, ,
31655.3,1,1,1,1,4,22220.0,-1,11.372,-11.3,-6.16,-74.9,0,0,DCHG, ,
31660.3,1,1,1,1,4,22225.0,-1,11.372,-11.3,-6.16,-74.92,0,0,DCHG, ,
31665.3,1,1,1,1,4,22230.0,-1,11.371,-11.3,-6.17,-74.93,0,0,DCHG, ,
31670.3,1,1,1,1,4,22235.0,-1,11.37,-11.3,-6.17,-74.95,0,0,DCHG, ,
31675.3,1,1,1,1,4,22240.0,-1,11.37,-11.3,-6.17,-74.96,0,0,DCHG, ,
31680.3,1,1,1,1,4,22245.0,-1,11.369,-11.3,-6.17,-74.98,0,0,DCHG, ,
31685.3,1,1,1,1,4,22250.0,-1,11.368,-11.3,-6.17,-74.99,0,0,DCHG, ,
31690.3,1,1,1,1,4,22255.0,-1,11.368,-11.3,-6.17,-75.01,0,0,DCHG, ,
31695.3,1,1,1,1,4,22260.0,-1,11.368,-11.3,-6.17,-75.03,0,0,DCHG, ,
31700.3,1,1,1,1,4,22265.0,-1,11.367,-11.3,-6.18,-75.04,0,0,DCHG, ,
31705.3,1,1,1,1,4,22270.0,-1,11.366,-11.3,-6.18,-75.06,0,0,DCHG, ,
31710.3,1,1,1,1,4,22275.0,-1,11.366,-11.3,-6.18,-75.07,0,0,DCHG, ,
31715.3,1,1,1,1,4,22280.0,-1,11.365,-11.3,-6.18,-75.09,0,0,DCHG, ,
31720.3,1,1,1,1,4,22285.0,-1,11.365,-11.3,-6.18,-75.1,0,0,DCHG, ,
31725.3,1,1,1,1,4,22290.0,-1,11.364,-11.3,-6.18,-75.12,0,0,DCHG, ,
31730.3,1,1,1,1,4,22295.0,-1,11.363,-11.3,-6.18,-75.14,0,0,DCHG, ,
31735.3,1,1,1,1,4,22300.0,-1,11.363,-11.3,-6.18,-75.15,0,0,DCHG, ,
31740.3,1,1,1,1,4,22305.0,-1,11.362,-11.3,-6.19,-75.17,0,0,DCHG, ,
31745.3,1,1,1,1,4,22310.0,-1,11.362,-11.3,-6.19,-75.18,0,0,DCHG, ,
31750.3,1,1,1,1,4,22315.0,-1,11.361,-11.3,-6.19,-75.2,0,0,DCHG, ,
31755.3,1,1,1,1,4,22320.0,-1,11.36,-11.3,-6.19,-75.21,0,0,DCHG, ,
31760.3,1,1,1,1,4,22325.0,-1,11.36,-11.3,-6.19,-75.23,0,0,DCHG, ,
31765.3,1,1,1,1,4,22330.0,-1,11.359,-11.3,-6.19,-75.25,0,0,DCHG, ,
31770.3,1,1,1,1,4,22335.0,-0.99,11.358,-11.2,-6.19,-75.26,0,0,DCHG, ,
31775.3,1,1,1,1,4,22340.0,-1,11.358,-11.3,-6.2,-75.28,0,0,DCHG, ,
31780.3,1,1,1,1,4,22345.0,-1,11.358,-11.3,-6.2,-75.29,0,0,DCHG, ,
31785.3,1,1,1,1,4,22350.0,-1,11.356,-11.3,-6.2,-75.31,0,0,DCHG, ,
31790.3,1,1,1,1,4,22355.0,-0.99,11.356,-11.2,-6.2,-75.32,0,0,DCHG, ,
31795.3,1,1,1,1,4,22360.0,-1,11.356,-11.3,-6.2,-75.34,0,0,DCHG, ,
31800.3,1,1,1,1,4,22365.0,-1,11.355,-11.3,-6.2,-75.36,0,0,DCHG, ,
31805.3,1,1,1,1,4,22370.0,-0.99,11.354,-11.2,-6.2,-75.37,0,0,DCHG, ,
31810.3,1,1,1,1,4,22375.0,-1,11.354,-11.3,-6.21,-75.39,0,0,DCHG, ,
31815.3,1,1,1,1,4,22380.0,-1,11.353,-11.3,-6.21,-75.4,0,0,DCHG, ,
31820.3,1,1,1,1,4,22385.0,-0.99,11.352,-11.2,-6.21,-75.42,0,0,DCHG, ,
31825.3,1,1,1,1,4,22390.0,-1,11.352,-11.3,-6.21,-75.43,0,0,DCHG, ,
31830.3,1,1,1,1,4,22395.0,-1,11.351,-11.3,-6.21,-75.45,0,0,DCHG, ,
31835.3,1,1,1,1,4,22400.0,-1,11.351,-11.3,-6.21,-75.46,0,0,DCHG, ,
31840.3,1,1,1,1,4,22405.0,-1,11.35,-11.3,-6.21,-75.48,0,0,DCHG, ,
31845.3,1,1,1,1,4,22410.0,-1,11.349,-11.3,-6.22,-75.5,0,0,DCHG, ,
31850.3,1,1,1,1,4,22415.0,-1,11.349,-11.3,-6.22,-75.51,0,0,DCHG, ,
31855.3,1,1,1,1,4,22420.0,-1,11.348,-11.3,-6.22,-75.53,0,0,DCHG, ,
31860.3,1,1,1,1,4,22425.0,-1,11.348,-11.3,-6.22,-75.54,0,0,DCHG, ,
31865.3,1,1,1,1,4,22430.0,-1,11.347,-11.3,-6.22,-75.56,0,0,DCHG, ,
31870.3,1,1,1,1,4,22435.0,-1,11.346,-11.3,-6.22,-75.57,0,0,DCHG, ,
31875.3,1,1,1,1,4,22440.0,-1,11.346,-11.3,-6.22,-75.59,0,0,DCHG, ,
31880.3,1,1,1,1,4,22445.0,-1,11.345,-11.3,-6.23,-75.61,0,0,DCHG, ,
31885.3,1,1,1,1,4,22450.0,-1,11.345,-11.3,-6.23,-75.62,0,0,DCHG, ,
31890.3,1,1,1,1,4,22455.0,-1,11.344,-11.3,-6.23,-75.64,0,0,DCHG, ,
31895.3,1,1,1,1,4,22460.0,-1,11.344,-11.3,-6.23,-75.65,0,0,DCHG, ,
31900.3,1,1,1,1,4,22465.0,-1,11.343,-11.3,-6.23,-75.67,0,0,DCHG, ,
31905.3,1,1,1,1,4,22470.0,-1,11.342,-11.3,-6.23,-75.68,0,0,DCHG, ,
31910.3,1,1,1,1,4,22475.0,-1,11.341,-11.3,-6.23,-75.7,0,0,DCHG, ,
31915.3,1,1,1,1,4,22480.0,-1,11.341,-11.3,-6.23,-75.72,0,0,DCHG, ,
31920.3,1,1,1,1,4,22485.0,-1,11.34,-11.3,-6.24,-75.73,0,0,DCHG, ,
31925.3,1,1,1,1,4,22490.0,-1,11.34,-11.3,-6.24,-75.75,0,0,DCHG, ,
31930.3,1,1,1,1,4,22495.0,-1,11.339,-11.3,-6.24,-75.76,0,0,DCHG, ,
31935.3,1,1,1,1,4,22500.0,-1,11.339,-11.3,-6.24,-75.78,0,0,DCHG, ,
31940.3,1,1,1,1,4,22505.0,-1,11.338,-11.3,-6.24,-75.79,0,0,DCHG, ,
31945.3,1,1,1,1,4,22510.0,-1,11.338,-11.3,-6.24,-75.81,0,0,DCHG, ,
31950.3,1,1,1,1,4,22515.0,-1,11.336,-11.3,-6.24,-75.83,0,0,DCHG, ,
31955.3,1,1,1,1,4,22520.0,-0.99,11.336,-11.2,-6.25,-75.84,0,0,DCHG, ,
31960.3,1,1,1,1,4,22525.0,-1,11.335,-11.3,-6.25,-75.86,0,0,DCHG, ,
31965.3,1,1,1,1,4,22530.0,-1,11.335,-11.3,-6.25,-75.87,0,0,DCHG, ,
31970.3,1,1,1,1,4,22535.0,-1,11.334,-11.3,-6.25,-75.89,0,0,DCHG, ,
31975.3,1,1,1,1,4,22540.0,-1,11.334,-11.3,-6.25,-75.9,0,0,DCHG, ,
31980.3,1,1,1,1,4,22545.0,-1,11.333,-11.3,-6.25,-75.92,0,0,DCHG, ,
31985.3,1,1,1,1,4,22550.0,-1,11.332,-11.3,-6.25,-75.94,0,0,DCHG, ,
31990.3,1,1,1,1,4,22555.0,-1,11.332,-11.3,-6.26,-75.95,0,0,DCHG, ,
31995.3,1,1,1,1,4,22560.0,-1,11.331,-11.3,-6.26,-75.97,0,0,DCHG, ,
32000.3,1,1,1,1,4,22565.0,-1,11.33,-11.3,-6.26,-75.98,0,0,DCHG, ,
32005.3,1,1,1,1,4,22570.0,-1,11.329,-11.3,-6.26,-76,0,0,DCHG, ,
32010.3,1,1,1,1,4,22575.0,-1,11.329,-11.3,-6.26,-76.01,0,0,DCHG, ,
32015.3,1,1,1,1,4,22580.0,-1,11.328,-11.3,-6.26,-76.03,0,0,DCHG, ,
32020.3,1,1,1,1,4,22585.0,-1,11.328,-11.3,-6.26,-76.05,0,0,DCHG, ,
32025.3,1,1,1,1,4,22590.0,-1,11.327,-11.3,-6.27,-76.06,0,0,DCHG, ,
32030.3,1,1,1,1,4,22595.0,-1,11.327,-11.3,-6.27,-76.08,0,0,DCHG, ,
32035.3,1,1,1,1,4,22600.0,-1,11.326,-11.3,-6.27,-76.09,0,0,DCHG, ,
32040.3,1,1,1,1,4,22605.0,-1,11.325,-11.3,-6.27,-76.11,0,0,DCHG, ,
32045.3,1,1,1,1,4,22610.0,-1,11.324,-11.3,-6.27,-76.12,0,0,DCHG, ,
32050.3,1,1,1,1,4,22615.0,-1,11.324,-11.3,-6.27,-76.14,0,0,DCHG, ,
32055.3,1,1,1,1,4,22620.0,-1,11.323,-11.3,-6.27,-76.16,0,0,DCHG, ,
32060.3,1,1,1,1,4,22625.0,-1,11.323,-11.3,-6.28,-76.17,0,0,DCHG, ,
32065.3,1,1,1,1,4,22630.0,-1,11.322,-11.3,-6.28,-76.19,0,0,DCHG, ,
32070.3,1,1,1,1,4,22635.0,-1,11.321,-11.3,-6.28,-76.2,0,0,DCHG, ,
32075.3,1,1,1,1,4,22640.0,-1,11.321,-11.3,-6.28,-76.22,0,0,DCHG, ,
32080.3,1,1,1,1,4,22645.0,-1,11.32,-11.3,-6.28,-76.23,0,0,DCHG, ,
32085.3,1,1,1,1,4,22650.0,-1,11.319,-11.3,-6.28,-76.25,0,0,DCHG, ,
32090.3,1,1,1,1,4,22655.0,-1,11.319,-11.3,-6.28,-76.26,0,0,DCHG, ,
32095.3,1,1,1,1,4,22660.0,-1,11.318,-11.3,-6.28,-76.28,0,0,DCHG, ,
32100.3,1,1,1,1,4,22665.0,-1,11.318,-11.3,-6.29,-76.3,0,0,DCHG, ,
32105.3,1,1,1,1,4,22670.0,-1,11.317,-11.3,-6.29,-76.31,0,0,DCHG, ,
32110.3,1,1,1,1,4,22675.0,-1,11.316,-11.2,-6.29,-76.33,0,0,DCHG, ,
32115.3,1,1,1,1,4,22680.0,-1,11.316,-11.3,-6.29,-76.34,0,0,DCHG, ,
32120.3,1,1,1,1,4,22685.0,-1,11.315,-11.3,-6.29,-76.36,0,0,DCHG, ,
32125.3,1,1,1,1,4,22690.0,-1,11.314,-11.3,-6.29,-76.37,0,0,DCHG, ,
32130.3,1,1,1,1,4,22695.0,-1,11.314,-11.3,-6.29,-76.39,0,0,DCHG, ,
32135.3,1,1,1,1,4,22700.0,-1,11.313,-11.2,-6.3,-76.41,0,0,DCHG, ,
32140.3,1,1,1,1,4,22705.0,-1,11.313,-11.2,-6.3,-76.42,0,0,DCHG, ,
32145.3,1,1,1,1,4,22710.0,-1,11.312,-11.2,-6.3,-76.44,0,0,DCHG, ,
32150.3,1,1,1,1,4,22715.0,-1,11.312,-11.2,-6.3,-76.45,0,0,DCHG, ,
32155.3,1,1,1,1,4,22720.0,-1,11.31,-11.2,-6.3,-76.47,0,0,DCHG, ,
32160.3,1,1,1,1,4,22725.0,-1,11.31,-11.2,-6.3,-76.48,0,0,DCHG, ,
32165.3,1,1,1,1,4,22730.0,-1,11.309,-11.2,-6.3,-76.5,0,0,DCHG, ,
32170.3,1,1,1,1,4,22735.0,-1,11.309,-11.2,-6.31,-76.51,0,0,DCHG, ,
32175.3,1,1,1,1,4,22740.0,-1,11.308,-11.2,-6.31,-76.53,0,0,DCHG, ,
32180.3,1,1,1,1,4,22745.0,-1,11.307,-11.2,-6.31,-76.55,0,0,DCHG, ,
32185.3,1,1,1,1,4,22750.0,-1,11.306,-11.2,-6.31,-76.56,0,0,DCHG, ,
32190.3,1,1,1,1,4,22755.0,-1,11.306,-11.2,-6.31,-76.58,0,0,DCHG, ,
32195.3,1,1,1,1,4,22760.0,-1,11.305,-11.2,-6.31,-76.59,0,0,DCHG, ,
32200.3,1,1,1,1,4,22765.0,-1,11.304,-11.2,-6.31,-76.61,0,0,DCHG, ,
32205.3,1,1,1,1,4,22770.0,-1,11.304,-11.2,-6.32,-76.62,0,0,DCHG, ,
32210.3,1,1,1,1,4,22775.0,-1,11.303,-11.3,-6.32,-76.64,0,0,DCHG, ,
32215.3,1,1,1,1,4,22780.0,-1,11.303,-11.2,-6.32,-76.66,0,0,DCHG, ,
32220.3,1,1,1,1,4,22785.0,-0.99,11.302,-11.2,-6.32,-76.67,0,0,DCHG, ,
32225.3,1,1,1,1,4,22790.0,-1,11.301,-11.2,-6.32,-76.69,0,0,DCHG, ,
32230.3,1,1,1,1,4,22795.0,-1,11.301,-11.3,-6.32,-76.7,0,0,DCHG, ,
32235.3,1,1,1,1,4,22800.0,-1,11.3,-11.2,-6.32,-76.72,0,0,DCHG, ,
32240.3,1,1,1,1,4,22805.0,-1,11.299,-11.2,-6.33,-76.73,0,0,DCHG, ,
32245.3,1,1,1,1,4,22810.0,-0.99,11.298,-11.2,-6.33,-76.75,0,0,DCHG, ,
32250.3,1,1,1,1,4,22815.0,-0.99,11.298,-11.1,-6.33,-76.76,0,0,DCHG, ,
32255.3,1,1,1,1,4,22820.0,-1,11.297,-11.2,-6.33,-76.78,0,0,DCHG, ,
32260.3,1,1,1,1,4,22825.0,-1,11.296,-11.2,-6.33,-76.8,0,0,DCHG, ,
32265.3,1,1,1,1,4,22830.0,-1,11.296,-11.2,-6.33,-76.81,0,0,DCHG, ,
32270.3,1,1,1,1,4,22835.0,-1,11.295,-11.2,-6.33,-76.83,0,0,DCHG, ,
32275.3,1,1,1,1,4,22840.0,-1,11.295,-11.2,-6.33,-76.84,0,0,DCHG, ,
32280.3,1,1,1,1,4,22845.0,-0.99,11.294,-11.2,-6.34,-76.86,0,0,DCHG, ,
32285.3,1,1,1,1,4,22850.0,-1,11.293,-11.2,-6.34,-76.87,0,0,DCHG, ,
32290.3,1,1,1,1,4,22855.0,-1,11.293,-11.2,-6.34,-76.89,0,0,DCHG, ,
32295.3,1,1,1,1,4,22860.0,-0.99,11.292,-11.1,-6.34,-76.9,0,0,DCHG, ,
32300.3,1,1,1,1,4,22865.0,-1,11.292,-11.2,-6.34,-76.92,0,0,DCHG, ,
32305.3,1,1,1,1,4,22870.0,-1,11.291,-11.2,-6.34,-76.94,0,0,DCHG, ,
32310.3,1,1,1,1,4,22875.0,-1,11.29,-11.2,-6.34,-76.95,0,0,DCHG, ,
32315.3,1,1,1,1,4,22880.0,-0.99,11.289,-11.2,-6.35,-76.97,0,0,DCHG, ,
32320.3,1,1,1,1,4,22885.0,-1,11.288,-11.2,-6.35,-76.98,0,0,DCHG, ,
32325.3,1,1,1,1,4,22890.0,-1,11.288,-11.2,-6.35,-77,0,0,DCHG, ,
32330.3,1,1,1,1,4,22895.0,-1,11.287,-11.2,-6.35,-77.01,0,0,DCHG, ,
32335.3,1,1,1,1,4,22900.0,-1,11.286,-11.2,-6.35,-77.03,0,0,DCHG, ,
32340.3,1,1,1,1,4,22905.0,-1,11.286,-11.2,-6.35,-77.04,0,0,DCHG, ,
32345.3,1,1,1,1,4,22910.0,-0.99,11.285,-11.1,-6.35,-77.06,0,0,DCHG, ,
32350.3,1,1,1,1,4,22915.0,-1,11.284,-11.2,-6.36,-77.07,0,0,DCHG, ,
32355.3,1,1,1,1,4,22920.0,-1,11.284,-11.2,-6.36,-77.09,0,0,DCHG, ,
32360.3,1,1,1,1,4,22925.0,-1,11.283,-11.2,-6.36,-77.11,0,0,DCHG, ,
32365.3,1,1,1,1,4,22930.0,-1,11.282,-11.2,-6.36,-77.12,0,0,DCHG, ,
32370.3,1,1,1,1,4,22935.0,-1,11.281,-11.2,-6.36,-77.14,0,0,DCHG, ,
32375.3,1,1,1,1,4,22940.0,-1,11.281,-11.2,-6.36,-77.15,0,0,DCHG, ,
32380.3,1,1,1,1,4,22945.0,-1,11.28,-11.2,-6.36,-77.17,0,0,DCHG, ,
32385.3,1,1,1,1,4,22950.0,-1,11.28,-11.2,-6.37,-77.18,0,0,DCHG, ,
32390.3,1,1,1,1,4,22955.0,-1,11.278,-11.2,-6.37,-77.2,0,0,DCHG, ,
32395.3,1,1,1,1,4,22960.0,-1,11.278,-11.2,-6.37,-77.21,0,0,DCHG, ,
32400.3,1,1,1,1,4,22965.0,-1,11.277,-11.2,-6.37,-77.23,0,0,DCHG, ,
32405.3,1,1,1,1,4,22970.0,-1,11.277,-11.2,-6.37,-77.25,0,0,DCHG, ,
32410.3,1,1,1,1,4,22975.0,-1,11.276,-11.2,-6.37,-77.26,0,0,DCHG, ,
32415.3,1,1,1,1,4,22980.0,-1,11.275,-11.2,-6.37,-77.28,0,0,DCHG, ,
32420.3,1,1,1,1,4,22985.0,-1,11.275,-11.2,-6.38,-77.29,0,0,DCHG, ,
32425.3,1,1,1,1,4,22990.0,-1,11.274,-11.2,-6.38,-77.31,0,0,DCHG, ,
32430.3,1,1,1,1,4,22995.0,-1,11.273,-11.2,-6.38,-77.32,0,0,DCHG, ,
32435.3,1,1,1,1,4,23000.0,-0.99,11.273,-11.1,-6.38,-77.34,0,0,DCHG, ,
32440.3,1,1,1,1,4,23005.0,-1,11.272,-11.2,-6.38,-77.35,0,0,DCHG, ,
32445.3,1,1,1,1,4,23010.0,-1,11.271,-11.2,-6.38,-77.37,0,0,DCHG, ,
32450.3,1,1,1,1,4,23015.0,-1,11.271,-11.2,-6.38,-77.39,0,0,DCHG, ,
32455.3,1,1,1,1,4,23020.0,-1,11.269,-11.2,-6.38,-77.4,0,0,DCHG, ,
32460.3,1,1,1,1,4,23025.0,-1,11.269,-11.2,-6.39,-77.42,0,0,DCHG, ,
32465.3,1,1,1,1,4,23030.0,-1,11.268,-11.2,-6.39,-77.43,0,0,DCHG, ,
32470.3,1,1,1,1,4,23035.0,-1,11.267,-11.2,-6.39,-77.45,0,0,DCHG, ,
32475.3,1,1,1,1,4,23040.0,-0.99,11.267,-11.1,-6.39,-77.46,0,0,DCHG, ,
32480.3,1,1,1,1,4,23045.0,-1,11.266,-11.2,-6.39,-77.48,0,0,DCHG, ,
32485.3,1,1,1,1,4,23050.0,-1,11.265,-11.2,-6.39,-77.49,0,0,DCHG, ,
32490.3,1,1,1,1,4,23055.0,-1,11.265,-11.2,-6.39,-77.51,0,0,DCHG, ,
32495.3,1,1,1,1,4,23060.0,-1,11.264,-11.2,-6.4,-77.53,0,0,DCHG, ,
32500.3,1,1,1,1,4,23065.0,-1,11.264,-11.2,-6.4,-77.54,0,0,DCHG, ,
32505.3,1,1,1,1,4,23070.0,-1,11.263,-11.2,-6.4,-77.56,0,0,DCHG, ,
32510.3,1,1,1,1,4,23075.0,-1,11.262,-11.2,-6.4,-77.57,0,0,DCHG, ,
32515.3,1,1,1,1,4,23080.0,-0.99,11.261,-11.1,-6.4,-77.59,0,0,DCHG, ,
32520.3,1,1,1,1,4,23085.0,-0.99,11.26,-11.1,-6.4,-77.6,0,0,DCHG, ,
32525.3,1,1,1,1,4,23090.0,-1,11.26,-11.2,-6.4,-77.62,0,0,DCHG, ,
32530.3,1,1,1,1,4,23095.0,-1,11.259,-11.2,-6.41,-77.63,0,0,DCHG, ,
32535.3,1,1,1,1,4,23100.0,-1,11.258,-11.2,-6.41,-77.65,0,0,DCHG, ,
32540.3,1,1,1,1,4,23105.0,-1,11.258,-11.2,-6.41,-77.67,0,0,DCHG, ,
32545.3,1,1,1,1,4,23110.0,-1,11.257,-11.2,-6.41,-77.68,0,0,DCHG, ,
32550.3,1,1,1,1,4,23115.0,-1,11.256,-11.2,-6.41,-77.7,0,0,DCHG, ,
32555.3,1,1,1,1,4,23120.0,-1,11.256,-11.2,-6.41,-77.71,0,0,DCHG, ,
32560.3,1,1,1,1,4,23125.0,-1,11.255,-11.2,-6.41,-77.73,0,0,DCHG, ,
32565.3,1,1,1,1,4,23130.0,-1,11.254,-11.2,-6.42,-77.74,0,0,DCHG, ,
32570.3,1,1,1,1,4,23135.0,-1,11.253,-11.2,-6.42,-77.76,0,0,DCHG, ,
32575.3,1,1,1,1,4,23140.0,-1,11.252,-11.2,-6.42,-77.77,0,0,DCHG, ,
32580.3,1,1,1,1,4,23145.0,-1,11.251,-11.2,-6.42,-77.79,0,0,DCHG, ,
32585.3,1,1,1,1,4,23150.0,-1,11.251,-11.2,-6.42,-77.81,0,0,DCHG, ,
32590.3,1,1,1,1,4,23155.0,-1,11.25,-11.2,-6.42,-77.82,0,0,DCHG, ,
32595.3,1,1,1,1,4,23160.0,-1,11.249,-11.2,-6.42,-77.84,0,0,DCHG, ,
32600.3,1,1,1,1,4,23165.0,-1,11.249,-11.2,-6.43,-77.85,0,0,DCHG, ,
32605.3,1,1,1,1,4,23170.0,-1,11.248,-11.2,-6.43,-77.87,0,0,DCHG, ,
32610.3,1,1,1,1,4,23175.0,-1,11.248,-11.2,-6.43,-77.88,0,0,DCHG, ,
32615.3,1,1,1,1,4,23180.0,-1,11.246,-11.2,-6.43,-77.9,0,0,DCHG, ,
32620.3,1,1,1,1,4,23185.0,-1,11.246,-11.2,-6.43,-77.91,0,0,DCHG, ,
32625.3,1,1,1,1,4,23190.0,-1,11.245,-11.2,-6.43,-77.93,0,0,DCHG, ,
32630.3,1,1,1,1,4,23195.0,-1,11.244,-11.2,-6.43,-77.95,0,0,DCHG, ,
32635.3,1,1,1,1,4,23200.0,-1,11.244,-11.2,-6.43,-77.96,0,0,DCHG, ,
32640.3,1,1,1,1,4,23205.0,-1,11.243,-11.2,-6.44,-77.98,0,0,DCHG, ,
32645.3,1,1,1,1,4,23210.0,-1,11.242,-11.2,-6.44,-77.99,0,0,DCHG, ,
32650.3,1,1,1,1,4,23215.0,-1,11.241,-11.2,-6.44,-78.01,0,0,DCHG, ,
32655.3,1,1,1,1,4,23220.0,-1,11.24,-11.2,-6.44,-78.02,0,0,DCHG, ,
32660.3,1,1,1,1,4,23225.0,-1,11.24,-11.2,-6.44,-78.04,0,0,DCHG, ,
32665.3,1,1,1,1,4,23230.0,-1,11.239,-11.2,-6.44,-78.05,0,0,DCHG, ,
32670.3,1,1,1,1,4,23235.0,-1,11.238,-11.2,-6.44,-78.07,0,0,DCHG, ,
32675.3,1,1,1,1,4,23240.0,-1,11.238,-11.2,-6.45,-78.09,0,0,DCHG, ,
32680.3,1,1,1,1,4,23245.0,-1,11.237,-11.2,-6.45,-78.1,0,0,DCHG, ,
32685.3,1,1,1,1,4,23250.0,-1,11.236,-11.2,-6.45,-78.12,0,0,DCHG, ,
32690.3,1,1,1,1,4,23255.0,-1,11.235,-11.2,-6.45,-78.13,0,0,DCHG, ,
32695.3,1,1,1,1,4,23260.0,-1,11.235,-11.2,-6.45,-78.15,0,0,DCHG, ,
32700.3,1,1,1,1,4,23265.0,-1,11.234,-11.2,-6.45,-78.16,0,0,DCHG, ,
32705.3,1,1,1,1,4,23270.0,-1,11.233,-11.2,-6.45,-78.18,0,0,DCHG, ,
32710.3,1,1,1,1,4,23275.0,-1,11.233,-11.2,-6.46,-78.19,0,0,DCHG, ,
32715.3,1,1,1,1,4,23280.0,-1,11.232,-11.2,-6.46,-78.21,0,0,DCHG, ,
32720.3,1,1,1,1,4,23285.0,-1,11.231,-11.2,-6.46,-78.23,0,0,DCHG, ,
32725.3,1,1,1,1,4,23290.0,-1,11.23,-11.2,-6.46,-78.24,0,0,DCHG, ,
32730.3,1,1,1,1,4,23295.0,-1,11.229,-11.2,-6.46,-78.26,0,0,DCHG, ,
32735.3,1,1,1,1,4,23300.0,-1,11.229,-11.2,-6.46,-78.27,0,0,DCHG, ,
32740.3,1,1,1,1,4,23305.0,-1,11.228,-11.2,-6.46,-78.29,0,0,DCHG, ,
32745.3,1,1,1,1,4,23310.0,-1,11.227,-11.2,-6.47,-78.3,0,0,DCHG, ,
32750.3,1,1,1,1,4,23315.0,-0.99,11.226,-11.1,-6.47,-78.32,0,0,DCHG, ,
32755.3,1,1,1,1,4,23320.0,-0.99,11.226,-11.1,-6.47,-78.33,0,0,DCHG, ,
32760.3,1,1,1,1,4,23325.0,-1,11.225,-11.2,-6.47,-78.35,0,0,DCHG, ,
32765.3,1,1,1,1,4,23330.0,-1,11.224,-11.2,-6.47,-78.37,0,0,DCHG, ,
32770.3,1,1,1,1,4,23335.0,-1,11.223,-11.2,-6.47,-78.38,0,0,DCHG, ,
32775.3,1,1,1,1,4,23340.0,-1,11.222,-11.2,-6.47,-78.4,0,0,DCHG, ,
32780.3,1,1,1,1,4,23345.0,-0.99,11.222,-11.1,-6.48,-78.41,0,0,DCHG, ,
32785.3,1,1,1,1,4,23350.0,-1,11.22,-11.2,-6.48,-78.43,0,0,DCHG, ,
32790.3,1,1,1,1,4,23355.0,-1,11.22,-11.2,-6.48,-78.44,0,0,DCHG, ,
32795.3,1,1,1,1,4,23360.0,-1,11.219,-11.2,-6.48,-78.46,0,0,DCHG, ,
32800.3,1,1,1,1,4,23365.0,-1,11.219,-11.2,-6.48,-78.47,0,0,DCHG, ,
32805.3,1,1,1,1,4,23370.0,-1,11.218,-11.2,-6.48,-78.49,0,0,DCHG, ,
32810.3,1,1,1,1,4,23375.0,-1,11.217,-11.2,-6.48,-78.51,0,0,DCHG, ,
32815.3,1,1,1,1,4,23380.0,-1,11.216,-11.2,-6.48,-78.52,0,0,DCHG, ,
32820.3,1,1,1,1,4,23385.0,-1,11.215,-11.2,-6.49,-78.54,0,0,DCHG, ,
32825.3,1,1,1,1,4,23390.0,-1,11.215,-11.2,-6.49,-78.55,0,0,DCHG, ,
32830.3,1,1,1,1,4,23395.0,-1,11.213,-11.2,-6.49,-78.57,0,0,DCHG, ,
32835.3,1,1,1,1,4,23400.0,-1,11.212,-11.2,-6.49,-78.58,0,0,DCHG, ,
32840.3,1,1,1,1,4,23405.0,-1,11.212,-11.1,-6.49,-78.6,0,0,DCHG, ,
32845.3,1,1,1,1,4,23410.0,-1,11.211,-11.1,-6.49,-78.61,0,0,DCHG, ,
32850.3,1,1,1,1,4,23415.0,-1,11.21,-11.2,-6.49,-78.63,0,0,DCHG, ,
32855.3,1,1,1,1,4,23420.0,-1,11.209,-11.1,-6.5,-78.64,0,0,DCHG, ,
32860.3,1,1,1,1,4,23425.0,-1,11.209,-11.1,-6.5,-78.66,0,0,DCHG, ,
32865.3,1,1,1,1,4,23430.0,-1,11.208,-11.1,-6.5,-78.68,0,0,DCHG, ,
32870.3,1,1,1,1,4,23435.0,-1,11.207,-11.1,-6.5,-78.69,0,0,DCHG, ,
32875.3,1,1,1,1,4,23440.0,-1,11.206,-11.1,-6.5,-78.71,0,0,DCHG, ,
32880.3,1,1,1,1,4,23445.0,-1,11.206,-11.1,-6.5,-78.72,0,0,DCHG, ,
32885.3,1,1,1,1,4,23450.0,-1,11.204,-11.2,-6.5,-78.74,0,0,DCHG, ,
32890.3,1,1,1,1,4,23455.0,-1,11.204,-11.1,-6.51,-78.75,0,0,DCHG, ,
32895.3,1,1,1,1,4,23460.0,-1,11.203,-11.1,-6.51,-78.77,0,0,DCHG, ,
32900.3,1,1,1,1,4,23465.0,-1,11.202,-11.1,-6.51,-78.78,0,0,DCHG, ,
32905.3,1,1,1,1,4,23470.0,-1,11.201,-11.1,-6.51,-78.8,0,0,DCHG, ,
32910.3,1,1,1,1,4,23475.0,-1,11.201,-11.1,-6.51,-78.81,0,0,DCHG, ,
32915.3,1,1,1,1,4,23480.0,-1,11.2,-11.1,-6.51,-78.83,0,0,DCHG, ,
32920.3,1,1,1,1,4,23485.0,-1,11.199,-11.1,-6.51,-78.85,0,0,DCHG, ,
32925.3,1,1,1,1,4,23490.0,-1,11.198,-11.1,-6.52,-78.86,0,0,DCHG, ,
32930.3,1,1,1,1,4,23495.0,-1,11.198,-11.1,-6.52,-78.88,0,0,DCHG, ,
32935.3,1,1,1,1,4,23500.0,-1,11.196,-11.1,-6.52,-78.89,0,0,DCHG, ,
32940.3,1,1,1,1,4,23505.0,-1,11.196,-11.1,-6.52,-78.91,0,0,DCHG, ,
32945.3,1,1,1,1,4,23510.0,-1,11.195,-11.1,-6.52,-78.92,0,0,DCHG, ,
32950.3,1,1,1,1,4,23515.0,-0.99,11.194,-11,-6.52,-78.94,0,0,DCHG, ,
32955.3,1,1,1,1,4,23520.0,-1,11.193,-11.1,-6.52,-78.95,0,0,DCHG, ,
32960.3,1,1,1,1,4,23525.0,-1,11.192,-11.1,-6.53,-78.97,0,0,DCHG, ,
32965.3,1,1,1,1,4,23530.0,-1,11.192,-11.1,-6.53,-78.98,0,0,DCHG, ,
32970.3,1,1,1,1,4,23535.0,-1,11.19,-11.1,-6.53,-79,0,0,DCHG, ,
32975.3,1,1,1,1,4,23540.0,-1,11.19,-11.1,-6.53,-79.01,0,0,DCHG, ,
32980.3,1,1,1,1,4,23545.0,-1,11.189,-11.1,-6.53,-79.03,0,0,DCHG, ,
32985.3,1,1,1,1,4,23550.0,-1,11.188,-11.1,-6.53,-79.05,0,0,DCHG, ,
32990.3,1,1,1,1,4,23555.0,-0.99,11.187,-11,-6.53,-79.06,0,0,DCHG, ,
32995.3,1,1,1,1,4,23560.0,-1,11.186,-11.1,-6.53,-79.08,0,0,DCHG, ,
33000.3,1,1,1,1,4,23565.0,-1,11.185,-11.1,-6.54,-79.09,0,0,DCHG, ,
33005.3,1,1,1,1,4,23570.0,-1,11.184,-11.1,-6.54,-79.11,0,0,DCHG, ,
33010.3,1,1,1,1,4,23575.0,-1,11.184,-11.1,-6.54,-79.12,0,0,DCHG, ,
33015.3,1,1,1,1,4,23580.0,-1,11.183,-11.1,-6.54,-79.14,0,0,DCHG, ,
33020.3,1,1,1,1,4,23585.0,-1,11.181,-11.1,-6.54,-79.15,0,0,DCHG, ,
33025.3,1,1,1,1,4,23590.0,-1,11.181,-11.1,-6.54,-79.17,0,0,DCHG, ,
33030.3,1,1,1,1,4,23595.0,-1,11.18,-11.1,-6.54,-79.18,0,0,DCHG, ,
33035.3,1,1,1,1,4,23600.0,-1,11.179,-11.1,-6.55,-79.2,0,0,DCHG, ,
33040.3,1,1,1,1,4,23605.0,-1,11.179,-11.1,-6.55,-79.22,0,0,DCHG, ,
33045.3,1,1,1,1,4,23610.0,-1,11.178,-11.1,-6.55,-79.23,0,0,DCHG, ,
33050.3,1,1,1,1,4,23615.0,-1,11.177,-11.1,-6.55,-79.25,0,0,DCHG, ,
33055.3,1,1,1,1,4,23620.0,-1,11.176,-11.1,-6.55,-79.26,0,0,DCHG, ,
33060.3,1,1,1,1,4,23625.0,-1,11.175,-11.1,-6.55,-79.28,0,0,DCHG, ,
33065.3,1,1,1,1,4,23630.0,-1,11.174,-11.1,-6.55,-79.29,0,0,DCHG, ,
33070.3,1,1,1,1,4,23635.0,-1,11.173,-11.1,-6.56,-79.31,0,0,DCHG, ,
33075.3,1,1,1,1,4,23640.0,-1,11.173,-11.1,-6.56,-79.32,0,0,DCHG, ,
33080.3,1,1,1,1,4,23645.0,-1,11.172,-11.1,-6.56,-79.34,0,0,DCHG, ,
33085.3,1,1,1,1,4,23650.0,-1,11.171,-11.1,-6.56,-79.35,0,0,DCHG, ,
33090.3,1,1,1,1,4,23655.0,-1,11.169,-11.1,-6.56,-79.37,0,0,DCHG, ,
33095.3,1,1,1,1,4,23660.0,-1,11.17,-11.1,-6.56,-79.38,0,0,DCHG, ,
33100.3,1,1,1,1,4,23665.0,-1,11.168,-11.1,-6.56,-79.4,0,0,DCHG, ,
33105.3,1,1,1,1,4,23670.0,-1,11.167,-11.1,-6.57,-79.42,0,0,DCHG, ,
33110.3,1,1,1,1,4,23675.0,-0.99,11.166,-11,-6.57,-79.43,0,0,DCHG, ,
33115.3,1,1,1,1,4,23680.0,-1,11.165,-11.1,-6.57,-79.45,0,0,DCHG, ,
33120.3,1,1,1,1,4,23685.0,-1,11.164,-11.1,-6.57,-79.46,0,0,DCHG, ,
33125.3,1,1,1,1,4,23690.0,-1,11.163,-11.1,-6.57,-79.48,0,0,DCHG, ,
33130.3,1,1,1,1,4,23695.0,-1,11.162,-11.1,-6.57,-79.49,0,0,DCHG, ,
33135.3,1,1,1,1,4,23700.0,-1,11.162,-11.1,-6.57,-79.51,0,0,DCHG, ,
33140.3,1,1,1,1,4,23705.0,-1,11.161,-11.1,-6.58,-79.52,0,0,DCHG, ,
33145.3,1,1,1,1,4,23710.0,-1,11.16,-11.1,-6.58,-79.54,0,0,DCHG, ,
33150.3,1,1,1,1,4,23715.0,-1,11.159,-11.1,-6.58,-79.55,0,0,DCHG, ,
33155.3,1,1,1,1,4,23720.0,-1,11.158,-11.1,-6.58,-79.57,0,0,DCHG, ,
33160.3,1,1,1,1,4,23725.0,-1,11.157,-11.1,-6.58,-79.58,0,0,DCHG, ,
33165.3,1,1,1,1,4,23730.0,-1,11.156,-11.1,-6.58,-79.6,0,0,DCHG, ,
33170.3,1,1,1,1,4,23735.0,-1,11.155,-11.1,-6.58,-79.62,0,0,DCHG, ,
33175.3,1,1,1,1,4,23740.0,-1,11.155,-11.1,-6.58,-79.63,0,0,DCHG, ,
33180.3,1,1,1,1,4,23745.0,-1,11.153,-11.1,-6.59,-79.65,0,0,DCHG, ,
33185.3,1,1,1,1,4,23750.0,-1,11.152,-11.1,-6.59,-79.66,0,0,DCHG, ,
33190.3,1,1,1,1,4,23755.0,-1,11.151,-11.1,-6.59,-79.68,0,0,DCHG, ,
33195.3,1,1,1,1,4,23760.0,-1,11.15,-11.1,-6.59,-79.69,0,0,DCHG, ,
33200.3,1,1,1,1,4,23765.0,-1,11.15,-11.1,-6.59,-79.71,0,0,DCHG, ,
33205.3,1,1,1,1,4,23770.0,-1,11.149,-11.1,-6.59,-79.72,0,0,DCHG, ,
33210.3,1,1,1,1,4,23775.0,-1,11.148,-11.1,-6.59,-79.74,0,0,DCHG, ,
33215.3,1,1,1,1,4,23780.0,-1,11.147,-11.1,-6.6,-79.75,0,0,DCHG, ,
33220.3,1,1,1,1,4,23785.0,-1,11.146,-11.1,-6.6,-79.77,0,0,DCHG, ,
33225.3,1,1,1,1,4,23790.0,-0.99,11.146,-11,-6.6,-79.79,0,0,DCHG, ,
33230.3,1,1,1,1,4,23795.0,-1,11.144,-11.1,-6.6,-79.8,0,0,DCHG, ,
33235.3,1,1,1,1,4,23800.0,-1,11.144,-11.1,-6.6,-79.82,0,0,DCHG, ,
33240.3,1,1,1,1,4,23805.0,-1,11.143,-11.1,-6.6,-79.83,0,0,DCHG, ,
33245.3,1,1,1,1,4,23810.0,-1,11.141,-11.1,-6.6,-79.85,0,0,DCHG, ,
33250.3,1,1,1,1,4,23815.0,-1,11.14,-11.1,-6.61,-79.86,0,0,DCHG, ,
33255.3,1,1,1,1,4,23820.0,-1,11.14,-11.1,-6.61,-79.88,0,0,DCHG, ,
33260.3,1,1,1,1,4,23825.0,-0.99,11.138,-11,-6.61,-79.89,0,0,DCHG, ,
33265.3,1,1,1,1,4,23830.0,-1,11.138,-11.1,-6.61,-79.91,0,0,DCHG, ,
33270.3,1,1,1,1,4,23835.0,-1,11.137,-11.1,-6.61,-79.92,0,0,DCHG, ,
33275.3,1,1,1,1,4,23840.0,-1,11.136,-11.1,-6.61,-79.94,0,0,DCHG, ,
33280.3,1,1,1,1,4,23845.0,-1,11.135,-11.1,-6.61,-79.95,0,0,DCHG, ,
33285.3,1,1,1,1,4,23850.0,-1,11.134,-11.1,-6.62,-79.97,0,0,DCHG, ,
33290.3,1,1,1,1,4,23855.0,-1,11.133,-11.1,-6.62,-79.99,0,0,DCHG, ,
33295.3,1,1,1,1,4,23860.0,-1,11.132,-11.1,-6.62,-80,0,0,DCHG, ,
33300.3,1,1,1,1,4,23865.0,-1,11.131,-11.1,-6.62,-80.02,0,0,DCHG, ,
33305.3,1,1,1,1,4,23870.0,-1,11.13,-11.1,-6.62,-80.03,0,0,DCHG, ,
33310.3,1,1,1,1,4,23875.0,-1,11.129,-11.1,-6.62,-80.05,0,0,DCHG, ,
33315.3,1,1,1,1,4,23880.0,-1,11.128,-11.1,-6.62,-80.06,0,0,DCHG, ,
33320.3,1,1,1,1,4,23885.0,-1,11.127,-11.1,-6.62,-80.08,0,0,DCHG, ,
33325.3,1,1,1,1,4,23890.0,-1,11.126,-11.1,-6.63,-80.09,0,0,DCHG, ,
33330.3,1,1,1,1,4,23895.0,-1,11.125,-11.1,-6.63,-80.11,0,0,DCHG, ,
33335.3,1,1,1,1,4,23900.0,-1,11.124,-11.1,-6.63,-80.12,0,0,DCHG, ,
33340.3,1,1,1,1,4,23905.0,-0.99,11.122,-11,-6.63,-80.14,0,0,DCHG, ,
33345.3,1,1,1,1,4,23910.0,-1,11.122,-11.1,-6.63,-80.15,0,0,DCHG, ,
33350.3,1,1,1,1,4,23915.0,-0.99,11.121,-11,-6.63,-80.17,0,0,DCHG, ,
33355.3,1,1,1,1,4,23920.0,-1,11.12,-11.1,-6.63,-80.19,0,0,DCHG, ,
33360.3,1,1,1,1,4,23925.0,-1,11.119,-11.1,-6.64,-80.2,0,0,DCHG, ,
33365.3,1,1,1,1,4,23930.0,-1,11.118,-11.1,-6.64,-80.22,0,0,DCHG, ,
33370.3,1,1,1,1,4,23935.0,-1,11.117,-11.1,-6.64,-80.23,0,0,DCHG, ,
33375.3,1,1,1,1,4,23940.0,-1,11.116,-11.1,-6.64,-80.25,0,0,DCHG, ,
33380.3,1,1,1,1,4,23945.0,-1,11.115,-11.1,-6.64,-80.26,0,0,DCHG, ,
33385.3,1,1,1,1,4,23950.0,-1,11.114,-11.1,-6.64,-80.28,0,0,DCHG, ,
33390.3,1,1,1,1,4,23955.0,-1,11.113,-11.1,-6.64,-80.29,0,0,DCHG, ,
33395.3,1,1,1,1,4,23960.0,-1,11.111,-11.1,-6.65,-80.31,0,0,DCHG, ,
33400.3,1,1,1,1,4,23965.0,-1,11.111,-11,-6.65,-80.32,0,0,DCHG, ,
33405.3,1,1,1,1,4,23970.0,-1,11.11,-11,-6.65,-80.34,0,0,DCHG, ,
33410.3,1,1,1,1,4,23975.0,-1,11.109,-11,-6.65,-80.35,0,0,DCHG, ,
33415.3,1,1,1,1,4,23980.0,-0.99,11.108,-11,-6.65,-80.37,0,0,DCHG, ,
33420.3,1,1,1,1,4,23985.0,-1,11.107,-11.1,-6.65,-80.39,0,0,DCHG, ,
33425.3,1,1,1,1,4,23990.0,-1,11.106,-11,-6.65,-80.4,0,0,DCHG, ,
33430.3,1,1,1,1,4,23995.0,-1,11.104,-11.1,-6.66,-80.42,0,0,DCHG, ,
33435.3,1,1,1,1,4,24000.0,-1,11.104,-11,-6.66,-80.43,0,0,DCHG, ,
33440.3,1,1,1,1,4,24005.0,-1,11.103,-11.1,-6.66,-80.45,0,0,DCHG, ,
33445.3,1,1,1,1,4,24010.0,-1,11.102,-11.1,-6.66,-80.46,0,0,DCHG, ,
33450.3,1,1,1,1,4,24015.0,-1,11.1,-11,-6.66,-80.48,0,0,DCHG, ,
33455.3,1,1,1,1,4,24020.0,-1,11.099,-11,-6.66,-80.49,0,0,DCHG, ,
33460.3,1,1,1,1,4,24025.0,-1,11.098,-11,-6.66,-80.51,0,0,DCHG, ,
33465.3,1,1,1,1,4,24030.0,-1,11.098,-11,-6.67,-80.52,0,0,DCHG, ,
33470.3,1,1,1,1,4,24035.0,-1,11.096,-11,-6.67,-80.54,0,0,DCHG, ,
33475.3,1,1,1,1,4,24040.0,-1,11.095,-11,-6.67,-80.55,0,0,DCHG, ,
33480.3,1,1,1,1,4,24045.0,-1,11.094,-11,-6.67,-80.57,0,0,DCHG, ,
33485.3,1,1,1,1,4,24050.0,-1,11.093,-11,-6.67,-80.58,0,0,DCHG, ,
33490.3,1,1,1,1,4,24055.0,-1,11.092,-11,-6.67,-80.6,0,0,DCHG, ,
33495.3,1,1,1,1,4,24060.0,-1,11.091,-11,-6.67,-80.61,0,0,DCHG, ,
33500.3,1,1,1,1,4,24065.0,-1,11.089,-11,-6.67,-80.63,0,0,DCHG, ,
33505.3,1,1,1,1,4,24070.0,-1,11.089,-11,-6.68,-80.65,0,0,DCHG, ,
33510.3,1,1,1,1,4,24075.0,-1,11.088,-11,-6.68,-80.66,0,0,DCHG, ,
33515.3,1,1,1,1,4,24080.0,-1,11.087,-11,-6.68,-80.68,0,0,DCHG, ,
33520.3,1,1,1,1,4,24085.0,-1,11.086,-11,-6.68,-80.69,0,0,DCHG, ,
33525.3,1,1,1,1,4,24090.0,-1,11.085,-11,-6.68,-80.71,0,0,DCHG, ,
33530.3,1,1,1,1,4,24095.0,-1,11.084,-11,-6.68,-80.72,0,0,DCHG, ,
33535.3,1,1,1,1,4,24100.0,-1,11.082,-11,-6.68,-80.74,0,0,DCHG, ,
33540.3,1,1,1,1,4,24105.0,-1,11.081,-11,-6.69,-80.75,0,0,DCHG, ,
33545.3,1,1,1,1,4,24110.0,-1,11.08,-11,-6.69,-80.77,0,0,DCHG, ,
33550.3,1,1,1,1,4,24115.0,-1,11.079,-11,-6.69,-80.78,0,0,DCHG, ,
33555.3,1,1,1,1,4,24120.0,-1,11.078,-11,-6.69,-80.8,0,0,DCHG, ,
33560.3,1,1,1,1,4,24125.0,-1,11.077,-11,-6.69,-80.81,0,0,DCHG, ,
33565.3,1,1,1,1,4,24130.0,-1,11.076,-11,-6.69,-80.83,0,0,DCHG, ,
33570.3,1,1,1,1,4,24135.0,-1,11.074,-11,-6.69,-80.84,0,0,DCHG, ,
33575.3,1,1,1,1,4,24140.0,-1,11.073,-11,-6.7,-80.86,0,0,DCHG, ,
33580.3,1,1,1,1,4,24145.0,-1,11.072,-11,-6.7,-80.87,0,0,DCHG, ,
33585.3,1,1,1,1,4,24150.0,-1,11.07,-11,-6.7,-80.89,0,0,DCHG, ,
33590.3,1,1,1,1,4,24155.0,-1,11.07,-11,-6.7,-80.9,0,0,DCHG, ,
33595.3,1,1,1,1,4,24160.0,-1,11.069,-11,-6.7,-80.92,0,0,DCHG, ,
33600.3,1,1,1,1,4,24165.0,-1,11.067,-11,-6.7,-80.94,0,0,DCHG, ,
33605.3,1,1,1,1,4,24170.0,-1,11.067,-11,-6.7,-80.95,0,0,DCHG, ,
33610.3,1,1,1,1,4,24175.0,-1,11.065,-11,-6.71,-80.97,0,0,DCHG, ,
33615.3,1,1,1,1,4,24180.0,-1,11.064,-11,-6.71,-80.98,0,0,DCHG, ,
33620.3,1,1,1,1,4,24185.0,-1,11.063,-11,-6.71,-81,0,0,DCHG, ,
33625.3,1,1,1,1,4,24190.0,-1,11.062,-11,-6.71,-81.01,0,0,DCHG, ,
33630.3,1,1,1,1,4,24195.0,-1,11.06,-11,-6.71,-81.03,0,0,DCHG, ,
33635.3,1,1,1,1,4,24200.0,-1,11.059,-11,-6.71,-81.04,0,0,DCHG, ,
33640.3,1,1,1,1,4,24205.0,-1,11.058,-11,-6.71,-81.06,0,0,DCHG, ,
33645.3,1,1,1,1,4,24210.0,-1,11.057,-11,-6.72,-81.07,0,0,DCHG, ,
33650.3,1,1,1,1,4,24215.0,-1,11.056,-11,-6.72,-81.09,0,0,DCHG, ,
33655.3,1,1,1,1,4,24220.0,-1,11.055,-11,-6.72,-81.1,0,0,DCHG, ,
33660.3,1,1,1,1,4,24225.0,-1,11.054,-11,-6.72,-81.12,0,0,DCHG, ,
33665.3,1,1,1,1,4,24230.0,-1,11.053,-11,-6.72,-81.13,0,0,DCHG, ,
33670.3,1,1,1,1,4,24235.0,-1,11.052,-11,-6.72,-81.15,0,0,DCHG, ,
33675.3,1,1,1,1,4,24240.0,-1,11.05,-11,-6.72,-81.16,0,0,DCHG, ,
33680.3,1,1,1,1,4,24245.0,-1,11.048,-11,-6.72,-81.18,0,0,DCHG, ,
33685.3,1,1,1,1,4,24250.0,-1,11.048,-11,-6.73,-81.19,0,0,DCHG, ,
33690.3,1,1,1,1,4,24255.0,-1,11.047,-11,-6.73,-81.21,0,0,DCHG, ,
33695.3,1,1,1,1,4,24260.0,-1,11.045,-11,-6.73,-81.23,0,0,DCHG, ,
33700.3,1,1,1,1,4,24265.0,-1,11.044,-11,-6.73,-81.24,0,0,DCHG, ,
33705.3,1,1,1,1,4,24270.0,-1,11.043,-11,-6.73,-81.26,0,0,DCHG, ,
33710.3,1,1,1,1,4,24275.0,-1,11.042,-11,-6.73,-81.27,0,0,DCHG, ,
33715.3,1,1,1,1,4,24280.0,-1,11.04,-11,-6.73,-81.29,0,0,DCHG, ,
33720.3,1,1,1,1,4,24285.0,-1,11.039,-11,-6.74,-81.3,0,0,DCHG, ,
33725.3,1,1,1,1,4,24290.0,-0.99,11.038,-10.9,-6.74,-81.32,0,0,DCHG, ,
33730.3,1,1,1,1,4,24295.0,-1,11.037,-11,-6.74,-81.33,0,0,DCHG, ,
33735.3,1,1,1,1,4,24300.0,-1,11.035,-11,-6.74,-81.35,0,0,DCHG, ,
33740.3,1,1,1,1,4,24305.0,-1,11.034,-11,-6.74,-81.36,0,0,DCHG, ,
33745.3,1,1,1,1,4,24310.0,-1,11.033,-11,-6.74,-81.38,0,0,DCHG, ,
33750.3,1,1,1,1,4,24315.0,-1,11.032,-11,-6.74,-81.39,0,0,DCHG, ,
33755.3,1,1,1,1,4,24320.0,-1,11.03,-11,-6.75,-81.41,0,0,DCHG, ,
33760.3,1,1,1,1,4,24325.0,-1,11.029,-11,-6.75,-81.42,0,0,DCHG, ,
33765.3,1,1,1,1,4,24330.0,-1,11.028,-11,-6.75,-81.44,0,0,DCHG, ,
33770.3,1,1,1,1,4,24335.0,-1,11.026,-11,-6.75,-81.45,0,0,DCHG, ,
33775.3,1,1,1,1,4,24340.0,-1,11.025,-11,-6.75,-81.47,0,0,DCHG, ,
33780.3,1,1,1,1,4,24345.0,-1,11.024,-11,-6.75,-81.49,0,0,DCHG, ,
33785.3,1,1,1,1,4,24350.0,-1,11.023,-11,-6.75,-81.5,0,0,DCHG, ,
33790.3,1,1,1,1,4,24355.0,-1,11.022,-11,-6.76,-81.52,0,0,DCHG, ,
33795.3,1,1,1,1,4,24360.0,-1,11.02,-11,-6.76,-81.53,0,0,DCHG, ,
33800.3,1,1,1,1,4,24365.0,-1,11.019,-11,-6.76,-81.55,0,0,DCHG, ,
33805.3,1,1,1,1,4,24370.0,-1,11.018,-11,-6.76,-81.56,0,0,DCHG, ,
33810.3,1,1,1,1,4,24375.0,-1,11.016,-11,-6.76,-81.58,0,0,DCHG, ,
33815.3,1,1,1,1,4,24380.0,-1,11.015,-11,-6.76,-81.59,0,0,DCHG, ,
33820.3,1,1,1,1,4,24385.0,-1,11.014,-11,-6.76,-81.61,0,0,DCHG, ,
33825.3,1,1,1,1,4,24390.0,-1,11.012,-11,-6.77,-81.62,0,0,DCHG, ,
33830.3,1,1,1,1,4,24395.0,-1,11.011,-10.9,-6.77,-81.64,0,0,DCHG, ,
33835.3,1,1,1,1,4,24400.0,-1,11.009,-11,-6.77,-81.65,0,0,DCHG, ,
33840.3,1,1,1,1,4,24405.0,-0.99,11.008,-10.9,-6.77,-81.67,0,0,DCHG, ,
33845.3,1,1,1,1,4,24410.0,-1,11.007,-11,-6.77,-81.68,0,0,DCHG, ,
33850.3,1,1,1,1,4,24415.0,-1,11.005,-10.9,-6.77,-81.7,0,0,DCHG, ,
33855.3,1,1,1,1,4,24420.0,-1,11.004,-11,-6.77,-81.71,0,0,DCHG, ,
33860.3,1,1,1,1,4,24425.0,-1,11.003,-10.9,-6.77,-81.73,0,0,DCHG, ,
33865.3,1,1,1,1,4,24430.0,-1,11.001,-10.9,-6.78,-81.74,0,0,DCHG, ,
33870.3,1,1,1,1,4,24435.0,-1,11,-10.9,-6.78,-81.76,0,0,DCHG, ,
33875.3,1,1,1,1,4,24440.0,-1,10.998,-10.9,-6.78,-81.77,0,0,DCHG, ,
33880.3,1,1,1,1,4,24445.0,-1,10.997,-10.9,-6.78,-81.79,0,0,DCHG, ,
33885.3,1,1,1,1,4,24450.0,-0.99,10.996,-10.9,-6.78,-81.8,0,0,DCHG, ,
33890.3,1,1,1,1,4,24455.0,-1,10.994,-10.9,-6.78,-81.82,0,0,DCHG, ,
33895.3,1,1,1,1,4,24460.0,-1,10.993,-10.9,-6.78,-81.83,0,0,DCHG, ,
33900.3,1,1,1,1,4,24465.0,-1,10.992,-10.9,-6.79,-81.85,0,0,DCHG, ,
33905.3,1,1,1,1,4,24470.0,-1,10.99,-10.9,-6.79,-81.86,0,0,DCHG, ,
33910.3,1,1,1,1,4,24475.0,-1,10.988,-10.9,-6.79,-81.88,0,0,DCHG, ,
33915.3,1,1,1,1,4,24480.0,-1,10.987,-10.9,-6.79,-81.9,0,0,DCHG, ,
33920.3,1,1,1,1,4,24485.0,-1,10.986,-10.9,-6.79,-81.91,0,0,DCHG, ,
33925.3,1,1,1,1,4,24490.0,-1,10.985,-10.9,-6.79,-81.93,0,0,DCHG, ,
33930.3,1,1,1,1,4,24495.0,-1,10.983,-10.9,-6.79,-81.94,0,0,DCHG, ,
33935.3,1,1,1,1,4,24500.0,-1,10.982,-10.9,-6.8,-81.96,0,0,DCHG, ,
33940.3,1,1,1,1,4,24505.0,-1,10.981,-10.9,-6.8,-81.97,0,0,DCHG, ,
33945.3,1,1,1,1,4,24510.0,-1,10.979,-10.9,-6.8,-81.99,0,0,DCHG, ,
33950.3,1,1,1,1,4,24515.0,-1,10.977,-10.9,-6.8,-82,0,0,DCHG, ,
33955.3,1,1,1,1,4,24520.0,-1,10.976,-10.9,-6.8,-82.02,0,0,DCHG, ,
33960.3,1,1,1,1,4,24525.0,-1,10.974,-10.9,-6.8,-82.03,0,0,DCHG, ,
33965.3,1,1,1,1,4,24530.0,-1,10.973,-10.9,-6.8,-82.05,0,0,DCHG, ,
33970.3,1,1,1,1,4,24535.0,-1,10.971,-10.9,-6.81,-82.06,0,0,DCHG, ,
33975.3,1,1,1,1,4,24540.0,-1,10.97,-10.9,-6.81,-82.08,0,0,DCHG, ,
33980.3,1,1,1,1,4,24545.0,-1,10.968,-10.9,-6.81,-82.09,0,0,DCHG, ,
33985.3,1,1,1,1,4,24550.0,-1,10.967,-10.9,-6.81,-82.11,0,0,DCHG, ,
33990.3,1,1,1,1,4,24555.0,-1,10.965,-10.9,-6.81,-82.12,0,0,DCHG, ,
33995.3,1,1,1,1,4,24560.0,-0.99,10.963,-10.8,-6.81,-82.14,0,0,DCHG, ,
34000.3,1,1,1,1,4,24565.0,-1,10.963,-10.9,-6.81,-82.15,0,0,DCHG, ,
34005.3,1,1,1,1,4,24570.0,-1,10.96,-10.9,-6.82,-82.17,0,0,DCHG, ,
34010.3,1,1,1,1,4,24575.0,-1,10.959,-10.9,-6.82,-82.18,0,0,DCHG, ,
34015.3,1,1,1,1,4,24580.0,-1,10.958,-10.9,-6.82,-82.2,0,0,DCHG, ,
34020.3,1,1,1,1,4,24585.0,-1,10.956,-10.9,-6.82,-82.21,0,0,DCHG, ,
34025.3,1,1,1,1,4,24590.0,-1,10.954,-10.9,-6.82,-82.23,0,0,DCHG, ,
34030.3,1,1,1,1,4,24595.0,-1,10.953,-10.9,-6.82,-82.24,0,0,DCHG, ,
34035.3,1,1,1,1,4,24600.0,-0.99,10.951,-10.8,-6.82,-82.26,0,0,DCHG, ,
34040.3,1,1,1,1,4,24605.0,-1,10.95,-10.9,-6.82,-82.27,0,0,DCHG, ,
34045.3,1,1,1,1,4,24610.0,-1,10.948,-10.9,-6.83,-82.29,0,0,DCHG, ,
34050.3,1,1,1,1,4,24615.0,-1,10.947,-10.9,-6.83,-82.3,0,0,DCHG, ,
34055.3,1,1,1,1,4,24620.0,-1,10.945,-10.9,-6.83,-82.32,0,0,DCHG, ,
34060.3,1,1,1,1,4,24625.0,-1,10.943,-10.9,-6.83,-82.33,0,0,DCHG, ,
34065.3,1,1,1,1,4,24630.0,-1,10.942,-10.9,-6.83,-82.35,0,0,DCHG, ,
34070.3,1,1,1,1,4,24635.0,-1,10.94,-10.9,-6.83,-82.36,0,0,DCHG, ,
34075.3,1,1,1,1,4,24640.0,-1,10.939,-10.9,-6.83,-82.38,0,0,DCHG, ,
34080.3,1,1,1,1,4,24645.0,-1,10.937,-10.9,-6.84,-82.39,0,0,DCHG, ,
34085.3,1,1,1,1,4,24650.0,-1,10.935,-10.9,-6.84,-82.41,0,0,DCHG, ,
34090.3,1,1,1,1,4,24655.0,-1,10.933,-10.9,-6.84,-82.42,0,0,DCHG, ,
34095.3,1,1,1,1,4,24660.0,-1,10.932,-10.9,-6.84,-82.44,0,0,DCHG, ,
34100.3,1,1,1,1,4,24665.0,-1,10.93,-10.9,-6.84,-82.45,0,0,DCHG, ,
34105.3,1,1,1,1,4,24670.0,-1,10.929,-10.9,-6.84,-82.47,0,0,DCHG, ,
34110.3,1,1,1,1,4,24675.0,-1,10.927,-10.9,-6.84,-82.49,0,0,DCHG, ,
34115.3,1,1,1,1,4,24680.0,-1,10.925,-10.9,-6.85,-82.5,0,0,DCHG, ,
34120.3,1,1,1,1,4,24685.0,-0.99,10.924,-10.8,-6.85,-82.52,0,0,DCHG, ,
34125.3,1,1,1,1,4,24690.0,-1,10.922,-10.9,-6.85,-82.53,0,0,DCHG, ,
34130.3,1,1,1,1,4,24695.0,-1,10.919,-10.9,-6.85,-82.55,0,0,DCHG, ,
34135.3,1,1,1,1,4,24700.0,-0.99,10.918,-10.8,-6.85,-82.56,0,0,DCHG, ,
34140.3,1,1,1,1,4,24705.0,-1,10.916,-10.8,-6.85,-82.58,0,0,DCHG, ,
34145.3,1,1,1,1,4,24710.0,-1,10.915,-10.9,-6.85,-82.59,0,0,DCHG, ,
34150.3,1,1,1,1,4,24715.0,-1,10.913,-10.9,-6.86,-82.61,0,0,DCHG, ,
34155.3,1,1,1,1,4,24720.0,-1,10.911,-10.9,-6.86,-82.62,0,0,DCHG, ,
34160.3,1,1,1,1,4,24725.0,-1,10.91,-10.9,-6.86,-82.64,0,0,DCHG, ,
34165.3,1,1,1,1,4,24730.0,-1,10.907,-10.9,-6.86,-82.65,0,0,DCHG, ,
34170.3,1,1,1,1,4,24735.0,-1,10.906,-10.8,-6.86,-82.67,0,0,DCHG, ,
34175.3,1,1,1,1,4,24740.0,-1,10.904,-10.8,-6.86,-82.68,0,0,DCHG, ,
34180.3,1,1,1,1,4,24745.0,-1,10.902,-10.8,-6.86,-82.7,0,0,DCHG, ,
34185.3,1,1,1,1,4,24750.0,-0.99,10.9,-10.8,-6.87,-82.71,0,0,DCHG, ,
34190.3,1,1,1,1,4,24755.0,-1,10.899,-10.8,-6.87,-82.73,0,0,DCHG, ,
34195.3,1,1,1,1,4,24760.0,-1,10.897,-10.8,-6.87,-82.74,0,0,DCHG, ,
34200.3,1,1,1,1,4,24765.0,-1,10.894,-10.8,-6.87,-82.76,0,0,DCHG, ,
34205.3,1,1,1,1,4,24770.0,-1,10.892,-10.8,-6.87,-82.77,0,0,DCHG, ,
34210.3,1,1,1,1,4,24775.0,-1,10.891,-10.8,-6.87,-82.79,0,0,DCHG, ,
34215.3,1,1,1,1,4,24780.0,-0.99,10.889,-10.7,-6.87,-82.8,0,0,DCHG, ,
34220.3,1,1,1,1,4,24785.0,-1,10.887,-10.8,-6.87,-82.82,0,0,DCHG, ,
34225.3,1,1,1,1,4,24790.0,-1,10.885,-10.8,-6.88,-82.83,0,0,DCHG, ,
34230.3,1,1,1,1,4,24795.0,-1,10.883,-10.8,-6.88,-82.85,0,0,DCHG, ,
34235.3,1,1,1,1,4,24800.0,-1,10.881,-10.8,-6.88,-82.86,0,0,DCHG, ,
34240.3,1,1,1,1,4,24805.0,-1,10.879,-10.8,-6.88,-82.88,0,0,DCHG, ,
34245.3,1,1,1,1,4,24810.0,-1,10.877,-10.8,-6.88,-82.89,0,0,DCHG, ,
34250.3,1,1,1,1,4,24815.0,-1,10.875,-10.8,-6.88,-82.91,0,0,DCHG, ,
34255.3,1,1,1,1,4,24820.0,-1,10.874,-10.8,-6.88,-82.92,0,0,DCHG, ,
34260.3,1,1,1,1,4,24825.0,-1,10.871,-10.8,-6.89,-82.94,0,0,DCHG, ,
34265.3,1,1,1,1,4,24830.0,-1,10.869,-10.8,-6.89,-82.95,0,0,DCHG, ,
34270.3,1,1,1,1,4,24835.0,-1,10.867,-10.8,-6.89,-82.97,0,0,DCHG, ,
34275.3,1,1,1,1,4,24840.0,-1,10.865,-10.8,-6.89,-82.98,0,0,DCHG, ,
34280.3,1,1,1,1,4,24845.0,-0.99,10.863,-10.7,-6.89,-83,0,0,DCHG, ,
34285.3,1,1,1,1,4,24850.0,-1,10.861,-10.8,-6.89,-83.01,0,0,DCHG, ,
34290.3,1,1,1,1,4,24855.0,-1,10.859,-10.8,-6.89,-83.03,0,0,DCHG, ,
34295.3,1,1,1,1,4,24860.0,-1,10.857,-10.8,-6.9,-83.04,0,0,DCHG, ,
34300.3,1,1,1,1,4,24865.0,-1,10.855,-10.8,-6.9,-83.06,0,0,DCHG, ,
34305.3,1,1,1,1,4,24870.0,-1,10.852,-10.8,-6.9,-83.07,0,0,DCHG, ,
34310.3,1,1,1,1,4,24875.0,-1,10.85,-10.8,-6.9,-83.09,0,0,DCHG, ,
34315.3,1,1,1,1,4,24880.0,-0.99,10.848,-10.7,-6.9,-83.1,0,0,DCHG, ,
34320.3,1,1,1,1,4,24885.0,-1,10.846,-10.8,-6.9,-83.12,0,0,DCHG, ,
34325.3,1,1,1,1,4,24890.0,-1,10.844,-10.8,-6.9,-83.13,0,0,DCHG, ,
34330.3,1,1,1,1,4,24895.0,-1,10.842,-10.8,-6.91,-83.15,0,0,DCHG, ,
34335.3,1,1,1,1,4,24900.0,-1,10.839,-10.8,-6.91,-83.16,0,0,DCHG, ,
34340.3,1,1,1,1,4,24905.0,-1,10.837,-10.8,-6.91,-83.18,0,0,DCHG, ,
34345.3,1,1,1,1,4,24910.0,-1,10.835,-10.8,-6.91,-83.19,0,0,DCHG, ,
34350.3,1,1,1,1,4,24915.0,-1,10.833,-10.8,-6.91,-83.21,0,0,DCHG, ,
34355.3,1,1,1,1,4,24920.0,-1,10.831,-10.8,-6.91,-83.22,0,0,DCHG, ,
34360.3,1,1,1,1,4,24925.0,-1,10.828,-10.8,-6.91,-83.24,0,0,DCHG, ,
34365.3,1,1,1,1,4,24930.0,-1,10.826,-10.8,-6.92,-83.25,0,0,DCHG, ,
34370.3,1,1,1,1,4,24935.0,-1,10.823,-10.8,-6.92,-83.27,0,0,DCHG, ,
34375.3,1,1,1,1,4,24940.0,-1,10.821,-10.8,-6.92,-83.28,0,0,DCHG, ,
34380.3,1,1,1,1,4,24945.0,-1,10.818,-10.8,-6.92,-83.3,0,0,DCHG, ,
34385.3,1,1,1,1,4,24950.0,-1,10.816,-10.8,-6.92,-83.31,0,0,DCHG, ,
34390.3,1,1,1,1,4,24955.0,-1,10.814,-10.8,-6.92,-83.33,0,0,DCHG, ,
34395.3,1,1,1,1,4,24960.0,-1,10.811,-10.8,-6.92,-83.34,0,0,DCHG, ,
34400.3,1,1,1,1,4,24965.0,-1,10.809,-10.7,-6.92,-83.36,0,0,DCHG, ,
34405.3,1,1,1,1,4,24970.0,-1,10.806,-10.7,-6.93,-83.37,0,0,DCHG, ,
34410.3,1,1,1,1,4,24975.0,-1,10.804,-10.7,-6.93,-83.39,0,0,DCHG, ,
34415.3,1,1,1,1,4,24980.0,-1,10.801,-10.8,-6.93,-83.4,0,0,DCHG, ,
34420.3,1,1,1,1,4,24985.0,-0.99,10.799,-10.6,-6.93,-83.42,0,0,DCHG, ,
34425.3,1,1,1,1,4,24990.0,-1,10.796,-10.7,-6.93,-83.43,0,0,DCHG, ,
34430.3,1,1,1,1,4,24995.0,-1,10.793,-10.7,-6.93,-83.45,0,0,DCHG, ,
34435.3,1,1,1,1,4,25000.0,-1,10.791,-10.7,-6.93,-83.46,0,0,DCHG, ,
34440.3,1,1,1,1,4,25005.0,-0.99,10.788,-10.6,-6.94,-83.48,0,0,DCHG, ,
34445.3,1,1,1,1,4,25010.0,-1,10.785,-10.7,-6.94,-83.49,0,0,DCHG, ,
34450.3,1,1,1,1,4,25015.0,-1,10.783,-10.7,-6.94,-83.5,0,0,DCHG, ,
34455.3,1,1,1,1,4,25020.0,-1,10.78,-10.7,-6.94,-83.52,0,0,DCHG, ,
34460.3,1,1,1,1,4,25025.0,-1,10.777,-10.7,-6.94,-83.53,0,0,DCHG, ,
34465.3,1,1,1,1,4,25030.0,-1,10.774,-10.7,-6.94,-83.55,0,0,DCHG, ,
34470.3,1,1,1,1,4,25035.0,-1,10.772,-10.7,-6.94,-83.56,0,0,DCHG, ,
34475.3,1,1,1,1,4,25040.0,-1,10.769,-10.7,-6.95,-83.58,0,0,DCHG, ,
34480.3,1,1,1,1,4,25045.0,-1,10.766,-10.7,-6.95,-83.59,0,0,DCHG, ,
34485.3,1,1,1,1,4,25050.0,-1,10.763,-10.7,-6.95,-83.61,0,0,DCHG, ,
34490.3,1,1,1,1,4,25055.0,-1,10.76,-10.7,-6.95,-83.62,0,0,DCHG, ,
34495.3,1,1,1,1,4,25060.0,-1,10.758,-10.7,-6.95,-83.64,0,0,DCHG, ,
34500.3,1,1,1,1,4,25065.0,-1,10.754,-10.7,-6.95,-83.65,0,0,DCHG, ,
34505.3,1,1,1,1,4,25070.0,-1,10.751,-10.7,-6.95,-83.67,0,0,DCHG, ,
34510.3,1,1,1,1,4,25075.0,-1,10.748,-10.7,-6.96,-83.68,0,0,DCHG, ,
34515.3,1,1,1,1,4,25080.0,-1,10.745,-10.7,-6.96,-83.7,0,0,DCHG, ,
34520.3,1,1,1,1,4,25085.0,-1,10.742,-10.7,-6.96,-83.71,0,0,DCHG, ,
34525.3,1,1,1,1,4,25090.0,-1,10.739,-10.7,-6.96,-83.73,0,0,DCHG, ,
34530.3,1,1,1,1,4,25095.0,-1,10.735,-10.7,-6.96,-83.74,0,0,DCHG, ,
34535.3,1,1,1,1,4,25100.0,-1,10.732,-10.7,-6.96,-83.76,0,0,DCHG, ,
34540.3,1,1,1,1,4,25105.0,-1,10.729,-10.7,-6.96,-83.77,0,0,DCHG, ,
34545.3,1,1,1,1,4,25110.0,-0.99,10.726,-10.6,-6.97,-83.79,0,0,DCHG, ,
34550.3,1,1,1,1,4,25115.0,-1,10.722,-10.7,-6.97,-83.8,0,0,DCHG, ,
34555.3,1,1,1,1,4,25120.0,-0.99,10.719,-10.6,-6.97,-83.82,0,0,DCHG, ,
34560.3,1,1,1,1,4,25125.0,-1,10.716,-10.7,-6.97,-83.83,0,0,DCHG, ,
34565.3,1,1,1,1,4,25130.0,-1,10.712,-10.7,-6.97,-83.85,0,0,DCHG, ,
34570.3,1,1,1,1,4,25135.0,-1,10.709,-10.7,-6.97,-83.86,0,0,DCHG, ,
34575.3,1,1,1,1,4,25140.0,-1,10.705,-10.6,-6.97,-83.88,0,0,DCHG, ,
34580.3,1,1,1,1,4,25145.0,-1,10.702,-10.6,-6.97,-83.89,0,0,DCHG, ,
34585.3,1,1,1,1,4,25150.0,-1,10.698,-10.6,-6.98,-83.91,0,0,DCHG, ,
34590.3,1,1,1,1,4,25155.0,-1,10.694,-10.6,-6.98,-83.92,0,0,DCHG, ,
34595.3,1,1,1,1,4,25160.0,-1,10.69,-10.6,-6.98,-83.93,0,0,DCHG, ,
34600.3,1,1,1,1,4,25165.0,-1,10.686,-10.6,-6.98,-83.95,0,0,DCHG, ,
34605.3,1,1,1,1,4,25170.0,-0.99,10.683,-10.5,-6.98,-83.96,0,0,DCHG, ,
34610.3,1,1,1,1,4,25175.0,-1,10.678,-10.6,-6.98,-83.98,0,0,DCHG, ,
34615.3,1,1,1,1,4,25180.0,-1,10.675,-10.6,-6.98,-83.99,0,0,DCHG, ,
34620.3,1,1,1,1,4,25185.0,-1,10.67,-10.6,-6.99,-84.01,0,0,DCHG, ,
34625.3,1,1,1,1,4,25190.0,-1,10.667,-10.6,-6.99,-84.02,0,0,DCHG, ,
34630.3,1,1,1,1,4,25195.0,-0.99,10.662,-10.5,-6.99,-84.04,0,0,DCHG, ,
34635.3,1,1,1,1,4,25200.0,-1,10.658,-10.6,-6.99,-84.05,0,0,DCHG, ,
34640.3,1,1,1,1,4,25205.0,-1,10.654,-10.6,-6.99,-84.07,0,0,DCHG, ,
34645.3,1,1,1,1,4,25210.0,-1,10.649,-10.6,-6.99,-84.08,0,0,DCHG, ,
34650.3,1,1,1,1,4,25215.0,-1,10.645,-10.6,-6.99,-84.1,0,0,DCHG, ,
34655.3,1,1,1,1,4,25220.0,-1,10.64,-10.6,-7,-84.11,0,0,DCHG, ,
34660.3,1,1,1,1,4,25225.0,-1,10.636,-10.6,-7,-84.13,0,0,DCHG, ,
34665.3,1,1,1,1,4,25230.0,-1,10.631,-10.6,-7,-84.14,0,0,DCHG, ,
34670.3,1,1,1,1,4,25235.0,-1,10.627,-10.6,-7,-84.16,0,0,DCHG, ,
34675.3,1,1,1,1,4,25240.0,-1,10.622,-10.6,-7,-84.17,0,0,DCHG, ,
34680.3,1,1,1,1,4,25245.0,-1,10.618,-10.6,-7,-84.19,0,0,DCHG, ,
34685.3,1,1,1,1,4,25250.0,-1,10.613,-10.6,-7,-84.2,0,0,DCHG, ,
34690.3,1,1,1,1,4,25255.0,-1,10.608,-10.6,-7.01,-84.21,0,0,DCHG, ,
34695.3,1,1,1,1,4,25260.0,-1,10.604,-10.6,-7.01,-84.23,0,0,DCHG, ,
34700.3,1,1,1,1,4,25265.0,-0.99,10.599,-10.4,-7.01,-84.24,0,0,DCHG, ,
34705.3,1,1,1,1,4,25270.0,-1,10.593,-10.5,-7.01,-84.26,0,0,DCHG, ,
34710.3,1,1,1,1,4,25275.0,-1,10.588,-10.5,-7.01,-84.27,0,0,DCHG, ,
34715.3,1,1,1,1,4,25280.0,-1,10.583,-10.5,-7.01,-84.29,0,0,DCHG, ,
34720.3,1,1,1,1,4,25285.0,-1,10.578,-10.5,-7.01,-84.3,0,0,DCHG, ,
34725.3,1,1,1,1,4,25290.0,-1,10.572,-10.5,-7.01,-84.32,0,0,DCHG, ,
34730.3,1,1,1,1,4,25295.0,-1,10.567,-10.5,-7.02,-84.33,0,0,DCHG, ,
34735.3,1,1,1,1,4,25300.0,-1,10.561,-10.5,-7.02,-84.35,0,0,DCHG, ,
34740.3,1,1,1,1,4,25305.0,-1,10.556,-10.5,-7.02,-84.36,0,0,DCHG, ,
34745.3,1,1,1,1,4,25310.0,-0.99,10.55,-10.4,-7.02,-84.37,0,0,DCHG, ,
34750.3,1,1,1,1,4,25315.0,-1,10.544,-10.5,-7.02,-84.39,0,0,DCHG, ,
34755.3,1,1,1,1,4,25320.0,-1,10.539,-10.5,-7.02,-84.4,0,0,DCHG, ,
34760.3,1,1,1,1,4,25325.0,-1,10.533,-10.5,-7.02,-84.42,0,0,DCHG, ,
34765.3,1,1,1,1,4,25330.0,-1,10.526,-10.5,-7.03,-84.43,0,0,DCHG, ,
34770.3,1,1,1,1,4,25335.0,-1,10.522,-10.5,-7.03,-84.45,0,0,DCHG, ,
34775.3,1,1,1,1,4,25340.0,-1,10.515,-10.5,-7.03,-84.46,0,0,DCHG, ,
34780.3,1,1,1,1,4,25345.0,-1,10.509,-10.5,-7.03,-84.48,0,0,DCHG, ,
34785.3,1,1,1,1,4,25350.0,-1,10.503,-10.4,-7.03,-84.49,0,0,DCHG, ,
34787.2,1,1,1,1,4,25351.9,-1,10.5,-10.5,-7.03,-84.5,0,0,DCHG,A,
Total Number of Data Lines in the Database: 0000006961