Test Name, UCT_AST_9AH_B5_CYCLE
Test Date, 2024/03/08 02:03:53 PM
Operator ID, Uyilo
, 
Program Name, UCT_AST9AH_CYCLE_50
Program Description, 50-Repetition Bulk-Absorptiin_Float-Discharge Cycling program for 12V AGM
Program Database, C:\VisuaLCN\Programs\Standard tests.mdb
, 
Module Type, fj
Module Description, LCV 16-100-12
Address, Port: 1, Sys Controller: 1  Circuit: 15
Name, Channel 15
Device ID, Unknown
, 
Notes,   5.21b, MDB 9.542024/03/08 02:03:43 PM - Started by Masa
Editable Notes, 

Total Time,Cycle,Loop Counter #1,Loop Counter #2,Loop Counter #3,Step,Step time,Current,Voltage,Power,Amp-Hours,Watt-Hours,Unassigned A1,Unassigned A2,Mode,Data Acquisition Flag,
5.0,1,1,1,1,1,5.0,1.5,12.804,19.2,0,0.02,0,0,CHRG, ,
10.0,1,1,1,1,1,10.0,1.5,12.882,19.3,0,0.05,0,0,CHRG, ,
15.0,1,1,1,1,1,15.0,1.5,12.944,19.3,0,0.07,0,0,CHRG, ,
20.0,1,1,1,1,1,20.0,1.5,12.995,19.4,0,0.1,0,0,CHRG, ,
25.0,1,1,1,1,1,25.0,1.5,13.038,19.5,0.01,0.13,0,0,CHRG, ,
30.0,1,1,1,1,1,30.0,1.49,13.075,19.5,0.01,0.16,0,0,CHRG, ,
35.0,1,1,1,1,1,35.0,1.49,13.107,19.5,0.01,0.18,0,0,CHRG, ,
40.0,1,1,1,1,1,40.0,1.5,13.134,19.6,0.01,0.21,0,0,CHRG, ,
45.0,1,1,1,1,1,45.0,1.5,13.156,19.7,0.01,0.24,0,0,CHRG, ,
50.0,1,1,1,1,1,50.0,1.5,13.176,19.7,0.02,0.26,0,0,CHRG, ,
55.0,1,1,1,1,1,55.0,1.5,13.193,19.7,0.02,0.29,0,0,CHRG, ,
60.0,1,1,1,1,1,60.0,1.5,13.207,19.7,0.02,0.32,0,0,CHRG, ,
65.0,1,1,1,1,1,65.0,1.5,13.22,19.7,0.02,0.35,0,0,CHRG, ,
70.0,1,1,1,1,1,70.0,1.5,13.23,19.8,0.02,0.37,0,0,CHRG, ,
75.0,1,1,1,1,1,75.0,1.5,13.24,19.8,0.03,0.4,0,0,CHRG, ,
80.0,1,1,1,1,1,80.0,1.5,13.248,19.8,0.03,0.43,0,0,CHRG, ,
85.0,1,1,1,1,1,85.0,1.5,13.256,19.8,0.03,0.46,0,0,CHRG, ,
90.0,1,1,1,1,1,90.0,1.5,13.263,19.8,0.03,0.48,0,0,CHRG, ,
95.0,1,1,1,1,1,95.0,1.5,13.27,19.9,0.03,0.51,0,0,CHRG, ,
100.0,1,1,1,1,1,100.0,1.5,13.276,19.9,0.04,0.54,0,0,CHRG, ,
105.0,1,1,1,1,1,105.0,1.5,13.281,19.8,0.04,0.57,0,0,CHRG, ,
110.0,1,1,1,1,1,110.0,1.5,13.287,19.9,0.04,0.59,0,0,CHRG, ,
115.0,1,1,1,1,1,115.0,1.5,13.292,19.9,0.04,0.62,0,0,CHRG, ,
120.0,1,1,1,1,1,120.0,1.5,13.297,19.9,0.04,0.65,0,0,CHRG, ,
125.0,1,1,1,1,1,125.0,1.5,13.302,19.9,0.05,0.68,0,0,CHRG, ,
130.0,1,1,1,1,1,130.0,1.5,13.306,19.9,0.05,0.7,0,0,CHRG, ,
135.0,1,1,1,1,1,135.0,1.5,13.311,19.9,0.05,0.73,0,0,CHRG, ,
140.0,1,1,1,1,1,140.0,1.5,13.316,19.9,0.05,0.76,0,0,CHRG, ,
145.0,1,1,1,1,1,145.0,1.5,13.32,19.9,0.06,0.79,0,0,CHRG, ,
150.0,1,1,1,1,1,150.0,1.5,13.324,19.9,0.06,0.82,0,0,CHRG, ,
155.0,1,1,1,1,1,155.0,1.5,13.328,19.9,0.06,0.84,0,0,CHRG, ,
160.0,1,1,1,1,1,160.0,1.5,13.331,19.9,0.06,0.87,0,0,CHRG, ,
165.0,1,1,1,1,1,165.0,1.5,13.335,20,0.06,0.9,0,0,CHRG, ,
170.0,1,1,1,1,1,170.0,1.5,13.339,19.9,0.07,0.93,0,0,CHRG, ,
175.0,1,1,1,1,1,175.0,1.5,13.342,19.9,0.07,0.95,0,0,CHRG, ,
180.0,1,1,1,1,1,180.0,1.5,13.346,19.9,0.07,0.98,0,0,CHRG, ,
185.0,1,1,1,1,1,185.0,1.5,13.349,19.9,0.07,1.01,0,0,CHRG, ,
190.0,1,1,1,1,1,190.0,1.5,13.352,20,0.07,1.04,0,0,CHRG, ,
195.0,1,1,1,1,1,195.0,1.5,13.356,20,0.08,1.06,0,0,CHRG, ,
200.0,1,1,1,1,1,200.0,1.5,13.358,20,0.08,1.09,0,0,CHRG, ,
205.0,1,1,1,1,1,205.0,1.5,13.362,20,0.08,1.12,0,0,CHRG, ,
210.0,1,1,1,1,1,210.0,1.5,13.365,20,0.08,1.15,0,0,CHRG, ,
215.0,1,1,1,1,1,215.0,1.5,13.368,20,0.08,1.18,0,0,CHRG, ,
220.0,1,1,1,1,1,220.0,1.5,13.371,20,0.09,1.2,0,0,CHRG, ,
225.0,1,1,1,1,1,225.0,1.5,13.373,20,0.09,1.23,0,0,CHRG, ,
230.0,1,1,1,1,1,230.0,1.5,13.376,20,0.09,1.26,0,0,CHRG, ,
235.0,1,1,1,1,1,235.0,1.5,13.378,20,0.09,1.29,0,0,CHRG, ,
240.0,1,1,1,1,1,240.0,1.5,13.381,20,0.09,1.31,0,0,CHRG, ,
245.0,1,1,1,1,1,245.0,1.5,13.384,20,0.1,1.34,0,0,CHRG, ,
250.0,1,1,1,1,1,250.0,1.5,13.386,20,0.1,1.37,0,0,CHRG, ,
255.0,1,1,1,1,1,255.0,1.5,13.388,20,0.1,1.4,0,0,CHRG, ,
260.0,1,1,1,1,1,260.0,1.5,13.39,20,0.1,1.43,0,0,CHRG, ,
265.0,1,1,1,1,1,265.0,1.5,13.393,20,0.11,1.45,0,0,CHRG, ,
270.0,1,1,1,1,1,270.0,1.5,13.395,20,0.11,1.48,0,0,CHRG, ,
275.0,1,1,1,1,1,275.0,1.5,13.397,20,0.11,1.51,0,0,CHRG, ,
280.0,1,1,1,1,1,280.0,1.5,13.399,20,0.11,1.54,0,0,CHRG, ,
285.0,1,1,1,1,1,285.0,1.5,13.401,20,0.11,1.56,0,0,CHRG, ,
290.0,1,1,1,1,1,290.0,1.5,13.403,20,0.12,1.59,0,0,CHRG, ,
295.0,1,1,1,1,1,295.0,1.5,13.404,20.1,0.12,1.62,0,0,CHRG, ,
300.0,1,1,1,1,1,300.0,1.5,13.406,20,0.12,1.65,0,0,CHRG, ,
305.0,1,1,1,1,1,305.0,1.5,13.408,20,0.12,1.68,0,0,CHRG, ,
310.0,1,1,1,1,1,310.0,1.5,13.411,20,0.12,1.7,0,0,CHRG, ,
315.0,1,1,1,1,1,315.0,1.5,13.412,20,0.13,1.73,0,0,CHRG, ,
320.0,1,1,1,1,1,320.0,1.5,13.415,20,0.13,1.76,0,0,CHRG, ,
325.0,1,1,1,1,1,325.0,1.5,13.416,20,0.13,1.79,0,0,CHRG, ,
330.0,1,1,1,1,1,330.0,1.5,13.418,20,0.13,1.81,0,0,CHRG, ,
335.0,1,1,1,1,1,335.0,1.5,13.419,20,0.13,1.84,0,0,CHRG, ,
340.0,1,1,1,1,1,340.0,1.5,13.422,20,0.14,1.87,0,0,CHRG, ,
345.0,1,1,1,1,1,345.0,1.5,13.423,20.1,0.14,1.9,0,0,CHRG, ,
350.0,1,1,1,1,1,350.0,1.5,13.425,20.1,0.14,1.93,0,0,CHRG, ,
355.0,1,1,1,1,1,355.0,1.5,13.426,20.1,0.14,1.95,0,0,CHRG, ,
360.0,1,1,1,1,1,360.0,1.5,13.428,20.1,0.14,1.98,0,0,CHRG, ,
365.0,1,1,1,1,1,365.0,1.5,13.429,20.1,0.15,2.01,0,0,CHRG, ,
370.0,1,1,1,1,1,370.0,1.5,13.431,20.1,0.15,2.04,0,0,CHRG, ,
375.0,1,1,1,1,1,375.0,1.5,13.433,20.1,0.15,2.07,0,0,CHRG, ,
380.0,1,1,1,1,1,380.0,1.5,13.434,20.1,0.15,2.09,0,0,CHRG, ,
385.0,1,1,1,1,1,385.0,1.5,13.436,20.1,0.16,2.12,0,0,CHRG, ,
390.0,1,1,1,1,1,390.0,1.5,13.437,20.1,0.16,2.15,0,0,CHRG, ,
395.0,1,1,1,1,1,395.0,1.5,13.439,20.1,0.16,2.18,0,0,CHRG, ,
400.0,1,1,1,1,1,400.0,1.5,13.44,20.1,0.16,2.2,0,0,CHRG, ,
405.0,1,1,1,1,1,405.0,1.5,13.442,20.1,0.16,2.23,0,0,CHRG, ,
410.0,1,1,1,1,1,410.0,1.5,13.443,20.1,0.17,2.26,0,0,CHRG, ,
415.0,1,1,1,1,1,415.0,1.5,13.445,20.1,0.17,2.29,0,0,CHRG, ,
420.0,1,1,1,1,1,420.0,1.5,13.446,20.1,0.17,2.32,0,0,CHRG, ,
425.0,1,1,1,1,1,425.0,1.5,13.448,20.1,0.17,2.34,0,0,CHRG, ,
430.0,1,1,1,1,1,430.0,1.5,13.45,20.1,0.17,2.37,0,0,CHRG, ,
435.0,1,1,1,1,1,435.0,1.49,13.451,20,0.18,2.4,0,0,CHRG, ,
440.0,1,1,1,1,1,440.0,1.5,13.452,20.1,0.18,2.43,0,0,CHRG, ,
445.0,1,1,1,1,1,445.0,1.5,13.454,20.1,0.18,2.46,0,0,CHRG, ,
450.0,1,1,1,1,1,450.0,1.5,13.455,20.1,0.18,2.48,0,0,CHRG, ,
455.0,1,1,1,1,1,455.0,1.5,13.457,20.1,0.18,2.51,0,0,CHRG, ,
460.0,1,1,1,1,1,460.0,1.5,13.458,20.1,0.19,2.54,0,0,CHRG, ,
465.0,1,1,1,1,1,465.0,1.5,13.46,20.1,0.19,2.57,0,0,CHRG, ,
470.0,1,1,1,1,1,470.0,1.5,13.461,20.1,0.19,2.6,0,0,CHRG, ,
475.0,1,1,1,1,1,475.0,1.5,13.463,20.1,0.19,2.62,0,0,CHRG, ,
480.0,1,1,1,1,1,480.0,1.5,13.464,20.1,0.19,2.65,0,0,CHRG, ,
485.0,1,1,1,1,1,485.0,1.5,13.466,20.1,0.2,2.68,0,0,CHRG, ,
490.0,1,1,1,1,1,490.0,1.5,13.468,20.2,0.2,2.71,0,0,CHRG, ,
495.0,1,1,1,1,1,495.0,1.5,13.469,20.1,0.2,2.74,0,0,CHRG, ,
500.0,1,1,1,1,1,500.0,1.5,13.47,20.1,0.2,2.76,0,0,CHRG, ,
505.0,1,1,1,1,1,505.0,1.5,13.472,20.2,0.21,2.79,0,0,CHRG, ,
510.0,1,1,1,1,1,510.0,1.5,13.473,20.1,0.21,2.82,0,0,CHRG, ,
515.0,1,1,1,1,1,515.0,1.5,13.474,20.1,0.21,2.85,0,0,CHRG, ,
520.0,1,1,1,1,1,520.0,1.5,13.476,20.1,0.21,2.88,0,0,CHRG, ,
525.0,1,1,1,1,1,525.0,1.5,13.477,20.2,0.21,2.9,0,0,CHRG, ,
530.0,1,1,1,1,1,530.0,1.5,13.479,20.1,0.22,2.93,0,0,CHRG, ,
535.0,1,1,1,1,1,535.0,1.5,13.481,20.2,0.22,2.96,0,0,CHRG, ,
540.0,1,1,1,1,1,540.0,1.5,13.482,20.2,0.22,2.99,0,0,CHRG, ,
545.0,1,1,1,1,1,545.0,1.5,13.484,20.2,0.22,3.01,0,0,CHRG, ,
550.0,1,1,1,1,1,550.0,1.5,13.485,20.1,0.22,3.04,0,0,CHRG, ,
555.0,1,1,1,1,1,555.0,1.5,13.486,20.1,0.23,3.07,0,0,CHRG, ,
560.0,1,1,1,1,1,560.0,1.5,13.487,20.1,0.23,3.1,0,0,CHRG, ,
565.0,1,1,1,1,1,565.0,1.5,13.489,20.2,0.23,3.13,0,0,CHRG, ,
570.0,1,1,1,1,1,570.0,1.5,13.49,20.2,0.23,3.15,0,0,CHRG, ,
575.0,1,1,1,1,1,575.0,1.5,13.492,20.2,0.23,3.18,0,0,CHRG, ,
580.0,1,1,1,1,1,580.0,1.49,13.493,20.1,0.24,3.21,0,0,CHRG, ,
585.0,1,1,1,1,1,585.0,1.5,13.495,20.2,0.24,3.24,0,0,CHRG, ,
590.0,1,1,1,1,1,590.0,1.5,13.496,20.2,0.24,3.27,0,0,CHRG, ,
595.0,1,1,1,1,1,595.0,1.5,13.498,20.2,0.24,3.29,0,0,CHRG, ,
600.0,1,1,1,1,1,600.0,1.49,13.499,20.1,0.24,3.32,0,0,CHRG, ,
605.0,1,1,1,1,1,605.0,1.5,13.501,20.2,0.25,3.35,0,0,CHRG, ,
610.0,1,1,1,1,1,610.0,1.5,13.502,20.2,0.25,3.38,0,0,CHRG, ,
615.0,1,1,1,1,1,615.0,1.5,13.504,20.2,0.25,3.41,0,0,CHRG, ,
620.0,1,1,1,1,1,620.0,1.5,13.505,20.2,0.25,3.44,0,0,CHRG, ,
625.0,1,1,1,1,1,625.0,1.5,13.506,20.2,0.26,3.46,0,0,CHRG, ,
630.0,1,1,1,1,1,630.0,1.5,13.508,20.2,0.26,3.49,0,0,CHRG, ,
635.0,1,1,1,1,1,635.0,1.5,13.509,20.2,0.26,3.52,0,0,CHRG, ,
640.0,1,1,1,1,1,640.0,1.5,13.511,20.2,0.26,3.55,0,0,CHRG, ,
645.0,1,1,1,1,1,645.0,1.5,13.513,20.2,0.26,3.58,0,0,CHRG, ,
650.0,1,1,1,1,1,650.0,1.5,13.513,20.2,0.27,3.6,0,0,CHRG, ,
655.0,1,1,1,1,1,655.0,1.5,13.516,20.2,0.27,3.63,0,0,CHRG, ,
660.0,1,1,1,1,1,660.0,1.5,13.517,20.2,0.27,3.66,0,0,CHRG, ,
665.0,1,1,1,1,1,665.0,1.5,13.518,20.2,0.27,3.69,0,0,CHRG, ,
670.0,1,1,1,1,1,670.0,1.5,13.52,20.2,0.27,3.72,0,0,CHRG, ,
675.0,1,1,1,1,1,675.0,1.5,13.521,20.2,0.28,3.74,0,0,CHRG, ,
680.0,1,1,1,1,1,680.0,1.5,13.523,20.2,0.28,3.77,0,0,CHRG, ,
685.0,1,1,1,1,1,685.0,1.5,13.525,20.2,0.28,3.8,0,0,CHRG, ,
690.0,1,1,1,1,1,690.0,1.5,13.526,20.2,0.28,3.83,0,0,CHRG, ,
695.0,1,1,1,1,1,695.0,1.5,13.528,20.2,0.28,3.86,0,0,CHRG, ,
700.0,1,1,1,1,1,700.0,1.5,13.529,20.2,0.29,3.88,0,0,CHRG, ,
705.0,1,1,1,1,1,705.0,1.5,13.53,20.2,0.29,3.91,0,0,CHRG, ,
710.0,1,1,1,1,1,710.0,1.5,13.531,20.2,0.29,3.94,0,0,CHRG, ,
715.0,1,1,1,1,1,715.0,1.5,13.533,20.2,0.29,3.97,0,0,CHRG, ,
720.0,1,1,1,1,1,720.0,1.5,13.534,20.2,0.29,4,0,0,CHRG, ,
725.0,1,1,1,1,1,725.0,1.5,13.536,20.2,0.3,4.02,0,0,CHRG, ,
730.0,1,1,1,1,1,730.0,1.5,13.537,20.3,0.3,4.05,0,0,CHRG, ,
735.0,1,1,1,1,1,735.0,1.5,13.539,20.2,0.3,4.08,0,0,CHRG, ,
740.0,1,1,1,1,1,740.0,1.5,13.54,20.3,0.3,4.11,0,0,CHRG, ,
745.0,1,1,1,1,1,745.0,1.5,13.542,20.3,0.31,4.14,0,0,CHRG, ,
750.0,1,1,1,1,1,750.0,1.5,13.543,20.3,0.31,4.16,0,0,CHRG, ,
755.0,1,1,1,1,1,755.0,1.5,13.545,20.2,0.31,4.19,0,0,CHRG, ,
760.0,1,1,1,1,1,760.0,1.5,13.546,20.2,0.31,4.22,0,0,CHRG, ,
765.0,1,1,1,1,1,765.0,1.5,13.548,20.2,0.31,4.25,0,0,CHRG, ,
770.0,1,1,1,1,1,770.0,1.5,13.549,20.2,0.32,4.28,0,0,CHRG, ,
775.0,1,1,1,1,1,775.0,1.5,13.55,20.3,0.32,4.31,0,0,CHRG, ,
780.0,1,1,1,1,1,780.0,1.5,13.552,20.2,0.32,4.33,0,0,CHRG, ,
785.0,1,1,1,1,1,785.0,1.5,13.554,20.2,0.32,4.36,0,0,CHRG, ,
790.0,1,1,1,1,1,790.0,1.5,13.554,20.3,0.32,4.39,0,0,CHRG, ,
795.0,1,1,1,1,1,795.0,1.5,13.556,20.2,0.33,4.42,0,0,CHRG, ,
800.0,1,1,1,1,1,800.0,1.5,13.557,20.2,0.33,4.45,0,0,CHRG, ,
805.0,1,1,1,1,1,805.0,1.49,13.559,20.2,0.33,4.47,0,0,CHRG, ,
810.0,1,1,1,1,1,810.0,1.5,13.56,20.3,0.33,4.5,0,0,CHRG, ,
815.0,1,1,1,1,1,815.0,1.5,13.561,20.3,0.33,4.53,0,0,CHRG, ,
820.0,1,1,1,1,1,820.0,1.5,13.563,20.3,0.34,4.56,0,0,CHRG, ,
825.0,1,1,1,1,1,825.0,1.5,13.565,20.3,0.34,4.59,0,0,CHRG, ,
830.0,1,1,1,1,1,830.0,1.5,13.566,20.3,0.34,4.61,0,0,CHRG, ,
835.0,1,1,1,1,1,835.0,1.5,13.568,20.3,0.34,4.64,0,0,CHRG, ,
840.0,1,1,1,1,1,840.0,1.5,13.569,20.3,0.34,4.67,0,0,CHRG, ,
845.0,1,1,1,1,1,845.0,1.49,13.57,20.2,0.35,4.7,0,0,CHRG, ,
850.0,1,1,1,1,1,850.0,1.5,13.572,20.3,0.35,4.73,0,0,CHRG, ,
855.0,1,1,1,1,1,855.0,1.5,13.573,20.3,0.35,4.76,0,0,CHRG, ,
860.0,1,1,1,1,1,860.0,1.5,13.575,20.3,0.35,4.78,0,0,CHRG, ,
865.0,1,1,1,1,1,865.0,1.49,13.576,20.2,0.36,4.81,0,0,CHRG, ,
870.0,1,1,1,1,1,870.0,1.49,13.578,20.2,0.36,4.84,0,0,CHRG, ,
875.0,1,1,1,1,1,875.0,1.5,13.579,20.3,0.36,4.87,0,0,CHRG, ,
880.0,1,1,1,1,1,880.0,1.5,13.58,20.3,0.36,4.9,0,0,CHRG, ,
885.0,1,1,1,1,1,885.0,1.5,13.583,20.3,0.36,4.92,0,0,CHRG, ,
890.0,1,1,1,1,1,890.0,1.5,13.584,20.3,0.37,4.95,0,0,CHRG, ,
895.0,1,1,1,1,1,895.0,1.49,13.585,20.2,0.37,4.98,0,0,CHRG, ,
900.0,1,1,1,1,1,900.0,1.5,13.587,20.3,0.37,5.01,0,0,CHRG, ,
905.0,1,1,1,1,1,905.0,1.5,13.588,20.3,0.37,5.04,0,0,CHRG, ,
910.0,1,1,1,1,1,910.0,1.5,13.59,20.3,0.37,5.07,0,0,CHRG, ,
915.0,1,1,1,1,1,915.0,1.5,13.591,20.3,0.38,5.09,0,0,CHRG, ,
920.0,1,1,1,1,1,920.0,1.5,13.592,20.3,0.38,5.12,0,0,CHRG, ,
925.0,1,1,1,1,1,925.0,1.5,13.594,20.3,0.38,5.15,0,0,CHRG, ,
930.0,1,1,1,1,1,930.0,1.5,13.595,20.3,0.38,5.18,0,0,CHRG, ,
935.0,1,1,1,1,1,935.0,1.5,13.596,20.3,0.38,5.21,0,0,CHRG, ,
940.0,1,1,1,1,1,940.0,1.5,13.598,20.3,0.39,5.23,0,0,CHRG, ,
945.0,1,1,1,1,1,945.0,1.5,13.6,20.3,0.39,5.26,0,0,CHRG, ,
950.0,1,1,1,1,1,950.0,1.5,13.601,20.3,0.39,5.29,0,0,CHRG, ,
955.0,1,1,1,1,1,955.0,1.5,13.603,20.3,0.39,5.32,0,0,CHRG, ,
960.0,1,1,1,1,1,960.0,1.5,13.605,20.4,0.39,5.35,0,0,CHRG, ,
965.0,1,1,1,1,1,965.0,1.5,13.607,20.3,0.4,5.38,0,0,CHRG, ,
970.0,1,1,1,1,1,970.0,1.5,13.607,20.4,0.4,5.4,0,0,CHRG, ,
975.0,1,1,1,1,1,975.0,1.5,13.609,20.4,0.4,5.43,0,0,CHRG, ,
980.0,1,1,1,1,1,980.0,1.5,13.61,20.3,0.4,5.46,0,0,CHRG, ,
985.0,1,1,1,1,1,985.0,1.5,13.612,20.4,0.41,5.49,0,0,CHRG, ,
990.0,1,1,1,1,1,990.0,1.5,13.613,20.3,0.41,5.52,0,0,CHRG, ,
995.0,1,1,1,1,1,995.0,1.5,13.615,20.3,0.41,5.55,0,0,CHRG, ,
1000.0,1,1,1,1,1,1000.0,1.5,13.616,20.4,0.41,5.57,0,0,CHRG, ,
1005.0,1,1,1,1,1,1005.0,1.5,13.618,20.3,0.41,5.6,0,0,CHRG, ,
1010.0,1,1,1,1,1,1010.0,1.5,13.62,20.4,0.42,5.63,0,0,CHRG, ,
1015.0,1,1,1,1,1,1015.0,1.5,13.621,20.4,0.42,5.66,0,0,CHRG, ,
1020.0,1,1,1,1,1,1020.0,1.5,13.623,20.3,0.42,5.69,0,0,CHRG, ,
1025.0,1,1,1,1,1,1025.0,1.5,13.624,20.4,0.42,5.71,0,0,CHRG, ,
1030.0,1,1,1,1,1,1030.0,1.5,13.626,20.4,0.42,5.74,0,0,CHRG, ,
1035.0,1,1,1,1,1,1035.0,1.5,13.627,20.4,0.43,5.77,0,0,CHRG, ,
1040.0,1,1,1,1,1,1040.0,1.5,13.629,20.4,0.43,5.8,0,0,CHRG, ,
1045.0,1,1,1,1,1,1045.0,1.5,13.63,20.4,0.43,5.83,0,0,CHRG, ,
1050.0,1,1,1,1,1,1050.0,1.5,13.631,20.4,0.43,5.86,0,0,CHRG, ,
1055.0,1,1,1,1,1,1055.0,1.5,13.632,20.4,0.43,5.88,0,0,CHRG, ,
1060.0,1,1,1,1,1,1060.0,1.5,13.634,20.4,0.44,5.91,0,0,CHRG, ,
1065.0,1,1,1,1,1,1065.0,1.5,13.636,20.4,0.44,5.94,0,0,CHRG, ,
1070.0,1,1,1,1,1,1070.0,1.5,13.637,20.4,0.44,5.97,0,0,CHRG, ,
1075.0,1,1,1,1,1,1075.0,1.5,13.638,20.4,0.44,6,0,0,CHRG, ,
1080.0,1,1,1,1,1,1080.0,1.5,13.64,20.4,0.44,6.03,0,0,CHRG, ,
1085.0,1,1,1,1,1,1085.0,1.5,13.641,20.4,0.45,6.05,0,0,CHRG, ,
1090.0,1,1,1,1,1,1090.0,1.5,13.643,20.4,0.45,6.08,0,0,CHRG, ,
1095.0,1,1,1,1,1,1095.0,1.5,13.645,20.4,0.45,6.11,0,0,CHRG, ,
1100.0,1,1,1,1,1,1100.0,1.5,13.646,20.4,0.45,6.14,0,0,CHRG, ,
1105.0,1,1,1,1,1,1105.0,1.5,13.647,20.4,0.46,6.17,0,0,CHRG, ,
1110.0,1,1,1,1,1,1110.0,1.5,13.648,20.4,0.46,6.2,0,0,CHRG, ,
1115.0,1,1,1,1,1,1115.0,1.5,13.651,20.4,0.46,6.22,0,0,CHRG, ,
1120.0,1,1,1,1,1,1120.0,1.5,13.652,20.4,0.46,6.25,0,0,CHRG, ,
1125.0,1,1,1,1,1,1125.0,1.5,13.653,20.4,0.46,6.28,0,0,CHRG, ,
1130.0,1,1,1,1,1,1130.0,1.5,13.655,20.4,0.47,6.31,0,0,CHRG, ,
1135.0,1,1,1,1,1,1135.0,1.5,13.656,20.4,0.47,6.34,0,0,CHRG, ,
1140.0,1,1,1,1,1,1140.0,1.5,13.658,20.4,0.47,6.37,0,0,CHRG, ,
1145.0,1,1,1,1,1,1145.0,1.5,13.659,20.4,0.47,6.39,0,0,CHRG, ,
1150.0,1,1,1,1,1,1150.0,1.5,13.661,20.4,0.47,6.42,0,0,CHRG, ,
1155.0,1,1,1,1,1,1155.0,1.5,13.662,20.4,0.48,6.45,0,0,CHRG, ,
1160.0,1,1,1,1,1,1160.0,1.5,13.663,20.4,0.48,6.48,0,0,CHRG, ,
1165.0,1,1,1,1,1,1165.0,1.5,13.665,20.4,0.48,6.51,0,0,CHRG, ,
1170.0,1,1,1,1,1,1170.0,1.5,13.667,20.4,0.48,6.54,0,0,CHRG, ,
1175.0,1,1,1,1,1,1175.0,1.5,13.668,20.4,0.48,6.56,0,0,CHRG, ,
1180.0,1,1,1,1,1,1180.0,1.5,13.67,20.5,0.49,6.59,0,0,CHRG, ,
1185.0,1,1,1,1,1,1185.0,1.5,13.671,20.4,0.49,6.62,0,0,CHRG, ,
1190.0,1,1,1,1,1,1190.0,1.5,13.673,20.4,0.49,6.65,0,0,CHRG, ,
1195.0,1,1,1,1,1,1195.0,1.5,13.674,20.4,0.49,6.68,0,0,CHRG, ,
1200.0,1,1,1,1,1,1200.0,1.5,13.675,20.5,0.49,6.71,0,0,CHRG, ,
1205.0,1,1,1,1,1,1205.0,1.5,13.677,20.5,0.5,6.73,0,0,CHRG, ,
1210.0,1,1,1,1,1,1210.0,1.5,13.678,20.5,0.5,6.76,0,0,CHRG, ,
1215.0,1,1,1,1,1,1215.0,1.5,13.68,20.5,0.5,6.79,0,0,CHRG, ,
1220.0,1,1,1,1,1,1220.0,1.49,13.681,20.4,0.5,6.82,0,0,CHRG, ,
1225.0,1,1,1,1,1,1225.0,1.5,13.683,20.4,0.51,6.85,0,0,CHRG, ,
1230.0,1,1,1,1,1,1230.0,1.5,13.684,20.4,0.51,6.88,0,0,CHRG, ,
1235.0,1,1,1,1,1,1235.0,1.5,13.686,20.4,0.51,6.91,0,0,CHRG, ,
1240.0,1,1,1,1,1,1240.0,1.5,13.688,20.4,0.51,6.93,0,0,CHRG, ,
1245.0,1,1,1,1,1,1245.0,1.5,13.689,20.4,0.51,6.96,0,0,CHRG, ,
1250.0,1,1,1,1,1,1250.0,1.5,13.69,20.5,0.52,6.99,0,0,CHRG, ,
1255.0,1,1,1,1,1,1255.0,1.5,13.691,20.5,0.52,7.02,0,0,CHRG, ,
1260.0,1,1,1,1,1,1260.0,1.5,13.693,20.5,0.52,7.05,0,0,CHRG, ,
1265.0,1,1,1,1,1,1265.0,1.5,13.695,20.5,0.52,7.08,0,0,CHRG, ,
1270.0,1,1,1,1,1,1270.0,1.5,13.696,20.5,0.52,7.1,0,0,CHRG, ,
1275.0,1,1,1,1,1,1275.0,1.5,13.698,20.5,0.53,7.13,0,0,CHRG, ,
1280.0,1,1,1,1,1,1280.0,1.5,13.699,20.5,0.53,7.16,0,0,CHRG, ,
1285.0,1,1,1,1,1,1285.0,1.5,13.7,20.5,0.53,7.19,0,0,CHRG, ,
1290.0,1,1,1,1,1,1290.0,1.5,13.702,20.5,0.53,7.22,0,0,CHRG, ,
1295.0,1,1,1,1,1,1295.0,1.5,13.704,20.5,0.53,7.25,0,0,CHRG, ,
1300.0,1,1,1,1,1,1300.0,1.5,13.705,20.5,0.54,7.27,0,0,CHRG, ,
1305.0,1,1,1,1,1,1305.0,1.5,13.707,20.5,0.54,7.3,0,0,CHRG, ,
1310.0,1,1,1,1,1,1310.0,1.5,13.708,20.5,0.54,7.33,0,0,CHRG, ,
1315.0,1,1,1,1,1,1315.0,1.5,13.71,20.5,0.54,7.36,0,0,CHRG, ,
1320.0,1,1,1,1,1,1320.0,1.5,13.711,20.5,0.54,7.39,0,0,CHRG, ,
1325.0,1,1,1,1,1,1325.0,1.5,13.713,20.5,0.55,7.42,0,0,CHRG, ,
1330.0,1,1,1,1,1,1330.0,1.5,13.713,20.5,0.55,7.45,0,0,CHRG, ,
1335.0,1,1,1,1,1,1335.0,1.5,13.715,20.5,0.55,7.47,0,0,CHRG, ,
1340.0,1,1,1,1,1,1340.0,1.5,13.717,20.5,0.55,7.5,0,0,CHRG, ,
1345.0,1,1,1,1,1,1345.0,1.5,13.718,20.5,0.56,7.53,0,0,CHRG, ,
1350.0,1,1,1,1,1,1350.0,1.5,13.719,20.5,0.56,7.56,0,0,CHRG, ,
1355.0,1,1,1,1,1,1355.0,1.49,13.721,20.4,0.56,7.59,0,0,CHRG, ,
1360.0,1,1,1,1,1,1360.0,1.5,13.722,20.5,0.56,7.62,0,0,CHRG, ,
1365.0,1,1,1,1,1,1365.0,1.5,13.723,20.5,0.56,7.64,0,0,CHRG, ,
1370.0,1,1,1,1,1,1370.0,1.5,13.724,20.5,0.57,7.67,0,0,CHRG, ,
1375.0,1,1,1,1,1,1375.0,1.5,13.726,20.5,0.57,7.7,0,0,CHRG, ,
1380.0,1,1,1,1,1,1380.0,1.5,13.728,20.5,0.57,7.73,0,0,CHRG, ,
1385.0,1,1,1,1,1,1385.0,1.5,13.729,20.5,0.57,7.76,0,0,CHRG, ,
1390.0,1,1,1,1,1,1390.0,1.5,13.73,20.5,0.57,7.79,0,0,CHRG, ,
1395.0,1,1,1,1,1,1395.0,1.5,13.732,20.5,0.58,7.82,0,0,CHRG, ,
1400.0,1,1,1,1,1,1400.0,1.5,13.733,20.5,0.58,7.84,0,0,CHRG, ,
1405.0,1,1,1,1,1,1405.0,1.5,13.735,20.5,0.58,7.87,0,0,CHRG, ,
1410.0,1,1,1,1,1,1410.0,1.49,13.737,20.5,0.58,7.9,0,0,CHRG, ,
1415.0,1,1,1,1,1,1415.0,1.5,13.739,20.6,0.58,7.93,0,0,CHRG, ,
1420.0,1,1,1,1,1,1420.0,1.5,13.74,20.5,0.59,7.96,0,0,CHRG, ,
1425.0,1,1,1,1,1,1425.0,1.5,13.741,20.5,0.59,7.99,0,0,CHRG, ,
1430.0,1,1,1,1,1,1430.0,1.5,13.742,20.5,0.59,8.02,0,0,CHRG, ,
1435.0,1,1,1,1,1,1435.0,1.5,13.744,20.5,0.59,8.04,0,0,CHRG, ,
1440.0,1,1,1,1,1,1440.0,1.5,13.745,20.5,0.59,8.07,0,0,CHRG, ,
1445.0,1,1,1,1,1,1445.0,1.5,13.747,20.6,0.6,8.1,0,0,CHRG, ,
1450.0,1,1,1,1,1,1450.0,1.5,13.748,20.6,0.6,8.13,0,0,CHRG, ,
1455.0,1,1,1,1,1,1455.0,1.5,13.751,20.5,0.6,8.16,0,0,CHRG, ,
1460.0,1,1,1,1,1,1460.0,1.5,13.752,20.5,0.6,8.19,0,0,CHRG, ,
1465.0,1,1,1,1,1,1465.0,1.5,13.753,20.5,0.61,8.21,0,0,CHRG, ,
1470.0,1,1,1,1,1,1470.0,1.5,13.755,20.5,0.61,8.24,0,0,CHRG, ,
1475.0,1,1,1,1,1,1475.0,1.5,13.756,20.5,0.61,8.27,0,0,CHRG, ,
1480.0,1,1,1,1,1,1480.0,1.5,13.758,20.6,0.61,8.3,0,0,CHRG, ,
1485.0,1,1,1,1,1,1485.0,1.5,13.76,20.6,0.61,8.33,0,0,CHRG, ,
1490.0,1,1,1,1,1,1490.0,1.5,13.761,20.6,0.62,8.36,0,0,CHRG, ,
1495.0,1,1,1,1,1,1495.0,1.5,13.763,20.6,0.62,8.39,0,0,CHRG, ,
1500.0,1,1,1,1,1,1500.0,1.5,13.763,20.6,0.62,8.41,0,0,CHRG, ,
1505.0,1,1,1,1,1,1505.0,1.5,13.765,20.6,0.62,8.44,0,0,CHRG, ,
1510.0,1,1,1,1,1,1510.0,1.5,13.767,20.6,0.62,8.47,0,0,CHRG, ,
1515.0,1,1,1,1,1,1515.0,1.5,13.768,20.6,0.63,8.5,0,0,CHRG, ,
1520.0,1,1,1,1,1,1520.0,1.5,13.77,20.6,0.63,8.53,0,0,CHRG, ,
1525.0,1,1,1,1,1,1525.0,1.5,13.772,20.6,0.63,8.56,0,0,CHRG, ,
1530.0,1,1,1,1,1,1530.0,1.5,13.773,20.6,0.63,8.59,0,0,CHRG, ,
1535.0,1,1,1,1,1,1535.0,1.5,13.774,20.6,0.63,8.61,0,0,CHRG, ,
1540.0,1,1,1,1,1,1540.0,1.5,13.776,20.6,0.64,8.64,0,0,CHRG, ,
1545.0,1,1,1,1,1,1545.0,1.5,13.778,20.6,0.64,8.67,0,0,CHRG, ,
1550.0,1,1,1,1,1,1550.0,1.5,13.779,20.6,0.64,8.7,0,0,CHRG, ,
1555.0,1,1,1,1,1,1555.0,1.5,13.781,20.6,0.64,8.73,0,0,CHRG, ,
1560.0,1,1,1,1,1,1560.0,1.5,13.782,20.6,0.64,8.76,0,0,CHRG, ,
1565.0,1,1,1,1,1,1565.0,1.5,13.783,20.6,0.65,8.79,0,0,CHRG, ,
1570.0,1,1,1,1,1,1570.0,1.5,13.785,20.6,0.65,8.82,0,0,CHRG, ,
1575.0,1,1,1,1,1,1575.0,1.5,13.786,20.6,0.65,8.84,0,0,CHRG, ,
1580.0,1,1,1,1,1,1580.0,1.5,13.788,20.6,0.65,8.87,0,0,CHRG, ,
1585.0,1,1,1,1,1,1585.0,1.5,13.789,20.6,0.66,8.9,0,0,CHRG, ,
1590.0,1,1,1,1,1,1590.0,1.5,13.791,20.6,0.66,8.93,0,0,CHRG, ,
1595.0,1,1,1,1,1,1595.0,1.5,13.793,20.6,0.66,8.96,0,0,CHRG, ,
1600.0,1,1,1,1,1,1600.0,1.5,13.794,20.6,0.66,8.99,0,0,CHRG, ,
1605.0,1,1,1,1,1,1605.0,1.5,13.795,20.6,0.66,9.02,0,0,CHRG, ,
1610.0,1,1,1,1,1,1610.0,1.5,13.798,20.6,0.67,9.04,0,0,CHRG, ,
1615.0,1,1,1,1,1,1615.0,1.5,13.799,20.6,0.67,9.07,0,0,CHRG, ,
1620.0,1,1,1,1,1,1620.0,1.5,13.8,20.6,0.67,9.1,0,0,CHRG, ,
1625.0,1,1,1,1,1,1625.0,1.5,13.802,20.6,0.67,9.13,0,0,CHRG, ,
1630.0,1,1,1,1,1,1630.0,1.5,13.804,20.6,0.67,9.16,0,0,CHRG, ,
1635.0,1,1,1,1,1,1635.0,1.5,13.805,20.6,0.68,9.19,0,0,CHRG, ,
1640.0,1,1,1,1,1,1640.0,1.5,13.807,20.6,0.68,9.22,0,0,CHRG, ,
1645.0,1,1,1,1,1,1645.0,1.5,13.808,20.6,0.68,9.24,0,0,CHRG, ,
1650.0,1,1,1,1,1,1650.0,1.5,13.81,20.7,0.68,9.27,0,0,CHRG, ,
1655.0,1,1,1,1,1,1655.0,1.5,13.811,20.6,0.68,9.3,0,0,CHRG, ,
1660.0,1,1,1,1,1,1660.0,1.5,13.813,20.6,0.69,9.33,0,0,CHRG, ,
1665.0,1,1,1,1,1,1665.0,1.5,13.814,20.6,0.69,9.36,0,0,CHRG, ,
1670.0,1,1,1,1,1,1670.0,1.5,13.817,20.6,0.69,9.39,0,0,CHRG, ,
1675.0,1,1,1,1,1,1675.0,1.5,13.818,20.6,0.69,9.42,0,0,CHRG, ,
1680.0,1,1,1,1,1,1680.0,1.5,13.819,20.6,0.69,9.45,0,0,CHRG, ,
1685.0,1,1,1,1,1,1685.0,1.5,13.82,20.7,0.7,9.47,0,0,CHRG, ,
1690.0,1,1,1,1,1,1690.0,1.5,13.822,20.6,0.7,9.5,0,0,CHRG, ,
1695.0,1,1,1,1,1,1695.0,1.5,13.823,20.7,0.7,9.53,0,0,CHRG, ,
1700.0,1,1,1,1,1,1700.0,1.5,13.825,20.6,0.7,9.56,0,0,CHRG, ,
1705.0,1,1,1,1,1,1705.0,1.5,13.827,20.7,0.71,9.59,0,0,CHRG, ,
1710.0,1,1,1,1,1,1710.0,1.5,13.828,20.7,0.71,9.62,0,0,CHRG, ,
1715.0,1,1,1,1,1,1715.0,1.5,13.83,20.7,0.71,9.65,0,0,CHRG, ,
1720.0,1,1,1,1,1,1720.0,1.5,13.831,20.7,0.71,9.67,0,0,CHRG, ,
1725.0,1,1,1,1,1,1725.0,1.5,13.833,20.7,0.71,9.7,0,0,CHRG, ,
1730.0,1,1,1,1,1,1730.0,1.5,13.834,20.7,0.72,9.73,0,0,CHRG, ,
1735.0,1,1,1,1,1,1735.0,1.5,13.836,20.7,0.72,9.76,0,0,CHRG, ,
1740.0,1,1,1,1,1,1740.0,1.5,13.838,20.7,0.72,9.79,0,0,CHRG, ,
1745.0,1,1,1,1,1,1745.0,1.5,13.839,20.7,0.72,9.82,0,0,CHRG, ,
1750.0,1,1,1,1,1,1750.0,1.5,13.841,20.7,0.72,9.85,0,0,CHRG, ,
1755.0,1,1,1,1,1,1755.0,1.5,13.842,20.7,0.73,9.88,0,0,CHRG, ,
1760.0,1,1,1,1,1,1760.0,1.5,13.844,20.7,0.73,9.9,0,0,CHRG, ,
1765.0,1,1,1,1,1,1765.0,1.5,13.846,20.7,0.73,9.93,0,0,CHRG, ,
1770.0,1,1,1,1,1,1770.0,1.5,13.848,20.7,0.73,9.96,0,0,CHRG, ,
1775.0,1,1,1,1,1,1775.0,1.5,13.849,20.7,0.73,9.99,0,0,CHRG, ,
1780.0,1,1,1,1,1,1780.0,1.5,13.85,20.7,0.74,10.02,0,0,CHRG, ,
1785.0,1,1,1,1,1,1785.0,1.5,13.852,20.7,0.74,10.05,0,0,CHRG, ,
1790.0,1,1,1,1,1,1790.0,1.5,13.853,20.7,0.74,10.08,0,0,CHRG, ,
1795.0,1,1,1,1,1,1795.0,1.49,13.855,20.6,0.74,10.11,0,0,CHRG, ,
1800.0,1,1,1,1,1,1800.0,1.5,13.857,20.7,0.74,10.13,0,0,CHRG, ,
1805.0,1,1,1,1,1,1805.0,1.5,13.858,20.7,0.75,10.16,0,0,CHRG, ,
1810.0,1,1,1,1,1,1810.0,1.5,13.86,20.7,0.75,10.19,0,0,CHRG, ,
1815.0,1,1,1,1,1,1815.0,1.5,13.861,20.7,0.75,10.22,0,0,CHRG, ,
1820.0,1,1,1,1,1,1820.0,1.5,13.863,20.7,0.75,10.25,0,0,CHRG, ,
1825.0,1,1,1,1,1,1825.0,1.5,13.865,20.7,0.76,10.28,0,0,CHRG, ,
1830.0,1,1,1,1,1,1830.0,1.5,13.867,20.7,0.76,10.31,0,0,CHRG, ,
1835.0,1,1,1,1,1,1835.0,1.5,13.868,20.7,0.76,10.34,0,0,CHRG, ,
1840.0,1,1,1,1,1,1840.0,1.5,13.87,20.8,0.76,10.36,0,0,CHRG, ,
1845.0,1,1,1,1,1,1845.0,1.5,13.872,20.7,0.76,10.39,0,0,CHRG, ,
1850.0,1,1,1,1,1,1850.0,1.5,13.873,20.7,0.77,10.42,0,0,CHRG, ,
1855.0,1,1,1,1,1,1855.0,1.5,13.875,20.7,0.77,10.45,0,0,CHRG, ,
1860.0,1,1,1,1,1,1860.0,1.5,13.877,20.8,0.77,10.48,0,0,CHRG, ,
1865.0,1,1,1,1,1,1865.0,1.5,13.878,20.7,0.77,10.51,0,0,CHRG, ,
1870.0,1,1,1,1,1,1870.0,1.5,13.88,20.7,0.77,10.54,0,0,CHRG, ,
1875.0,1,1,1,1,1,1875.0,1.5,13.882,20.7,0.78,10.57,0,0,CHRG, ,
1880.0,1,1,1,1,1,1880.0,1.5,13.884,20.7,0.78,10.59,0,0,CHRG, ,
1885.0,1,1,1,1,1,1885.0,1.5,13.884,20.7,0.78,10.62,0,0,CHRG, ,
1890.0,1,1,1,1,1,1890.0,1.5,13.886,20.7,0.78,10.65,0,0,CHRG, ,
1895.0,1,1,1,1,1,1895.0,1.5,13.887,20.7,0.78,10.68,0,0,CHRG, ,
1900.0,1,1,1,1,1,1900.0,1.49,13.889,20.7,0.79,10.71,0,0,CHRG, ,
1905.0,1,1,1,1,1,1905.0,1.5,13.892,20.8,0.79,10.74,0,0,CHRG, ,
1910.0,1,1,1,1,1,1910.0,1.5,13.893,20.8,0.79,10.77,0,0,CHRG, ,
1915.0,1,1,1,1,1,1915.0,1.5,13.894,20.8,0.79,10.8,0,0,CHRG, ,
1920.0,1,1,1,1,1,1920.0,1.5,13.896,20.8,0.79,10.83,0,0,CHRG, ,
1925.0,1,1,1,1,1,1925.0,1.5,13.898,20.8,0.8,10.85,0,0,CHRG, ,
1930.0,1,1,1,1,1,1930.0,1.5,13.899,20.8,0.8,10.88,0,0,CHRG, ,
1935.0,1,1,1,1,1,1935.0,1.5,13.901,20.8,0.8,10.91,0,0,CHRG, ,
1940.0,1,1,1,1,1,1940.0,1.5,13.902,20.8,0.8,10.94,0,0,CHRG, ,
1945.0,1,1,1,1,1,1945.0,1.5,13.904,20.8,0.81,10.97,0,0,CHRG, ,
1950.0,1,1,1,1,1,1950.0,1.5,13.906,20.8,0.81,11,0,0,CHRG, ,
1955.0,1,1,1,1,1,1955.0,1.5,13.908,20.8,0.81,11.03,0,0,CHRG, ,
1960.0,1,1,1,1,1,1960.0,1.5,13.91,20.8,0.81,11.06,0,0,CHRG, ,
1965.0,1,1,1,1,1,1965.0,1.5,13.912,20.8,0.81,11.09,0,0,CHRG, ,
1970.0,1,1,1,1,1,1970.0,1.5,13.914,20.8,0.82,11.11,0,0,CHRG, ,
1975.0,1,1,1,1,1,1975.0,1.5,13.914,20.8,0.82,11.14,0,0,CHRG, ,
1980.0,1,1,1,1,1,1980.0,1.5,13.916,20.8,0.82,11.17,0,0,CHRG, ,
1985.0,1,1,1,1,1,1985.0,1.49,13.918,20.7,0.82,11.2,0,0,CHRG, ,
1990.0,1,1,1,1,1,1990.0,1.5,13.92,20.8,0.82,11.23,0,0,CHRG, ,
1995.0,1,1,1,1,1,1995.0,1.5,13.921,20.8,0.83,11.26,0,0,CHRG, ,
2000.0,1,1,1,1,1,2000.0,1.5,13.922,20.8,0.83,11.29,0,0,CHRG, ,
2005.0,1,1,1,1,1,2005.0,1.5,13.925,20.8,0.83,11.32,0,0,CHRG, ,
2010.0,1,1,1,1,1,2010.0,1.5,13.927,20.8,0.83,11.35,0,0,CHRG, ,
2015.0,1,1,1,1,1,2015.0,1.5,13.928,20.8,0.83,11.37,0,0,CHRG, ,
2020.0,1,1,1,1,1,2020.0,1.5,13.93,20.8,0.84,11.4,0,0,CHRG, ,
2025.0,1,1,1,1,1,2025.0,1.5,13.932,20.8,0.84,11.43,0,0,CHRG, ,
2030.0,1,1,1,1,1,2030.0,1.49,13.934,20.8,0.84,11.46,0,0,CHRG, ,
2035.0,1,1,1,1,1,2035.0,1.5,13.935,20.8,0.84,11.49,0,0,CHRG, ,
2040.0,1,1,1,1,1,2040.0,1.5,13.937,20.8,0.84,11.52,0,0,CHRG, ,
2045.0,1,1,1,1,1,2045.0,1.5,13.939,20.9,0.85,11.55,0,0,CHRG, ,
2050.0,1,1,1,1,1,2050.0,1.5,13.941,20.8,0.85,11.58,0,0,CHRG, ,
2055.0,1,1,1,1,1,2055.0,1.5,13.943,20.9,0.85,11.61,0,0,CHRG, ,
2060.0,1,1,1,1,1,2060.0,1.5,13.945,20.8,0.85,11.63,0,0,CHRG, ,
2065.0,1,1,1,1,1,2065.0,1.5,13.947,20.8,0.86,11.66,0,0,CHRG, ,
2070.0,1,1,1,1,1,2070.0,1.5,13.949,20.9,0.86,11.69,0,0,CHRG, ,
2075.0,1,1,1,1,1,2075.0,1.5,13.95,20.8,0.86,11.72,0,0,CHRG, ,
2080.0,1,1,1,1,1,2080.0,1.5,13.952,20.8,0.86,11.75,0,0,CHRG, ,
2085.0,1,1,1,1,1,2085.0,1.5,13.954,20.8,0.86,11.78,0,0,CHRG, ,
2090.0,1,1,1,1,1,2090.0,1.5,13.956,20.9,0.87,11.81,0,0,CHRG, ,
2095.0,1,1,1,1,1,2095.0,1.5,13.957,20.8,0.87,11.84,0,0,CHRG, ,
2100.0,1,1,1,1,1,2100.0,1.5,13.959,20.9,0.87,11.87,0,0,CHRG, ,
2105.0,1,1,1,1,1,2105.0,1.5,13.961,20.9,0.87,11.89,0,0,CHRG, ,
2110.0,1,1,1,1,1,2110.0,1.5,13.963,20.9,0.87,11.92,0,0,CHRG, ,
2115.0,1,1,1,1,1,2115.0,1.5,13.965,20.9,0.88,11.95,0,0,CHRG, ,
2120.0,1,1,1,1,1,2120.0,1.5,13.967,20.9,0.88,11.98,0,0,CHRG, ,
2125.0,1,1,1,1,1,2125.0,1.5,13.969,20.9,0.88,12.01,0,0,CHRG, ,
2130.0,1,1,1,1,1,2130.0,1.5,13.97,20.9,0.88,12.04,0,0,CHRG, ,
2135.0,1,1,1,1,1,2135.0,1.5,13.973,20.9,0.88,12.07,0,0,CHRG, ,
2140.0,1,1,1,1,1,2140.0,1.5,13.975,20.9,0.89,12.1,0,0,CHRG, ,
2145.0,1,1,1,1,1,2145.0,1.5,13.976,20.9,0.89,12.13,0,0,CHRG, ,
2150.0,1,1,1,1,1,2150.0,1.5,13.978,20.9,0.89,12.16,0,0,CHRG, ,
2155.0,1,1,1,1,1,2155.0,1.5,13.98,20.9,0.89,12.18,0,0,CHRG, ,
2160.0,1,1,1,1,1,2160.0,1.5,13.982,20.9,0.89,12.21,0,0,CHRG, ,
2165.0,1,1,1,1,1,2165.0,1.5,13.984,20.9,0.9,12.24,0,0,CHRG, ,
2170.0,1,1,1,1,1,2170.0,1.5,13.986,20.9,0.9,12.27,0,0,CHRG, ,
2175.0,1,1,1,1,1,2175.0,1.5,13.988,20.9,0.9,12.3,0,0,CHRG, ,
2180.0,1,1,1,1,1,2180.0,1.5,13.989,20.9,0.9,12.33,0,0,CHRG, ,
2185.0,1,1,1,1,1,2185.0,1.5,13.992,20.9,0.91,12.36,0,0,CHRG, ,
2190.0,1,1,1,1,1,2190.0,1.49,13.994,20.8,0.91,12.39,0,0,CHRG, ,
2195.0,1,1,1,1,1,2195.0,1.5,13.995,20.9,0.91,12.42,0,0,CHRG, ,
2200.0,1,1,1,1,1,2200.0,1.5,13.997,20.9,0.91,12.45,0,0,CHRG, ,
2205.0,1,1,1,1,1,2205.0,1.5,13.999,20.9,0.91,12.48,0,0,CHRG, ,
2210.0,1,1,1,1,1,2210.0,1.5,14.002,21,0.92,12.5,0,0,CHRG, ,
2215.0,1,1,1,1,1,2215.0,1.5,14.003,20.9,0.92,12.53,0,0,CHRG, ,
2220.0,1,1,1,1,1,2220.0,1.5,14.005,21,0.92,12.56,0,0,CHRG, ,
2225.0,1,1,1,1,1,2225.0,1.5,14.007,20.9,0.92,12.59,0,0,CHRG, ,
2230.0,1,1,1,1,1,2230.0,1.5,14.009,20.9,0.92,12.62,0,0,CHRG, ,
2235.0,1,1,1,1,1,2235.0,1.5,14.011,20.9,0.93,12.65,0,0,CHRG, ,
2240.0,1,1,1,1,1,2240.0,1.5,14.014,20.9,0.93,12.68,0,0,CHRG, ,
2245.0,1,1,1,1,1,2245.0,1.5,14.016,21,0.93,12.71,0,0,CHRG, ,
2250.0,1,1,1,1,1,2250.0,1.5,14.017,20.9,0.93,12.74,0,0,CHRG, ,
2255.0,1,1,1,1,1,2255.0,1.5,14.019,21,0.93,12.77,0,0,CHRG, ,
2260.0,1,1,1,1,1,2260.0,1.5,14.022,21,0.94,12.79,0,0,CHRG, ,
2265.0,1,1,1,1,1,2265.0,1.5,14.023,21,0.94,12.82,0,0,CHRG, ,
2270.0,1,1,1,1,1,2270.0,1.5,14.026,20.9,0.94,12.85,0,0,CHRG, ,
2275.0,1,1,1,1,1,2275.0,1.5,14.027,21,0.94,12.88,0,0,CHRG, ,
2280.0,1,1,1,1,1,2280.0,1.5,14.03,21,0.94,12.91,0,0,CHRG, ,
2285.0,1,1,1,1,1,2285.0,1.5,14.032,21,0.95,12.94,0,0,CHRG, ,
2290.0,1,1,1,1,1,2290.0,1.5,14.034,21,0.95,12.97,0,0,CHRG, ,
2295.0,1,1,1,1,1,2295.0,1.5,14.035,21,0.95,13,0,0,CHRG, ,
2300.0,1,1,1,1,1,2300.0,1.5,14.036,21,0.95,13.03,0,0,CHRG, ,
2305.0,1,1,1,1,1,2305.0,1.49,14.039,20.9,0.96,13.06,0,0,CHRG, ,
2310.0,1,1,1,1,1,2310.0,1.49,14.041,20.9,0.96,13.09,0,0,CHRG, ,
2315.0,1,1,1,1,1,2315.0,1.5,14.044,21,0.96,13.12,0,0,CHRG, ,
2320.0,1,1,1,1,1,2320.0,1.5,14.045,21,0.96,13.14,0,0,CHRG, ,
2325.0,1,1,1,1,1,2325.0,1.5,14.047,21,0.96,13.17,0,0,CHRG, ,
2330.0,1,1,1,1,1,2330.0,1.5,14.048,21,0.97,13.2,0,0,CHRG, ,
2335.0,1,1,1,1,1,2335.0,1.5,14.051,21,0.97,13.23,0,0,CHRG, ,
2340.0,1,1,1,1,1,2340.0,1.5,14.054,21,0.97,13.26,0,0,CHRG, ,
2345.0,1,1,1,1,1,2345.0,1.5,14.056,21,0.97,13.29,0,0,CHRG, ,
2350.0,1,1,1,1,1,2350.0,1.49,14.058,20.9,0.97,13.32,0,0,CHRG, ,
2355.0,1,1,1,1,1,2355.0,1.5,14.06,21,0.98,13.35,0,0,CHRG, ,
2360.0,1,1,1,1,1,2360.0,1.5,14.062,21,0.98,13.38,0,0,CHRG, ,
2365.0,1,1,1,1,1,2365.0,1.5,14.065,21,0.98,13.41,0,0,CHRG, ,
2370.0,1,1,1,1,1,2370.0,1.5,14.066,21,0.98,13.44,0,0,CHRG, ,
2375.0,1,1,1,1,1,2375.0,1.5,14.069,21.1,0.98,13.47,0,0,CHRG, ,
2380.0,1,1,1,1,1,2380.0,1.5,14.071,21,0.99,13.49,0,0,CHRG, ,
2385.0,1,1,1,1,1,2385.0,1.5,14.073,21,0.99,13.52,0,0,CHRG, ,
2390.0,1,1,1,1,1,2390.0,1.5,14.075,21,0.99,13.55,0,0,CHRG, ,
2395.0,1,1,1,1,1,2395.0,1.5,14.078,21,0.99,13.58,0,0,CHRG, ,
2400.0,1,1,1,1,1,2400.0,1.5,14.08,21.1,0.99,13.61,0,0,CHRG, ,
2405.0,1,1,1,1,1,2405.0,1.5,14.082,21.1,1,13.64,0,0,CHRG, ,
2410.0,1,1,1,1,1,2410.0,1.5,14.085,21,1,13.67,0,0,CHRG, ,
2415.0,1,1,1,1,1,2415.0,1.5,14.087,21,1,13.7,0,0,CHRG, ,
2420.0,1,1,1,1,1,2420.0,1.49,14.09,21,1,13.73,0,0,CHRG, ,
2425.0,1,1,1,1,1,2425.0,1.5,14.091,21,1,13.76,0,0,CHRG, ,
2430.0,1,1,1,1,1,2430.0,1.5,14.094,21.1,1.01,13.79,0,0,CHRG, ,
2435.0,1,1,1,1,1,2435.0,1.5,14.097,21.1,1.01,13.82,0,0,CHRG, ,
2440.0,1,1,1,1,1,2440.0,1.5,14.098,21.1,1.01,13.85,0,0,CHRG, ,
2445.0,1,1,1,1,1,2445.0,1.5,14.1,21.1,1.01,13.87,0,0,CHRG, ,
2450.0,1,1,1,1,1,2450.0,1.5,14.103,21.1,1.02,13.9,0,0,CHRG, ,
2455.0,1,1,1,1,1,2455.0,1.5,14.106,21.1,1.02,13.93,0,0,CHRG, ,
2460.0,1,1,1,1,1,2460.0,1.5,14.108,21.1,1.02,13.96,0,0,CHRG, ,
2465.0,1,1,1,1,1,2465.0,1.49,14.111,21,1.02,13.99,0,0,CHRG, ,
2470.0,1,1,1,1,1,2470.0,1.5,14.114,21.1,1.02,14.02,0,0,CHRG, ,
2475.0,1,1,1,1,1,2475.0,1.5,14.115,21.1,1.03,14.05,0,0,CHRG, ,
2480.0,1,1,1,1,1,2480.0,1.5,14.119,21.1,1.03,14.08,0,0,CHRG, ,
2485.0,1,1,1,1,1,2485.0,1.5,14.12,21.1,1.03,14.11,0,0,CHRG, ,
2490.0,1,1,1,1,1,2490.0,1.5,14.123,21.1,1.03,14.14,0,0,CHRG, ,
2495.0,1,1,1,1,1,2495.0,1.5,14.126,21.1,1.03,14.17,0,0,CHRG, ,
2500.0,1,1,1,1,1,2500.0,1.5,14.129,21.1,1.04,14.2,0,0,CHRG, ,
2505.0,1,1,1,1,1,2505.0,1.5,14.131,21.1,1.04,14.23,0,0,CHRG, ,
2510.0,1,1,1,1,1,2510.0,1.5,14.134,21.1,1.04,14.26,0,0,CHRG, ,
2515.0,1,1,1,1,1,2515.0,1.5,14.136,21.2,1.04,14.28,0,0,CHRG, ,
2520.0,1,1,1,1,1,2520.0,1.5,14.138,21.1,1.04,14.31,0,0,CHRG, ,
2525.0,1,1,1,1,1,2525.0,1.5,14.142,21.1,1.05,14.34,0,0,CHRG, ,
2530.0,1,1,1,1,1,2530.0,1.5,14.143,21.1,1.05,14.37,0,0,CHRG, ,
2535.0,1,1,1,1,1,2535.0,1.5,14.147,21.1,1.05,14.4,0,0,CHRG, ,
2540.0,1,1,1,1,1,2540.0,1.5,14.148,21.2,1.05,14.43,0,0,CHRG, ,
2545.0,1,1,1,1,1,2545.0,1.49,14.151,21.1,1.05,14.46,0,0,CHRG, ,
2550.0,1,1,1,1,1,2550.0,1.5,14.154,21.2,1.06,14.49,0,0,CHRG, ,
2555.0,1,1,1,1,1,2555.0,1.5,14.157,21.1,1.06,14.52,0,0,CHRG, ,
2560.0,1,1,1,1,1,2560.0,1.5,14.16,21.2,1.06,14.55,0,0,CHRG, ,
2565.0,1,1,1,1,1,2565.0,1.5,14.161,21.2,1.06,14.58,0,0,CHRG, ,
2570.0,1,1,1,1,1,2570.0,1.49,14.165,21.1,1.07,14.61,0,0,CHRG, ,
2575.0,1,1,1,1,1,2575.0,1.5,14.167,21.2,1.07,14.64,0,0,CHRG, ,
2580.0,1,1,1,1,1,2580.0,1.5,14.171,21.2,1.07,14.67,0,0,CHRG, ,
2585.0,1,1,1,1,1,2585.0,1.5,14.173,21.2,1.07,14.7,0,0,CHRG, ,
2590.0,1,1,1,1,1,2590.0,1.5,14.177,21.2,1.07,14.73,0,0,CHRG, ,
2595.0,1,1,1,1,1,2595.0,1.5,14.179,21.2,1.08,14.75,0,0,CHRG, ,
2600.0,1,1,1,1,1,2600.0,1.5,14.182,21.2,1.08,14.78,0,0,CHRG, ,
2605.0,1,1,1,1,1,2605.0,1.49,14.185,21.1,1.08,14.81,0,0,CHRG, ,
2610.0,1,1,1,1,1,2610.0,1.5,14.188,21.2,1.08,14.84,0,0,CHRG, ,
2615.0,1,1,1,1,1,2615.0,1.5,14.188,21.2,1.08,14.87,0,0,CHRG, ,
2620.0,1,1,1,1,1,2620.0,1.5,14.191,21.2,1.09,14.9,0,0,CHRG, ,
2625.0,1,1,1,1,1,2625.0,1.5,14.194,21.2,1.09,14.93,0,0,CHRG, ,
2630.0,1,1,1,1,1,2630.0,1.5,14.197,21.2,1.09,14.96,0,0,CHRG, ,
2635.0,1,1,1,1,1,2635.0,1.5,14.2,21.2,1.09,14.99,0,0,CHRG, ,
2640.0,1,1,1,1,1,2640.0,1.5,14.203,21.3,1.09,15.02,0,0,CHRG, ,
2645.0,1,1,1,1,1,2645.0,1.5,14.207,21.2,1.1,15.05,0,0,CHRG, ,
2650.0,1,1,1,1,1,2650.0,1.5,14.209,21.3,1.1,15.08,0,0,CHRG, ,
2655.0,1,1,1,1,1,2655.0,1.5,14.213,21.2,1.1,15.11,0,0,CHRG, ,
2660.0,1,1,1,1,1,2660.0,1.5,14.215,21.2,1.1,15.14,0,0,CHRG, ,
2665.0,1,1,1,1,1,2665.0,1.5,14.219,21.2,1.1,15.17,0,0,CHRG, ,
2670.0,1,1,1,1,1,2670.0,1.5,14.222,21.2,1.11,15.2,0,0,CHRG, ,
2675.0,1,1,1,1,1,2675.0,1.5,14.226,21.2,1.11,15.23,0,0,CHRG, ,
2680.0,1,1,1,1,1,2680.0,1.5,14.228,21.2,1.11,15.26,0,0,CHRG, ,
2685.0,1,1,1,1,1,2685.0,1.49,14.231,21.2,1.11,15.29,0,0,CHRG, ,
2690.0,1,1,1,1,1,2690.0,1.5,14.235,21.3,1.12,15.31,0,0,CHRG, ,
2695.0,1,1,1,1,1,2695.0,1.5,14.237,21.3,1.12,15.34,0,0,CHRG, ,
2700.0,1,1,1,1,1,2700.0,1.5,14.241,21.3,1.12,15.37,0,0,CHRG, ,
2705.0,1,1,1,1,1,2705.0,1.5,14.243,21.3,1.12,15.4,0,0,CHRG, ,
2710.0,1,1,1,1,1,2710.0,1.5,14.247,21.3,1.12,15.43,0,0,CHRG, ,
2715.0,1,1,1,1,1,2715.0,1.5,14.251,21.3,1.13,15.46,0,0,CHRG, ,
2720.0,1,1,1,1,1,2720.0,1.5,14.253,21.3,1.13,15.49,0,0,CHRG, ,
2725.0,1,1,1,1,1,2725.0,1.5,14.256,21.3,1.13,15.52,0,0,CHRG, ,
2730.0,1,1,1,1,1,2730.0,1.5,14.259,21.3,1.13,15.55,0,0,CHRG, ,
2735.0,1,1,1,1,1,2735.0,1.5,14.263,21.3,1.13,15.58,0,0,CHRG, ,
2740.0,1,1,1,1,1,2740.0,1.5,14.266,21.3,1.14,15.61,0,0,CHRG, ,
2745.0,1,1,1,1,1,2745.0,1.5,14.271,21.4,1.14,15.64,0,0,CHRG, ,
2750.0,1,1,1,1,1,2750.0,1.5,14.273,21.4,1.14,15.67,0,0,CHRG, ,
2755.0,1,1,1,1,1,2755.0,1.5,14.276,21.3,1.14,15.7,0,0,CHRG, ,
2760.0,1,1,1,1,1,2760.0,1.5,14.279,21.4,1.14,15.73,0,0,CHRG, ,
2765.0,1,1,1,1,1,2765.0,1.5,14.283,21.4,1.15,15.76,0,0,CHRG, ,
2770.0,1,1,1,1,1,2770.0,1.5,14.286,21.4,1.15,15.79,0,0,CHRG, ,
2775.0,1,1,1,1,1,2775.0,1.5,14.29,21.4,1.15,15.82,0,0,CHRG, ,
2780.0,1,1,1,1,1,2780.0,1.5,14.293,21.4,1.15,15.85,0,0,CHRG, ,
2785.0,1,1,1,1,1,2785.0,1.5,14.297,21.4,1.15,15.88,0,0,CHRG, ,
2790.0,1,1,1,1,1,2790.0,1.5,14.299,21.4,1.16,15.91,0,0,CHRG, ,
2795.0,1,1,1,1,1,2795.0,1.5,14.303,21.4,1.16,15.94,0,0,CHRG, ,
2800.0,1,1,1,1,1,2800.0,1.5,14.306,21.4,1.16,15.97,0,0,CHRG, ,
2805.0,1,1,1,1,1,2805.0,1.5,14.31,21.4,1.16,16,0,0,CHRG, ,
2810.0,1,1,1,1,1,2810.0,1.49,14.314,21.3,1.17,16.03,0,0,CHRG, ,
2815.0,1,1,1,1,1,2815.0,1.5,14.316,21.4,1.17,16.06,0,0,CHRG, ,
2820.0,1,1,1,1,1,2820.0,1.5,14.318,21.4,1.17,16.09,0,0,CHRG, ,
2825.0,1,1,1,1,1,2825.0,1.5,14.323,21.4,1.17,16.12,0,0,CHRG, ,
2830.0,1,1,1,1,1,2830.0,1.5,14.325,21.4,1.17,16.14,0,0,CHRG, ,
2835.0,1,1,1,1,1,2835.0,1.5,14.328,21.4,1.18,16.17,0,0,CHRG, ,
2840.0,1,1,1,1,1,2840.0,1.5,14.332,21.4,1.18,16.2,0,0,CHRG, ,
2845.0,1,1,1,1,1,2845.0,1.5,14.335,21.5,1.18,16.23,0,0,CHRG, ,
2850.0,1,1,1,1,1,2850.0,1.5,14.337,21.4,1.18,16.26,0,0,CHRG, ,
2855.0,1,1,1,1,1,2855.0,1.5,14.341,21.4,1.18,16.29,0,0,CHRG, ,
2860.0,1,1,1,1,1,2860.0,1.5,14.346,21.4,1.19,16.32,0,0,CHRG, ,
2865.0,1,1,1,1,1,2865.0,1.5,14.349,21.5,1.19,16.35,0,0,CHRG, ,
2870.0,1,1,1,1,1,2870.0,1.5,14.352,21.5,1.19,16.38,0,0,CHRG, ,
2875.0,1,1,1,1,1,2875.0,1.5,14.355,21.5,1.19,16.41,0,0,CHRG, ,
2880.0,1,1,1,1,1,2880.0,1.5,14.355,21.4,1.19,16.44,0,0,CHRG, ,
2885.0,1,1,1,1,1,2885.0,1.49,14.359,21.4,1.2,16.47,0,0,CHRG, ,
2890.0,1,1,1,1,1,2890.0,1.5,14.363,21.5,1.2,16.5,0,0,CHRG, ,
2895.0,1,1,1,1,1,2895.0,1.5,14.366,21.5,1.2,16.53,0,0,CHRG, ,
2900.0,1,1,1,1,1,2900.0,1.5,14.371,21.5,1.2,16.56,0,0,CHRG, ,
2905.0,1,1,1,1,1,2905.0,1.5,14.374,21.5,1.2,16.59,0,0,CHRG, ,
2910.0,1,1,1,1,1,2910.0,1.5,14.379,21.5,1.21,16.62,0,0,CHRG, ,
2915.0,1,1,1,1,1,2915.0,1.5,14.382,21.5,1.21,16.65,0,0,CHRG, ,
2920.0,1,1,1,1,1,2920.0,1.49,14.384,21.4,1.21,16.68,0,0,CHRG, ,
2925.0,1,1,1,1,1,2925.0,1.5,14.389,21.4,1.21,16.71,0,0,CHRG, ,
2930.0,1,1,1,1,1,2930.0,1.5,14.392,21.5,1.22,16.74,0,0,CHRG, ,
2935.0,1,1,1,1,1,2935.0,1.5,14.396,21.5,1.22,16.77,0,0,CHRG, ,
2940.0,1,1,1,1,1,2940.0,1.5,14.398,21.5,1.22,16.8,0,0,CHRG, ,
2945.0,1,1,1,1,1,2945.0,1.5,14.399,21.5,1.22,16.83,0,0,CHRG, ,
2947.3,1,1,1,1,1,2947.3,1.49,14.4,21.5,1.22,16.84,0,0,CHRG,S,
2952.3,1,1,1,1,2,5.0,1.39,14.201,19.7,0,0.02,0,0,CHRG, ,
2957.3,1,1,1,1,2,10.0,1.39,14.2,19.7,0,0.05,0,0,CHRG, ,
2962.3,1,1,1,1,2,15.0,1.39,14.2,19.7,0,0.08,0,0,CHRG, ,
2967.3,1,1,1,1,2,20.0,1.4,14.201,19.8,0,0.1,0,0,CHRG, ,
2972.3,1,1,1,1,2,25.0,1.4,14.201,19.9,0,0.13,0,0,CHRG, ,
2977.3,1,1,1,1,2,30.0,1.4,14.201,19.8,0.01,0.16,0,0,CHRG, ,
2982.3,1,1,1,1,2,35.0,1.4,14.2,19.8,0.01,0.19,0,0,CHRG, ,
2987.3,1,1,1,1,2,40.0,1.4,14.2,19.8,0.01,0.21,0,0,CHRG, ,
2992.3,1,1,1,1,2,45.0,1.4,14.201,19.8,0.01,0.24,0,0,CHRG, ,
2997.3,1,1,1,1,2,50.0,1.4,14.2,19.8,0.01,0.27,0,0,CHRG, ,
3002.3,1,1,1,1,2,55.0,1.39,14.2,19.7,0.02,0.3,0,0,CHRG, ,
3007.3,1,1,1,1,2,60.0,1.39,14.201,19.7,0.02,0.32,0,0,CHRG, ,
3012.3,1,1,1,1,2,65.0,1.4,14.201,19.8,0.02,0.35,0,0,CHRG, ,
3017.3,1,1,1,1,2,70.0,1.39,14.2,19.7,0.02,0.38,0,0,CHRG, ,
3022.3,1,1,1,1,2,75.0,1.39,14.2,19.7,0.02,0.41,0,0,CHRG, ,
3027.3,1,1,1,1,2,80.0,1.39,14.2,19.6,0.03,0.43,0,0,CHRG, ,
3032.3,1,1,1,1,2,85.0,1.39,14.201,19.7,0.03,0.46,0,0,CHRG, ,
3037.3,1,1,1,1,2,90.0,1.39,14.2,19.6,0.03,0.49,0,0,CHRG, ,
3042.3,1,1,1,1,2,95.0,1.38,14.201,19.6,0.03,0.52,0,0,CHRG, ,
3047.3,1,1,1,1,2,100.0,1.38,14.201,19.6,0.03,0.54,0,0,CHRG, ,
3052.3,1,1,1,1,2,105.0,1.39,14.2,19.7,0.04,0.57,0,0,CHRG, ,
3057.3,1,1,1,1,2,110.0,1.38,14.2,19.6,0.04,0.6,0,0,CHRG, ,
3062.3,1,1,1,1,2,115.0,1.39,14.201,19.6,0.04,0.62,0,0,CHRG, ,
3067.3,1,1,1,1,2,120.0,1.37,14.2,19.4,0.04,0.65,0,0,CHRG, ,
3072.3,1,1,1,1,2,125.0,1.38,14.2,19.5,0.04,0.68,0,0,CHRG, ,
3077.3,1,1,1,1,2,130.0,1.38,14.2,19.5,0.05,0.71,0,0,CHRG, ,
3082.3,1,1,1,1,2,135.0,1.38,14.2,19.5,0.05,0.73,0,0,CHRG, ,
3087.3,1,1,1,1,2,140.0,1.38,14.201,19.5,0.05,0.76,0,0,CHRG, ,
3092.3,1,1,1,1,2,145.0,1.38,14.2,19.5,0.05,0.79,0,0,CHRG, ,
3097.3,1,1,1,1,2,150.0,1.36,14.201,19.3,0.05,0.81,0,0,CHRG, ,
3102.3,1,1,1,1,2,155.0,1.37,14.2,19.4,0.05,0.84,0,0,CHRG, ,
3107.3,1,1,1,1,2,160.0,1.37,14.2,19.4,0.06,0.87,0,0,CHRG, ,
3112.3,1,1,1,1,2,165.0,1.37,14.2,19.4,0.06,0.89,0,0,CHRG, ,
3117.3,1,1,1,1,2,170.0,1.37,14.201,19.4,0.06,0.92,0,0,CHRG, ,
3122.3,1,1,1,1,2,175.0,1.36,14.201,19.3,0.06,0.95,0,0,CHRG, ,
3127.3,1,1,1,1,2,180.0,1.36,14.201,19.3,0.06,0.98,0,0,CHRG, ,
3132.3,1,1,1,1,2,185.0,1.36,14.2,19.3,0.07,1,0,0,CHRG, ,
3137.3,1,1,1,1,2,190.0,1.36,14.2,19.3,0.07,1.03,0,0,CHRG, ,
3142.3,1,1,1,1,2,195.0,1.36,14.201,19.3,0.07,1.06,0,0,CHRG, ,
3147.3,1,1,1,1,2,200.0,1.36,14.2,19.3,0.07,1.08,0,0,CHRG, ,
3152.3,1,1,1,1,2,205.0,1.36,14.2,19.3,0.07,1.11,0,0,CHRG, ,
3157.3,1,1,1,1,2,210.0,1.35,14.2,19.2,0.08,1.14,0,0,CHRG, ,
3162.3,1,1,1,1,2,215.0,1.35,14.2,19.2,0.08,1.16,0,0,CHRG, ,
3167.3,1,1,1,1,2,220.0,1.36,14.201,19.3,0.08,1.19,0,0,CHRG, ,
3172.3,1,1,1,1,2,225.0,1.34,14.199,19,0.08,1.22,0,0,CHRG, ,
3177.3,1,1,1,1,2,230.0,1.36,14.201,19.2,0.08,1.24,0,0,CHRG, ,
3182.3,1,1,1,1,2,235.0,1.35,14.2,19,0.08,1.27,0,0,CHRG, ,
3187.3,1,1,1,1,2,240.0,1.35,14.2,19.1,0.09,1.3,0,0,CHRG, ,
3192.3,1,1,1,1,2,245.0,1.36,14.2,19.2,0.09,1.32,0,0,CHRG, ,
3197.3,1,1,1,1,2,250.0,1.35,14.201,19.1,0.09,1.35,0,0,CHRG, ,
3202.3,1,1,1,1,2,255.0,1.34,14.2,19,0.09,1.37,0,0,CHRG, ,
3207.3,1,1,1,1,2,260.0,1.34,14.2,19,0.09,1.4,0,0,CHRG, ,
3212.3,1,1,1,1,2,265.0,1.34,14.201,19,0.1,1.43,0,0,CHRG, ,
3217.3,1,1,1,1,2,270.0,1.35,14.2,19.1,0.1,1.45,0,0,CHRG, ,
3222.3,1,1,1,1,2,275.0,1.33,14.2,18.9,0.1,1.48,0,0,CHRG, ,
3227.3,1,1,1,1,2,280.0,1.33,14.201,18.8,0.1,1.51,0,0,CHRG, ,
3232.3,1,1,1,1,2,285.0,1.34,14.201,18.9,0.1,1.53,0,0,CHRG, ,
3237.3,1,1,1,1,2,290.0,1.33,14.2,18.8,0.11,1.56,0,0,CHRG, ,
3242.3,1,1,1,1,2,295.0,1.33,14.2,18.8,0.11,1.59,0,0,CHRG, ,
3247.3,1,1,1,1,2,300.0,1.33,14.201,18.8,0.11,1.61,0,0,CHRG, ,
3252.3,1,1,1,1,2,305.0,1.33,14.201,18.9,0.11,1.64,0,0,CHRG, ,
3257.3,1,1,1,1,2,310.0,1.33,14.201,18.8,0.11,1.66,0,0,CHRG, ,
3262.3,1,1,1,1,2,315.0,1.33,14.2,18.8,0.11,1.69,0,0,CHRG, ,
3267.3,1,1,1,1,2,320.0,1.32,14.2,18.7,0.12,1.72,0,0,CHRG, ,
3272.3,1,1,1,1,2,325.0,1.32,14.2,18.7,0.12,1.74,0,0,CHRG, ,
3277.3,1,1,1,1,2,330.0,1.32,14.201,18.7,0.12,1.77,0,0,CHRG, ,
3282.3,1,1,1,1,2,335.0,1.32,14.2,18.7,0.12,1.79,0,0,CHRG, ,
3287.3,1,1,1,1,2,340.0,1.32,14.2,18.7,0.12,1.82,0,0,CHRG, ,
3292.3,1,1,1,1,2,345.0,1.32,14.2,18.7,0.13,1.85,0,0,CHRG, ,
3297.3,1,1,1,1,2,350.0,1.31,14.2,18.6,0.13,1.87,0,0,CHRG, ,
3302.3,1,1,1,1,2,355.0,1.31,14.201,18.6,0.13,1.9,0,0,CHRG, ,
3307.3,1,1,1,1,2,360.0,1.31,14.2,18.6,0.13,1.92,0,0,CHRG, ,
3312.3,1,1,1,1,2,365.0,1.31,14.2,18.6,0.13,1.95,0,0,CHRG, ,
3317.3,1,1,1,1,2,370.0,1.32,14.2,18.7,0.13,1.97,0,0,CHRG, ,
3322.3,1,1,1,1,2,375.0,1.31,14.2,18.5,0.14,2,0,0,CHRG, ,
3327.3,1,1,1,1,2,380.0,1.31,14.2,18.6,0.14,2.03,0,0,CHRG, ,
3332.3,1,1,1,1,2,385.0,1.3,14.2,18.4,0.14,2.05,0,0,CHRG, ,
3337.3,1,1,1,1,2,390.0,1.3,14.201,18.5,0.14,2.08,0,0,CHRG, ,
3342.3,1,1,1,1,2,395.0,1.31,14.199,18.6,0.14,2.1,0,0,CHRG, ,
3347.3,1,1,1,1,2,400.0,1.31,14.2,18.5,0.15,2.13,0,0,CHRG, ,
3352.3,1,1,1,1,2,405.0,1.3,14.2,18.4,0.15,2.16,0,0,CHRG, ,
3357.3,1,1,1,1,2,410.0,1.3,14.2,18.4,0.15,2.18,0,0,CHRG, ,
3362.3,1,1,1,1,2,415.0,1.31,14.201,18.5,0.15,2.21,0,0,CHRG, ,
3367.3,1,1,1,1,2,420.0,1.3,14.201,18.4,0.15,2.23,0,0,CHRG, ,
3372.3,1,1,1,1,2,425.0,1.3,14.2,18.4,0.15,2.26,0,0,CHRG, ,
3377.3,1,1,1,1,2,430.0,1.3,14.2,18.4,0.16,2.28,0,0,CHRG, ,
3382.3,1,1,1,1,2,435.0,1.29,14.2,18.3,0.16,2.31,0,0,CHRG, ,
3387.3,1,1,1,1,2,440.0,1.29,14.199,18.3,0.16,2.33,0,0,CHRG, ,
3392.3,1,1,1,1,2,445.0,1.29,14.201,18.3,0.16,2.36,0,0,CHRG, ,
3397.3,1,1,1,1,2,450.0,1.28,14.2,18.1,0.16,2.38,0,0,CHRG, ,
3402.3,1,1,1,1,2,455.0,1.28,14.2,18.2,0.17,2.41,0,0,CHRG, ,
3407.3,1,1,1,1,2,460.0,1.29,14.201,18.3,0.17,2.44,0,0,CHRG, ,
3412.3,1,1,1,1,2,465.0,1.29,14.2,18.3,0.17,2.46,0,0,CHRG, ,
3417.3,1,1,1,1,2,470.0,1.29,14.201,18.3,0.17,2.49,0,0,CHRG, ,
3422.3,1,1,1,1,2,475.0,1.29,14.201,18.2,0.17,2.51,0,0,CHRG, ,
3427.3,1,1,1,1,2,480.0,1.28,14.201,18.2,0.17,2.54,0,0,CHRG, ,
3432.3,1,1,1,1,2,485.0,1.28,14.2,18.1,0.18,2.56,0,0,CHRG, ,
3437.3,1,1,1,1,2,490.0,1.28,14.2,18.1,0.18,2.59,0,0,CHRG, ,
3442.3,1,1,1,1,2,495.0,1.28,14.2,18.1,0.18,2.61,0,0,CHRG, ,
3447.3,1,1,1,1,2,500.0,1.28,14.2,18.1,0.18,2.64,0,0,CHRG, ,
3452.3,1,1,1,1,2,505.0,1.28,14.2,18.1,0.18,2.66,0,0,CHRG, ,
3457.3,1,1,1,1,2,510.0,1.27,14.2,18,0.19,2.69,0,0,CHRG, ,
3462.3,1,1,1,1,2,515.0,1.27,14.2,18,0.19,2.71,0,0,CHRG, ,
3467.3,1,1,1,1,2,520.0,1.26,14.201,17.8,0.19,2.74,0,0,CHRG, ,
3472.3,1,1,1,1,2,525.0,1.28,14.201,18.1,0.19,2.76,0,0,CHRG, ,
3477.3,1,1,1,1,2,530.0,1.26,14.2,17.9,0.19,2.79,0,0,CHRG, ,
3482.3,1,1,1,1,2,535.0,1.26,14.2,17.8,0.19,2.81,0,0,CHRG, ,
3487.3,1,1,1,1,2,540.0,1.27,14.201,18,0.2,2.84,0,0,CHRG, ,
3492.3,1,1,1,1,2,545.0,1.26,14.2,17.9,0.2,2.86,0,0,CHRG, ,
3497.3,1,1,1,1,2,550.0,1.26,14.2,17.9,0.2,2.89,0,0,CHRG, ,
3502.3,1,1,1,1,2,555.0,1.27,14.2,17.9,0.2,2.91,0,0,CHRG, ,
3507.3,1,1,1,1,2,560.0,1.26,14.2,17.8,0.2,2.94,0,0,CHRG, ,
3512.3,1,1,1,1,2,565.0,1.26,14.2,17.8,0.2,2.96,0,0,CHRG, ,
3517.3,1,1,1,1,2,570.0,1.26,14.201,17.8,0.21,2.99,0,0,CHRG, ,
3522.3,1,1,1,1,2,575.0,1.25,14.201,17.7,0.21,3.01,0,0,CHRG, ,
3527.3,1,1,1,1,2,580.0,1.26,14.201,17.8,0.21,3.04,0,0,CHRG, ,
3532.3,1,1,1,1,2,585.0,1.26,14.201,17.9,0.21,3.06,0,0,CHRG, ,
3537.3,1,1,1,1,2,590.0,1.25,14.2,17.7,0.21,3.08,0,0,CHRG, ,
3542.3,1,1,1,1,2,595.0,1.25,14.2,17.7,0.21,3.11,0,0,CHRG, ,
3547.3,1,1,1,1,2,600.0,1.25,14.2,17.7,0.22,3.13,0,0,CHRG, ,
3552.3,1,1,1,1,2,605.0,1.25,14.2,17.7,0.22,3.16,0,0,CHRG, ,
3557.3,1,1,1,1,2,610.0,1.24,14.2,17.6,0.22,3.18,0,0,CHRG, ,
3562.3,1,1,1,1,2,615.0,1.24,14.199,17.6,0.22,3.21,0,0,CHRG, ,
3567.3,1,1,1,1,2,620.0,1.24,14.2,17.6,0.22,3.23,0,0,CHRG, ,
3572.3,1,1,1,1,2,625.0,1.24,14.201,17.6,0.23,3.26,0,0,CHRG, ,
3577.3,1,1,1,1,2,630.0,1.25,14.201,17.7,0.23,3.28,0,0,CHRG, ,
3582.3,1,1,1,1,2,635.0,1.23,14.199,17.5,0.23,3.31,0,0,CHRG, ,
3587.3,1,1,1,1,2,640.0,1.24,14.2,17.6,0.23,3.33,0,0,CHRG, ,
3592.3,1,1,1,1,2,645.0,1.23,14.201,17.4,0.23,3.35,0,0,CHRG, ,
3597.3,1,1,1,1,2,650.0,1.23,14.2,17.5,0.23,3.38,0,0,CHRG, ,
3602.3,1,1,1,1,2,655.0,1.23,14.2,17.4,0.24,3.4,0,0,CHRG, ,
3607.3,1,1,1,1,2,660.0,1.24,14.2,17.5,0.24,3.43,0,0,CHRG, ,
3612.3,1,1,1,1,2,665.0,1.23,14.2,17.4,0.24,3.45,0,0,CHRG, ,
3617.3,1,1,1,1,2,670.0,1.23,14.2,17.5,0.24,3.48,0,0,CHRG, ,
3622.3,1,1,1,1,2,675.0,1.23,14.201,17.4,0.24,3.5,0,0,CHRG, ,
3627.3,1,1,1,1,2,680.0,1.23,14.199,17.4,0.24,3.52,0,0,CHRG, ,
3632.3,1,1,1,1,2,685.0,1.22,14.2,17.3,0.25,3.55,0,0,CHRG, ,
3637.3,1,1,1,1,2,690.0,1.23,14.2,17.4,0.25,3.57,0,0,CHRG, ,
3642.3,1,1,1,1,2,695.0,1.22,14.201,17.3,0.25,3.6,0,0,CHRG, ,
3647.3,1,1,1,1,2,700.0,1.22,14.2,17.3,0.25,3.62,0,0,CHRG, ,
3652.3,1,1,1,1,2,705.0,1.22,14.2,17.3,0.25,3.64,0,0,CHRG, ,
3657.3,1,1,1,1,2,710.0,1.22,14.2,17.2,0.25,3.67,0,0,CHRG, ,
3662.3,1,1,1,1,2,715.0,1.22,14.201,17.3,0.26,3.69,0,0,CHRG, ,
3667.3,1,1,1,1,2,720.0,1.22,14.2,17.2,0.26,3.72,0,0,CHRG, ,
3672.3,1,1,1,1,2,725.0,1.22,14.2,17.2,0.26,3.74,0,0,CHRG, ,
3677.3,1,1,1,1,2,730.0,1.21,14.2,17.2,0.26,3.76,0,0,CHRG, ,
3682.3,1,1,1,1,2,735.0,1.21,14.2,17.1,0.26,3.79,0,0,CHRG, ,
3687.3,1,1,1,1,2,740.0,1.21,14.2,17.1,0.26,3.81,0,0,CHRG, ,
3692.3,1,1,1,1,2,745.0,1.21,14.201,17.1,0.27,3.84,0,0,CHRG, ,
3697.3,1,1,1,1,2,750.0,1.2,14.199,17,0.27,3.86,0,0,CHRG, ,
3702.3,1,1,1,1,2,755.0,1.21,14.2,17.1,0.27,3.88,0,0,CHRG, ,
3707.3,1,1,1,1,2,760.0,1.2,14.2,17,0.27,3.91,0,0,CHRG, ,
3712.3,1,1,1,1,2,765.0,1.21,14.2,17.1,0.27,3.93,0,0,CHRG, ,
3717.3,1,1,1,1,2,770.0,1.21,14.2,17.1,0.27,3.95,0,0,CHRG, ,
3722.3,1,1,1,1,2,775.0,1.21,14.201,17.1,0.28,3.98,0,0,CHRG, ,
3727.3,1,1,1,1,2,780.0,1.21,14.2,17.1,0.28,4,0,0,CHRG, ,
3732.3,1,1,1,1,2,785.0,1.2,14.199,17,0.28,4.03,0,0,CHRG, ,
3737.3,1,1,1,1,2,790.0,1.2,14.2,17,0.28,4.05,0,0,CHRG, ,
3742.3,1,1,1,1,2,795.0,1.2,14.2,16.9,0.28,4.07,0,0,CHRG, ,
3747.3,1,1,1,1,2,800.0,1.2,14.2,17,0.28,4.1,0,0,CHRG, ,
3752.3,1,1,1,1,2,805.0,1.19,14.2,16.9,0.29,4.12,0,0,CHRG, ,
3757.3,1,1,1,1,2,810.0,1.2,14.201,17,0.29,4.14,0,0,CHRG, ,
3762.3,1,1,1,1,2,815.0,1.2,14.2,16.9,0.29,4.17,0,0,CHRG, ,
3767.3,1,1,1,1,2,820.0,1.19,14.201,16.9,0.29,4.19,0,0,CHRG, ,
3772.3,1,1,1,1,2,825.0,1.19,14.2,16.8,0.29,4.21,0,0,CHRG, ,
3777.3,1,1,1,1,2,830.0,1.19,14.2,16.8,0.29,4.24,0,0,CHRG, ,
3782.3,1,1,1,1,2,835.0,1.19,14.2,16.8,0.3,4.26,0,0,CHRG, ,
3787.3,1,1,1,1,2,840.0,1.18,14.199,16.7,0.3,4.28,0,0,CHRG, ,
3792.3,1,1,1,1,2,845.0,1.19,14.2,16.8,0.3,4.31,0,0,CHRG, ,
3797.3,1,1,1,1,2,850.0,1.19,14.2,16.8,0.3,4.33,0,0,CHRG, ,
3802.3,1,1,1,1,2,855.0,1.18,14.2,16.7,0.3,4.35,0,0,CHRG, ,
3807.3,1,1,1,1,2,860.0,1.18,14.2,16.7,0.3,4.38,0,0,CHRG, ,
3812.3,1,1,1,1,2,865.0,1.18,14.2,16.7,0.31,4.4,0,0,CHRG, ,
3817.3,1,1,1,1,2,870.0,1.18,14.2,16.7,0.31,4.42,0,0,CHRG, ,
3822.3,1,1,1,1,2,875.0,1.18,14.201,16.7,0.31,4.45,0,0,CHRG, ,
3827.3,1,1,1,1,2,880.0,1.18,14.2,16.7,0.31,4.47,0,0,CHRG, ,
3832.3,1,1,1,1,2,885.0,1.18,14.2,16.7,0.31,4.49,0,0,CHRG, ,
3837.3,1,1,1,1,2,890.0,1.17,14.201,16.6,0.31,4.52,0,0,CHRG, ,
3842.3,1,1,1,1,2,895.0,1.17,14.2,16.6,0.32,4.54,0,0,CHRG, ,
3847.3,1,1,1,1,2,900.0,1.16,14.2,16.4,0.32,4.56,0,0,CHRG, ,
3852.3,1,1,1,1,2,905.0,1.17,14.201,16.6,0.32,4.58,0,0,CHRG, ,
3857.3,1,1,1,1,2,910.0,1.17,14.2,16.6,0.32,4.61,0,0,CHRG, ,
3862.3,1,1,1,1,2,915.0,1.17,14.2,16.6,0.32,4.63,0,0,CHRG, ,
3867.3,1,1,1,1,2,920.0,1.17,14.199,16.5,0.32,4.65,0,0,CHRG, ,
3872.3,1,1,1,1,2,925.0,1.16,14.201,16.4,0.33,4.68,0,0,CHRG, ,
3877.3,1,1,1,1,2,930.0,1.16,14.2,16.4,0.33,4.7,0,0,CHRG, ,
3882.3,1,1,1,1,2,935.0,1.17,14.2,16.5,0.33,4.72,0,0,CHRG, ,
3887.3,1,1,1,1,2,940.0,1.16,14.199,16.4,0.33,4.74,0,0,CHRG, ,
3892.3,1,1,1,1,2,945.0,1.16,14.201,16.4,0.33,4.77,0,0,CHRG, ,
3897.3,1,1,1,1,2,950.0,1.16,14.2,16.4,0.33,4.79,0,0,CHRG, ,
3902.3,1,1,1,1,2,955.0,1.16,14.201,16.4,0.34,4.81,0,0,CHRG, ,
3907.3,1,1,1,1,2,960.0,1.16,14.2,16.5,0.34,4.84,0,0,CHRG, ,
3912.3,1,1,1,1,2,965.0,1.15,14.2,16.3,0.34,4.86,0,0,CHRG, ,
3917.3,1,1,1,1,2,970.0,1.15,14.201,16.2,0.34,4.88,0,0,CHRG, ,
3922.3,1,1,1,1,2,975.0,1.15,14.201,16.3,0.34,4.9,0,0,CHRG, ,
3927.3,1,1,1,1,2,980.0,1.15,14.201,16.3,0.34,4.93,0,0,CHRG, ,
3932.3,1,1,1,1,2,985.0,1.15,14.201,16.3,0.34,4.95,0,0,CHRG, ,
3937.3,1,1,1,1,2,990.0,1.15,14.2,16.3,0.35,4.97,0,0,CHRG, ,
3942.3,1,1,1,1,2,995.0,1.15,14.2,16.3,0.35,4.99,0,0,CHRG, ,
3947.3,1,1,1,1,2,1000.0,1.14,14.2,16.1,0.35,5.02,0,0,CHRG, ,
3952.3,1,1,1,1,2,1005.0,1.15,14.201,16.2,0.35,5.04,0,0,CHRG, ,
3957.3,1,1,1,1,2,1010.0,1.14,14.2,16.1,0.35,5.06,0,0,CHRG, ,
3962.3,1,1,1,1,2,1015.0,1.14,14.2,16.1,0.35,5.08,0,0,CHRG, ,
3967.3,1,1,1,1,2,1020.0,1.14,14.2,16.1,0.36,5.11,0,0,CHRG, ,
3972.3,1,1,1,1,2,1025.0,1.14,14.2,16.2,0.36,5.13,0,0,CHRG, ,
3977.3,1,1,1,1,2,1030.0,1.14,14.201,16.1,0.36,5.15,0,0,CHRG, ,
3982.3,1,1,1,1,2,1035.0,1.13,14.2,16,0.36,5.17,0,0,CHRG, ,
3987.3,1,1,1,1,2,1040.0,1.13,14.199,16,0.36,5.2,0,0,CHRG, ,
3992.3,1,1,1,1,2,1045.0,1.13,14.201,16,0.36,5.22,0,0,CHRG, ,
3997.3,1,1,1,1,2,1050.0,1.14,14.2,16.1,0.37,5.24,0,0,CHRG, ,
4002.3,1,1,1,1,2,1055.0,1.13,14.2,16,0.37,5.26,0,0,CHRG, ,
4007.3,1,1,1,1,2,1060.0,1.13,14.2,16,0.37,5.28,0,0,CHRG, ,
4012.3,1,1,1,1,2,1065.0,1.12,14.201,15.9,0.37,5.31,0,0,CHRG, ,
4017.3,1,1,1,1,2,1070.0,1.12,14.2,15.9,0.37,5.33,0,0,CHRG, ,
4022.3,1,1,1,1,2,1075.0,1.12,14.201,15.9,0.37,5.35,0,0,CHRG, ,
4027.3,1,1,1,1,2,1080.0,1.12,14.2,15.9,0.37,5.37,0,0,CHRG, ,
4032.3,1,1,1,1,2,1085.0,1.12,14.2,15.9,0.38,5.4,0,0,CHRG, ,
4037.3,1,1,1,1,2,1090.0,1.12,14.201,15.9,0.38,5.42,0,0,CHRG, ,
4042.3,1,1,1,1,2,1095.0,1.13,14.2,16,0.38,5.44,0,0,CHRG, ,
4047.3,1,1,1,1,2,1100.0,1.12,14.201,15.9,0.38,5.46,0,0,CHRG, ,
4052.3,1,1,1,1,2,1105.0,1.12,14.2,15.9,0.38,5.48,0,0,CHRG, ,
4057.3,1,1,1,1,2,1110.0,1.12,14.2,15.9,0.38,5.51,0,0,CHRG, ,
4062.3,1,1,1,1,2,1115.0,1.12,14.201,15.9,0.39,5.53,0,0,CHRG, ,
4067.3,1,1,1,1,2,1120.0,1.12,14.201,15.9,0.39,5.55,0,0,CHRG, ,
4072.3,1,1,1,1,2,1125.0,1.11,14.2,15.8,0.39,5.57,0,0,CHRG, ,
4077.3,1,1,1,1,2,1130.0,1.11,14.2,15.8,0.39,5.59,0,0,CHRG, ,
4082.3,1,1,1,1,2,1135.0,1.12,14.2,15.9,0.39,5.62,0,0,CHRG, ,
4087.3,1,1,1,1,2,1140.0,1.11,14.2,15.8,0.39,5.64,0,0,CHRG, ,
4092.3,1,1,1,1,2,1145.0,1.11,14.2,15.7,0.4,5.66,0,0,CHRG, ,
4097.3,1,1,1,1,2,1150.0,1.12,14.201,15.8,0.4,5.68,0,0,CHRG, ,
4102.3,1,1,1,1,2,1155.0,1.11,14.2,15.7,0.4,5.7,0,0,CHRG, ,
4107.3,1,1,1,1,2,1160.0,1.11,14.2,15.7,0.4,5.73,0,0,CHRG, ,
4112.3,1,1,1,1,2,1165.0,1.1,14.2,15.6,0.4,5.75,0,0,CHRG, ,
4117.3,1,1,1,1,2,1170.0,1.1,14.2,15.6,0.4,5.77,0,0,CHRG, ,
4122.3,1,1,1,1,2,1175.0,1.11,14.2,15.7,0.4,5.79,0,0,CHRG, ,
4127.3,1,1,1,1,2,1180.0,1.11,14.2,15.7,0.41,5.81,0,0,CHRG, ,
4132.3,1,1,1,1,2,1185.0,1.11,14.2,15.7,0.41,5.83,0,0,CHRG, ,
4137.3,1,1,1,1,2,1190.0,1.1,14.201,15.6,0.41,5.86,0,0,CHRG, ,
4142.3,1,1,1,1,2,1195.0,1.1,14.2,15.6,0.41,5.88,0,0,CHRG, ,
4147.3,1,1,1,1,2,1200.0,1.1,14.2,15.6,0.41,5.9,0,0,CHRG, ,
4152.3,1,1,1,1,2,1205.0,1.09,14.2,15.4,0.41,5.92,0,0,CHRG, ,
4157.3,1,1,1,1,2,1210.0,1.1,14.2,15.5,0.42,5.94,0,0,CHRG, ,
4162.3,1,1,1,1,2,1215.0,1.1,14.2,15.5,0.42,5.96,0,0,CHRG, ,
4167.3,1,1,1,1,2,1220.0,1.1,14.201,15.6,0.42,5.99,0,0,CHRG, ,
4172.3,1,1,1,1,2,1225.0,1.09,14.2,15.4,0.42,6.01,0,0,CHRG, ,
4177.3,1,1,1,1,2,1230.0,1.09,14.2,15.4,0.42,6.03,0,0,CHRG, ,
4182.3,1,1,1,1,2,1235.0,1.09,14.2,15.4,0.42,6.05,0,0,CHRG, ,
4187.3,1,1,1,1,2,1240.0,1.09,14.2,15.4,0.42,6.07,0,0,CHRG, ,
4192.3,1,1,1,1,2,1245.0,1.08,14.2,15.3,0.43,6.09,0,0,CHRG, ,
4197.3,1,1,1,1,2,1250.0,1.08,14.201,15.3,0.43,6.11,0,0,CHRG, ,
4202.3,1,1,1,1,2,1255.0,1.09,14.2,15.4,0.43,6.13,0,0,CHRG, ,
4207.3,1,1,1,1,2,1260.0,1.08,14.2,15.3,0.43,6.16,0,0,CHRG, ,
4212.3,1,1,1,1,2,1265.0,1.09,14.2,15.4,0.43,6.18,0,0,CHRG, ,
4217.3,1,1,1,1,2,1270.0,1.08,14.2,15.3,0.43,6.2,0,0,CHRG, ,
4222.3,1,1,1,1,2,1275.0,1.08,14.2,15.3,0.43,6.22,0,0,CHRG, ,
4227.3,1,1,1,1,2,1280.0,1.08,14.2,15.2,0.44,6.24,0,0,CHRG, ,
4232.3,1,1,1,1,2,1285.0,1.07,14.2,15.1,0.44,6.26,0,0,CHRG, ,
4237.3,1,1,1,1,2,1290.0,1.08,14.2,15.2,0.44,6.28,0,0,CHRG, ,
4242.3,1,1,1,1,2,1295.0,1.07,14.2,15.2,0.44,6.3,0,0,CHRG, ,
4247.3,1,1,1,1,2,1300.0,1.06,14.2,15,0.44,6.33,0,0,CHRG, ,
4252.3,1,1,1,1,2,1305.0,1.07,14.2,15.1,0.44,6.35,0,0,CHRG, ,
4257.3,1,1,1,1,2,1310.0,1.06,14.2,15,0.45,6.37,0,0,CHRG, ,
4262.3,1,1,1,1,2,1315.0,1.07,14.2,15.1,0.45,6.39,0,0,CHRG, ,
4267.3,1,1,1,1,2,1320.0,1.07,14.2,15.1,0.45,6.41,0,0,CHRG, ,
4272.3,1,1,1,1,2,1325.0,1.07,14.201,15.1,0.45,6.43,0,0,CHRG, ,
4277.3,1,1,1,1,2,1330.0,1.07,14.2,15.1,0.45,6.45,0,0,CHRG, ,
4282.3,1,1,1,1,2,1335.0,1.07,14.201,15.1,0.45,6.47,0,0,CHRG, ,
4287.3,1,1,1,1,2,1340.0,1.07,14.2,15.1,0.45,6.49,0,0,CHRG, ,
4292.3,1,1,1,1,2,1345.0,1.07,14.2,15.1,0.46,6.51,0,0,CHRG, ,
4297.3,1,1,1,1,2,1350.0,1.06,14.2,15,0.46,6.53,0,0,CHRG, ,
4302.3,1,1,1,1,2,1355.0,1.06,14.201,15,0.46,6.56,0,0,CHRG, ,
4307.3,1,1,1,1,2,1360.0,1.05,14.2,14.9,0.46,6.58,0,0,CHRG, ,
4312.3,1,1,1,1,2,1365.0,1.06,14.201,15,0.46,6.6,0,0,CHRG, ,
4317.3,1,1,1,1,2,1370.0,1.06,14.2,15,0.46,6.62,0,0,CHRG, ,
4322.3,1,1,1,1,2,1375.0,1.06,14.2,15,0.46,6.64,0,0,CHRG, ,
4327.3,1,1,1,1,2,1380.0,1.05,14.2,14.9,0.47,6.66,0,0,CHRG, ,
4332.3,1,1,1,1,2,1385.0,1.06,14.2,15,0.47,6.68,0,0,CHRG, ,
4337.3,1,1,1,1,2,1390.0,1.06,14.2,15,0.47,6.7,0,0,CHRG, ,
4342.3,1,1,1,1,2,1395.0,1.05,14.201,14.9,0.47,6.72,0,0,CHRG, ,
4347.3,1,1,1,1,2,1400.0,1.05,14.2,14.9,0.47,6.74,0,0,CHRG, ,
4352.3,1,1,1,1,2,1405.0,1.05,14.2,14.9,0.47,6.76,0,0,CHRG, ,
4357.3,1,1,1,1,2,1410.0,1.05,14.2,14.9,0.47,6.78,0,0,CHRG, ,
4362.3,1,1,1,1,2,1415.0,1.05,14.2,14.8,0.48,6.8,0,0,CHRG, ,
4367.3,1,1,1,1,2,1420.0,1.05,14.201,14.9,0.48,6.83,0,0,CHRG, ,
4372.3,1,1,1,1,2,1425.0,1.04,14.199,14.8,0.48,6.85,0,0,CHRG, ,
4377.3,1,1,1,1,2,1430.0,1.05,14.201,14.8,0.48,6.87,0,0,CHRG, ,
4382.3,1,1,1,1,2,1435.0,1.04,14.201,14.8,0.48,6.89,0,0,CHRG, ,
4387.3,1,1,1,1,2,1440.0,1.04,14.2,14.7,0.48,6.91,0,0,CHRG, ,
4392.3,1,1,1,1,2,1445.0,1.05,14.201,14.8,0.48,6.93,0,0,CHRG, ,
4397.3,1,1,1,1,2,1450.0,1.03,14.201,14.6,0.49,6.95,0,0,CHRG, ,
4402.3,1,1,1,1,2,1455.0,1.04,14.2,14.7,0.49,6.97,0,0,CHRG, ,
4407.3,1,1,1,1,2,1460.0,1.04,14.201,14.8,0.49,6.99,0,0,CHRG, ,
4412.3,1,1,1,1,2,1465.0,1.04,14.2,14.7,0.49,7.01,0,0,CHRG, ,
4417.3,1,1,1,1,2,1470.0,1.03,14.2,14.6,0.49,7.03,0,0,CHRG, ,
4422.3,1,1,1,1,2,1475.0,1.04,14.2,14.7,0.49,7.05,0,0,CHRG, ,
4427.3,1,1,1,1,2,1480.0,1.04,14.2,14.7,0.49,7.07,0,0,CHRG, ,
4432.3,1,1,1,1,2,1485.0,1.03,14.2,14.6,0.5,7.09,0,0,CHRG, ,
4437.3,1,1,1,1,2,1490.0,1.03,14.2,14.5,0.5,7.11,0,0,CHRG, ,
4442.3,1,1,1,1,2,1495.0,1.03,14.2,14.6,0.5,7.13,0,0,CHRG, ,
4447.3,1,1,1,1,2,1500.0,1.03,14.2,14.6,0.5,7.15,0,0,CHRG, ,
4452.3,1,1,1,1,2,1505.0,1.02,14.2,14.4,0.5,7.17,0,0,CHRG, ,
4457.3,1,1,1,1,2,1510.0,1.03,14.2,14.5,0.5,7.19,0,0,CHRG, ,
4462.3,1,1,1,1,2,1515.0,1.02,14.2,14.4,0.5,7.21,0,0,CHRG, ,
4467.3,1,1,1,1,2,1520.0,1.02,14.2,14.4,0.51,7.23,0,0,CHRG, ,
4472.3,1,1,1,1,2,1525.0,1.02,14.2,14.4,0.51,7.25,0,0,CHRG, ,
4477.3,1,1,1,1,2,1530.0,1.02,14.2,14.4,0.51,7.27,0,0,CHRG, ,
4482.3,1,1,1,1,2,1535.0,1.02,14.2,14.4,0.51,7.29,0,0,CHRG, ,
4487.3,1,1,1,1,2,1540.0,1.02,14.2,14.4,0.51,7.31,0,0,CHRG, ,
4492.3,1,1,1,1,2,1545.0,1.02,14.2,14.4,0.51,7.33,0,0,CHRG, ,
4497.3,1,1,1,1,2,1550.0,1.01,14.2,14.3,0.51,7.35,0,0,CHRG, ,
4502.3,1,1,1,1,2,1555.0,1.02,14.2,14.4,0.52,7.37,0,0,CHRG, ,
4507.3,1,1,1,1,2,1560.0,1.03,14.201,14.5,0.52,7.39,0,0,CHRG, ,
4512.3,1,1,1,1,2,1565.0,1.02,14.201,14.4,0.52,7.41,0,0,CHRG, ,
4517.3,1,1,1,1,2,1570.0,1.02,14.2,14.4,0.52,7.43,0,0,CHRG, ,
4522.3,1,1,1,1,2,1575.0,1.01,14.2,14.3,0.52,7.45,0,0,CHRG, ,
4527.3,1,1,1,1,2,1580.0,1.01,14.2,14.3,0.52,7.47,0,0,CHRG, ,
4532.3,1,1,1,1,2,1585.0,1.01,14.2,14.3,0.52,7.49,0,0,CHRG, ,
4537.3,1,1,1,1,2,1590.0,1.01,14.2,14.3,0.53,7.51,0,0,CHRG, ,
4542.3,1,1,1,1,2,1595.0,1,14.201,14.2,0.53,7.53,0,0,CHRG, ,
4547.3,1,1,1,1,2,1600.0,1.01,14.2,14.3,0.53,7.55,0,0,CHRG, ,
4552.3,1,1,1,1,2,1605.0,1,14.2,14.2,0.53,7.57,0,0,CHRG, ,
4557.3,1,1,1,1,2,1610.0,1.01,14.2,14.3,0.53,7.59,0,0,CHRG, ,
4562.3,1,1,1,1,2,1615.0,1.01,14.2,14.2,0.53,7.61,0,0,CHRG, ,
4567.3,1,1,1,1,2,1620.0,1,14.2,14.2,0.53,7.63,0,0,CHRG, ,
4572.3,1,1,1,1,2,1625.0,1,14.2,14.2,0.54,7.65,0,0,CHRG, ,
4577.3,1,1,1,1,2,1630.0,0.99,14.2,14.1,0.54,7.67,0,0,CHRG, ,
4582.3,1,1,1,1,2,1635.0,1,14.201,14.2,0.54,7.69,0,0,CHRG, ,
4587.3,1,1,1,1,2,1640.0,1,14.2,14.1,0.54,7.71,0,0,CHRG, ,
4592.3,1,1,1,1,2,1645.0,0.99,14.2,14.1,0.54,7.73,0,0,CHRG, ,
4597.3,1,1,1,1,2,1650.0,0.99,14.201,14.1,0.54,7.75,0,0,CHRG, ,
4602.3,1,1,1,1,2,1655.0,1,14.2,14.1,0.54,7.77,0,0,CHRG, ,
4607.3,1,1,1,1,2,1660.0,0.99,14.2,14,0.55,7.79,0,0,CHRG, ,
4612.3,1,1,1,1,2,1665.0,0.99,14.2,14.1,0.55,7.81,0,0,CHRG, ,
4617.3,1,1,1,1,2,1670.0,0.99,14.2,14.1,0.55,7.83,0,0,CHRG, ,
4622.3,1,1,1,1,2,1675.0,0.99,14.201,14,0.55,7.85,0,0,CHRG, ,
4627.3,1,1,1,1,2,1680.0,0.99,14.201,14,0.55,7.87,0,0,CHRG, ,
4632.3,1,1,1,1,2,1685.0,0.99,14.2,14,0.55,7.89,0,0,CHRG, ,
4637.3,1,1,1,1,2,1690.0,0.99,14.2,14,0.55,7.9,0,0,CHRG, ,
4642.3,1,1,1,1,2,1695.0,0.99,14.2,14,0.56,7.92,0,0,CHRG, ,
4647.3,1,1,1,1,2,1700.0,0.99,14.201,14,0.56,7.94,0,0,CHRG, ,
4652.3,1,1,1,1,2,1705.0,0.98,14.2,13.9,0.56,7.96,0,0,CHRG, ,
4657.3,1,1,1,1,2,1710.0,0.98,14.2,13.9,0.56,7.98,0,0,CHRG, ,
4662.3,1,1,1,1,2,1715.0,0.98,14.2,13.9,0.56,8,0,0,CHRG, ,
4667.3,1,1,1,1,2,1720.0,0.98,14.201,13.9,0.56,8.02,0,0,CHRG, ,
4672.3,1,1,1,1,2,1725.0,0.98,14.2,13.9,0.56,8.04,0,0,CHRG, ,
4677.3,1,1,1,1,2,1730.0,0.98,14.2,13.8,0.56,8.06,0,0,CHRG, ,
4682.3,1,1,1,1,2,1735.0,0.97,14.2,13.8,0.57,8.08,0,0,CHRG, ,
4687.3,1,1,1,1,2,1740.0,0.98,14.2,13.8,0.57,8.1,0,0,CHRG, ,
4692.3,1,1,1,1,2,1745.0,0.98,14.2,13.8,0.57,8.12,0,0,CHRG, ,
4697.3,1,1,1,1,2,1750.0,0.98,14.201,13.8,0.57,8.14,0,0,CHRG, ,
4702.3,1,1,1,1,2,1755.0,0.97,14.2,13.7,0.57,8.16,0,0,CHRG, ,
4707.3,1,1,1,1,2,1760.0,0.97,14.2,13.7,0.57,8.17,0,0,CHRG, ,
4712.3,1,1,1,1,2,1765.0,0.97,14.201,13.8,0.57,8.19,0,0,CHRG, ,
4717.3,1,1,1,1,2,1770.0,0.97,14.2,13.8,0.58,8.21,0,0,CHRG, ,
4722.3,1,1,1,1,2,1775.0,0.97,14.201,13.7,0.58,8.23,0,0,CHRG, ,
4727.3,1,1,1,1,2,1780.0,0.97,14.2,13.7,0.58,8.25,0,0,CHRG, ,
4732.3,1,1,1,1,2,1785.0,0.97,14.2,13.7,0.58,8.27,0,0,CHRG, ,
4737.3,1,1,1,1,2,1790.0,0.96,14.2,13.6,0.58,8.29,0,0,CHRG, ,
4742.3,1,1,1,1,2,1795.0,0.97,14.2,13.7,0.58,8.31,0,0,CHRG, ,
4747.3,1,1,1,1,2,1800.0,0.97,14.201,13.7,0.58,8.33,0,0,CHRG, ,
4752.3,1,1,1,1,2,1805.0,0.96,14.201,13.6,0.58,8.35,0,0,CHRG, ,
4757.3,1,1,1,1,2,1810.0,0.96,14.2,13.6,0.59,8.36,0,0,CHRG, ,
4762.3,1,1,1,1,2,1815.0,0.98,14.2,13.8,0.59,8.38,0,0,CHRG, ,
4767.3,1,1,1,1,2,1820.0,0.97,14.2,13.7,0.59,8.4,0,0,CHRG, ,
4772.3,1,1,1,1,2,1825.0,0.96,14.2,13.5,0.59,8.42,0,0,CHRG, ,
4777.3,1,1,1,1,2,1830.0,0.96,14.2,13.6,0.59,8.44,0,0,CHRG, ,
4782.3,1,1,1,1,2,1835.0,0.96,14.2,13.5,0.59,8.46,0,0,CHRG, ,
4787.3,1,1,1,1,2,1840.0,0.96,14.201,13.6,0.59,8.48,0,0,CHRG, ,
4792.3,1,1,1,1,2,1845.0,0.96,14.2,13.5,0.6,8.5,0,0,CHRG, ,
4797.3,1,1,1,1,2,1850.0,0.96,14.201,13.5,0.6,8.52,0,0,CHRG, ,
4802.3,1,1,1,1,2,1855.0,0.95,14.2,13.4,0.6,8.53,0,0,CHRG, ,
4807.3,1,1,1,1,2,1860.0,0.95,14.2,13.4,0.6,8.55,0,0,CHRG, ,
4812.3,1,1,1,1,2,1865.0,0.96,14.2,13.5,0.6,8.57,0,0,CHRG, ,
4817.3,1,1,1,1,2,1870.0,0.95,14.2,13.4,0.6,8.59,0,0,CHRG, ,
4822.3,1,1,1,1,2,1875.0,0.94,14.2,13.3,0.6,8.61,0,0,CHRG, ,
4827.3,1,1,1,1,2,1880.0,0.95,14.201,13.5,0.6,8.63,0,0,CHRG, ,
4832.3,1,1,1,1,2,1885.0,0.95,14.201,13.4,0.61,8.65,0,0,CHRG, ,
4837.3,1,1,1,1,2,1890.0,0.95,14.2,13.4,0.61,8.66,0,0,CHRG, ,
4842.3,1,1,1,1,2,1895.0,0.95,14.201,13.4,0.61,8.68,0,0,CHRG, ,
4847.3,1,1,1,1,2,1900.0,0.94,14.2,13.3,0.61,8.7,0,0,CHRG, ,
4852.3,1,1,1,1,2,1905.0,0.94,14.2,13.3,0.61,8.72,0,0,CHRG, ,
4857.3,1,1,1,1,2,1910.0,0.94,14.2,13.3,0.61,8.74,0,0,CHRG, ,
4862.3,1,1,1,1,2,1915.0,0.95,14.201,13.4,0.61,8.76,0,0,CHRG, ,
4867.3,1,1,1,1,2,1920.0,0.94,14.199,13.3,0.62,8.78,0,0,CHRG, ,
4872.3,1,1,1,1,2,1925.0,0.94,14.2,13.3,0.62,8.79,0,0,CHRG, ,
4877.3,1,1,1,1,2,1930.0,0.94,14.201,13.3,0.62,8.81,0,0,CHRG, ,
4882.3,1,1,1,1,2,1935.0,0.94,14.201,13.3,0.62,8.83,0,0,CHRG, ,
4887.3,1,1,1,1,2,1940.0,0.94,14.2,13.3,0.62,8.85,0,0,CHRG, ,
4892.3,1,1,1,1,2,1945.0,0.94,14.2,13.3,0.62,8.87,0,0,CHRG, ,
4897.3,1,1,1,1,2,1950.0,0.93,14.2,13.2,0.62,8.89,0,0,CHRG, ,
4902.3,1,1,1,1,2,1955.0,0.94,14.201,13.3,0.62,8.91,0,0,CHRG, ,
4907.3,1,1,1,1,2,1960.0,0.93,14.2,13.2,0.63,8.92,0,0,CHRG, ,
4912.3,1,1,1,1,2,1965.0,0.94,14.2,13.3,0.63,8.94,0,0,CHRG, ,
4917.3,1,1,1,1,2,1970.0,0.94,14.2,13.3,0.63,8.96,0,0,CHRG, ,
4922.3,1,1,1,1,2,1975.0,0.93,14.201,13.2,0.63,8.98,0,0,CHRG, ,
4927.3,1,1,1,1,2,1980.0,0.93,14.2,13.2,0.63,9,0,0,CHRG, ,
4932.3,1,1,1,1,2,1985.0,0.93,14.2,13.2,0.63,9.02,0,0,CHRG, ,
4937.3,1,1,1,1,2,1990.0,0.93,14.2,13.2,0.63,9.03,0,0,CHRG, ,
4942.3,1,1,1,1,2,1995.0,0.92,14.2,13,0.63,9.05,0,0,CHRG, ,
4947.3,1,1,1,1,2,2000.0,0.92,14.2,13.1,0.64,9.07,0,0,CHRG, ,
4952.3,1,1,1,1,2,2005.0,0.93,14.201,13.1,0.64,9.09,0,0,CHRG, ,
4957.3,1,1,1,1,2,2010.0,0.92,14.2,13.1,0.64,9.11,0,0,CHRG, ,
4962.3,1,1,1,1,2,2015.0,0.91,14.2,12.9,0.64,9.13,0,0,CHRG, ,
4967.3,1,1,1,1,2,2020.0,0.92,14.2,13.1,0.64,9.14,0,0,CHRG, ,
4972.3,1,1,1,1,2,2025.0,0.93,14.2,13.2,0.64,9.16,0,0,CHRG, ,
4977.3,1,1,1,1,2,2030.0,0.92,14.2,13,0.64,9.18,0,0,CHRG, ,
4982.3,1,1,1,1,2,2035.0,0.92,14.2,13.1,0.65,9.2,0,0,CHRG, ,
4987.3,1,1,1,1,2,2040.0,0.92,14.2,13,0.65,9.22,0,0,CHRG, ,
4992.3,1,1,1,1,2,2045.0,0.91,14.2,12.9,0.65,9.23,0,0,CHRG, ,
4997.3,1,1,1,1,2,2050.0,0.91,14.2,12.9,0.65,9.25,0,0,CHRG, ,
5002.3,1,1,1,1,2,2055.0,0.91,14.2,12.9,0.65,9.27,0,0,CHRG, ,
5007.3,1,1,1,1,2,2060.0,0.91,14.2,12.9,0.65,9.29,0,0,CHRG, ,
5012.3,1,1,1,1,2,2065.0,0.92,14.2,13,0.65,9.31,0,0,CHRG, ,
5017.3,1,1,1,1,2,2070.0,0.91,14.2,12.9,0.65,9.32,0,0,CHRG, ,
5022.3,1,1,1,1,2,2075.0,0.91,14.2,12.9,0.66,9.34,0,0,CHRG, ,
5027.3,1,1,1,1,2,2080.0,0.91,14.201,12.9,0.66,9.36,0,0,CHRG, ,
5032.3,1,1,1,1,2,2085.0,0.91,14.2,12.8,0.66,9.38,0,0,CHRG, ,
5037.3,1,1,1,1,2,2090.0,0.91,14.2,12.9,0.66,9.4,0,0,CHRG, ,
5042.3,1,1,1,1,2,2095.0,0.91,14.201,12.9,0.66,9.41,0,0,CHRG, ,
5047.3,1,1,1,1,2,2100.0,0.9,14.2,12.7,0.66,9.43,0,0,CHRG, ,
5052.3,1,1,1,1,2,2105.0,0.91,14.2,12.9,0.66,9.45,0,0,CHRG, ,
5057.3,1,1,1,1,2,2110.0,0.91,14.201,12.8,0.66,9.47,0,0,CHRG, ,
5062.3,1,1,1,1,2,2115.0,0.9,14.2,12.7,0.67,9.48,0,0,CHRG, ,
5067.3,1,1,1,1,2,2120.0,0.91,14.2,12.8,0.67,9.5,0,0,CHRG, ,
5072.3,1,1,1,1,2,2125.0,0.9,14.2,12.7,0.67,9.52,0,0,CHRG, ,
5077.3,1,1,1,1,2,2130.0,0.9,14.2,12.7,0.67,9.54,0,0,CHRG, ,
5082.3,1,1,1,1,2,2135.0,0.9,14.2,12.7,0.67,9.56,0,0,CHRG, ,
5087.3,1,1,1,1,2,2140.0,0.9,14.2,12.7,0.67,9.57,0,0,CHRG, ,
5092.3,1,1,1,1,2,2145.0,0.9,14.2,12.7,0.67,9.59,0,0,CHRG, ,
5097.3,1,1,1,1,2,2150.0,0.89,14.2,12.6,0.67,9.61,0,0,CHRG, ,
5102.3,1,1,1,1,2,2155.0,0.9,14.2,12.7,0.68,9.63,0,0,CHRG, ,
5107.3,1,1,1,1,2,2160.0,0.89,14.2,12.6,0.68,9.64,0,0,CHRG, ,
5112.3,1,1,1,1,2,2165.0,0.9,14.201,12.7,0.68,9.66,0,0,CHRG, ,
5117.3,1,1,1,1,2,2170.0,0.89,14.2,12.6,0.68,9.68,0,0,CHRG, ,
5122.3,1,1,1,1,2,2175.0,0.89,14.201,12.5,0.68,9.7,0,0,CHRG, ,
5127.3,1,1,1,1,2,2180.0,0.9,14.201,12.8,0.68,9.71,0,0,CHRG, ,
5132.3,1,1,1,1,2,2185.0,0.89,14.2,12.5,0.68,9.73,0,0,CHRG, ,
5137.3,1,1,1,1,2,2190.0,0.89,14.2,12.6,0.68,9.75,0,0,CHRG, ,
5142.3,1,1,1,1,2,2195.0,0.89,14.201,12.6,0.69,9.77,0,0,CHRG, ,
5147.3,1,1,1,1,2,2200.0,0.89,14.2,12.5,0.69,9.78,0,0,CHRG, ,
5152.3,1,1,1,1,2,2205.0,0.89,14.2,12.5,0.69,9.8,0,0,CHRG, ,
5157.3,1,1,1,1,2,2210.0,0.89,14.199,12.6,0.69,9.82,0,0,CHRG, ,
5162.3,1,1,1,1,2,2215.0,0.88,14.2,12.5,0.69,9.84,0,0,CHRG, ,
5167.3,1,1,1,1,2,2220.0,0.89,14.201,12.5,0.69,9.85,0,0,CHRG, ,
5172.3,1,1,1,1,2,2225.0,0.88,14.2,12.4,0.69,9.87,0,0,CHRG, ,
5177.3,1,1,1,1,2,2230.0,0.88,14.2,12.4,0.69,9.89,0,0,CHRG, ,
5182.3,1,1,1,1,2,2235.0,0.88,14.2,12.4,0.7,9.9,0,0,CHRG, ,
5187.3,1,1,1,1,2,2240.0,0.89,14.2,12.6,0.7,9.92,0,0,CHRG, ,
5192.3,1,1,1,1,2,2245.0,0.88,14.2,12.4,0.7,9.94,0,0,CHRG, ,
5197.3,1,1,1,1,2,2250.0,0.88,14.2,12.4,0.7,9.96,0,0,CHRG, ,
5202.3,1,1,1,1,2,2255.0,0.88,14.2,12.4,0.7,9.97,0,0,CHRG, ,
5207.3,1,1,1,1,2,2260.0,0.88,14.199,12.4,0.7,9.99,0,0,CHRG, ,
5212.3,1,1,1,1,2,2265.0,0.88,14.201,12.4,0.7,10.01,0,0,CHRG, ,
5217.3,1,1,1,1,2,2270.0,0.88,14.2,12.5,0.7,10.03,0,0,CHRG, ,
5222.3,1,1,1,1,2,2275.0,0.87,14.2,12.3,0.7,10.04,0,0,CHRG, ,
5227.3,1,1,1,1,2,2280.0,0.88,14.2,12.4,0.71,10.06,0,0,CHRG, ,
5232.3,1,1,1,1,2,2285.0,0.87,14.2,12.3,0.71,10.08,0,0,CHRG, ,
5237.3,1,1,1,1,2,2290.0,0.87,14.2,12.3,0.71,10.09,0,0,CHRG, ,
5242.3,1,1,1,1,2,2295.0,0.88,14.2,12.4,0.71,10.11,0,0,CHRG, ,
5247.3,1,1,1,1,2,2300.0,0.87,14.2,12.3,0.71,10.13,0,0,CHRG, ,
5252.3,1,1,1,1,2,2305.0,0.87,14.2,12.3,0.71,10.15,0,0,CHRG, ,
5257.3,1,1,1,1,2,2310.0,0.87,14.2,12.3,0.71,10.16,0,0,CHRG, ,
5262.3,1,1,1,1,2,2315.0,0.87,14.201,12.3,0.71,10.18,0,0,CHRG, ,
5267.3,1,1,1,1,2,2320.0,0.87,14.2,12.3,0.72,10.2,0,0,CHRG, ,
5272.3,1,1,1,1,2,2325.0,0.87,14.2,12.3,0.72,10.21,0,0,CHRG, ,
5277.3,1,1,1,1,2,2330.0,0.86,14.2,12.2,0.72,10.23,0,0,CHRG, ,
5282.3,1,1,1,1,2,2335.0,0.86,14.2,12.2,0.72,10.25,0,0,CHRG, ,
5287.3,1,1,1,1,2,2340.0,0.86,14.201,12.2,0.72,10.26,0,0,CHRG, ,
5292.3,1,1,1,1,2,2345.0,0.87,14.201,12.3,0.72,10.28,0,0,CHRG, ,
5297.3,1,1,1,1,2,2350.0,0.86,14.201,12.2,0.72,10.3,0,0,CHRG, ,
5302.3,1,1,1,1,2,2355.0,0.86,14.2,12.2,0.72,10.32,0,0,CHRG, ,
5307.3,1,1,1,1,2,2360.0,0.86,14.2,12.2,0.73,10.33,0,0,CHRG, ,
5312.3,1,1,1,1,2,2365.0,0.86,14.2,12.2,0.73,10.35,0,0,CHRG, ,
5317.3,1,1,1,1,2,2370.0,0.86,14.2,12.2,0.73,10.37,0,0,CHRG, ,
5322.3,1,1,1,1,2,2375.0,0.86,14.2,12.2,0.73,10.38,0,0,CHRG, ,
5327.3,1,1,1,1,2,2380.0,0.86,14.2,12.2,0.73,10.4,0,0,CHRG, ,
5332.3,1,1,1,1,2,2385.0,0.86,14.201,12.2,0.73,10.42,0,0,CHRG, ,
5337.3,1,1,1,1,2,2390.0,0.86,14.201,12.2,0.73,10.43,0,0,CHRG, ,
5342.3,1,1,1,1,2,2395.0,0.86,14.2,12.2,0.73,10.45,0,0,CHRG, ,
5347.3,1,1,1,1,2,2400.0,0.85,14.2,12.1,0.73,10.47,0,0,CHRG, ,
5352.3,1,1,1,1,2,2405.0,0.86,14.2,12.2,0.74,10.48,0,0,CHRG, ,
5357.3,1,1,1,1,2,2410.0,0.85,14.2,12,0.74,10.5,0,0,CHRG, ,
5362.3,1,1,1,1,2,2415.0,0.85,14.201,12,0.74,10.52,0,0,CHRG, ,
5367.3,1,1,1,1,2,2420.0,0.85,14.2,12,0.74,10.53,0,0,CHRG, ,
5372.3,1,1,1,1,2,2425.0,0.86,14.201,12.1,0.74,10.55,0,0,CHRG, ,
5377.3,1,1,1,1,2,2430.0,0.85,14.201,12,0.74,10.57,0,0,CHRG, ,
5382.3,1,1,1,1,2,2435.0,0.86,14.2,12.1,0.74,10.58,0,0,CHRG, ,
5387.3,1,1,1,1,2,2440.0,0.85,14.2,12,0.74,10.6,0,0,CHRG, ,
5392.3,1,1,1,1,2,2445.0,0.85,14.2,12,0.75,10.62,0,0,CHRG, ,
5397.3,1,1,1,1,2,2450.0,0.84,14.201,11.9,0.75,10.63,0,0,CHRG, ,
5402.3,1,1,1,1,2,2455.0,0.85,14.2,12,0.75,10.65,0,0,CHRG, ,
5407.3,1,1,1,1,2,2460.0,0.84,14.2,11.9,0.75,10.67,0,0,CHRG, ,
5412.3,1,1,1,1,2,2465.0,0.85,14.201,12,0.75,10.68,0,0,CHRG, ,
5417.3,1,1,1,1,2,2470.0,0.84,14.2,11.9,0.75,10.7,0,0,CHRG, ,
5422.3,1,1,1,1,2,2475.0,0.84,14.2,11.8,0.75,10.72,0,0,CHRG, ,
5427.3,1,1,1,1,2,2480.0,0.84,14.201,11.9,0.75,10.73,0,0,CHRG, ,
5432.3,1,1,1,1,2,2485.0,0.84,14.2,11.9,0.75,10.75,0,0,CHRG, ,
5437.3,1,1,1,1,2,2490.0,0.84,14.201,11.9,0.76,10.77,0,0,CHRG, ,
5442.3,1,1,1,1,2,2495.0,0.84,14.2,11.9,0.76,10.78,0,0,CHRG, ,
5447.3,1,1,1,1,2,2500.0,0.83,14.201,11.7,0.76,10.8,0,0,CHRG, ,
5452.3,1,1,1,1,2,2505.0,0.83,14.2,11.7,0.76,10.82,0,0,CHRG, ,
5457.3,1,1,1,1,2,2510.0,0.83,14.2,11.7,0.76,10.83,0,0,CHRG, ,
5462.3,1,1,1,1,2,2515.0,0.84,14.2,11.8,0.76,10.85,0,0,CHRG, ,
5467.3,1,1,1,1,2,2520.0,0.82,14.2,11.6,0.76,10.87,0,0,CHRG, ,
5472.3,1,1,1,1,2,2525.0,0.83,14.2,11.8,0.76,10.88,0,0,CHRG, ,
5477.3,1,1,1,1,2,2530.0,0.83,14.2,11.7,0.77,10.9,0,0,CHRG, ,
5482.3,1,1,1,1,2,2535.0,0.83,14.2,11.7,0.77,10.91,0,0,CHRG, ,
5487.3,1,1,1,1,2,2540.0,0.82,14.2,11.6,0.77,10.93,0,0,CHRG, ,
5492.3,1,1,1,1,2,2545.0,0.82,14.2,11.6,0.77,10.95,0,0,CHRG, ,
5497.3,1,1,1,1,2,2550.0,0.83,14.2,11.7,0.77,10.96,0,0,CHRG, ,
5502.3,1,1,1,1,2,2555.0,0.83,14.2,11.7,0.77,10.98,0,0,CHRG, ,
5507.3,1,1,1,1,2,2560.0,0.83,14.2,11.7,0.77,11,0,0,CHRG, ,
5512.3,1,1,1,1,2,2565.0,0.82,14.201,11.6,0.77,11.01,0,0,CHRG, ,
5517.3,1,1,1,1,2,2570.0,0.83,14.2,11.7,0.77,11.03,0,0,CHRG, ,
5522.3,1,1,1,1,2,2575.0,0.83,14.199,11.7,0.78,11.04,0,0,CHRG, ,
5527.3,1,1,1,1,2,2580.0,0.82,14.2,11.6,0.78,11.06,0,0,CHRG, ,
5532.3,1,1,1,1,2,2585.0,0.82,14.2,11.6,0.78,11.08,0,0,CHRG, ,
5537.3,1,1,1,1,2,2590.0,0.82,14.199,11.6,0.78,11.09,0,0,CHRG, ,
5542.3,1,1,1,1,2,2595.0,0.82,14.2,11.6,0.78,11.11,0,0,CHRG, ,
5547.3,1,1,1,1,2,2600.0,0.82,14.2,11.6,0.78,11.12,0,0,CHRG, ,
5552.3,1,1,1,1,2,2605.0,0.82,14.2,11.6,0.78,11.14,0,0,CHRG, ,
5557.3,1,1,1,1,2,2610.0,0.82,14.201,11.6,0.78,11.16,0,0,CHRG, ,
5562.3,1,1,1,1,2,2615.0,0.82,14.2,11.6,0.78,11.17,0,0,CHRG, ,
5567.3,1,1,1,1,2,2620.0,0.82,14.201,11.6,0.79,11.19,0,0,CHRG, ,
5572.3,1,1,1,1,2,2625.0,0.82,14.2,11.6,0.79,11.21,0,0,CHRG, ,
5577.3,1,1,1,1,2,2630.0,0.82,14.2,11.6,0.79,11.22,0,0,CHRG, ,
5582.3,1,1,1,1,2,2635.0,0.81,14.2,11.5,0.79,11.24,0,0,CHRG, ,
5587.3,1,1,1,1,2,2640.0,0.81,14.201,11.5,0.79,11.25,0,0,CHRG, ,
5592.3,1,1,1,1,2,2645.0,0.81,14.201,11.5,0.79,11.27,0,0,CHRG, ,
5597.3,1,1,1,1,2,2650.0,0.82,14.2,11.6,0.79,11.29,0,0,CHRG, ,
5602.3,1,1,1,1,2,2655.0,0.81,14.199,11.5,0.79,11.3,0,0,CHRG, ,
5607.3,1,1,1,1,2,2660.0,0.8,14.2,11.3,0.79,11.32,0,0,CHRG, ,
5612.3,1,1,1,1,2,2665.0,0.81,14.2,11.5,0.8,11.33,0,0,CHRG, ,
5617.3,1,1,1,1,2,2670.0,0.81,14.2,11.4,0.8,11.35,0,0,CHRG, ,
5622.3,1,1,1,1,2,2675.0,0.81,14.2,11.5,0.8,11.36,0,0,CHRG, ,
5627.3,1,1,1,1,2,2680.0,0.81,14.2,11.4,0.8,11.38,0,0,CHRG, ,
5632.3,1,1,1,1,2,2685.0,0.81,14.201,11.5,0.8,11.4,0,0,CHRG, ,
5637.3,1,1,1,1,2,2690.0,0.81,14.2,11.4,0.8,11.41,0,0,CHRG, ,
5642.3,1,1,1,1,2,2695.0,0.81,14.2,11.5,0.8,11.43,0,0,CHRG, ,
5647.3,1,1,1,1,2,2700.0,0.8,14.2,11.4,0.8,11.44,0,0,CHRG, ,
5652.3,1,1,1,1,2,2705.0,0.8,14.2,11.4,0.81,11.46,0,0,CHRG, ,
5657.3,1,1,1,1,2,2710.0,0.8,14.201,11.3,0.81,11.48,0,0,CHRG, ,
5662.3,1,1,1,1,2,2715.0,0.8,14.2,11.3,0.81,11.49,0,0,CHRG, ,
5667.3,1,1,1,1,2,2720.0,0.8,14.2,11.3,0.81,11.51,0,0,CHRG, ,
5672.3,1,1,1,1,2,2725.0,0.8,14.201,11.3,0.81,11.52,0,0,CHRG, ,
5677.3,1,1,1,1,2,2730.0,0.8,14.2,11.3,0.81,11.54,0,0,CHRG, ,
5682.3,1,1,1,1,2,2735.0,0.8,14.201,11.3,0.81,11.55,0,0,CHRG, ,
5687.3,1,1,1,1,2,2740.0,0.8,14.2,11.3,0.81,11.57,0,0,CHRG, ,
5692.3,1,1,1,1,2,2745.0,0.8,14.2,11.3,0.81,11.59,0,0,CHRG, ,
5697.3,1,1,1,1,2,2750.0,0.8,14.2,11.3,0.82,11.6,0,0,CHRG, ,
5702.3,1,1,1,1,2,2755.0,0.8,14.2,11.3,0.82,11.62,0,0,CHRG, ,
5707.3,1,1,1,1,2,2760.0,0.8,14.2,11.3,0.82,11.63,0,0,CHRG, ,
5712.3,1,1,1,1,2,2765.0,0.79,14.2,11.2,0.82,11.65,0,0,CHRG, ,
5717.3,1,1,1,1,2,2770.0,0.79,14.2,11.2,0.82,11.66,0,0,CHRG, ,
5722.3,1,1,1,1,2,2775.0,0.79,14.2,11.2,0.82,11.68,0,0,CHRG, ,
5727.3,1,1,1,1,2,2780.0,0.8,14.2,11.3,0.82,11.7,0,0,CHRG, ,
5732.3,1,1,1,1,2,2785.0,0.79,14.2,11.2,0.82,11.71,0,0,CHRG, ,
5737.3,1,1,1,1,2,2790.0,0.78,14.2,11.1,0.82,11.73,0,0,CHRG, ,
5742.3,1,1,1,1,2,2795.0,0.79,14.201,11.1,0.82,11.74,0,0,CHRG, ,
5747.3,1,1,1,1,2,2800.0,0.79,14.2,11.2,0.83,11.76,0,0,CHRG, ,
5752.3,1,1,1,1,2,2805.0,0.79,14.2,11.2,0.83,11.77,0,0,CHRG, ,
5757.3,1,1,1,1,2,2810.0,0.79,14.201,11.2,0.83,11.79,0,0,CHRG, ,
5762.3,1,1,1,1,2,2815.0,0.79,14.2,11.2,0.83,11.8,0,0,CHRG, ,
5767.3,1,1,1,1,2,2820.0,0.79,14.2,11.2,0.83,11.82,0,0,CHRG, ,
5772.3,1,1,1,1,2,2825.0,0.79,14.201,11.1,0.83,11.84,0,0,CHRG, ,
5777.3,1,1,1,1,2,2830.0,0.78,14.199,11,0.83,11.85,0,0,CHRG, ,
5782.3,1,1,1,1,2,2835.0,0.78,14.2,11.1,0.83,11.87,0,0,CHRG, ,
5787.3,1,1,1,1,2,2840.0,0.78,14.2,11,0.83,11.88,0,0,CHRG, ,
5792.3,1,1,1,1,2,2845.0,0.78,14.201,11,0.84,11.9,0,0,CHRG, ,
5797.3,1,1,1,1,2,2850.0,0.78,14.201,11,0.84,11.91,0,0,CHRG, ,
5802.3,1,1,1,1,2,2855.0,0.78,14.2,11,0.84,11.93,0,0,CHRG, ,
5807.3,1,1,1,1,2,2860.0,0.78,14.2,11.1,0.84,11.94,0,0,CHRG, ,
5812.3,1,1,1,1,2,2865.0,0.79,14.201,11.2,0.84,11.96,0,0,CHRG, ,
5817.3,1,1,1,1,2,2870.0,0.78,14.2,11,0.84,11.97,0,0,CHRG, ,
5822.3,1,1,1,1,2,2875.0,0.78,14.201,11,0.84,11.99,0,0,CHRG, ,
5827.3,1,1,1,1,2,2880.0,0.78,14.201,11,0.84,12,0,0,CHRG, ,
5832.3,1,1,1,1,2,2885.0,0.77,14.201,10.9,0.84,12.02,0,0,CHRG, ,
5837.3,1,1,1,1,2,2890.0,0.78,14.2,11,0.85,12.03,0,0,CHRG, ,
5842.3,1,1,1,1,2,2895.0,0.78,14.2,11,0.85,12.05,0,0,CHRG, ,
5847.3,1,1,1,1,2,2900.0,0.78,14.2,11,0.85,12.06,0,0,CHRG, ,
5852.3,1,1,1,1,2,2905.0,0.77,14.2,10.9,0.85,12.08,0,0,CHRG, ,
5857.3,1,1,1,1,2,2910.0,0.78,14.2,11,0.85,12.1,0,0,CHRG, ,
5862.3,1,1,1,1,2,2915.0,0.77,14.201,10.9,0.85,12.11,0,0,CHRG, ,
5867.3,1,1,1,1,2,2920.0,0.77,14.2,10.9,0.85,12.13,0,0,CHRG, ,
5872.3,1,1,1,1,2,2925.0,0.77,14.201,10.9,0.85,12.14,0,0,CHRG, ,
5877.3,1,1,1,1,2,2930.0,0.77,14.2,10.9,0.85,12.16,0,0,CHRG, ,
5882.3,1,1,1,1,2,2935.0,0.78,14.2,11,0.86,12.17,0,0,CHRG, ,
5887.3,1,1,1,1,2,2940.0,0.77,14.201,10.9,0.86,12.19,0,0,CHRG, ,
5892.3,1,1,1,1,2,2945.0,0.76,14.2,10.7,0.86,12.2,0,0,CHRG, ,
5897.3,1,1,1,1,2,2950.0,0.77,14.2,10.8,0.86,12.22,0,0,CHRG, ,
5902.3,1,1,1,1,2,2955.0,0.77,14.2,10.8,0.86,12.23,0,0,CHRG, ,
5907.3,1,1,1,1,2,2960.0,0.77,14.201,10.8,0.86,12.25,0,0,CHRG, ,
5912.3,1,1,1,1,2,2965.0,0.77,14.2,10.9,0.86,12.26,0,0,CHRG, ,
5917.3,1,1,1,1,2,2970.0,0.76,14.2,10.7,0.86,12.28,0,0,CHRG, ,
5922.3,1,1,1,1,2,2975.0,0.77,14.201,10.9,0.86,12.29,0,0,CHRG, ,
5927.3,1,1,1,1,2,2980.0,0.76,14.2,10.8,0.86,12.31,0,0,CHRG, ,
5932.3,1,1,1,1,2,2985.0,0.76,14.2,10.7,0.87,12.32,0,0,CHRG, ,
5937.3,1,1,1,1,2,2990.0,0.76,14.2,10.7,0.87,12.34,0,0,CHRG, ,
5942.3,1,1,1,1,2,2995.0,0.76,14.201,10.7,0.87,12.35,0,0,CHRG, ,
5947.3,1,1,1,1,2,3000.0,0.76,14.2,10.7,0.87,12.37,0,0,CHRG, ,
5952.3,1,1,1,1,2,3005.0,0.77,14.2,10.8,0.87,12.38,0,0,CHRG, ,
5957.3,1,1,1,1,2,3010.0,0.75,14.2,10.6,0.87,12.4,0,0,CHRG, ,
5962.3,1,1,1,1,2,3015.0,0.76,14.2,10.7,0.87,12.41,0,0,CHRG, ,
5967.3,1,1,1,1,2,3020.0,0.76,14.201,10.7,0.87,12.43,0,0,CHRG, ,
5972.3,1,1,1,1,2,3025.0,0.76,14.199,10.7,0.87,12.44,0,0,CHRG, ,
5977.3,1,1,1,1,2,3030.0,0.75,14.2,10.6,0.88,12.46,0,0,CHRG, ,
5982.3,1,1,1,1,2,3035.0,0.76,14.2,10.7,0.88,12.47,0,0,CHRG, ,
5987.3,1,1,1,1,2,3040.0,0.75,14.201,10.6,0.88,12.48,0,0,CHRG, ,
5992.3,1,1,1,1,2,3045.0,0.76,14.2,10.7,0.88,12.5,0,0,CHRG, ,
5997.3,1,1,1,1,2,3050.0,0.76,14.2,10.7,0.88,12.51,0,0,CHRG, ,
6002.3,1,1,1,1,2,3055.0,0.75,14.2,10.6,0.88,12.53,0,0,CHRG, ,
6007.3,1,1,1,1,2,3060.0,0.76,14.201,10.7,0.88,12.54,0,0,CHRG, ,
6012.3,1,1,1,1,2,3065.0,0.75,14.2,10.6,0.88,12.56,0,0,CHRG, ,
6017.3,1,1,1,1,2,3070.0,0.76,14.2,10.7,0.88,12.57,0,0,CHRG, ,
6022.3,1,1,1,1,2,3075.0,0.75,14.201,10.6,0.88,12.59,0,0,CHRG, ,
6027.3,1,1,1,1,2,3080.0,0.74,14.2,10.5,0.89,12.6,0,0,CHRG, ,
6032.3,1,1,1,1,2,3085.0,0.75,14.2,10.6,0.89,12.62,0,0,CHRG, ,
6037.3,1,1,1,1,2,3090.0,0.74,14.2,10.5,0.89,12.63,0,0,CHRG, ,
6042.3,1,1,1,1,2,3095.0,0.74,14.2,10.5,0.89,12.65,0,0,CHRG, ,
6047.3,1,1,1,1,2,3100.0,0.75,14.201,10.6,0.89,12.66,0,0,CHRG, ,
6052.3,1,1,1,1,2,3105.0,0.74,14.2,10.5,0.89,12.68,0,0,CHRG, ,
6057.3,1,1,1,1,2,3110.0,0.74,14.201,10.5,0.89,12.69,0,0,CHRG, ,
6062.3,1,1,1,1,2,3115.0,0.74,14.2,10.5,0.89,12.71,0,0,CHRG, ,
6067.3,1,1,1,1,2,3120.0,0.74,14.2,10.5,0.89,12.72,0,0,CHRG, ,
6072.3,1,1,1,1,2,3125.0,0.74,14.2,10.5,0.9,12.73,0,0,CHRG, ,
6077.3,1,1,1,1,2,3130.0,0.73,14.2,10.4,0.9,12.75,0,0,CHRG, ,
6082.3,1,1,1,1,2,3135.0,0.74,14.2,10.4,0.9,12.76,0,0,CHRG, ,
6087.3,1,1,1,1,2,3140.0,0.74,14.2,10.5,0.9,12.78,0,0,CHRG, ,
6092.3,1,1,1,1,2,3145.0,0.74,14.2,10.5,0.9,12.79,0,0,CHRG, ,
6097.3,1,1,1,1,2,3150.0,0.74,14.201,10.4,0.9,12.81,0,0,CHRG, ,
6102.3,1,1,1,1,2,3155.0,0.74,14.2,10.5,0.9,12.82,0,0,CHRG, ,
6107.3,1,1,1,1,2,3160.0,0.74,14.2,10.4,0.9,12.84,0,0,CHRG, ,
6112.3,1,1,1,1,2,3165.0,0.74,14.2,10.4,0.9,12.85,0,0,CHRG, ,
6117.3,1,1,1,1,2,3170.0,0.74,14.201,10.5,0.9,12.86,0,0,CHRG, ,
6122.3,1,1,1,1,2,3175.0,0.73,14.201,10.4,0.91,12.88,0,0,CHRG, ,
6127.3,1,1,1,1,2,3180.0,0.72,14.2,10.2,0.91,12.89,0,0,CHRG, ,
6132.3,1,1,1,1,2,3185.0,0.73,14.2,10.3,0.91,12.91,0,0,CHRG, ,
6137.3,1,1,1,1,2,3190.0,0.73,14.2,10.3,0.91,12.92,0,0,CHRG, ,
6142.3,1,1,1,1,2,3195.0,0.73,14.201,10.3,0.91,12.94,0,0,CHRG, ,
6147.3,1,1,1,1,2,3200.0,0.73,14.2,10.3,0.91,12.95,0,0,CHRG, ,
6152.3,1,1,1,1,2,3205.0,0.73,14.2,10.3,0.91,12.97,0,0,CHRG, ,
6157.3,1,1,1,1,2,3210.0,0.73,14.2,10.3,0.91,12.98,0,0,CHRG, ,
6162.3,1,1,1,1,2,3215.0,0.73,14.2,10.3,0.91,12.99,0,0,CHRG, ,
6167.3,1,1,1,1,2,3220.0,0.73,14.201,10.3,0.91,13.01,0,0,CHRG, ,
6172.3,1,1,1,1,2,3225.0,0.73,14.201,10.3,0.92,13.02,0,0,CHRG, ,
6177.3,1,1,1,1,2,3230.0,0.73,14.2,10.3,0.92,13.04,0,0,CHRG, ,
6182.3,1,1,1,1,2,3235.0,0.73,14.2,10.3,0.92,13.05,0,0,CHRG, ,
6187.3,1,1,1,1,2,3240.0,0.73,14.201,10.3,0.92,13.07,0,0,CHRG, ,
6192.3,1,1,1,1,2,3245.0,0.72,14.2,10.2,0.92,13.08,0,0,CHRG, ,
6197.3,1,1,1,1,2,3250.0,0.73,14.2,10.3,0.92,13.09,0,0,CHRG, ,
6202.3,1,1,1,1,2,3255.0,0.72,14.2,10.1,0.92,13.11,0,0,CHRG, ,
6207.3,1,1,1,1,2,3260.0,0.72,14.2,10.2,0.92,13.12,0,0,CHRG, ,
6212.3,1,1,1,1,2,3265.0,0.72,14.201,10.2,0.92,13.14,0,0,CHRG, ,
6217.3,1,1,1,1,2,3270.0,0.72,14.2,10.2,0.92,13.15,0,0,CHRG, ,
6222.3,1,1,1,1,2,3275.0,0.72,14.2,10.2,0.93,13.16,0,0,CHRG, ,
6227.3,1,1,1,1,2,3280.0,0.72,14.2,10.2,0.93,13.18,0,0,CHRG, ,
6232.3,1,1,1,1,2,3285.0,0.72,14.2,10.2,0.93,13.19,0,0,CHRG, ,
6237.3,1,1,1,1,2,3290.0,0.72,14.201,10.2,0.93,13.21,0,0,CHRG, ,
6242.3,1,1,1,1,2,3295.0,0.72,14.2,10.2,0.93,13.22,0,0,CHRG, ,
6247.3,1,1,1,1,2,3300.0,0.72,14.2,10.2,0.93,13.24,0,0,CHRG, ,
6252.3,1,1,1,1,2,3305.0,0.71,14.2,10.1,0.93,13.25,0,0,CHRG, ,
6257.3,1,1,1,1,2,3310.0,0.72,14.2,10.1,0.93,13.26,0,0,CHRG, ,
6262.3,1,1,1,1,2,3315.0,0.71,14.2,10.1,0.93,13.28,0,0,CHRG, ,
6267.3,1,1,1,1,2,3320.0,0.72,14.2,10.1,0.93,13.29,0,0,CHRG, ,
6272.3,1,1,1,1,2,3325.0,0.72,14.2,10.2,0.94,13.31,0,0,CHRG, ,
6277.3,1,1,1,1,2,3330.0,0.72,14.2,10.2,0.94,13.32,0,0,CHRG, ,
6282.3,1,1,1,1,2,3335.0,0.72,14.201,10.2,0.94,13.33,0,0,CHRG, ,
6287.3,1,1,1,1,2,3340.0,0.71,14.201,10.1,0.94,13.35,0,0,CHRG, ,
6292.3,1,1,1,1,2,3345.0,0.71,14.2,10,0.94,13.36,0,0,CHRG, ,
6297.3,1,1,1,1,2,3350.0,0.71,14.2,10,0.94,13.38,0,0,CHRG, ,
6302.3,1,1,1,1,2,3355.0,0.71,14.201,10,0.94,13.39,0,0,CHRG, ,
6307.3,1,1,1,1,2,3360.0,0.71,14.201,10,0.94,13.4,0,0,CHRG, ,
6312.3,1,1,1,1,2,3365.0,0.71,14.2,10,0.94,13.42,0,0,CHRG, ,
6317.3,1,1,1,1,2,3370.0,0.71,14.2,10,0.94,13.43,0,0,CHRG, ,
6322.3,1,1,1,1,2,3375.0,0.71,14.2,10,0.95,13.45,0,0,CHRG, ,
6327.3,1,1,1,1,2,3380.0,0.71,14.2,10,0.95,13.46,0,0,CHRG, ,
6332.3,1,1,1,1,2,3385.0,0.71,14.2,10,0.95,13.47,0,0,CHRG, ,
6337.3,1,1,1,1,2,3390.0,0.71,14.2,10,0.95,13.49,0,0,CHRG, ,
6342.3,1,1,1,1,2,3395.0,0.71,14.2,10,0.95,13.5,0,0,CHRG, ,
6347.3,1,1,1,1,2,3400.0,0.7,14.201,9.9,0.95,13.51,0,0,CHRG, ,
6352.3,1,1,1,1,2,3405.0,0.71,14.2,10,0.95,13.53,0,0,CHRG, ,
6357.3,1,1,1,1,2,3410.0,0.7,14.2,9.9,0.95,13.54,0,0,CHRG, ,
6362.3,1,1,1,1,2,3415.0,0.7,14.2,9.9,0.95,13.56,0,0,CHRG, ,
6367.3,1,1,1,1,2,3420.0,0.7,14.2,9.9,0.95,13.57,0,0,CHRG, ,
6372.3,1,1,1,1,2,3425.0,0.7,14.2,9.9,0.96,13.58,0,0,CHRG, ,
6377.3,1,1,1,1,2,3430.0,0.69,14.2,9.7,0.96,13.6,0,0,CHRG, ,
6382.3,1,1,1,1,2,3435.0,0.7,14.2,9.9,0.96,13.61,0,0,CHRG, ,
6387.3,1,1,1,1,2,3440.0,0.7,14.2,9.9,0.96,13.62,0,0,CHRG, ,
6392.3,1,1,1,1,2,3445.0,0.7,14.2,9.9,0.96,13.64,0,0,CHRG, ,
6397.3,1,1,1,1,2,3450.0,0.7,14.201,9.9,0.96,13.65,0,0,CHRG, ,
6402.3,1,1,1,1,2,3455.0,0.69,14.2,9.8,0.96,13.67,0,0,CHRG, ,
6407.3,1,1,1,1,2,3460.0,0.7,14.2,9.9,0.96,13.68,0,0,CHRG, ,
6412.3,1,1,1,1,2,3465.0,0.7,14.2,9.9,0.96,13.69,0,0,CHRG, ,
6417.3,1,1,1,1,2,3470.0,0.7,14.2,9.8,0.96,13.71,0,0,CHRG, ,
6422.3,1,1,1,1,2,3475.0,0.69,14.2,9.8,0.96,13.72,0,0,CHRG, ,
6427.3,1,1,1,1,2,3480.0,0.69,14.2,9.7,0.97,13.73,0,0,CHRG, ,
6432.3,1,1,1,1,2,3485.0,0.69,14.2,9.8,0.97,13.75,0,0,CHRG, ,
6437.3,1,1,1,1,2,3490.0,0.69,14.2,9.7,0.97,13.76,0,0,CHRG, ,
6442.3,1,1,1,1,2,3495.0,0.69,14.2,9.7,0.97,13.77,0,0,CHRG, ,
6447.3,1,1,1,1,2,3500.0,0.69,14.2,9.8,0.97,13.79,0,0,CHRG, ,
6452.3,1,1,1,1,2,3505.0,0.7,14.2,9.8,0.97,13.8,0,0,CHRG, ,
6457.3,1,1,1,1,2,3510.0,0.69,14.2,9.7,0.97,13.82,0,0,CHRG, ,
6462.3,1,1,1,1,2,3515.0,0.69,14.2,9.7,0.97,13.83,0,0,CHRG, ,
6467.3,1,1,1,1,2,3520.0,0.69,14.2,9.7,0.97,13.84,0,0,CHRG, ,
6472.3,1,1,1,1,2,3525.0,0.69,14.2,9.7,0.97,13.86,0,0,CHRG, ,
6477.3,1,1,1,1,2,3530.0,0.69,14.201,9.7,0.98,13.87,0,0,CHRG, ,
6482.3,1,1,1,1,2,3535.0,0.69,14.2,9.7,0.98,13.88,0,0,CHRG, ,
6487.3,1,1,1,1,2,3540.0,0.68,14.2,9.6,0.98,13.9,0,0,CHRG, ,
6492.3,1,1,1,1,2,3545.0,0.68,14.2,9.6,0.98,13.91,0,0,CHRG, ,
6497.3,1,1,1,1,2,3550.0,0.69,14.2,9.7,0.98,13.92,0,0,CHRG, ,
6502.3,1,1,1,1,2,3555.0,0.68,14.2,9.6,0.98,13.94,0,0,CHRG, ,
6507.3,1,1,1,1,2,3560.0,0.68,14.201,9.6,0.98,13.95,0,0,CHRG, ,
6512.3,1,1,1,1,2,3565.0,0.68,14.2,9.6,0.98,13.96,0,0,CHRG, ,
6517.3,1,1,1,1,2,3570.0,0.68,14.2,9.6,0.98,13.98,0,0,CHRG, ,
6522.3,1,1,1,1,2,3575.0,0.68,14.2,9.6,0.98,13.99,0,0,CHRG, ,
6527.3,1,1,1,1,2,3580.0,0.68,14.201,9.6,0.99,14,0,0,CHRG, ,
6532.3,1,1,1,1,2,3585.0,0.68,14.2,9.6,0.99,14.02,0,0,CHRG, ,
6537.3,1,1,1,1,2,3590.0,0.69,14.2,9.7,0.99,14.03,0,0,CHRG, ,
6542.3,1,1,1,1,2,3595.0,0.68,14.201,9.6,0.99,14.04,0,0,CHRG, ,
6547.3,1,1,1,1,2,3600.0,0.68,14.2,9.6,0.99,14.06,0,0,CHRG, ,
6552.3,1,1,1,1,2,3605.0,0.68,14.2,9.6,0.99,14.07,0,0,CHRG, ,
6557.3,1,1,1,1,2,3610.0,0.68,14.2,9.6,0.99,14.08,0,0,CHRG, ,
6562.3,1,1,1,1,2,3615.0,0.68,14.2,9.6,0.99,14.1,0,0,CHRG, ,
6567.3,1,1,1,1,2,3620.0,0.68,14.2,9.6,0.99,14.11,0,0,CHRG, ,
6572.3,1,1,1,1,2,3625.0,0.68,14.2,9.6,0.99,14.12,0,0,CHRG, ,
6577.3,1,1,1,1,2,3630.0,0.68,14.2,9.6,0.99,14.14,0,0,CHRG, ,
6582.3,1,1,1,1,2,3635.0,0.69,14.2,9.7,1,14.15,0,0,CHRG, ,
6587.3,1,1,1,1,2,3640.0,0.68,14.201,9.6,1,14.16,0,0,CHRG, ,
6592.3,1,1,1,1,2,3645.0,0.68,14.2,9.6,1,14.18,0,0,CHRG, ,
6597.3,1,1,1,1,2,3650.0,0.67,14.201,9.5,1,14.19,0,0,CHRG, ,
6602.3,1,1,1,1,2,3655.0,0.67,14.2,9.5,1,14.2,0,0,CHRG, ,
6607.3,1,1,1,1,2,3660.0,0.68,14.2,9.6,1,14.22,0,0,CHRG, ,
6612.3,1,1,1,1,2,3665.0,0.67,14.2,9.5,1,14.23,0,0,CHRG, ,
6617.3,1,1,1,1,2,3670.0,0.67,14.2,9.5,1,14.24,0,0,CHRG, ,
6622.3,1,1,1,1,2,3675.0,0.66,14.2,9.3,1,14.26,0,0,CHRG, ,
6627.3,1,1,1,1,2,3680.0,0.67,14.2,9.4,1,14.27,0,0,CHRG, ,
6632.3,1,1,1,1,2,3685.0,0.67,14.2,9.4,1,14.28,0,0,CHRG, ,
6637.3,1,1,1,1,2,3690.0,0.67,14.2,9.5,1.01,14.3,0,0,CHRG, ,
6642.3,1,1,1,1,2,3695.0,0.66,14.2,9.4,1.01,14.31,0,0,CHRG, ,
6647.3,1,1,1,1,2,3700.0,0.66,14.2,9.4,1.01,14.32,0,0,CHRG, ,
6652.3,1,1,1,1,2,3705.0,0.67,14.2,9.5,1.01,14.34,0,0,CHRG, ,
6657.3,1,1,1,1,2,3710.0,0.66,14.2,9.4,1.01,14.35,0,0,CHRG, ,
6662.3,1,1,1,1,2,3715.0,0.67,14.2,9.5,1.01,14.36,0,0,CHRG, ,
6667.3,1,1,1,1,2,3720.0,0.66,14.2,9.3,1.01,14.37,0,0,CHRG, ,
6672.3,1,1,1,1,2,3725.0,0.66,14.2,9.4,1.01,14.39,0,0,CHRG, ,
6677.3,1,1,1,1,2,3730.0,0.66,14.2,9.3,1.01,14.4,0,0,CHRG, ,
6682.3,1,1,1,1,2,3735.0,0.67,14.2,9.4,1.01,14.41,0,0,CHRG, ,
6687.3,1,1,1,1,2,3740.0,0.66,14.2,9.3,1.02,14.43,0,0,CHRG, ,
6692.3,1,1,1,1,2,3745.0,0.66,14.2,9.3,1.02,14.44,0,0,CHRG, ,
6697.3,1,1,1,1,2,3750.0,0.66,14.201,9.3,1.02,14.45,0,0,CHRG, ,
6702.3,1,1,1,1,2,3755.0,0.67,14.2,9.4,1.02,14.47,0,0,CHRG, ,
6707.3,1,1,1,1,2,3760.0,0.66,14.2,9.3,1.02,14.48,0,0,CHRG, ,
6712.3,1,1,1,1,2,3765.0,0.66,14.2,9.3,1.02,14.49,0,0,CHRG, ,
6717.3,1,1,1,1,2,3770.0,0.66,14.2,9.3,1.02,14.5,0,0,CHRG, ,
6722.3,1,1,1,1,2,3775.0,0.66,14.199,9.3,1.02,14.52,0,0,CHRG, ,
6727.3,1,1,1,1,2,3780.0,0.65,14.2,9.2,1.02,14.53,0,0,CHRG, ,
6732.3,1,1,1,1,2,3785.0,0.65,14.2,9.2,1.02,14.54,0,0,CHRG, ,
6737.3,1,1,1,1,2,3790.0,0.66,14.2,9.3,1.02,14.56,0,0,CHRG, ,
6742.3,1,1,1,1,2,3795.0,0.65,14.2,9.2,1.03,14.57,0,0,CHRG, ,
6747.3,1,1,1,1,2,3800.0,0.65,14.2,9.2,1.03,14.58,0,0,CHRG, ,
6752.3,1,1,1,1,2,3805.0,0.66,14.2,9.3,1.03,14.59,0,0,CHRG, ,
6757.3,1,1,1,1,2,3810.0,0.65,14.201,9.2,1.03,14.61,0,0,CHRG, ,
6762.3,1,1,1,1,2,3815.0,0.66,14.2,9.3,1.03,14.62,0,0,CHRG, ,
6767.3,1,1,1,1,2,3820.0,0.65,14.2,9.2,1.03,14.63,0,0,CHRG, ,
6772.3,1,1,1,1,2,3825.0,0.65,14.2,9.2,1.03,14.65,0,0,CHRG, ,
6777.3,1,1,1,1,2,3830.0,0.65,14.2,9.2,1.03,14.66,0,0,CHRG, ,
6782.3,1,1,1,1,2,3835.0,0.65,14.201,9.2,1.03,14.67,0,0,CHRG, ,
6787.3,1,1,1,1,2,3840.0,0.65,14.2,9.2,1.03,14.68,0,0,CHRG, ,
6792.3,1,1,1,1,2,3845.0,0.65,14.2,9.1,1.03,14.7,0,0,CHRG, ,
6797.3,1,1,1,1,2,3850.0,0.65,14.2,9.2,1.04,14.71,0,0,CHRG, ,
6802.3,1,1,1,1,2,3855.0,0.65,14.201,9.2,1.04,14.72,0,0,CHRG, ,
6807.3,1,1,1,1,2,3860.0,0.65,14.201,9.2,1.04,14.74,0,0,CHRG, ,
6812.3,1,1,1,1,2,3865.0,0.65,14.2,9.1,1.04,14.75,0,0,CHRG, ,
6817.3,1,1,1,1,2,3870.0,0.65,14.2,9.1,1.04,14.76,0,0,CHRG, ,
6822.3,1,1,1,1,2,3875.0,0.65,14.2,9.2,1.04,14.77,0,0,CHRG, ,
6827.3,1,1,1,1,2,3880.0,0.64,14.2,9,1.04,14.79,0,0,CHRG, ,
6832.3,1,1,1,1,2,3885.0,0.65,14.2,9.2,1.04,14.8,0,0,CHRG, ,
6837.3,1,1,1,1,2,3890.0,0.65,14.201,9.1,1.04,14.81,0,0,CHRG, ,
6842.3,1,1,1,1,2,3895.0,0.65,14.201,9.1,1.04,14.82,0,0,CHRG, ,
6847.3,1,1,1,1,2,3900.0,0.64,14.2,9.1,1.04,14.84,0,0,CHRG, ,
6852.3,1,1,1,1,2,3905.0,0.64,14.2,9.1,1.04,14.85,0,0,CHRG, ,
6857.3,1,1,1,1,2,3910.0,0.65,14.201,9.2,1.05,14.86,0,0,CHRG, ,
6862.3,1,1,1,1,2,3915.0,0.64,14.2,9,1.05,14.87,0,0,CHRG, ,
6867.3,1,1,1,1,2,3920.0,0.63,14.201,8.9,1.05,14.89,0,0,CHRG, ,
6872.3,1,1,1,1,2,3925.0,0.64,14.2,9,1.05,14.9,0,0,CHRG, ,
6877.3,1,1,1,1,2,3930.0,0.64,14.201,9,1.05,14.91,0,0,CHRG, ,
6882.3,1,1,1,1,2,3935.0,0.64,14.2,9,1.05,14.92,0,0,CHRG, ,
6887.3,1,1,1,1,2,3940.0,0.64,14.2,9,1.05,14.94,0,0,CHRG, ,
6892.3,1,1,1,1,2,3945.0,0.64,14.2,9,1.05,14.95,0,0,CHRG, ,
6897.3,1,1,1,1,2,3950.0,0.64,14.2,9,1.05,14.96,0,0,CHRG, ,
6902.3,1,1,1,1,2,3955.0,0.64,14.199,9.1,1.05,14.97,0,0,CHRG, ,
6907.3,1,1,1,1,2,3960.0,0.64,14.2,9,1.05,14.99,0,0,CHRG, ,
6912.3,1,1,1,1,2,3965.0,0.64,14.2,9,1.06,15,0,0,CHRG, ,
6917.3,1,1,1,1,2,3970.0,0.63,14.2,8.9,1.06,15.01,0,0,CHRG, ,
6922.3,1,1,1,1,2,3975.0,0.64,14.201,9,1.06,15.02,0,0,CHRG, ,
6927.3,1,1,1,1,2,3980.0,0.64,14.2,9,1.06,15.04,0,0,CHRG, ,
6932.3,1,1,1,1,2,3985.0,0.63,14.2,8.9,1.06,15.05,0,0,CHRG, ,
6937.3,1,1,1,1,2,3990.0,0.64,14.201,9,1.06,15.06,0,0,CHRG, ,
6942.3,1,1,1,1,2,3995.0,0.64,14.2,9,1.06,15.07,0,0,CHRG, ,
6947.3,1,1,1,1,2,4000.0,0.63,14.2,8.9,1.06,15.09,0,0,CHRG, ,
6952.3,1,1,1,1,2,4005.0,0.63,14.2,8.9,1.06,15.1,0,0,CHRG, ,
6957.3,1,1,1,1,2,4010.0,0.63,14.2,8.9,1.06,15.11,0,0,CHRG, ,
6962.3,1,1,1,1,2,4015.0,0.63,14.2,8.9,1.06,15.12,0,0,CHRG, ,
6967.3,1,1,1,1,2,4020.0,0.63,14.2,8.9,1.07,15.14,0,0,CHRG, ,
6972.3,1,1,1,1,2,4025.0,0.63,14.2,8.9,1.07,15.15,0,0,CHRG, ,
6977.3,1,1,1,1,2,4030.0,0.63,14.201,8.9,1.07,15.16,0,0,CHRG, ,
6982.3,1,1,1,1,2,4035.0,0.63,14.2,8.9,1.07,15.17,0,0,CHRG, ,
6987.3,1,1,1,1,2,4040.0,0.62,14.2,8.8,1.07,15.19,0,0,CHRG, ,
6992.3,1,1,1,1,2,4045.0,0.63,14.2,8.9,1.07,15.2,0,0,CHRG, ,
6997.3,1,1,1,1,2,4050.0,0.63,14.201,8.9,1.07,15.21,0,0,CHRG, ,
7002.3,1,1,1,1,2,4055.0,0.63,14.201,8.9,1.07,15.22,0,0,CHRG, ,
7007.3,1,1,1,1,2,4060.0,0.63,14.2,8.9,1.07,15.24,0,0,CHRG, ,
7012.3,1,1,1,1,2,4065.0,0.63,14.2,8.9,1.07,15.25,0,0,CHRG, ,
7017.3,1,1,1,1,2,4070.0,0.63,14.201,8.9,1.07,15.26,0,0,CHRG, ,
7022.3,1,1,1,1,2,4075.0,0.62,14.2,8.7,1.07,15.27,0,0,CHRG, ,
7027.3,1,1,1,1,2,4080.0,0.63,14.2,8.9,1.08,15.28,0,0,CHRG, ,
7032.3,1,1,1,1,2,4085.0,0.63,14.2,8.9,1.08,15.3,0,0,CHRG, ,
7037.3,1,1,1,1,2,4090.0,0.63,14.2,8.9,1.08,15.31,0,0,CHRG, ,
7042.3,1,1,1,1,2,4095.0,0.63,14.201,8.9,1.08,15.32,0,0,CHRG, ,
7047.3,1,1,1,1,2,4100.0,0.63,14.201,8.9,1.08,15.33,0,0,CHRG, ,
7052.3,1,1,1,1,2,4105.0,0.62,14.2,8.8,1.08,15.35,0,0,CHRG, ,
7057.3,1,1,1,1,2,4110.0,0.62,14.2,8.8,1.08,15.36,0,0,CHRG, ,
7062.3,1,1,1,1,2,4115.0,0.62,14.201,8.8,1.08,15.37,0,0,CHRG, ,
7067.3,1,1,1,1,2,4120.0,0.63,14.201,8.9,1.08,15.38,0,0,CHRG, ,
7072.3,1,1,1,1,2,4125.0,0.62,14.2,8.8,1.08,15.39,0,0,CHRG, ,
7077.3,1,1,1,1,2,4130.0,0.62,14.2,8.8,1.08,15.41,0,0,CHRG, ,
7082.3,1,1,1,1,2,4135.0,0.62,14.2,8.8,1.09,15.42,0,0,CHRG, ,
7087.3,1,1,1,1,2,4140.0,0.61,14.2,8.7,1.09,15.43,0,0,CHRG, ,
7092.3,1,1,1,1,2,4145.0,0.62,14.2,8.8,1.09,15.44,0,0,CHRG, ,
7094.2,1,1,1,1,2,4146.9,-0.14,13.618,2,1.09,15.45,0,0,CHRG,Z,
7097.3,1,1,1,1,2,4150.0,0.76,14.2,10.7,1.09,15.46,0,0,CHRG, ,
7102.3,1,1,1,1,2,4155.0,0.68,14.2,9.6,1.09,15.48,0,0,CHRG, ,
7107.3,1,1,1,1,2,4160.0,0.69,14.2,9.7,1.09,15.49,0,0,CHRG, ,
7112.3,1,1,1,1,2,4165.0,0.69,14.201,9.7,1.09,15.5,0,0,CHRG, ,
7117.3,1,1,1,1,2,4170.0,0.69,14.2,9.7,1.09,15.52,0,0,CHRG, ,
7122.3,1,1,1,1,2,4175.0,0.68,14.201,9.6,1.09,15.53,0,0,CHRG, ,
7127.3,1,1,1,1,2,4180.0,0.68,14.201,9.6,1.09,15.54,0,0,CHRG, ,
7132.3,1,1,1,1,2,4185.0,0.67,14.2,9.4,1.09,15.56,0,0,CHRG, ,
7137.3,1,1,1,1,2,4190.0,0.65,14.201,9.2,1.1,15.57,0,0,CHRG, ,
7142.3,1,1,1,1,2,4195.0,0.65,14.2,9.1,1.1,15.58,0,0,CHRG, ,
7147.3,1,1,1,1,2,4200.0,0.64,14.2,9.1,1.1,15.59,0,0,CHRG, ,
7152.3,1,1,1,1,2,4205.0,0.64,14.2,9.1,1.1,15.61,0,0,CHRG, ,
7157.3,1,1,1,1,2,4210.0,0.64,14.201,9,1.1,15.62,0,0,CHRG, ,
7162.3,1,1,1,1,2,4215.0,0.64,14.2,9,1.1,15.63,0,0,CHRG, ,
7167.3,1,1,1,1,2,4220.0,0.63,14.2,8.9,1.1,15.64,0,0,CHRG, ,
7172.3,1,1,1,1,2,4225.0,0.64,14.201,9,1.1,15.66,0,0,CHRG, ,
7177.3,1,1,1,1,2,4230.0,0.63,14.2,8.9,1.1,15.67,0,0,CHRG, ,
7182.3,1,1,1,1,2,4235.0,0.62,14.201,8.8,1.1,15.68,0,0,CHRG, ,
7187.3,1,1,1,1,2,4240.0,0.62,14.2,8.8,1.1,15.69,0,0,CHRG, ,
7192.3,1,1,1,1,2,4245.0,0.62,14.2,8.8,1.11,15.71,0,0,CHRG, ,
7197.3,1,1,1,1,2,4250.0,0.62,14.2,8.8,1.11,15.72,0,0,CHRG, ,
7202.3,1,1,1,1,2,4255.0,0.62,14.2,8.8,1.11,15.73,0,0,CHRG, ,
7207.3,1,1,1,1,2,4260.0,0.62,14.201,8.8,1.11,15.74,0,0,CHRG, ,
7212.3,1,1,1,1,2,4265.0,0.62,14.2,8.8,1.11,15.75,0,0,CHRG, ,
7217.3,1,1,1,1,2,4270.0,0.61,14.2,8.6,1.11,15.77,0,0,CHRG, ,
7222.3,1,1,1,1,2,4275.0,0.62,14.2,8.7,1.11,15.78,0,0,CHRG, ,
7227.3,1,1,1,1,2,4280.0,0.61,14.2,8.6,1.11,15.79,0,0,CHRG, ,
7232.3,1,1,1,1,2,4285.0,0.61,14.2,8.6,1.11,15.8,0,0,CHRG, ,
7237.3,1,1,1,1,2,4290.0,0.61,14.2,8.6,1.11,15.81,0,0,CHRG, ,
7242.3,1,1,1,1,2,4295.0,0.61,14.201,8.6,1.11,15.83,0,0,CHRG, ,
7247.3,1,1,1,1,2,4300.0,0.61,14.2,8.6,1.12,15.84,0,0,CHRG, ,
7252.3,1,1,1,1,2,4305.0,0.61,14.201,8.6,1.12,15.85,0,0,CHRG, ,
7257.3,1,1,1,1,2,4310.0,0.61,14.2,8.6,1.12,15.86,0,0,CHRG, ,
7262.3,1,1,1,1,2,4315.0,0.61,14.2,8.6,1.12,15.87,0,0,CHRG, ,
7267.3,1,1,1,1,2,4320.0,0.61,14.2,8.6,1.12,15.89,0,0,CHRG, ,
7272.3,1,1,1,1,2,4325.0,0.6,14.2,8.5,1.12,15.9,0,0,CHRG, ,
7277.3,1,1,1,1,2,4330.0,0.6,14.2,8.5,1.12,15.91,0,0,CHRG, ,
7282.3,1,1,1,1,2,4335.0,0.61,14.2,8.6,1.12,15.92,0,0,CHRG, ,
7287.3,1,1,1,1,2,4340.0,0.61,14.2,8.6,1.12,15.93,0,0,CHRG, ,
7292.3,1,1,1,1,2,4345.0,0.6,14.2,8.5,1.12,15.95,0,0,CHRG, ,
7297.3,1,1,1,1,2,4350.0,0.61,14.2,8.6,1.12,15.96,0,0,CHRG, ,
7302.3,1,1,1,1,2,4355.0,0.61,14.201,8.6,1.12,15.97,0,0,CHRG, ,
7307.3,1,1,1,1,2,4360.0,0.6,14.2,8.5,1.13,15.98,0,0,CHRG, ,
7312.3,1,1,1,1,2,4365.0,0.59,14.201,8.4,1.13,15.99,0,0,CHRG, ,
7317.3,1,1,1,1,2,4370.0,0.6,14.2,8.4,1.13,16,0,0,CHRG, ,
7322.3,1,1,1,1,2,4375.0,0.6,14.2,8.5,1.13,16.02,0,0,CHRG, ,
7327.3,1,1,1,1,2,4380.0,0.6,14.2,8.5,1.13,16.03,0,0,CHRG, ,
7332.3,1,1,1,1,2,4385.0,0.6,14.201,8.4,1.13,16.04,0,0,CHRG, ,
7337.3,1,1,1,1,2,4390.0,0.6,14.201,8.5,1.13,16.05,0,0,CHRG, ,
7342.3,1,1,1,1,2,4395.0,0.6,14.2,8.5,1.13,16.06,0,0,CHRG, ,
7347.3,1,1,1,1,2,4400.0,0.6,14.2,8.5,1.13,16.08,0,0,CHRG, ,
7352.3,1,1,1,1,2,4405.0,0.59,14.201,8.4,1.13,16.09,0,0,CHRG, ,
7357.3,1,1,1,1,2,4410.0,0.6,14.2,8.5,1.13,16.1,0,0,CHRG, ,
7362.3,1,1,1,1,2,4415.0,0.59,14.2,8.4,1.13,16.11,0,0,CHRG, ,
7367.3,1,1,1,1,2,4420.0,0.6,14.2,8.5,1.14,16.12,0,0,CHRG, ,
7372.3,1,1,1,1,2,4425.0,0.6,14.2,8.5,1.14,16.13,0,0,CHRG, ,
7377.3,1,1,1,1,2,4430.0,0.59,14.2,8.3,1.14,16.15,0,0,CHRG, ,
7382.3,1,1,1,1,2,4435.0,0.59,14.2,8.3,1.14,16.16,0,0,CHRG, ,
7387.3,1,1,1,1,2,4440.0,0.59,14.2,8.4,1.14,16.17,0,0,CHRG, ,
7392.3,1,1,1,1,2,4445.0,0.6,14.2,8.4,1.14,16.18,0,0,CHRG, ,
7397.3,1,1,1,1,2,4450.0,0.59,14.2,8.3,1.14,16.19,0,0,CHRG, ,
7402.3,1,1,1,1,2,4455.0,0.59,14.2,8.4,1.14,16.2,0,0,CHRG, ,
7407.3,1,1,1,1,2,4460.0,0.59,14.2,8.4,1.14,16.22,0,0,CHRG, ,
7412.3,1,1,1,1,2,4465.0,0.59,14.201,8.3,1.14,16.23,0,0,CHRG, ,
7417.3,1,1,1,1,2,4470.0,0.59,14.2,8.3,1.14,16.24,0,0,CHRG, ,
7422.3,1,1,1,1,2,4475.0,0.6,14.201,8.4,1.14,16.25,0,0,CHRG, ,
7427.3,1,1,1,1,2,4480.0,0.58,14.2,8.2,1.14,16.26,0,0,CHRG, ,
7432.3,1,1,1,1,2,4485.0,0.59,14.2,8.3,1.15,16.27,0,0,CHRG, ,
7437.3,1,1,1,1,2,4490.0,0.58,14.201,8.2,1.15,16.28,0,0,CHRG, ,
7442.3,1,1,1,1,2,4495.0,0.59,14.2,8.3,1.15,16.3,0,0,CHRG, ,
7447.3,1,1,1,1,2,4500.0,0.59,14.2,8.3,1.15,16.31,0,0,CHRG, ,
7452.3,1,1,1,1,2,4505.0,0.59,14.2,8.3,1.15,16.32,0,0,CHRG, ,
7457.3,1,1,1,1,2,4510.0,0.59,14.2,8.3,1.15,16.33,0,0,CHRG, ,
7462.3,1,1,1,1,2,4515.0,0.58,14.2,8.2,1.15,16.34,0,0,CHRG, ,
7467.3,1,1,1,1,2,4520.0,0.58,14.201,8.2,1.15,16.35,0,0,CHRG, ,
7472.3,1,1,1,1,2,4525.0,0.59,14.201,8.3,1.15,16.36,0,0,CHRG, ,
7477.3,1,1,1,1,2,4530.0,0.59,14.201,8.3,1.15,16.38,0,0,CHRG, ,
7482.3,1,1,1,1,2,4535.0,0.57,14.201,8.1,1.15,16.39,0,0,CHRG, ,
7487.3,1,1,1,1,2,4540.0,0.58,14.2,8.2,1.15,16.4,0,0,CHRG, ,
7492.3,1,1,1,1,2,4545.0,0.57,14.2,8.1,1.16,16.41,0,0,CHRG, ,
7497.3,1,1,1,1,2,4550.0,0.58,14.2,8.1,1.16,16.42,0,0,CHRG, ,
7502.3,1,1,1,1,2,4555.0,0.58,14.2,8.2,1.16,16.43,0,0,CHRG, ,
7507.3,1,1,1,1,2,4560.0,0.58,14.201,8.2,1.16,16.44,0,0,CHRG, ,
7512.3,1,1,1,1,2,4565.0,0.58,14.2,8.2,1.16,16.46,0,0,CHRG, ,
7517.3,1,1,1,1,2,4570.0,0.58,14.201,8.2,1.16,16.47,0,0,CHRG, ,
7522.3,1,1,1,1,2,4575.0,0.58,14.201,8.2,1.16,16.48,0,0,CHRG, ,
7527.3,1,1,1,1,2,4580.0,0.58,14.201,8.2,1.16,16.49,0,0,CHRG, ,
7532.3,1,1,1,1,2,4585.0,0.58,14.201,8.1,1.16,16.5,0,0,CHRG, ,
7537.3,1,1,1,1,2,4590.0,0.57,14.2,8.1,1.16,16.51,0,0,CHRG, ,
7542.3,1,1,1,1,2,4595.0,0.57,14.2,8.1,1.16,16.52,0,0,CHRG, ,
7547.3,1,1,1,1,2,4600.0,0.57,14.2,8,1.16,16.53,0,0,CHRG, ,
7552.3,1,1,1,1,2,4605.0,0.58,14.201,8.2,1.17,16.55,0,0,CHRG, ,
7557.3,1,1,1,1,2,4610.0,0.57,14.2,8.1,1.17,16.56,0,0,CHRG, ,
7562.3,1,1,1,1,2,4615.0,0.57,14.2,8.1,1.17,16.57,0,0,CHRG, ,
7567.3,1,1,1,1,2,4620.0,0.57,14.2,8,1.17,16.58,0,0,CHRG, ,
7572.3,1,1,1,1,2,4625.0,0.57,14.2,8,1.17,16.59,0,0,CHRG, ,
7577.3,1,1,1,1,2,4630.0,0.57,14.201,8,1.17,16.6,0,0,CHRG, ,
7582.3,1,1,1,1,2,4635.0,0.57,14.201,8,1.17,16.61,0,0,CHRG, ,
7587.3,1,1,1,1,2,4640.0,0.57,14.2,8,1.17,16.62,0,0,CHRG, ,
7592.3,1,1,1,1,2,4645.0,0.57,14.2,8,1.17,16.64,0,0,CHRG, ,
7597.3,1,1,1,1,2,4650.0,0.57,14.2,8,1.17,16.65,0,0,CHRG, ,
7602.3,1,1,1,1,2,4655.0,0.57,14.2,8,1.17,16.66,0,0,CHRG, ,
7607.3,1,1,1,1,2,4660.0,0.57,14.2,8,1.17,16.67,0,0,CHRG, ,
7612.3,1,1,1,1,2,4665.0,0.56,14.2,7.9,1.17,16.68,0,0,CHRG, ,
7617.3,1,1,1,1,2,4670.0,0.57,14.201,8,1.18,16.69,0,0,CHRG, ,
7622.3,1,1,1,1,2,4675.0,0.57,14.201,8,1.18,16.7,0,0,CHRG, ,
7627.3,1,1,1,1,2,4680.0,0.57,14.2,8,1.18,16.71,0,0,CHRG, ,
7632.3,1,1,1,1,2,4685.0,0.56,14.2,7.9,1.18,16.72,0,0,CHRG, ,
7637.3,1,1,1,1,2,4690.0,0.56,14.2,7.9,1.18,16.74,0,0,CHRG, ,
7642.3,1,1,1,1,2,4695.0,0.56,14.2,7.9,1.18,16.75,0,0,CHRG, ,
7647.3,1,1,1,1,2,4700.0,0.56,14.2,7.9,1.18,16.76,0,0,CHRG, ,
7652.3,1,1,1,1,2,4705.0,0.57,14.2,8,1.18,16.77,0,0,CHRG, ,
7657.3,1,1,1,1,2,4710.0,0.56,14.2,7.9,1.18,16.78,0,0,CHRG, ,
7662.3,1,1,1,1,2,4715.0,0.56,14.2,7.9,1.18,16.79,0,0,CHRG, ,
7667.3,1,1,1,1,2,4720.0,0.56,14.199,7.9,1.18,16.8,0,0,CHRG, ,
7672.3,1,1,1,1,2,4725.0,0.56,14.201,7.9,1.18,16.81,0,0,CHRG, ,
7677.3,1,1,1,1,2,4730.0,0.56,14.2,7.9,1.18,16.82,0,0,CHRG, ,
7682.3,1,1,1,1,2,4735.0,0.56,14.2,7.9,1.19,16.83,0,0,CHRG, ,
7687.3,1,1,1,1,2,4740.0,0.56,14.2,7.9,1.19,16.85,0,0,CHRG, ,
7692.3,1,1,1,1,2,4745.0,0.56,14.201,7.9,1.19,16.86,0,0,CHRG, ,
7697.3,1,1,1,1,2,4750.0,0.56,14.201,7.9,1.19,16.87,0,0,CHRG, ,
7702.3,1,1,1,1,2,4755.0,0.56,14.2,7.9,1.19,16.88,0,0,CHRG, ,
7707.3,1,1,1,1,2,4760.0,0.56,14.2,7.9,1.19,16.89,0,0,CHRG, ,
7712.3,1,1,1,1,2,4765.0,0.56,14.2,7.9,1.19,16.9,0,0,CHRG, ,
7717.3,1,1,1,1,2,4770.0,0.56,14.2,7.9,1.19,16.91,0,0,CHRG, ,
7722.3,1,1,1,1,2,4775.0,0.56,14.2,7.9,1.19,16.92,0,0,CHRG, ,
7727.3,1,1,1,1,2,4780.0,0.56,14.201,7.9,1.19,16.93,0,0,CHRG, ,
7732.3,1,1,1,1,2,4785.0,0.56,14.2,7.9,1.19,16.94,0,0,CHRG, ,
7737.3,1,1,1,1,2,4790.0,0.56,14.199,7.9,1.19,16.95,0,0,CHRG, ,
7742.3,1,1,1,1,2,4795.0,0.56,14.201,7.9,1.19,16.97,0,0,CHRG, ,
7747.3,1,1,1,1,2,4800.0,0.56,14.201,7.9,1.2,16.98,0,0,CHRG, ,
7752.3,1,1,1,1,2,4805.0,0.56,14.201,7.9,1.2,16.99,0,0,CHRG, ,
7757.3,1,1,1,1,2,4810.0,0.55,14.2,7.8,1.2,17,0,0,CHRG, ,
7762.3,1,1,1,1,2,4815.0,0.55,14.199,7.8,1.2,17.01,0,0,CHRG, ,
7767.3,1,1,1,1,2,4820.0,0.55,14.2,7.8,1.2,17.02,0,0,CHRG, ,
7772.3,1,1,1,1,2,4825.0,0.55,14.201,7.8,1.2,17.03,0,0,CHRG, ,
7777.3,1,1,1,1,2,4830.0,0.55,14.201,7.7,1.2,17.04,0,0,CHRG, ,
7782.3,1,1,1,1,2,4835.0,0.55,14.2,7.8,1.2,17.05,0,0,CHRG, ,
7787.3,1,1,1,1,2,4840.0,0.55,14.2,7.8,1.2,17.06,0,0,CHRG, ,
7792.3,1,1,1,1,2,4845.0,0.54,14.2,7.7,1.2,17.07,0,0,CHRG, ,
7797.3,1,1,1,1,2,4850.0,0.56,14.2,7.9,1.2,17.09,0,0,CHRG, ,
7802.3,1,1,1,1,2,4855.0,0.55,14.2,7.8,1.2,17.1,0,0,CHRG, ,
7807.3,1,1,1,1,2,4860.0,0.56,14.2,7.9,1.2,17.11,0,0,CHRG, ,
7812.3,1,1,1,1,2,4865.0,0.55,14.201,7.7,1.21,17.12,0,0,CHRG, ,
7817.3,1,1,1,1,2,4870.0,0.55,14.2,7.8,1.21,17.13,0,0,CHRG, ,
7822.3,1,1,1,1,2,4875.0,0.55,14.2,7.8,1.21,17.14,0,0,CHRG, ,
7827.3,1,1,1,1,2,4880.0,0.55,14.2,7.8,1.21,17.15,0,0,CHRG, ,
7832.3,1,1,1,1,2,4885.0,0.55,14.2,7.8,1.21,17.16,0,0,CHRG, ,
7837.3,1,1,1,1,2,4890.0,0.55,14.201,7.8,1.21,17.17,0,0,CHRG, ,
7842.3,1,1,1,1,2,4895.0,0.55,14.2,7.7,1.21,17.18,0,0,CHRG, ,
7847.3,1,1,1,1,2,4900.0,0.55,14.2,7.7,1.21,17.19,0,0,CHRG, ,
7852.3,1,1,1,1,2,4905.0,0.55,14.2,7.7,1.21,17.2,0,0,CHRG, ,
7857.3,1,1,1,1,2,4910.0,0.55,14.2,7.7,1.21,17.21,0,0,CHRG, ,
7862.3,1,1,1,1,2,4915.0,0.55,14.2,7.7,1.21,17.23,0,0,CHRG, ,
7867.3,1,1,1,1,2,4920.0,0.54,14.2,7.6,1.21,17.24,0,0,CHRG, ,
7872.3,1,1,1,1,2,4925.0,0.55,14.2,7.7,1.21,17.25,0,0,CHRG, ,
7877.3,1,1,1,1,2,4930.0,0.54,14.2,7.6,1.22,17.26,0,0,CHRG, ,
7882.3,1,1,1,1,2,4935.0,0.55,14.2,7.8,1.22,17.27,0,0,CHRG, ,
7887.3,1,1,1,1,2,4940.0,0.54,14.2,7.6,1.22,17.28,0,0,CHRG, ,
7892.3,1,1,1,1,2,4945.0,0.54,14.2,7.7,1.22,17.29,0,0,CHRG, ,
7897.3,1,1,1,1,2,4950.0,0.54,14.2,7.6,1.22,17.3,0,0,CHRG, ,
7902.3,1,1,1,1,2,4955.0,0.53,14.199,7.5,1.22,17.31,0,0,CHRG, ,
7907.3,1,1,1,1,2,4960.0,0.54,14.2,7.6,1.22,17.32,0,0,CHRG, ,
7912.3,1,1,1,1,2,4965.0,0.53,14.201,7.5,1.22,17.33,0,0,CHRG, ,
7917.3,1,1,1,1,2,4970.0,0.55,14.2,7.7,1.22,17.34,0,0,CHRG, ,
7922.3,1,1,1,1,2,4975.0,0.55,14.201,7.7,1.22,17.35,0,0,CHRG, ,
7927.3,1,1,1,1,2,4980.0,0.54,14.201,7.6,1.22,17.36,0,0,CHRG, ,
7932.3,1,1,1,1,2,4985.0,0.53,14.2,7.5,1.22,17.37,0,0,CHRG, ,
7937.3,1,1,1,1,2,4990.0,0.54,14.2,7.6,1.22,17.38,0,0,CHRG, ,
7942.3,1,1,1,1,2,4995.0,0.54,14.2,7.6,1.23,17.4,0,0,CHRG, ,
7947.3,1,1,1,1,2,5000.0,0.54,14.2,7.6,1.23,17.41,0,0,CHRG, ,
7952.3,1,1,1,1,2,5005.0,0.54,14.201,7.6,1.23,17.42,0,0,CHRG, ,
7957.3,1,1,1,1,2,5010.0,0.54,14.201,7.6,1.23,17.43,0,0,CHRG, ,
7962.3,1,1,1,1,2,5015.0,0.54,14.2,7.6,1.23,17.44,0,0,CHRG, ,
7967.3,1,1,1,1,2,5020.0,0.53,14.2,7.5,1.23,17.45,0,0,CHRG, ,
7972.3,1,1,1,1,2,5025.0,0.54,14.2,7.6,1.23,17.46,0,0,CHRG, ,
7977.3,1,1,1,1,2,5030.0,0.53,14.2,7.5,1.23,17.47,0,0,CHRG, ,
7982.3,1,1,1,1,2,5035.0,0.53,14.2,7.5,1.23,17.48,0,0,CHRG, ,
7987.3,1,1,1,1,2,5040.0,0.54,14.201,7.6,1.23,17.49,0,0,CHRG, ,
7992.3,1,1,1,1,2,5045.0,0.53,14.2,7.5,1.23,17.5,0,0,CHRG, ,
7997.3,1,1,1,1,2,5050.0,0.54,14.201,7.6,1.23,17.51,0,0,CHRG, ,
8002.3,1,1,1,1,2,5055.0,0.54,14.201,7.6,1.23,17.52,0,0,CHRG, ,
8007.3,1,1,1,1,2,5060.0,0.53,14.2,7.5,1.24,17.53,0,0,CHRG, ,
8012.3,1,1,1,1,2,5065.0,0.53,14.2,7.5,1.24,17.54,0,0,CHRG, ,
8017.3,1,1,1,1,2,5070.0,0.53,14.2,7.5,1.24,17.55,0,0,CHRG, ,
8022.3,1,1,1,1,2,5075.0,0.53,14.2,7.5,1.24,17.56,0,0,CHRG, ,
8027.3,1,1,1,1,2,5080.0,0.53,14.2,7.5,1.24,17.57,0,0,CHRG, ,
8032.3,1,1,1,1,2,5085.0,0.53,14.2,7.5,1.24,17.58,0,0,CHRG, ,
8037.3,1,1,1,1,2,5090.0,0.53,14.2,7.4,1.24,17.59,0,0,CHRG, ,
8042.3,1,1,1,1,2,5095.0,0.53,14.2,7.4,1.24,17.6,0,0,CHRG, ,
8047.3,1,1,1,1,2,5100.0,0.53,14.2,7.5,1.24,17.62,0,0,CHRG, ,
8052.3,1,1,1,1,2,5105.0,0.53,14.2,7.5,1.24,17.63,0,0,CHRG, ,
8057.3,1,1,1,1,2,5110.0,0.54,14.201,7.6,1.24,17.64,0,0,CHRG, ,
8062.3,1,1,1,1,2,5115.0,0.53,14.2,7.5,1.24,17.65,0,0,CHRG, ,
8067.3,1,1,1,1,2,5120.0,0.53,14.2,7.4,1.24,17.66,0,0,CHRG, ,
8072.3,1,1,1,1,2,5125.0,0.53,14.2,7.5,1.24,17.67,0,0,CHRG, ,
8077.3,1,1,1,1,2,5130.0,0.53,14.2,7.5,1.25,17.68,0,0,CHRG, ,
8082.3,1,1,1,1,2,5135.0,0.52,14.2,7.4,1.25,17.69,0,0,CHRG, ,
8087.3,1,1,1,1,2,5140.0,0.53,14.2,7.4,1.25,17.7,0,0,CHRG, ,
8092.3,1,1,1,1,2,5145.0,0.52,14.2,7.3,1.25,17.71,0,0,CHRG, ,
8097.3,1,1,1,1,2,5150.0,0.53,14.2,7.4,1.25,17.72,0,0,CHRG, ,
8102.3,1,1,1,1,2,5155.0,0.53,14.201,7.4,1.25,17.73,0,0,CHRG, ,
8107.3,1,1,1,1,2,5160.0,0.53,14.2,7.5,1.25,17.74,0,0,CHRG, ,
8112.3,1,1,1,1,2,5165.0,0.53,14.201,7.5,1.25,17.75,0,0,CHRG, ,
8117.3,1,1,1,1,2,5170.0,0.53,14.201,7.4,1.25,17.76,0,0,CHRG, ,
8122.3,1,1,1,1,2,5175.0,0.51,14.2,7.2,1.25,17.77,0,0,CHRG, ,
8127.3,1,1,1,1,2,5180.0,0.52,14.2,7.3,1.25,17.78,0,0,CHRG, ,
8132.3,1,1,1,1,2,5185.0,0.52,14.2,7.4,1.25,17.79,0,0,CHRG, ,
8137.3,1,1,1,1,2,5190.0,0.52,14.2,7.3,1.25,17.8,0,0,CHRG, ,
8142.3,1,1,1,1,2,5195.0,0.52,14.2,7.3,1.25,17.81,0,0,CHRG, ,
8147.3,1,1,1,1,2,5200.0,0.52,14.2,7.3,1.26,17.82,0,0,CHRG, ,
8152.3,1,1,1,1,2,5205.0,0.52,14.2,7.3,1.26,17.83,0,0,CHRG, ,
8157.3,1,1,1,1,2,5210.0,0.52,14.201,7.3,1.26,17.84,0,0,CHRG, ,
8162.3,1,1,1,1,2,5215.0,0.52,14.2,7.3,1.26,17.85,0,0,CHRG, ,
8167.3,1,1,1,1,2,5220.0,0.52,14.2,7.3,1.26,17.86,0,0,CHRG, ,
8172.3,1,1,1,1,2,5225.0,0.52,14.2,7.3,1.26,17.87,0,0,CHRG, ,
8177.3,1,1,1,1,2,5230.0,0.52,14.2,7.3,1.26,17.88,0,0,CHRG, ,
8182.3,1,1,1,1,2,5235.0,0.52,14.2,7.3,1.26,17.89,0,0,CHRG, ,
8187.3,1,1,1,1,2,5240.0,0.52,14.2,7.3,1.26,17.9,0,0,CHRG, ,
8192.3,1,1,1,1,2,5245.0,0.51,14.2,7.2,1.26,17.91,0,0,CHRG, ,
8197.3,1,1,1,1,2,5250.0,0.51,14.201,7.2,1.26,17.92,0,0,CHRG, ,
8202.3,1,1,1,1,2,5255.0,0.52,14.2,7.3,1.26,17.93,0,0,CHRG, ,
8207.3,1,1,1,1,2,5260.0,0.52,14.2,7.3,1.26,17.94,0,0,CHRG, ,
8212.3,1,1,1,1,2,5265.0,0.51,14.2,7.2,1.26,17.95,0,0,CHRG, ,
8212.6,1,1,1,1,2,5265.3,0.5,14.2,7.1,1.26,17.95,0,0,CHRG,S,
8217.6,1,1,1,1,3,5.0,0,13.89,0.1,0,0,0,0,CHRG, ,
8222.6,1,1,1,1,3,10.0,0.01,13.848,0,0,0,0,0,CHRG, ,
8227.6,1,1,1,1,3,15.0,0,13.814,0.1,0,0,0,0,CHRG, ,
8232.6,1,1,1,1,3,20.0,0.01,13.785,0.1,0,0,0,0,CHRG, ,
8237.6,1,1,1,1,3,25.0,0.01,13.76,0.1,0,0,0,0,CHRG, ,
8242.6,1,1,1,1,3,30.0,0.01,13.737,0,0,0,0,0,CHRG, ,
8247.6,1,1,1,1,3,35.0,0,13.716,0.1,0,0,0,0,CHRG, ,
8252.6,1,1,1,1,3,40.0,0,13.697,0.1,0,0,0,0,CHRG, ,
8257.6,1,1,1,1,3,45.0,0.07,13.7,0.9,0,0,0,0,CHRG, ,
8262.6,1,1,1,1,3,50.0,0.09,13.7,1.2,0,0,0,0,CHRG, ,
8267.6,1,1,1,1,3,55.0,0.11,13.7,1.4,0,0,0,0,CHRG, ,
8272.6,1,1,1,1,3,60.0,0.12,13.7,1.6,0,0,0,0,CHRG, ,
8277.6,1,1,1,1,3,65.0,0.13,13.7,1.7,0,0,0,0,CHRG, ,
8282.6,1,1,1,1,3,70.0,0.14,13.7,1.8,0,0.01,0,0,CHRG, ,
8287.6,1,1,1,1,3,75.0,0.14,13.7,1.9,0,0.01,0,0,CHRG, ,
8292.6,1,1,1,1,3,80.0,0.15,13.7,2,0,0.01,0,0,CHRG, ,
8297.6,1,1,1,1,3,85.0,0.16,13.7,2.1,0,0.02,0,0,CHRG, ,
8302.6,1,1,1,1,3,90.0,0.16,13.699,2.1,0,0.02,0,0,CHRG, ,
8307.6,1,1,1,1,3,95.0,0.17,13.7,2.2,0,0.02,0,0,CHRG, ,
8312.6,1,1,1,1,3,100.0,0.17,13.7,2.3,0,0.02,0,0,CHRG, ,
8317.6,1,1,1,1,3,105.0,0.18,13.7,2.4,0,0.03,0,0,CHRG, ,
8322.6,1,1,1,1,3,110.0,0.17,13.7,2.3,0,0.03,0,0,CHRG, ,
8327.6,1,1,1,1,3,115.0,0.18,13.7,2.4,0,0.03,0,0,CHRG, ,
8332.6,1,1,1,1,3,120.0,0.18,13.7,2.4,0,0.04,0,0,CHRG, ,
8337.6,1,1,1,1,3,125.0,0.18,13.7,2.4,0,0.04,0,0,CHRG, ,
8342.6,1,1,1,1,3,130.0,0.18,13.7,2.4,0,0.04,0,0,CHRG, ,
8347.6,1,1,1,1,3,135.0,0.19,13.7,2.5,0,0.05,0,0,CHRG, ,
8352.6,1,1,1,1,3,140.0,0.18,13.7,2.5,0,0.05,0,0,CHRG, ,
8357.6,1,1,1,1,3,145.0,0.19,13.701,2.5,0,0.05,0,0,CHRG, ,
8362.6,1,1,1,1,3,150.0,0.19,13.7,2.5,0,0.06,0,0,CHRG, ,
8367.6,1,1,1,1,3,155.0,0.19,13.7,2.6,0,0.06,0,0,CHRG, ,
8372.6,1,1,1,1,3,160.0,0.18,13.7,2.4,0,0.06,0,0,CHRG, ,
8377.6,1,1,1,1,3,165.0,0.19,13.7,2.6,0,0.07,0,0,CHRG, ,
8382.6,1,1,1,1,3,170.0,0.19,13.7,2.5,0,0.07,0,0,CHRG, ,
8387.6,1,1,1,1,3,175.0,0.19,13.7,2.6,0,0.08,0,0,CHRG, ,
8392.6,1,1,1,1,3,180.0,0.19,13.7,2.6,0,0.08,0,0,CHRG, ,
8397.6,1,1,1,1,3,185.0,0.19,13.701,2.6,0,0.08,0,0,CHRG, ,
8402.6,1,1,1,1,3,190.0,0.19,13.7,2.6,0,0.09,0,0,CHRG, ,
8407.6,1,1,1,1,3,195.0,0.19,13.7,2.6,0,0.09,0,0,CHRG, ,
8412.6,1,1,1,1,3,200.0,0.19,13.7,2.5,0,0.09,0,0,CHRG, ,
8417.6,1,1,1,1,3,205.0,0.19,13.7,2.6,0,0.1,0,0,CHRG, ,
8422.6,1,1,1,1,3,210.0,0.19,13.7,2.5,0,0.1,0,0,CHRG, ,
8427.6,1,1,1,1,3,215.0,0.19,13.7,2.6,0,0.1,0,0,CHRG, ,
8432.6,1,1,1,1,3,220.0,0.19,13.701,2.6,0,0.11,0,0,CHRG, ,
8437.6,1,1,1,1,3,225.0,0.18,13.7,2.5,0,0.11,0,0,CHRG, ,
8442.6,1,1,1,1,3,230.0,0.19,13.7,2.6,0,0.11,0,0,CHRG, ,
8447.6,1,1,1,1,3,235.0,0.19,13.7,2.6,0,0.12,0,0,CHRG, ,
8452.6,1,1,1,1,3,240.0,0.19,13.7,2.6,0,0.12,0,0,CHRG, ,
8457.6,1,1,1,1,3,245.0,0.19,13.7,2.5,0,0.12,0,0,CHRG, ,
8462.6,1,1,1,1,3,250.0,0.19,13.7,2.6,0,0.13,0,0,CHRG, ,
8467.6,1,1,1,1,3,255.0,0.19,13.7,2.6,0.01,0.13,0,0,CHRG, ,
8472.6,1,1,1,1,3,260.0,0.19,13.7,2.6,0.01,0.14,0,0,CHRG, ,
8477.6,1,1,1,1,3,265.0,0.19,13.7,2.5,0.01,0.14,0,0,CHRG, ,
8482.6,1,1,1,1,3,270.0,0.19,13.7,2.6,0.01,0.14,0,0,CHRG, ,
8487.6,1,1,1,1,3,275.0,0.19,13.701,2.6,0.01,0.15,0,0,CHRG, ,
8492.6,1,1,1,1,3,280.0,0.19,13.7,2.6,0.01,0.15,0,0,CHRG, ,
8497.6,1,1,1,1,3,285.0,0.18,13.7,2.5,0.01,0.15,0,0,CHRG, ,
8502.6,1,1,1,1,3,290.0,0.19,13.7,2.5,0.01,0.16,0,0,CHRG, ,
8507.6,1,1,1,1,3,295.0,0.19,13.7,2.6,0.01,0.16,0,0,CHRG, ,
8512.6,1,1,1,1,3,300.0,0.19,13.7,2.6,0.01,0.16,0,0,CHRG, ,
8517.6,1,1,1,1,3,305.0,0.19,13.7,2.5,0.01,0.17,0,0,CHRG, ,
8522.6,1,1,1,1,3,310.0,0.19,13.7,2.5,0.01,0.17,0,0,CHRG, ,
8527.6,1,1,1,1,3,315.0,0.18,13.7,2.5,0.01,0.17,0,0,CHRG, ,
8532.6,1,1,1,1,3,320.0,0.19,13.7,2.5,0.01,0.18,0,0,CHRG, ,
8537.6,1,1,1,1,3,325.0,0.19,13.7,2.5,0.01,0.18,0,0,CHRG, ,
8542.6,1,1,1,1,3,330.0,0.19,13.7,2.5,0.01,0.18,0,0,CHRG, ,
8547.6,1,1,1,1,3,335.0,0.19,13.7,2.6,0.01,0.19,0,0,CHRG, ,
8552.6,1,1,1,1,3,340.0,0.19,13.7,2.5,0.01,0.19,0,0,CHRG, ,
8557.6,1,1,1,1,3,345.0,0.19,13.7,2.6,0.01,0.2,0,0,CHRG, ,
8562.6,1,1,1,1,3,350.0,0.19,13.7,2.6,0.01,0.2,0,0,CHRG, ,
8567.6,1,1,1,1,3,355.0,0.19,13.701,2.6,0.01,0.2,0,0,CHRG, ,
8572.6,1,1,1,1,3,360.0,0.19,13.7,2.5,0.01,0.21,0,0,CHRG, ,
8577.6,1,1,1,1,3,365.0,0.19,13.7,2.5,0.01,0.21,0,0,CHRG, ,
8582.6,1,1,1,1,3,370.0,0.19,13.7,2.5,0.01,0.21,0,0,CHRG, ,
8587.6,1,1,1,1,3,375.0,0.19,13.7,2.5,0.01,0.22,0,0,CHRG, ,
8592.6,1,1,1,1,3,380.0,0.19,13.7,2.5,0.01,0.22,0,0,CHRG, ,
8597.6,1,1,1,1,3,385.0,0.19,13.7,2.5,0.01,0.22,0,0,CHRG, ,
8602.6,1,1,1,1,3,390.0,0.19,13.7,2.5,0.01,0.23,0,0,CHRG, ,
8607.6,1,1,1,1,3,395.0,0.19,13.701,2.6,0.01,0.23,0,0,CHRG, ,
8612.6,1,1,1,1,3,400.0,0.19,13.7,2.5,0.01,0.23,0,0,CHRG, ,
8617.6,1,1,1,1,3,405.0,0.19,13.7,2.5,0.01,0.24,0,0,CHRG, ,
8622.6,1,1,1,1,3,410.0,0.18,13.7,2.5,0.01,0.24,0,0,CHRG, ,
8627.6,1,1,1,1,3,415.0,0.19,13.7,2.6,0.01,0.24,0,0,CHRG, ,
8632.6,1,1,1,1,3,420.0,0.18,13.7,2.4,0.01,0.25,0,0,CHRG, ,
8637.6,1,1,1,1,3,425.0,0.18,13.7,2.5,0.01,0.25,0,0,CHRG, ,
8642.6,1,1,1,1,3,430.0,0.19,13.701,2.5,0.01,0.25,0,0,CHRG, ,
8647.6,1,1,1,1,3,435.0,0.18,13.7,2.4,0.01,0.26,0,0,CHRG, ,
8652.6,1,1,1,1,3,440.0,0.19,13.7,2.5,0.01,0.26,0,0,CHRG, ,
8657.6,1,1,1,1,3,445.0,0.19,13.7,2.6,0.02,0.27,0,0,CHRG, ,
8662.6,1,1,1,1,3,450.0,0.18,13.7,2.5,0.02,0.27,0,0,CHRG, ,
8667.6,1,1,1,1,3,455.0,0.18,13.7,2.5,0.02,0.27,0,0,CHRG, ,
8672.6,1,1,1,1,3,460.0,0.18,13.7,2.5,0.02,0.28,0,0,CHRG, ,
8677.6,1,1,1,1,3,465.0,0.19,13.7,2.5,0.02,0.28,0,0,CHRG, ,
8682.6,1,1,1,1,3,470.0,0.18,13.7,2.5,0.02,0.28,0,0,CHRG, ,
8687.6,1,1,1,1,3,475.0,0.18,13.7,2.5,0.02,0.29,0,0,CHRG, ,
8692.6,1,1,1,1,3,480.0,0.18,13.7,2.4,0.02,0.29,0,0,CHRG, ,
8697.6,1,1,1,1,3,485.0,0.18,13.699,2.4,0.02,0.29,0,0,CHRG, ,
8702.6,1,1,1,1,3,490.0,0.18,13.7,2.5,0.02,0.3,0,0,CHRG, ,
8707.6,1,1,1,1,3,495.0,0.18,13.7,2.4,0.02,0.3,0,0,CHRG, ,
8712.6,1,1,1,1,3,500.0,0.19,13.7,2.5,0.02,0.3,0,0,CHRG, ,
8717.6,1,1,1,1,3,505.0,0.18,13.7,2.5,0.02,0.31,0,0,CHRG, ,
8722.6,1,1,1,1,3,510.0,0.18,13.7,2.5,0.02,0.31,0,0,CHRG, ,
8727.6,1,1,1,1,3,515.0,0.18,13.7,2.4,0.02,0.31,0,0,CHRG, ,
8732.6,1,1,1,1,3,520.0,0.18,13.7,2.4,0.02,0.32,0,0,CHRG, ,
8737.6,1,1,1,1,3,525.0,0.18,13.7,2.4,0.02,0.32,0,0,CHRG, ,
8742.6,1,1,1,1,3,530.0,0.18,13.7,2.5,0.02,0.32,0,0,CHRG, ,
8747.6,1,1,1,1,3,535.0,0.18,13.7,2.5,0.02,0.33,0,0,CHRG, ,
8752.6,1,1,1,1,3,540.0,0.18,13.7,2.4,0.02,0.33,0,0,CHRG, ,
8757.6,1,1,1,1,3,545.0,0.18,13.7,2.4,0.02,0.33,0,0,CHRG, ,
8762.6,1,1,1,1,3,550.0,0.19,13.7,2.5,0.02,0.34,0,0,CHRG, ,
8767.6,1,1,1,1,3,555.0,0.18,13.7,2.5,0.02,0.34,0,0,CHRG, ,
8772.6,1,1,1,1,3,560.0,0.18,13.7,2.4,0.02,0.34,0,0,CHRG, ,
8777.6,1,1,1,1,3,565.0,0.19,13.7,2.5,0.02,0.35,0,0,CHRG, ,
8782.6,1,1,1,1,3,570.0,0.19,13.701,2.6,0.02,0.35,0,0,CHRG, ,
8787.6,1,1,1,1,3,575.0,0.19,13.7,2.5,0.02,0.35,0,0,CHRG, ,
8792.6,1,1,1,1,3,580.0,0.18,13.7,2.4,0.02,0.36,0,0,CHRG, ,
8797.6,1,1,1,1,3,585.0,0.18,13.7,2.5,0.02,0.36,0,0,CHRG, ,
8802.6,1,1,1,1,3,590.0,0.18,13.7,2.4,0.02,0.36,0,0,CHRG, ,
8807.6,1,1,1,1,3,595.0,0.18,13.7,2.4,0.02,0.37,0,0,CHRG, ,
8812.6,1,1,1,1,3,600.0,0.18,13.7,2.4,0.02,0.37,0,0,CHRG, ,
8817.6,1,1,1,1,3,605.0,0.18,13.7,2.4,0.02,0.37,0,0,CHRG, ,
8822.6,1,1,1,1,3,610.0,0.18,13.7,2.5,0.02,0.38,0,0,CHRG, ,
8827.6,1,1,1,1,3,615.0,0.18,13.7,2.4,0.02,0.38,0,0,CHRG, ,
8832.6,1,1,1,1,3,620.0,0.18,13.7,2.4,0.02,0.39,0,0,CHRG, ,
8837.6,1,1,1,1,3,625.0,0.18,13.7,2.4,0.02,0.39,0,0,CHRG, ,
8842.6,1,1,1,1,3,630.0,0.18,13.7,2.4,0.02,0.39,0,0,CHRG, ,
8847.6,1,1,1,1,3,635.0,0.18,13.7,2.4,0.02,0.4,0,0,CHRG, ,
8852.6,1,1,1,1,3,640.0,0.18,13.7,2.4,0.02,0.4,0,0,CHRG, ,
8857.6,1,1,1,1,3,645.0,0.18,13.7,2.4,0.03,0.4,0,0,CHRG, ,
8862.6,1,1,1,1,3,650.0,0.18,13.7,2.5,0.03,0.41,0,0,CHRG, ,
8867.6,1,1,1,1,3,655.0,0.18,13.7,2.4,0.03,0.41,0,0,CHRG, ,
8872.6,1,1,1,1,3,660.0,0.18,13.7,2.4,0.03,0.41,0,0,CHRG, ,
8877.6,1,1,1,1,3,665.0,0.18,13.7,2.4,0.03,0.42,0,0,CHRG, ,
8882.6,1,1,1,1,3,670.0,0.18,13.7,2.4,0.03,0.42,0,0,CHRG, ,
8887.6,1,1,1,1,3,675.0,0.18,13.7,2.4,0.03,0.42,0,0,CHRG, ,
8892.6,1,1,1,1,3,680.0,0.18,13.7,2.4,0.03,0.43,0,0,CHRG, ,
8897.6,1,1,1,1,3,685.0,0.18,13.7,2.4,0.03,0.43,0,0,CHRG, ,
8902.6,1,1,1,1,3,690.0,0.18,13.7,2.4,0.03,0.43,0,0,CHRG, ,
8907.6,1,1,1,1,3,695.0,0.18,13.7,2.4,0.03,0.44,0,0,CHRG, ,
8912.6,1,1,1,1,3,700.0,0.18,13.7,2.5,0.03,0.44,0,0,CHRG, ,
8917.6,1,1,1,1,3,705.0,0.18,13.7,2.4,0.03,0.44,0,0,CHRG, ,
8922.6,1,1,1,1,3,710.0,0.18,13.7,2.4,0.03,0.45,0,0,CHRG, ,
8927.6,1,1,1,1,3,715.0,0.18,13.7,2.4,0.03,0.45,0,0,CHRG, ,
8932.6,1,1,1,1,3,720.0,0.18,13.7,2.4,0.03,0.45,0,0,CHRG, ,
8937.6,1,1,1,1,3,725.0,0.18,13.7,2.4,0.03,0.46,0,0,CHRG, ,
8942.6,1,1,1,1,3,730.0,0.17,13.7,2.3,0.03,0.46,0,0,CHRG, ,
8947.6,1,1,1,1,3,735.0,0.18,13.7,2.5,0.03,0.46,0,0,CHRG, ,
8952.6,1,1,1,1,3,740.0,0.18,13.7,2.4,0.03,0.47,0,0,CHRG, ,
8957.6,1,1,1,1,3,745.0,0.18,13.7,2.4,0.03,0.47,0,0,CHRG, ,
8962.6,1,1,1,1,3,750.0,0.18,13.7,2.4,0.03,0.47,0,0,CHRG, ,
8967.6,1,1,1,1,3,755.0,0.17,13.7,2.3,0.03,0.48,0,0,CHRG, ,
8972.6,1,1,1,1,3,760.0,0.18,13.7,2.4,0.03,0.48,0,0,CHRG, ,
8977.6,1,1,1,1,3,765.0,0.18,13.7,2.4,0.03,0.48,0,0,CHRG, ,
8982.6,1,1,1,1,3,770.0,0.18,13.7,2.4,0.03,0.49,0,0,CHRG, ,
8987.6,1,1,1,1,3,775.0,0.17,13.699,2.3,0.03,0.49,0,0,CHRG, ,
8992.6,1,1,1,1,3,780.0,0.17,13.7,2.3,0.03,0.49,0,0,CHRG, ,
8997.6,1,1,1,1,3,785.0,0.18,13.7,2.4,0.03,0.5,0,0,CHRG, ,
9002.6,1,1,1,1,3,790.0,0.17,13.7,2.3,0.03,0.5,0,0,CHRG, ,
9007.6,1,1,1,1,3,795.0,0.17,13.7,2.3,0.03,0.5,0,0,CHRG, ,
9012.6,1,1,1,1,3,800.0,0.18,13.7,2.4,0.03,0.51,0,0,CHRG, ,
9017.6,1,1,1,1,3,805.0,0.17,13.7,2.3,0.03,0.51,0,0,CHRG, ,
9022.6,1,1,1,1,3,810.0,0.18,13.7,2.4,0.03,0.51,0,0,CHRG, ,
9027.6,1,1,1,1,3,815.0,0.18,13.7,2.4,0.03,0.51,0,0,CHRG, ,
9032.6,1,1,1,1,3,820.0,0.18,13.7,2.4,0.03,0.52,0,0,CHRG, ,
9037.6,1,1,1,1,3,825.0,0.18,13.7,2.4,0.03,0.52,0,0,CHRG, ,
9042.6,1,1,1,1,3,830.0,0.18,13.701,2.4,0.03,0.52,0,0,CHRG, ,
9047.6,1,1,1,1,3,835.0,0.17,13.7,2.3,0.03,0.53,0,0,CHRG, ,
9052.6,1,1,1,1,3,840.0,0.18,13.7,2.4,0.03,0.53,0,0,CHRG, ,
9057.6,1,1,1,1,3,845.0,0.18,13.7,2.4,0.04,0.53,0,0,CHRG, ,
9062.6,1,1,1,1,3,850.0,0.17,13.7,2.3,0.04,0.54,0,0,CHRG, ,
9067.6,1,1,1,1,3,855.0,0.18,13.7,2.4,0.04,0.54,0,0,CHRG, ,
9072.6,1,1,1,1,3,860.0,0.18,13.701,2.4,0.04,0.54,0,0,CHRG, ,
9077.6,1,1,1,1,3,865.0,0.18,13.7,2.4,0.04,0.55,0,0,CHRG, ,
9082.6,1,1,1,1,3,870.0,0.17,13.7,2.3,0.04,0.55,0,0,CHRG, ,
9087.6,1,1,1,1,3,875.0,0.17,13.7,2.3,0.04,0.55,0,0,CHRG, ,
9092.6,1,1,1,1,3,880.0,0.18,13.7,2.4,0.04,0.56,0,0,CHRG, ,
9097.6,1,1,1,1,3,885.0,0.18,13.7,2.4,0.04,0.56,0,0,CHRG, ,
9102.6,1,1,1,1,3,890.0,0.17,13.7,2.3,0.04,0.56,0,0,CHRG, ,
9107.6,1,1,1,1,3,895.0,0.18,13.7,2.4,0.04,0.57,0,0,CHRG, ,
9112.6,1,1,1,1,3,900.0,0.17,13.7,2.3,0.04,0.57,0,0,CHRG, ,
9117.6,1,1,1,1,3,905.0,0.17,13.699,2.3,0.04,0.57,0,0,CHRG, ,
9122.6,1,1,1,1,3,910.0,0.18,13.7,2.4,0.04,0.58,0,0,CHRG, ,
9127.6,1,1,1,1,3,915.0,0.17,13.7,2.3,0.04,0.58,0,0,CHRG, ,
9132.6,1,1,1,1,3,920.0,0.17,13.7,2.3,0.04,0.58,0,0,CHRG, ,
9137.6,1,1,1,1,3,925.0,0.18,13.7,2.4,0.04,0.59,0,0,CHRG, ,
9142.6,1,1,1,1,3,930.0,0.17,13.7,2.3,0.04,0.59,0,0,CHRG, ,
9147.6,1,1,1,1,3,935.0,0.17,13.7,2.3,0.04,0.59,0,0,CHRG, ,
9152.6,1,1,1,1,3,940.0,0.18,13.7,2.4,0.04,0.6,0,0,CHRG, ,
9157.6,1,1,1,1,3,945.0,0.17,13.7,2.3,0.04,0.6,0,0,CHRG, ,
9162.6,1,1,1,1,3,950.0,0.17,13.7,2.3,0.04,0.6,0,0,CHRG, ,
9167.6,1,1,1,1,3,955.0,0.17,13.7,2.3,0.04,0.61,0,0,CHRG, ,
9172.6,1,1,1,1,3,960.0,0.17,13.7,2.3,0.04,0.61,0,0,CHRG, ,
9177.6,1,1,1,1,3,965.0,0.17,13.7,2.3,0.04,0.61,0,0,CHRG, ,
9182.6,1,1,1,1,3,970.0,0.17,13.7,2.3,0.04,0.62,0,0,CHRG, ,
9187.6,1,1,1,1,3,975.0,0.17,13.7,2.3,0.04,0.62,0,0,CHRG, ,
9192.6,1,1,1,1,3,980.0,0.17,13.7,2.3,0.04,0.62,0,0,CHRG, ,
9197.6,1,1,1,1,3,985.0,0.17,13.701,2.3,0.04,0.63,0,0,CHRG, ,
9202.6,1,1,1,1,3,990.0,0.17,13.7,2.3,0.04,0.63,0,0,CHRG, ,
9207.6,1,1,1,1,3,995.0,0.17,13.7,2.3,0.04,0.63,0,0,CHRG, ,
9212.6,1,1,1,1,3,1000.0,0.17,13.7,2.3,0.04,0.63,0,0,CHRG, ,
9217.6,1,1,1,1,3,1005.0,0.17,13.7,2.3,0.04,0.64,0,0,CHRG, ,
9222.6,1,1,1,1,3,1010.0,0.18,13.7,2.4,0.04,0.64,0,0,CHRG, ,
9227.6,1,1,1,1,3,1015.0,0.17,13.7,2.3,0.04,0.64,0,0,CHRG, ,
9232.6,1,1,1,1,3,1020.0,0.18,13.7,2.4,0.04,0.65,0,0,CHRG, ,
9237.6,1,1,1,1,3,1025.0,0.17,13.7,2.3,0.04,0.65,0,0,CHRG, ,
9242.6,1,1,1,1,3,1030.0,0.17,13.7,2.3,0.04,0.65,0,0,CHRG, ,
9247.6,1,1,1,1,3,1035.0,0.17,13.7,2.3,0.04,0.66,0,0,CHRG, ,
9252.6,1,1,1,1,3,1040.0,0.17,13.7,2.3,0.04,0.66,0,0,CHRG, ,
9257.6,1,1,1,1,3,1045.0,0.17,13.7,2.3,0.04,0.66,0,0,CHRG, ,
9262.6,1,1,1,1,3,1050.0,0.17,13.7,2.3,0.04,0.67,0,0,CHRG, ,
9267.6,1,1,1,1,3,1055.0,0.17,13.7,2.3,0.05,0.67,0,0,CHRG, ,
9272.6,1,1,1,1,3,1060.0,0.17,13.7,2.3,0.05,0.67,0,0,CHRG, ,
9277.6,1,1,1,1,3,1065.0,0.17,13.7,2.2,0.05,0.68,0,0,CHRG, ,
9282.6,1,1,1,1,3,1070.0,0.17,13.7,2.3,0.05,0.68,0,0,CHRG, ,
9287.6,1,1,1,1,3,1075.0,0.17,13.7,2.3,0.05,0.68,0,0,CHRG, ,
9292.6,1,1,1,1,3,1080.0,0.17,13.7,2.3,0.05,0.69,0,0,CHRG, ,
9297.6,1,1,1,1,3,1085.0,0.17,13.7,2.3,0.05,0.69,0,0,CHRG, ,
9302.6,1,1,1,1,3,1090.0,0.17,13.7,2.3,0.05,0.69,0,0,CHRG, ,
9307.6,1,1,1,1,3,1095.0,0.17,13.7,2.3,0.05,0.7,0,0,CHRG, ,
9312.6,1,1,1,1,3,1100.0,0.17,13.7,2.3,0.05,0.7,0,0,CHRG, ,
9317.6,1,1,1,1,3,1105.0,0.17,13.701,2.3,0.05,0.7,0,0,CHRG, ,
9322.6,1,1,1,1,3,1110.0,0.17,13.7,2.2,0.05,0.7,0,0,CHRG, ,
9327.6,1,1,1,1,3,1115.0,0.17,13.7,2.3,0.05,0.71,0,0,CHRG, ,
9332.6,1,1,1,1,3,1120.0,0.16,13.7,2.2,0.05,0.71,0,0,CHRG, ,
9337.6,1,1,1,1,3,1125.0,0.17,13.7,2.3,0.05,0.71,0,0,CHRG, ,
9342.6,1,1,1,1,3,1130.0,0.17,13.7,2.3,0.05,0.72,0,0,CHRG, ,
9347.6,1,1,1,1,3,1135.0,0.17,13.7,2.3,0.05,0.72,0,0,CHRG, ,
9352.6,1,1,1,1,3,1140.0,0.17,13.7,2.3,0.05,0.72,0,0,CHRG, ,
9357.6,1,1,1,1,3,1145.0,0.17,13.7,2.2,0.05,0.73,0,0,CHRG, ,
9362.6,1,1,1,1,3,1150.0,0.17,13.7,2.2,0.05,0.73,0,0,CHRG, ,
9367.6,1,1,1,1,3,1155.0,0.17,13.7,2.2,0.05,0.73,0,0,CHRG, ,
9372.6,1,1,1,1,3,1160.0,0.16,13.7,2.2,0.05,0.74,0,0,CHRG, ,
9377.6,1,1,1,1,3,1165.0,0.17,13.7,2.3,0.05,0.74,0,0,CHRG, ,
9382.6,1,1,1,1,3,1170.0,0.17,13.7,2.3,0.05,0.74,0,0,CHRG, ,
9387.6,1,1,1,1,3,1175.0,0.17,13.7,2.3,0.05,0.75,0,0,CHRG, ,
9392.6,1,1,1,1,3,1180.0,0.16,13.7,2.2,0.05,0.75,0,0,CHRG, ,
9397.6,1,1,1,1,3,1185.0,0.17,13.7,2.2,0.05,0.75,0,0,CHRG, ,
9402.6,1,1,1,1,3,1190.0,0.17,13.701,2.3,0.05,0.76,0,0,CHRG, ,
9407.6,1,1,1,1,3,1195.0,0.17,13.7,2.3,0.05,0.76,0,0,CHRG, ,
9412.6,1,1,1,1,3,1200.0,0.16,13.699,2.2,0.05,0.76,0,0,CHRG, ,
9417.6,1,1,1,1,3,1205.0,0.17,13.7,2.3,0.05,0.76,0,0,CHRG, ,
9422.6,1,1,1,1,3,1210.0,0.17,13.7,2.3,0.05,0.77,0,0,CHRG, ,
9427.6,1,1,1,1,3,1215.0,0.17,13.7,2.3,0.05,0.77,0,0,CHRG, ,
9432.6,1,1,1,1,3,1220.0,0.17,13.7,2.2,0.05,0.77,0,0,CHRG, ,
9437.6,1,1,1,1,3,1225.0,0.17,13.7,2.2,0.05,0.78,0,0,CHRG, ,
9442.6,1,1,1,1,3,1230.0,0.17,13.701,2.2,0.05,0.78,0,0,CHRG, ,
9447.6,1,1,1,1,3,1235.0,0.16,13.7,2.2,0.05,0.78,0,0,CHRG, ,
9452.6,1,1,1,1,3,1240.0,0.16,13.7,2.2,0.05,0.79,0,0,CHRG, ,
9457.6,1,1,1,1,3,1245.0,0.17,13.7,2.2,0.05,0.79,0,0,CHRG, ,
9462.6,1,1,1,1,3,1250.0,0.16,13.7,2.2,0.05,0.79,0,0,CHRG, ,
9467.6,1,1,1,1,3,1255.0,0.16,13.7,2.2,0.05,0.8,0,0,CHRG, ,
9472.6,1,1,1,1,3,1260.0,0.17,13.7,2.2,0.05,0.8,0,0,CHRG, ,
9477.6,1,1,1,1,3,1265.0,0.17,13.7,2.2,0.06,0.8,0,0,CHRG, ,
9482.6,1,1,1,1,3,1270.0,0.17,13.7,2.3,0.06,0.81,0,0,CHRG, ,
9487.6,1,1,1,1,3,1275.0,0.17,13.7,2.2,0.06,0.81,0,0,CHRG, ,
9492.6,1,1,1,1,3,1280.0,0.17,13.7,2.2,0.06,0.81,0,0,CHRG, ,
9497.6,1,1,1,1,3,1285.0,0.16,13.7,2.2,0.06,0.81,0,0,CHRG, ,
9502.6,1,1,1,1,3,1290.0,0.17,13.701,2.3,0.06,0.82,0,0,CHRG, ,
9507.6,1,1,1,1,3,1295.0,0.16,13.7,2.2,0.06,0.82,0,0,CHRG, ,
9512.6,1,1,1,1,3,1300.0,0.16,13.7,2.2,0.06,0.82,0,0,CHRG, ,
9517.6,1,1,1,1,3,1305.0,0.16,13.7,2.2,0.06,0.83,0,0,CHRG, ,
9522.6,1,1,1,1,3,1310.0,0.16,13.7,2.2,0.06,0.83,0,0,CHRG, ,
9527.6,1,1,1,1,3,1315.0,0.17,13.7,2.2,0.06,0.83,0,0,CHRG, ,
9532.6,1,1,1,1,3,1320.0,0.16,13.7,2.2,0.06,0.84,0,0,CHRG, ,
9537.6,1,1,1,1,3,1325.0,0.15,13.7,2,0.06,0.84,0,0,CHRG, ,
9542.6,1,1,1,1,3,1330.0,0.17,13.701,2.2,0.06,0.84,0,0,CHRG, ,
9547.6,1,1,1,1,3,1335.0,0.17,13.701,2.3,0.06,0.84,0,0,CHRG, ,
9552.6,1,1,1,1,3,1340.0,0.17,13.7,2.2,0.06,0.85,0,0,CHRG, ,
9557.6,1,1,1,1,3,1345.0,0.16,13.7,2.2,0.06,0.85,0,0,CHRG, ,
9562.6,1,1,1,1,3,1350.0,0.17,13.7,2.3,0.06,0.85,0,0,CHRG, ,
9567.6,1,1,1,1,3,1355.0,0.16,13.7,2.1,0.06,0.86,0,0,CHRG, ,
9572.6,1,1,1,1,3,1360.0,0.16,13.7,2.1,0.06,0.86,0,0,CHRG, ,
9577.6,1,1,1,1,3,1365.0,0.16,13.7,2.1,0.06,0.86,0,0,CHRG, ,
9582.6,1,1,1,1,3,1370.0,0.16,13.7,2.2,0.06,0.87,0,0,CHRG, ,
9587.6,1,1,1,1,3,1375.0,0.16,13.7,2.1,0.06,0.87,0,0,CHRG, ,
9592.6,1,1,1,1,3,1380.0,0.16,13.7,2.1,0.06,0.87,0,0,CHRG, ,
9597.6,1,1,1,1,3,1385.0,0.17,13.701,2.3,0.06,0.87,0,0,CHRG, ,
9602.6,1,1,1,1,3,1390.0,0.16,13.7,2.2,0.06,0.88,0,0,CHRG, ,
9607.6,1,1,1,1,3,1395.0,0.16,13.7,2.1,0.06,0.88,0,0,CHRG, ,
9612.6,1,1,1,1,3,1400.0,0.16,13.701,2.1,0.06,0.88,0,0,CHRG, ,
9617.6,1,1,1,1,3,1405.0,0.16,13.7,2.1,0.06,0.89,0,0,CHRG, ,
9622.6,1,1,1,1,3,1410.0,0.16,13.7,2.2,0.06,0.89,0,0,CHRG, ,
9627.6,1,1,1,1,3,1415.0,0.16,13.7,2.2,0.06,0.89,0,0,CHRG, ,
9632.6,1,1,1,1,3,1420.0,0.16,13.7,2.1,0.06,0.9,0,0,CHRG, ,
9637.6,1,1,1,1,3,1425.0,0.16,13.7,2.1,0.06,0.9,0,0,CHRG, ,
9642.6,1,1,1,1,3,1430.0,0.16,13.7,2.2,0.06,0.9,0,0,CHRG, ,
9647.6,1,1,1,1,3,1435.0,0.16,13.7,2.2,0.06,0.9,0,0,CHRG, ,
9652.6,1,1,1,1,3,1440.0,0.15,13.7,2,0.06,0.91,0,0,CHRG, ,
9657.6,1,1,1,1,3,1445.0,0.16,13.7,2.1,0.06,0.91,0,0,CHRG, ,
9662.6,1,1,1,1,3,1450.0,0.15,13.7,2,0.06,0.91,0,0,CHRG, ,
9667.6,1,1,1,1,3,1455.0,0.16,13.7,2.1,0.06,0.92,0,0,CHRG, ,
9672.6,1,1,1,1,3,1460.0,0.16,13.7,2.2,0.06,0.92,0,0,CHRG, ,
9677.6,1,1,1,1,3,1465.0,0.16,13.7,2.1,0.06,0.92,0,0,CHRG, ,
9682.6,1,1,1,1,3,1470.0,0.16,13.7,2.1,0.06,0.93,0,0,CHRG, ,
9687.6,1,1,1,1,3,1475.0,0.16,13.7,2.2,0.06,0.93,0,0,CHRG, ,
9692.6,1,1,1,1,3,1480.0,0.16,13.7,2.1,0.06,0.93,0,0,CHRG, ,
9697.6,1,1,1,1,3,1485.0,0.16,13.7,2.2,0.06,0.93,0,0,CHRG, ,
9702.6,1,1,1,1,3,1490.0,0.17,13.7,2.2,0.07,0.94,0,0,CHRG, ,
9707.6,1,1,1,1,3,1495.0,0.16,13.7,2.1,0.07,0.94,0,0,CHRG, ,
9712.6,1,1,1,1,3,1500.0,0.16,13.701,2.1,0.07,0.94,0,0,CHRG, ,
9717.6,1,1,1,1,3,1505.0,0.15,13.7,2,0.07,0.95,0,0,CHRG, ,
9722.6,1,1,1,1,3,1510.0,0.16,13.7,2.1,0.07,0.95,0,0,CHRG, ,
9727.6,1,1,1,1,3,1515.0,0.16,13.7,2.1,0.07,0.95,0,0,CHRG, ,
9732.6,1,1,1,1,3,1520.0,0.16,13.7,2.1,0.07,0.95,0,0,CHRG, ,
9737.6,1,1,1,1,3,1525.0,0.16,13.7,2.1,0.07,0.96,0,0,CHRG, ,
9742.6,1,1,1,1,3,1530.0,0.16,13.7,2.2,0.07,0.96,0,0,CHRG, ,
9747.6,1,1,1,1,3,1535.0,0.16,13.7,2.1,0.07,0.96,0,0,CHRG, ,
9752.6,1,1,1,1,3,1540.0,0.16,13.701,2.1,0.07,0.97,0,0,CHRG, ,
9757.6,1,1,1,1,3,1545.0,0.16,13.7,2.1,0.07,0.97,0,0,CHRG, ,
9762.6,1,1,1,1,3,1550.0,0.16,13.7,2.1,0.07,0.97,0,0,CHRG, ,
9767.6,1,1,1,1,3,1555.0,0.16,13.7,2.1,0.07,0.98,0,0,CHRG, ,
9772.6,1,1,1,1,3,1560.0,0.15,13.7,2,0.07,0.98,0,0,CHRG, ,
9777.6,1,1,1,1,3,1565.0,0.15,13.699,2,0.07,0.98,0,0,CHRG, ,
9782.6,1,1,1,1,3,1570.0,0.16,13.7,2.1,0.07,0.98,0,0,CHRG, ,
9787.6,1,1,1,1,3,1575.0,0.15,13.699,2,0.07,0.99,0,0,CHRG, ,
9792.6,1,1,1,1,3,1580.0,0.16,13.7,2.1,0.07,0.99,0,0,CHRG, ,
9797.6,1,1,1,1,3,1585.0,0.16,13.7,2.1,0.07,0.99,0,0,CHRG, ,
9802.6,1,1,1,1,3,1590.0,0.16,13.7,2.1,0.07,1,0,0,CHRG, ,
9807.6,1,1,1,1,3,1595.0,0.15,13.7,2,0.07,1,0,0,CHRG, ,
9812.6,1,1,1,1,3,1600.0,0.16,13.7,2.1,0.07,1,0,0,CHRG, ,
9817.6,1,1,1,1,3,1605.0,0.16,13.7,2.1,0.07,1,0,0,CHRG, ,
9822.6,1,1,1,1,3,1610.0,0.16,13.7,2.1,0.07,1.01,0,0,CHRG, ,
9827.6,1,1,1,1,3,1615.0,0.16,13.7,2.1,0.07,1.01,0,0,CHRG, ,
9832.6,1,1,1,1,3,1620.0,0.15,13.701,2,0.07,1.01,0,0,CHRG, ,
9837.6,1,1,1,1,3,1625.0,0.15,13.7,2,0.07,1.02,0,0,CHRG, ,
9842.6,1,1,1,1,3,1630.0,0.16,13.7,2.1,0.07,1.02,0,0,CHRG, ,
9847.6,1,1,1,1,3,1635.0,0.16,13.7,2.1,0.07,1.02,0,0,CHRG, ,
9852.6,1,1,1,1,3,1640.0,0.16,13.7,2.1,0.07,1.02,0,0,CHRG, ,
9857.6,1,1,1,1,3,1645.0,0.16,13.7,2.1,0.07,1.03,0,0,CHRG, ,
9862.6,1,1,1,1,3,1650.0,0.16,13.7,2.1,0.07,1.03,0,0,CHRG, ,
9867.6,1,1,1,1,3,1655.0,0.16,13.7,2.1,0.07,1.03,0,0,CHRG, ,
9872.6,1,1,1,1,3,1660.0,0.15,13.7,2,0.07,1.04,0,0,CHRG, ,
9877.6,1,1,1,1,3,1665.0,0.15,13.7,2,0.07,1.04,0,0,CHRG, ,
9882.6,1,1,1,1,3,1670.0,0.15,13.7,2,0.07,1.04,0,0,CHRG, ,
9887.6,1,1,1,1,3,1675.0,0.15,13.7,2,0.07,1.04,0,0,CHRG, ,
9892.6,1,1,1,1,3,1680.0,0.15,13.701,2,0.07,1.05,0,0,CHRG, ,
9897.6,1,1,1,1,3,1685.0,0.15,13.7,2,0.07,1.05,0,0,CHRG, ,
9902.6,1,1,1,1,3,1690.0,0.15,13.7,2,0.07,1.05,0,0,CHRG, ,
9907.6,1,1,1,1,3,1695.0,0.15,13.7,2,0.07,1.05,0,0,CHRG, ,
9912.6,1,1,1,1,3,1700.0,0.15,13.7,2,0.07,1.06,0,0,CHRG, ,
9917.6,1,1,1,1,3,1705.0,0.16,13.7,2.1,0.07,1.06,0,0,CHRG, ,
9922.6,1,1,1,1,3,1710.0,0.15,13.7,2,0.07,1.06,0,0,CHRG, ,
9927.6,1,1,1,1,3,1715.0,0.16,13.7,2.1,0.07,1.07,0,0,CHRG, ,
9932.6,1,1,1,1,3,1720.0,0.15,13.7,2,0.08,1.07,0,0,CHRG, ,
9937.6,1,1,1,1,3,1725.0,0.15,13.7,2,0.08,1.07,0,0,CHRG, ,
9942.6,1,1,1,1,3,1730.0,0.15,13.7,2,0.08,1.07,0,0,CHRG, ,
9947.6,1,1,1,1,3,1735.0,0.15,13.7,2,0.08,1.08,0,0,CHRG, ,
9952.6,1,1,1,1,3,1740.0,0.15,13.7,2,0.08,1.08,0,0,CHRG, ,
9957.6,1,1,1,1,3,1745.0,0.16,13.7,2.1,0.08,1.08,0,0,CHRG, ,
9962.6,1,1,1,1,3,1750.0,0.15,13.699,2,0.08,1.09,0,0,CHRG, ,
9967.6,1,1,1,1,3,1755.0,0.15,13.7,2,0.08,1.09,0,0,CHRG, ,
9972.6,1,1,1,1,3,1760.0,0.16,13.701,2.1,0.08,1.09,0,0,CHRG, ,
9977.6,1,1,1,1,3,1765.0,0.15,13.7,2,0.08,1.09,0,0,CHRG, ,
9982.6,1,1,1,1,3,1770.0,0.16,13.7,2.1,0.08,1.1,0,0,CHRG, ,
9987.6,1,1,1,1,3,1775.0,0.16,13.7,2.1,0.08,1.1,0,0,CHRG, ,
9992.6,1,1,1,1,3,1780.0,0.15,13.7,2,0.08,1.1,0,0,CHRG, ,
9997.6,1,1,1,1,3,1785.0,0.15,13.7,2,0.08,1.11,0,0,CHRG, ,
10002.6,1,1,1,1,3,1790.0,0.15,13.7,2,0.08,1.11,0,0,CHRG, ,
10007.6,1,1,1,1,3,1795.0,0.15,13.7,2,0.08,1.11,0,0,CHRG, ,
10012.6,1,1,1,1,3,1800.0,0.15,13.7,2,0.08,1.11,0,0,CHRG,S,
10017.6,1,1,1,1,4,5.0,-1,13.472,-13.4,0,-0.01,0,0,DCHG, ,
10022.6,1,1,1,1,4,10.0,-1,13.404,-13.4,0,-0.03,0,0,DCHG, ,
10027.6,1,1,1,1,4,15.0,-1,13.345,-13.3,0,-0.05,0,0,DCHG, ,
10032.6,1,1,1,1,4,20.0,-1,13.293,-13.2,0,-0.07,0,0,DCHG, ,
10037.6,1,1,1,1,4,25.0,-1,13.25,-13.2,0,-0.09,0,0,DCHG, ,
10042.6,1,1,1,1,4,30.0,-1,13.215,-13.2,0,-0.11,0,0,DCHG, ,
10047.6,1,1,1,1,4,35.0,-1,13.188,-13.1,0,-0.12,0,0,DCHG, ,
10052.6,1,1,1,1,4,40.0,-1,13.166,-13.1,-0.01,-0.14,0,0,DCHG, ,
10057.6,1,1,1,1,4,45.0,-1,13.149,-13.1,-0.01,-0.16,0,0,DCHG, ,
10062.6,1,1,1,1,4,50.0,-1,13.136,-13.1,-0.01,-0.18,0,0,DCHG, ,
10067.6,1,1,1,1,4,55.0,-1,13.127,-13,-0.01,-0.2,0,0,DCHG, ,
10072.6,1,1,1,1,4,60.0,-1,13.118,-13,-0.01,-0.21,0,0,DCHG, ,
10077.6,1,1,1,1,4,65.0,-1,13.112,-13,-0.01,-0.23,0,0,DCHG, ,
10082.6,1,1,1,1,4,70.0,-1,13.107,-13.1,-0.01,-0.25,0,0,DCHG, ,
10087.6,1,1,1,1,4,75.0,-1,13.101,-13,-0.02,-0.27,0,0,DCHG, ,
10092.6,1,1,1,1,4,80.0,-1,13.098,-13,-0.02,-0.29,0,0,DCHG, ,
10097.6,1,1,1,1,4,85.0,-1,13.094,-13,-0.02,-0.3,0,0,DCHG, ,
10102.6,1,1,1,1,4,90.0,-1,13.091,-13,-0.02,-0.32,0,0,DCHG, ,
10107.6,1,1,1,1,4,95.0,-1,13.088,-13,-0.02,-0.34,0,0,DCHG, ,
10112.6,1,1,1,1,4,100.0,-1,13.086,-13,-0.02,-0.36,0,0,DCHG, ,
10117.6,1,1,1,1,4,105.0,-1,13.084,-13,-0.02,-0.38,0,0,DCHG, ,
10122.6,1,1,1,1,4,110.0,-1,13.082,-13,-0.03,-0.39,0,0,DCHG, ,
10127.6,1,1,1,1,4,115.0,-1,13.08,-13,-0.03,-0.41,0,0,DCHG, ,
10132.6,1,1,1,1,4,120.0,-1,13.078,-13,-0.03,-0.43,0,0,DCHG, ,
10137.6,1,1,1,1,4,125.0,-1,13.077,-13,-0.03,-0.45,0,0,DCHG, ,
10142.6,1,1,1,1,4,130.0,-1,13.075,-13,-0.03,-0.47,0,0,DCHG, ,
10147.6,1,1,1,1,4,135.0,-1,13.073,-13,-0.03,-0.49,0,0,DCHG, ,
10152.6,1,1,1,1,4,140.0,-1,13.072,-13,-0.03,-0.5,0,0,DCHG, ,
10157.6,1,1,1,1,4,145.0,-1,13.071,-13,-0.04,-0.52,0,0,DCHG, ,
10162.6,1,1,1,1,4,150.0,-1,13.07,-13,-0.04,-0.54,0,0,DCHG, ,
10167.6,1,1,1,1,4,155.0,-1,13.068,-13,-0.04,-0.56,0,0,DCHG, ,
10172.6,1,1,1,1,4,160.0,-1,13.068,-13,-0.04,-0.58,0,0,DCHG, ,
10177.6,1,1,1,1,4,165.0,-1,13.066,-13,-0.04,-0.59,0,0,DCHG, ,
10182.6,1,1,1,1,4,170.0,-1,13.065,-13,-0.04,-0.61,0,0,DCHG, ,
10187.6,1,1,1,1,4,175.0,-1,13.064,-13,-0.04,-0.63,0,0,DCHG, ,
10192.6,1,1,1,1,4,180.0,-1,13.063,-13,-0.04,-0.65,0,0,DCHG, ,
10197.6,1,1,1,1,4,185.0,-1,13.062,-13,-0.05,-0.67,0,0,DCHG, ,
10202.6,1,1,1,1,4,190.0,-1,13.061,-13,-0.05,-0.68,0,0,DCHG, ,
10207.6,1,1,1,1,4,195.0,-1,13.06,-13,-0.05,-0.7,0,0,DCHG, ,
10212.6,1,1,1,1,4,200.0,-1,13.059,-13,-0.05,-0.72,0,0,DCHG, ,
10217.6,1,1,1,1,4,205.0,-1,13.058,-13,-0.05,-0.74,0,0,DCHG, ,
10222.6,1,1,1,1,4,210.0,-1,13.058,-13,-0.05,-0.76,0,0,DCHG, ,
10227.6,1,1,1,1,4,215.0,-1,13.057,-13,-0.05,-0.77,0,0,DCHG, ,
10232.6,1,1,1,1,4,220.0,-1,13.056,-13,-0.06,-0.79,0,0,DCHG, ,
10237.6,1,1,1,1,4,225.0,-1,13.055,-13,-0.06,-0.81,0,0,DCHG, ,
10242.6,1,1,1,1,4,230.0,-1,13.055,-13,-0.06,-0.83,0,0,DCHG, ,
10247.6,1,1,1,1,4,235.0,-1,13.054,-13,-0.06,-0.85,0,0,DCHG, ,
10252.6,1,1,1,1,4,240.0,-1,13.053,-13,-0.06,-0.86,0,0,DCHG, ,
10257.6,1,1,1,1,4,245.0,-1,13.052,-13,-0.06,-0.88,0,0,DCHG, ,
10262.6,1,1,1,1,4,250.0,-1,13.051,-13,-0.06,-0.9,0,0,DCHG, ,
10267.6,1,1,1,1,4,255.0,-1,13.05,-13,-0.07,-0.92,0,0,DCHG, ,
10272.6,1,1,1,1,4,260.0,-1,13.05,-13,-0.07,-0.94,0,0,DCHG, ,
10277.6,1,1,1,1,4,265.0,-1,13.049,-13,-0.07,-0.95,0,0,DCHG, ,
10282.6,1,1,1,1,4,270.0,-1,13.048,-13,-0.07,-0.97,0,0,DCHG, ,
10287.6,1,1,1,1,4,275.0,-1,13.047,-13,-0.07,-0.99,0,0,DCHG, ,
10292.6,1,1,1,1,4,280.0,-1,13.046,-13,-0.07,-1.01,0,0,DCHG, ,
10297.6,1,1,1,1,4,285.0,-1,13.046,-13,-0.07,-1.03,0,0,DCHG, ,
10302.6,1,1,1,1,4,290.0,-1,13.045,-13,-0.08,-1.04,0,0,DCHG, ,
10307.6,1,1,1,1,4,295.0,-1,13.044,-13,-0.08,-1.06,0,0,DCHG, ,
10312.6,1,1,1,1,4,300.0,-1,13.044,-13,-0.08,-1.08,0,0,DCHG, ,
10317.6,1,1,1,1,4,305.0,-1,13.043,-13,-0.08,-1.1,0,0,DCHG, ,
10322.6,1,1,1,1,4,310.0,-0.99,13.043,-12.9,-0.08,-1.12,0,0,DCHG, ,
10327.6,1,1,1,1,4,315.0,-1,13.042,-13,-0.08,-1.14,0,0,DCHG, ,
10332.6,1,1,1,1,4,320.0,-1,13.041,-13,-0.08,-1.15,0,0,DCHG, ,
10337.6,1,1,1,1,4,325.0,-1,13.041,-13,-0.09,-1.17,0,0,DCHG, ,
10342.6,1,1,1,1,4,330.0,-1,13.04,-13,-0.09,-1.19,0,0,DCHG, ,
10347.6,1,1,1,1,4,335.0,-1,13.04,-13,-0.09,-1.21,0,0,DCHG, ,
10352.6,1,1,1,1,4,340.0,-1,13.039,-13,-0.09,-1.23,0,0,DCHG, ,
10357.6,1,1,1,1,4,345.0,-1,13.038,-13,-0.09,-1.24,0,0,DCHG, ,
10362.6,1,1,1,1,4,350.0,-1,13.038,-13,-0.09,-1.26,0,0,DCHG, ,
10367.6,1,1,1,1,4,355.0,-1,13.037,-13,-0.09,-1.28,0,0,DCHG, ,
10372.6,1,1,1,1,4,360.0,-1,13.036,-13,-0.09,-1.3,0,0,DCHG, ,
10377.6,1,1,1,1,4,365.0,-1,13.035,-13,-0.1,-1.32,0,0,DCHG, ,
10382.6,1,1,1,1,4,370.0,-1,13.035,-13,-0.1,-1.33,0,0,DCHG, ,
10387.6,1,1,1,1,4,375.0,-1,13.034,-13,-0.1,-1.35,0,0,DCHG, ,
10392.6,1,1,1,1,4,380.0,-1,13.034,-13,-0.1,-1.37,0,0,DCHG, ,
10397.6,1,1,1,1,4,385.0,-1,13.033,-13,-0.1,-1.39,0,0,DCHG, ,
10402.6,1,1,1,1,4,390.0,-1,13.032,-13,-0.1,-1.41,0,0,DCHG, ,
10407.6,1,1,1,1,4,395.0,-1,13.032,-13,-0.1,-1.42,0,0,DCHG, ,
10412.6,1,1,1,1,4,400.0,-1,13.032,-13,-0.11,-1.44,0,0,DCHG, ,
10417.6,1,1,1,1,4,405.0,-1,13.031,-12.9,-0.11,-1.46,0,0,DCHG, ,
10422.6,1,1,1,1,4,410.0,-1,13.03,-13,-0.11,-1.48,0,0,DCHG, ,
10427.6,1,1,1,1,4,415.0,-1,13.03,-12.9,-0.11,-1.5,0,0,DCHG, ,
10432.6,1,1,1,1,4,420.0,-1,13.029,-12.9,-0.11,-1.51,0,0,DCHG, ,
10437.6,1,1,1,1,4,425.0,-1,13.028,-13,-0.11,-1.53,0,0,DCHG, ,
10442.6,1,1,1,1,4,430.0,-1,13.028,-12.9,-0.11,-1.55,0,0,DCHG, ,
10447.6,1,1,1,1,4,435.0,-1,13.027,-13,-0.12,-1.57,0,0,DCHG, ,
10452.6,1,1,1,1,4,440.0,-1,13.026,-12.9,-0.12,-1.59,0,0,DCHG, ,
10457.6,1,1,1,1,4,445.0,-1,13.026,-13,-0.12,-1.6,0,0,DCHG, ,
10462.6,1,1,1,1,4,450.0,-1,13.025,-12.9,-0.12,-1.62,0,0,DCHG, ,
10467.6,1,1,1,1,4,455.0,-1,13.025,-13,-0.12,-1.64,0,0,DCHG, ,
10472.6,1,1,1,1,4,460.0,-1,13.024,-12.9,-0.12,-1.66,0,0,DCHG, ,
10477.6,1,1,1,1,4,465.0,-1,13.024,-13,-0.12,-1.68,0,0,DCHG, ,
10482.6,1,1,1,1,4,470.0,-1,13.023,-13,-0.13,-1.69,0,0,DCHG, ,
10487.6,1,1,1,1,4,475.0,-1,13.023,-12.9,-0.13,-1.71,0,0,DCHG, ,
10492.6,1,1,1,1,4,480.0,-1,13.022,-12.9,-0.13,-1.73,0,0,DCHG, ,
10497.6,1,1,1,1,4,485.0,-1,13.021,-12.9,-0.13,-1.75,0,0,DCHG, ,
10502.6,1,1,1,1,4,490.0,-1,13.021,-13,-0.13,-1.77,0,0,DCHG, ,
10507.6,1,1,1,1,4,495.0,-1,13.021,-12.9,-0.13,-1.78,0,0,DCHG, ,
10512.6,1,1,1,1,4,500.0,-1,13.02,-12.9,-0.13,-1.8,0,0,DCHG, ,
10517.6,1,1,1,1,4,505.0,-1,13.02,-12.9,-0.14,-1.82,0,0,DCHG, ,
10522.6,1,1,1,1,4,510.0,-1,13.019,-12.9,-0.14,-1.84,0,0,DCHG, ,
10527.6,1,1,1,1,4,515.0,-1,13.018,-13,-0.14,-1.86,0,0,DCHG, ,
10532.6,1,1,1,1,4,520.0,-1,13.018,-13,-0.14,-1.87,0,0,DCHG, ,
10537.6,1,1,1,1,4,525.0,-1,13.018,-13,-0.14,-1.89,0,0,DCHG, ,
10542.6,1,1,1,1,4,530.0,-1,13.017,-12.9,-0.14,-1.91,0,0,DCHG, ,
10547.6,1,1,1,1,4,535.0,-1,13.016,-12.9,-0.14,-1.93,0,0,DCHG, ,
10552.6,1,1,1,1,4,540.0,-1,13.016,-13,-0.14,-1.95,0,0,DCHG, ,
10557.6,1,1,1,1,4,545.0,-1,13.015,-12.9,-0.15,-1.96,0,0,DCHG, ,
10562.6,1,1,1,1,4,550.0,-1,13.015,-13,-0.15,-1.98,0,0,DCHG, ,
10567.6,1,1,1,1,4,555.0,-1,13.014,-12.9,-0.15,-2,0,0,DCHG, ,
10572.6,1,1,1,1,4,560.0,-1,13.013,-12.9,-0.15,-2.02,0,0,DCHG, ,
10577.6,1,1,1,1,4,565.0,-1,13.013,-12.9,-0.15,-2.04,0,0,DCHG, ,
10582.6,1,1,1,1,4,570.0,-1,13.013,-12.9,-0.15,-2.05,0,0,DCHG, ,
10587.6,1,1,1,1,4,575.0,-1,13.012,-12.9,-0.15,-2.07,0,0,DCHG, ,
10592.6,1,1,1,1,4,580.0,-1,13.011,-12.9,-0.16,-2.09,0,0,DCHG, ,
10597.6,1,1,1,1,4,585.0,-1,13.011,-12.9,-0.16,-2.11,0,0,DCHG, ,
10602.6,1,1,1,1,4,590.0,-1,13.01,-12.9,-0.16,-2.13,0,0,DCHG, ,
10607.6,1,1,1,1,4,595.0,-1,13.01,-12.9,-0.16,-2.14,0,0,DCHG, ,
10612.6,1,1,1,1,4,600.0,-1,13.009,-12.9,-0.16,-2.16,0,0,DCHG, ,
10617.6,1,1,1,1,4,605.0,-1,13.009,-12.9,-0.16,-2.18,0,0,DCHG, ,
10622.6,1,1,1,1,4,610.0,-1,13.008,-13,-0.16,-2.2,0,0,DCHG, ,
10627.6,1,1,1,1,4,615.0,-1,13.008,-13,-0.17,-2.21,0,0,DCHG, ,
10632.6,1,1,1,1,4,620.0,-1,13.008,-12.9,-0.17,-2.23,0,0,DCHG, ,
10637.6,1,1,1,1,4,625.0,-1,13.008,-12.9,-0.17,-2.25,0,0,DCHG, ,
10642.6,1,1,1,1,4,630.0,-1,13.007,-13,-0.17,-2.27,0,0,DCHG, ,
10647.6,1,1,1,1,4,635.0,-1,13.006,-12.9,-0.17,-2.29,0,0,DCHG, ,
10652.6,1,1,1,1,4,640.0,-1,13.005,-13,-0.17,-2.3,0,0,DCHG, ,
10657.6,1,1,1,1,4,645.0,-1,13.005,-12.9,-0.17,-2.32,0,0,DCHG, ,
10662.6,1,1,1,1,4,650.0,-1,13.005,-12.9,-0.18,-2.34,0,0,DCHG, ,
10667.6,1,1,1,1,4,655.0,-1,13.004,-12.9,-0.18,-2.36,0,0,DCHG, ,
10672.6,1,1,1,1,4,660.0,-1,13.004,-12.9,-0.18,-2.38,0,0,DCHG, ,
10677.6,1,1,1,1,4,665.0,-1,13.003,-13,-0.18,-2.39,0,0,DCHG, ,
10682.6,1,1,1,1,4,670.0,-1,13.002,-12.9,-0.18,-2.41,0,0,DCHG, ,
10687.6,1,1,1,1,4,675.0,-1,13.002,-13,-0.18,-2.43,0,0,DCHG, ,
10692.6,1,1,1,1,4,680.0,-1,13.002,-12.9,-0.18,-2.45,0,0,DCHG, ,
10697.6,1,1,1,1,4,685.0,-1,13.002,-13,-0.19,-2.47,0,0,DCHG, ,
10702.6,1,1,1,1,4,690.0,-1,13.001,-13,-0.19,-2.48,0,0,DCHG, ,
10707.6,1,1,1,1,4,695.0,-1,13,-12.9,-0.19,-2.5,0,0,DCHG, ,
10712.6,1,1,1,1,4,700.0,-1,13,-12.9,-0.19,-2.52,0,0,DCHG, ,
10717.6,1,1,1,1,4,705.0,-1,12.999,-12.9,-0.19,-2.54,0,0,DCHG, ,
10722.6,1,1,1,1,4,710.0,-1,12.999,-12.9,-0.19,-2.56,0,0,DCHG, ,
10727.6,1,1,1,1,4,715.0,-1,12.998,-12.9,-0.19,-2.57,0,0,DCHG, ,
10732.6,1,1,1,1,4,720.0,-1,12.997,-12.9,-0.19,-2.59,0,0,DCHG, ,
10737.6,1,1,1,1,4,725.0,-1,12.997,-12.9,-0.2,-2.61,0,0,DCHG, ,
10742.6,1,1,1,1,4,730.0,-1,12.996,-12.9,-0.2,-2.63,0,0,DCHG, ,
10747.6,1,1,1,1,4,735.0,-1,12.996,-12.9,-0.2,-2.65,0,0,DCHG, ,
10752.6,1,1,1,1,4,740.0,-1,12.996,-12.9,-0.2,-2.66,0,0,DCHG, ,
10757.6,1,1,1,1,4,745.0,-1,12.995,-12.9,-0.2,-2.68,0,0,DCHG, ,
10762.6,1,1,1,1,4,750.0,-1,12.995,-12.9,-0.2,-2.7,0,0,DCHG, ,
10767.6,1,1,1,1,4,755.0,-1,12.994,-12.9,-0.2,-2.72,0,0,DCHG, ,
10772.6,1,1,1,1,4,760.0,-1,12.994,-12.9,-0.21,-2.74,0,0,DCHG, ,
10777.6,1,1,1,1,4,765.0,-1,12.994,-12.9,-0.21,-2.75,0,0,DCHG, ,
10782.6,1,1,1,1,4,770.0,-1,12.993,-12.9,-0.21,-2.77,0,0,DCHG, ,
10787.6,1,1,1,1,4,775.0,-1,12.993,-12.9,-0.21,-2.79,0,0,DCHG, ,
10792.6,1,1,1,1,4,780.0,-1,12.992,-12.9,-0.21,-2.81,0,0,DCHG, ,
10797.6,1,1,1,1,4,785.0,-1,12.992,-12.9,-0.21,-2.83,0,0,DCHG, ,
10802.6,1,1,1,1,4,790.0,-1,12.991,-12.9,-0.21,-2.84,0,0,DCHG, ,
10807.6,1,1,1,1,4,795.0,-1,12.991,-12.9,-0.22,-2.86,0,0,DCHG, ,
10812.6,1,1,1,1,4,800.0,-1,12.99,-12.9,-0.22,-2.88,0,0,DCHG, ,
10817.6,1,1,1,1,4,805.0,-1,12.99,-12.9,-0.22,-2.9,0,0,DCHG, ,
10822.6,1,1,1,1,4,810.0,-1,12.989,-12.9,-0.22,-2.91,0,0,DCHG, ,
10827.6,1,1,1,1,4,815.0,-1,12.988,-12.9,-0.22,-2.93,0,0,DCHG, ,
10832.6,1,1,1,1,4,820.0,-1,12.988,-12.9,-0.22,-2.95,0,0,DCHG, ,
10837.6,1,1,1,1,4,825.0,-1,12.988,-12.9,-0.22,-2.97,0,0,DCHG, ,
10842.6,1,1,1,1,4,830.0,-1,12.987,-12.9,-0.23,-2.99,0,0,DCHG, ,
10847.6,1,1,1,1,4,835.0,-1,12.987,-12.9,-0.23,-3,0,0,DCHG, ,
10852.6,1,1,1,1,4,840.0,-1,12.986,-12.9,-0.23,-3.02,0,0,DCHG, ,
10857.6,1,1,1,1,4,845.0,-1,12.986,-12.9,-0.23,-3.04,0,0,DCHG, ,
10862.6,1,1,1,1,4,850.0,-1,12.985,-12.9,-0.23,-3.06,0,0,DCHG, ,
10867.6,1,1,1,1,4,855.0,-1,12.985,-12.9,-0.23,-3.08,0,0,DCHG, ,
10872.6,1,1,1,1,4,860.0,-1,12.984,-12.9,-0.23,-3.09,0,0,DCHG, ,
10877.6,1,1,1,1,4,865.0,-1,12.984,-12.9,-0.24,-3.11,0,0,DCHG, ,
10882.6,1,1,1,1,4,870.0,-1,12.984,-12.9,-0.24,-3.13,0,0,DCHG, ,
10887.6,1,1,1,1,4,875.0,-1,12.983,-12.9,-0.24,-3.15,0,0,DCHG, ,
10892.6,1,1,1,1,4,880.0,-1,12.982,-12.9,-0.24,-3.17,0,0,DCHG, ,
10897.6,1,1,1,1,4,885.0,-1,12.982,-12.9,-0.24,-3.18,0,0,DCHG, ,
10902.6,1,1,1,1,4,890.0,-1,12.982,-12.9,-0.24,-3.2,0,0,DCHG, ,
10907.6,1,1,1,1,4,895.0,-1,12.982,-12.9,-0.24,-3.22,0,0,DCHG, ,
10912.6,1,1,1,1,4,900.0,-1,12.981,-12.9,-0.24,-3.24,0,0,DCHG, ,
10917.6,1,1,1,1,4,905.0,-1,12.98,-12.9,-0.25,-3.26,0,0,DCHG, ,
10922.6,1,1,1,1,4,910.0,-0.99,12.98,-12.9,-0.25,-3.27,0,0,DCHG, ,
10927.6,1,1,1,1,4,915.0,-1,12.98,-12.9,-0.25,-3.29,0,0,DCHG, ,
10932.6,1,1,1,1,4,920.0,-1,12.979,-12.9,-0.25,-3.31,0,0,DCHG, ,
10937.6,1,1,1,1,4,925.0,-1,12.979,-12.9,-0.25,-3.33,0,0,DCHG, ,
10942.6,1,1,1,1,4,930.0,-1,12.978,-12.9,-0.25,-3.34,0,0,DCHG, ,
10947.6,1,1,1,1,4,935.0,-1,12.977,-12.9,-0.25,-3.36,0,0,DCHG, ,
10952.6,1,1,1,1,4,940.0,-1,12.977,-12.9,-0.26,-3.38,0,0,DCHG, ,
10957.6,1,1,1,1,4,945.0,-1,12.977,-12.9,-0.26,-3.4,0,0,DCHG, ,
10962.6,1,1,1,1,4,950.0,-1,12.977,-12.9,-0.26,-3.42,0,0,DCHG, ,
10967.6,1,1,1,1,4,955.0,-1,12.976,-12.9,-0.26,-3.43,0,0,DCHG, ,
10972.6,1,1,1,1,4,960.0,-1,12.976,-12.9,-0.26,-3.45,0,0,DCHG, ,
10977.6,1,1,1,1,4,965.0,-1,12.975,-12.9,-0.26,-3.47,0,0,DCHG, ,
10982.6,1,1,1,1,4,970.0,-1,12.975,-12.9,-0.26,-3.49,0,0,DCHG, ,
10987.6,1,1,1,1,4,975.0,-1,12.974,-12.9,-0.27,-3.51,0,0,DCHG, ,
10992.6,1,1,1,1,4,980.0,-1,12.973,-12.9,-0.27,-3.52,0,0,DCHG, ,
10997.6,1,1,1,1,4,985.0,-1,12.973,-12.9,-0.27,-3.54,0,0,DCHG, ,
11002.6,1,1,1,1,4,990.0,-1,12.973,-12.9,-0.27,-3.56,0,0,DCHG, ,
11007.6,1,1,1,1,4,995.0,-1,12.972,-12.9,-0.27,-3.58,0,0,DCHG, ,
11012.6,1,1,1,1,4,1000.0,-1,12.972,-12.9,-0.27,-3.6,0,0,DCHG, ,
11017.6,1,1,1,1,4,1005.0,-1,12.972,-12.9,-0.27,-3.61,0,0,DCHG, ,
11022.6,1,1,1,1,4,1010.0,-1,12.971,-12.9,-0.28,-3.63,0,0,DCHG, ,
11027.6,1,1,1,1,4,1015.0,-1,12.971,-12.9,-0.28,-3.65,0,0,DCHG, ,
11032.6,1,1,1,1,4,1020.0,-1,12.97,-12.9,-0.28,-3.67,0,0,DCHG, ,
11037.6,1,1,1,1,4,1025.0,-1,12.97,-12.9,-0.28,-3.69,0,0,DCHG, ,
11042.6,1,1,1,1,4,1030.0,-1,12.969,-12.9,-0.28,-3.7,0,0,DCHG, ,
11047.6,1,1,1,1,4,1035.0,-1,12.969,-12.9,-0.28,-3.72,0,0,DCHG, ,
11052.6,1,1,1,1,4,1040.0,-1,12.968,-12.9,-0.28,-3.74,0,0,DCHG, ,
11057.6,1,1,1,1,4,1045.0,-1,12.968,-12.9,-0.29,-3.76,0,0,DCHG, ,
11062.6,1,1,1,1,4,1050.0,-1,12.968,-12.9,-0.29,-3.77,0,0,DCHG, ,
11067.6,1,1,1,1,4,1055.0,-1,12.967,-12.9,-0.29,-3.79,0,0,DCHG, ,
11072.6,1,1,1,1,4,1060.0,-1,12.967,-12.9,-0.29,-3.81,0,0,DCHG, ,
11077.6,1,1,1,1,4,1065.0,-1,12.966,-12.9,-0.29,-3.83,0,0,DCHG, ,
11082.6,1,1,1,1,4,1070.0,-1,12.966,-12.9,-0.29,-3.85,0,0,DCHG, ,
11087.6,1,1,1,1,4,1075.0,-1,12.966,-12.9,-0.29,-3.86,0,0,DCHG, ,
11092.6,1,1,1,1,4,1080.0,-1,12.965,-12.9,-0.29,-3.88,0,0,DCHG, ,
11097.6,1,1,1,1,4,1085.0,-1,12.965,-12.9,-0.3,-3.9,0,0,DCHG, ,
11102.6,1,1,1,1,4,1090.0,-1,12.964,-12.9,-0.3,-3.92,0,0,DCHG, ,
11107.6,1,1,1,1,4,1095.0,-1,12.964,-12.9,-0.3,-3.94,0,0,DCHG, ,
11112.6,1,1,1,1,4,1100.0,-1,12.963,-12.9,-0.3,-3.95,0,0,DCHG, ,
11117.6,1,1,1,1,4,1105.0,-1,12.962,-12.9,-0.3,-3.97,0,0,DCHG, ,
11122.6,1,1,1,1,4,1110.0,-1,12.963,-12.9,-0.3,-3.99,0,0,DCHG, ,
11127.6,1,1,1,1,4,1115.0,-1,12.962,-12.9,-0.3,-4.01,0,0,DCHG, ,
11132.6,1,1,1,1,4,1120.0,-1,12.961,-12.9,-0.31,-4.03,0,0,DCHG, ,
11137.6,1,1,1,1,4,1125.0,-1,12.961,-12.9,-0.31,-4.04,0,0,DCHG, ,
11142.6,1,1,1,1,4,1130.0,-1,12.961,-12.9,-0.31,-4.06,0,0,DCHG, ,
11147.6,1,1,1,1,4,1135.0,-1,12.96,-12.9,-0.31,-4.08,0,0,DCHG, ,
11152.6,1,1,1,1,4,1140.0,-1,12.959,-12.9,-0.31,-4.1,0,0,DCHG, ,
11157.6,1,1,1,1,4,1145.0,-1,12.959,-12.9,-0.31,-4.11,0,0,DCHG, ,
11162.6,1,1,1,1,4,1150.0,-1,12.959,-12.9,-0.31,-4.13,0,0,DCHG, ,
11167.6,1,1,1,1,4,1155.0,-1,12.959,-12.9,-0.32,-4.15,0,0,DCHG, ,
11172.6,1,1,1,1,4,1160.0,-1,12.958,-12.9,-0.32,-4.17,0,0,DCHG, ,
11177.6,1,1,1,1,4,1165.0,-1,12.958,-12.9,-0.32,-4.19,0,0,DCHG, ,
11182.6,1,1,1,1,4,1170.0,-1,12.957,-12.9,-0.32,-4.2,0,0,DCHG, ,
11187.6,1,1,1,1,4,1175.0,-1,12.957,-12.9,-0.32,-4.22,0,0,DCHG, ,
11192.6,1,1,1,1,4,1180.0,-1,12.956,-12.9,-0.32,-4.24,0,0,DCHG, ,
11197.6,1,1,1,1,4,1185.0,-1,12.956,-12.9,-0.32,-4.26,0,0,DCHG, ,
11202.6,1,1,1,1,4,1190.0,-1,12.955,-12.9,-0.33,-4.28,0,0,DCHG, ,
11207.6,1,1,1,1,4,1195.0,-1,12.955,-12.9,-0.33,-4.29,0,0,DCHG, ,
11212.6,1,1,1,1,4,1200.0,-1,12.954,-12.9,-0.33,-4.31,0,0,DCHG, ,
11217.6,1,1,1,1,4,1205.0,-1,12.954,-12.9,-0.33,-4.33,0,0,DCHG, ,
11222.6,1,1,1,1,4,1210.0,-1,12.954,-12.9,-0.33,-4.35,0,0,DCHG, ,
11227.6,1,1,1,1,4,1215.0,-1,12.954,-12.9,-0.33,-4.37,0,0,DCHG, ,
11232.6,1,1,1,1,4,1220.0,-1,12.953,-12.9,-0.33,-4.38,0,0,DCHG, ,
11237.6,1,1,1,1,4,1225.0,-1,12.952,-12.9,-0.34,-4.4,0,0,DCHG, ,
11242.6,1,1,1,1,4,1230.0,-1,12.952,-12.9,-0.34,-4.42,0,0,DCHG, ,
11247.6,1,1,1,1,4,1235.0,-1,12.951,-12.9,-0.34,-4.44,0,0,DCHG, ,
11252.6,1,1,1,1,4,1240.0,-1,12.951,-12.9,-0.34,-4.46,0,0,DCHG, ,
11257.6,1,1,1,1,4,1245.0,-1,12.951,-12.9,-0.34,-4.47,0,0,DCHG, ,
11262.6,1,1,1,1,4,1250.0,-1,12.951,-12.9,-0.34,-4.49,0,0,DCHG, ,
11267.6,1,1,1,1,4,1255.0,-1,12.95,-12.9,-0.34,-4.51,0,0,DCHG, ,
11272.6,1,1,1,1,4,1260.0,-1,12.95,-12.9,-0.34,-4.53,0,0,DCHG, ,
11277.6,1,1,1,1,4,1265.0,-1,12.949,-12.9,-0.35,-4.54,0,0,DCHG, ,
11282.6,1,1,1,1,4,1270.0,-1,12.949,-12.9,-0.35,-4.56,0,0,DCHG, ,
11287.6,1,1,1,1,4,1275.0,-1,12.948,-12.9,-0.35,-4.58,0,0,DCHG, ,
11292.6,1,1,1,1,4,1280.0,-1,12.948,-12.9,-0.35,-4.6,0,0,DCHG, ,
11297.6,1,1,1,1,4,1285.0,-1,12.948,-12.9,-0.35,-4.62,0,0,DCHG, ,
11302.6,1,1,1,1,4,1290.0,-1,12.948,-12.9,-0.35,-4.63,0,0,DCHG, ,
11307.6,1,1,1,1,4,1295.0,-0.99,12.947,-12.8,-0.35,-4.65,0,0,DCHG, ,
11312.6,1,1,1,1,4,1300.0,-0.99,12.946,-12.8,-0.36,-4.67,0,0,DCHG, ,
11317.6,1,1,1,1,4,1305.0,-1,12.946,-12.9,-0.36,-4.69,0,0,DCHG, ,
11322.6,1,1,1,1,4,1310.0,-1,12.946,-12.9,-0.36,-4.71,0,0,DCHG, ,
11327.6,1,1,1,1,4,1315.0,-1,12.945,-12.9,-0.36,-4.72,0,0,DCHG, ,
11332.6,1,1,1,1,4,1320.0,-1,12.944,-12.9,-0.36,-4.74,0,0,DCHG, ,
11337.6,1,1,1,1,4,1325.0,-1,12.944,-12.9,-0.36,-4.76,0,0,DCHG, ,
11342.6,1,1,1,1,4,1330.0,-1,12.944,-12.9,-0.36,-4.78,0,0,DCHG, ,
11347.6,1,1,1,1,4,1335.0,-1,12.943,-12.9,-0.37,-4.8,0,0,DCHG, ,
11352.6,1,1,1,1,4,1340.0,-1,12.943,-12.9,-0.37,-4.81,0,0,DCHG, ,
11357.6,1,1,1,1,4,1345.0,-1,12.943,-12.9,-0.37,-4.83,0,0,DCHG, ,
11362.6,1,1,1,1,4,1350.0,-1,12.942,-12.9,-0.37,-4.85,0,0,DCHG, ,
11367.6,1,1,1,1,4,1355.0,-1,12.942,-12.9,-0.37,-4.87,0,0,DCHG, ,
11372.6,1,1,1,1,4,1360.0,-1,12.941,-12.9,-0.37,-4.89,0,0,DCHG, ,
11377.6,1,1,1,1,4,1365.0,-1,12.941,-12.9,-0.37,-4.9,0,0,DCHG, ,
11382.6,1,1,1,1,4,1370.0,-1,12.941,-12.9,-0.38,-4.92,0,0,DCHG, ,
11387.6,1,1,1,1,4,1375.0,-1,12.94,-12.9,-0.38,-4.94,0,0,DCHG, ,
11392.6,1,1,1,1,4,1380.0,-1,12.939,-12.9,-0.38,-4.96,0,0,DCHG, ,
11397.6,1,1,1,1,4,1385.0,-1,12.939,-12.9,-0.38,-4.97,0,0,DCHG, ,
11402.6,1,1,1,1,4,1390.0,-1,12.939,-12.9,-0.38,-4.99,0,0,DCHG, ,
11407.6,1,1,1,1,4,1395.0,-1,12.939,-12.9,-0.38,-5.01,0,0,DCHG, ,
11412.6,1,1,1,1,4,1400.0,-1,12.938,-12.9,-0.38,-5.03,0,0,DCHG, ,
11417.6,1,1,1,1,4,1405.0,-1,12.938,-12.9,-0.39,-5.05,0,0,DCHG, ,
11422.6,1,1,1,1,4,1410.0,-0.99,12.937,-12.8,-0.39,-5.06,0,0,DCHG, ,
11427.6,1,1,1,1,4,1415.0,-1,12.937,-12.9,-0.39,-5.08,0,0,DCHG, ,
11432.6,1,1,1,1,4,1420.0,-1,12.936,-12.9,-0.39,-5.1,0,0,DCHG, ,
11437.6,1,1,1,1,4,1425.0,-1,12.936,-12.9,-0.39,-5.12,0,0,DCHG, ,
11442.6,1,1,1,1,4,1430.0,-1,12.935,-12.9,-0.39,-5.14,0,0,DCHG, ,
11447.6,1,1,1,1,4,1435.0,-0.99,12.935,-12.8,-0.39,-5.15,0,0,DCHG, ,
11452.6,1,1,1,1,4,1440.0,-1,12.934,-12.9,-0.39,-5.17,0,0,DCHG, ,
11457.6,1,1,1,1,4,1445.0,-1,12.934,-12.9,-0.4,-5.19,0,0,DCHG, ,
11462.6,1,1,1,1,4,1450.0,-1,12.934,-12.9,-0.4,-5.21,0,0,DCHG, ,
11467.6,1,1,1,1,4,1455.0,-1,12.933,-12.9,-0.4,-5.23,0,0,DCHG, ,
11472.6,1,1,1,1,4,1460.0,-1,12.933,-12.9,-0.4,-5.24,0,0,DCHG, ,
11477.6,1,1,1,1,4,1465.0,-1,12.933,-12.9,-0.4,-5.26,0,0,DCHG, ,
11482.6,1,1,1,1,4,1470.0,-1,12.932,-12.9,-0.4,-5.28,0,0,DCHG, ,
11487.6,1,1,1,1,4,1475.0,-1,12.932,-12.9,-0.4,-5.3,0,0,DCHG, ,
11492.6,1,1,1,1,4,1480.0,-1,12.931,-12.9,-0.41,-5.32,0,0,DCHG, ,
11497.6,1,1,1,1,4,1485.0,-1,12.931,-12.9,-0.41,-5.33,0,0,DCHG, ,
11502.6,1,1,1,1,4,1490.0,-1,12.93,-12.9,-0.41,-5.35,0,0,DCHG, ,
11507.6,1,1,1,1,4,1495.0,-1,12.93,-12.9,-0.41,-5.37,0,0,DCHG, ,
11512.6,1,1,1,1,4,1500.0,-1,12.93,-12.9,-0.41,-5.39,0,0,DCHG, ,
11517.6,1,1,1,1,4,1505.0,-1,12.929,-12.9,-0.41,-5.4,0,0,DCHG, ,
11522.6,1,1,1,1,4,1510.0,-1,12.929,-12.8,-0.41,-5.42,0,0,DCHG, ,
11527.6,1,1,1,1,4,1515.0,-1,12.928,-12.8,-0.42,-5.44,0,0,DCHG, ,
11532.6,1,1,1,1,4,1520.0,-1,12.928,-12.9,-0.42,-5.46,0,0,DCHG, ,
11537.6,1,1,1,1,4,1525.0,-1,12.927,-12.8,-0.42,-5.48,0,0,DCHG, ,
11542.6,1,1,1,1,4,1530.0,-1,12.927,-12.8,-0.42,-5.49,0,0,DCHG, ,
11547.6,1,1,1,1,4,1535.0,-1,12.927,-12.9,-0.42,-5.51,0,0,DCHG, ,
11552.6,1,1,1,1,4,1540.0,-1,12.926,-12.8,-0.42,-5.53,0,0,DCHG, ,
11557.6,1,1,1,1,4,1545.0,-1,12.926,-12.8,-0.42,-5.55,0,0,DCHG, ,
11562.6,1,1,1,1,4,1550.0,-1,12.926,-12.9,-0.43,-5.57,0,0,DCHG, ,
11567.6,1,1,1,1,4,1555.0,-1,12.925,-12.8,-0.43,-5.58,0,0,DCHG, ,
11572.6,1,1,1,1,4,1560.0,-1,12.925,-12.8,-0.43,-5.6,0,0,DCHG, ,
11577.6,1,1,1,1,4,1565.0,-1,12.925,-12.8,-0.43,-5.62,0,0,DCHG, ,
11582.6,1,1,1,1,4,1570.0,-1,12.924,-12.8,-0.43,-5.64,0,0,DCHG, ,
11587.6,1,1,1,1,4,1575.0,-1,12.924,-12.9,-0.43,-5.65,0,0,DCHG, ,
11592.6,1,1,1,1,4,1580.0,-1,12.923,-12.9,-0.43,-5.67,0,0,DCHG, ,
11597.6,1,1,1,1,4,1585.0,-1,12.922,-12.8,-0.44,-5.69,0,0,DCHG, ,
11602.6,1,1,1,1,4,1590.0,-1,12.922,-12.8,-0.44,-5.71,0,0,DCHG, ,
11607.6,1,1,1,1,4,1595.0,-1,12.922,-12.9,-0.44,-5.73,0,0,DCHG, ,
11612.6,1,1,1,1,4,1600.0,-1,12.922,-12.8,-0.44,-5.74,0,0,DCHG, ,
11617.6,1,1,1,1,4,1605.0,-1,12.921,-12.9,-0.44,-5.76,0,0,DCHG, ,
11622.6,1,1,1,1,4,1610.0,-1,12.92,-12.8,-0.44,-5.78,0,0,DCHG, ,
11627.6,1,1,1,1,4,1615.0,-1,12.92,-12.9,-0.44,-5.8,0,0,DCHG, ,
11632.6,1,1,1,1,4,1620.0,-1,12.92,-12.8,-0.44,-5.81,0,0,DCHG, ,
11637.6,1,1,1,1,4,1625.0,-1,12.919,-12.8,-0.45,-5.83,0,0,DCHG, ,
11642.6,1,1,1,1,4,1630.0,-1,12.919,-12.9,-0.45,-5.85,0,0,DCHG, ,
11647.6,1,1,1,1,4,1635.0,-1,12.918,-12.9,-0.45,-5.87,0,0,DCHG, ,
11652.6,1,1,1,1,4,1640.0,-1,12.918,-12.8,-0.45,-5.89,0,0,DCHG, ,
11657.6,1,1,1,1,4,1645.0,-1,12.918,-12.8,-0.45,-5.9,0,0,DCHG, ,
11662.6,1,1,1,1,4,1650.0,-1,12.917,-12.8,-0.45,-5.92,0,0,DCHG, ,
11667.6,1,1,1,1,4,1655.0,-1,12.917,-12.8,-0.45,-5.94,0,0,DCHG, ,
11672.6,1,1,1,1,4,1660.0,-1,12.917,-12.8,-0.46,-5.96,0,0,DCHG, ,
11677.6,1,1,1,1,4,1665.0,-0.99,12.916,-12.8,-0.46,-5.98,0,0,DCHG, ,
11682.6,1,1,1,1,4,1670.0,-1,12.916,-12.9,-0.46,-5.99,0,0,DCHG, ,
11687.6,1,1,1,1,4,1675.0,-1,12.916,-12.8,-0.46,-6.01,0,0,DCHG, ,
11692.6,1,1,1,1,4,1680.0,-1,12.915,-12.9,-0.46,-6.03,0,0,DCHG, ,
11697.6,1,1,1,1,4,1685.0,-1,12.914,-12.8,-0.46,-6.05,0,0,DCHG, ,
11702.6,1,1,1,1,4,1690.0,-1,12.914,-12.8,-0.46,-6.06,0,0,DCHG, ,
11707.6,1,1,1,1,4,1695.0,-1,12.914,-12.8,-0.47,-6.08,0,0,DCHG, ,
11712.6,1,1,1,1,4,1700.0,-1,12.913,-12.8,-0.47,-6.1,0,0,DCHG, ,
11717.6,1,1,1,1,4,1705.0,-1,12.913,-12.8,-0.47,-6.12,0,0,DCHG, ,
11722.6,1,1,1,1,4,1710.0,-1,12.913,-12.8,-0.47,-6.14,0,0,DCHG, ,
11727.6,1,1,1,1,4,1715.0,-1,12.912,-12.8,-0.47,-6.15,0,0,DCHG, ,
11732.6,1,1,1,1,4,1720.0,-1,12.912,-12.9,-0.47,-6.17,0,0,DCHG, ,
11737.6,1,1,1,1,4,1725.0,-1,12.912,-12.9,-0.47,-6.19,0,0,DCHG, ,
11742.6,1,1,1,1,4,1730.0,-1,12.911,-12.9,-0.48,-6.21,0,0,DCHG, ,
11747.6,1,1,1,1,4,1735.0,-1,12.911,-12.8,-0.48,-6.23,0,0,DCHG, ,
11752.6,1,1,1,1,4,1740.0,-1,12.91,-12.9,-0.48,-6.24,0,0,DCHG, ,
11757.6,1,1,1,1,4,1745.0,-1,12.91,-12.9,-0.48,-6.26,0,0,DCHG, ,
11762.6,1,1,1,1,4,1750.0,-1,12.91,-12.8,-0.48,-6.28,0,0,DCHG, ,
11767.6,1,1,1,1,4,1755.0,-1,12.909,-12.9,-0.48,-6.3,0,0,DCHG, ,
11772.6,1,1,1,1,4,1760.0,-0.99,12.909,-12.8,-0.48,-6.31,0,0,DCHG, ,
11777.6,1,1,1,1,4,1765.0,-1,12.908,-12.9,-0.49,-6.33,0,0,DCHG, ,
11782.6,1,1,1,1,4,1770.0,-1,12.907,-12.8,-0.49,-6.35,0,0,DCHG, ,
11787.6,1,1,1,1,4,1775.0,-1,12.907,-12.9,-0.49,-6.37,0,0,DCHG, ,
11792.6,1,1,1,1,4,1780.0,-1,12.907,-12.8,-0.49,-6.39,0,0,DCHG, ,
11797.6,1,1,1,1,4,1785.0,-1,12.906,-12.8,-0.49,-6.4,0,0,DCHG, ,
11802.6,1,1,1,1,4,1790.0,-1,12.906,-12.9,-0.49,-6.42,0,0,DCHG, ,
11807.6,1,1,1,1,4,1795.0,-1,12.905,-12.9,-0.49,-6.44,0,0,DCHG, ,
11812.6,1,1,1,1,4,1800.0,-1,12.905,-12.8,-0.49,-6.46,0,0,DCHG, ,
11817.6,1,1,1,1,4,1805.0,-1,12.904,-12.8,-0.5,-6.47,0,0,DCHG, ,
11822.6,1,1,1,1,4,1810.0,-1,12.904,-12.8,-0.5,-6.49,0,0,DCHG, ,
11827.6,1,1,1,1,4,1815.0,-1,12.904,-12.9,-0.5,-6.51,0,0,DCHG, ,
11832.6,1,1,1,1,4,1820.0,-1,12.903,-12.9,-0.5,-6.53,0,0,DCHG, ,
11837.6,1,1,1,1,4,1825.0,-1,12.903,-12.8,-0.5,-6.55,0,0,DCHG, ,
11842.6,1,1,1,1,4,1830.0,-1,12.903,-12.9,-0.5,-6.56,0,0,DCHG, ,
11847.6,1,1,1,1,4,1835.0,-1,12.902,-12.8,-0.5,-6.58,0,0,DCHG, ,
11852.6,1,1,1,1,4,1840.0,-1,12.902,-12.8,-0.51,-6.6,0,0,DCHG, ,
11857.6,1,1,1,1,4,1845.0,-1,12.901,-12.8,-0.51,-6.62,0,0,DCHG, ,
11862.6,1,1,1,1,4,1850.0,-1,12.901,-12.9,-0.51,-6.64,0,0,DCHG, ,
11867.6,1,1,1,1,4,1855.0,-1,12.901,-12.8,-0.51,-6.65,0,0,DCHG, ,
11872.6,1,1,1,1,4,1860.0,-1,12.901,-12.8,-0.51,-6.67,0,0,DCHG, ,
11877.6,1,1,1,1,4,1865.0,-1,12.9,-12.8,-0.51,-6.69,0,0,DCHG, ,
11882.6,1,1,1,1,4,1870.0,-1,12.899,-12.8,-0.51,-6.71,0,0,DCHG, ,
11887.6,1,1,1,1,4,1875.0,-1,12.899,-12.8,-0.52,-6.72,0,0,DCHG, ,
11892.6,1,1,1,1,4,1880.0,-1,12.899,-12.8,-0.52,-6.74,0,0,DCHG, ,
11897.6,1,1,1,1,4,1885.0,-1,12.898,-12.8,-0.52,-6.76,0,0,DCHG, ,
11902.6,1,1,1,1,4,1890.0,-1,12.898,-12.8,-0.52,-6.78,0,0,DCHG, ,
11907.6,1,1,1,1,4,1895.0,-1,12.897,-12.8,-0.52,-6.8,0,0,DCHG, ,
11912.6,1,1,1,1,4,1900.0,-1,12.897,-12.8,-0.52,-6.81,0,0,DCHG, ,
11917.6,1,1,1,1,4,1905.0,-1,12.896,-12.8,-0.52,-6.83,0,0,DCHG, ,
11922.6,1,1,1,1,4,1910.0,-1,12.896,-12.8,-0.53,-6.85,0,0,DCHG, ,
11927.6,1,1,1,1,4,1915.0,-1,12.896,-12.8,-0.53,-6.87,0,0,DCHG, ,
11932.6,1,1,1,1,4,1920.0,-1,12.896,-12.8,-0.53,-6.88,0,0,DCHG, ,
11937.6,1,1,1,1,4,1925.0,-1,12.895,-12.8,-0.53,-6.9,0,0,DCHG, ,
11942.6,1,1,1,1,4,1930.0,-1,12.895,-12.8,-0.53,-6.92,0,0,DCHG, ,
11947.6,1,1,1,1,4,1935.0,-1,12.894,-12.8,-0.53,-6.94,0,0,DCHG, ,
11952.6,1,1,1,1,4,1940.0,-1,12.894,-12.8,-0.53,-6.96,0,0,DCHG, ,
11957.6,1,1,1,1,4,1945.0,-1,12.894,-12.8,-0.54,-6.97,0,0,DCHG, ,
11962.6,1,1,1,1,4,1950.0,-1,12.893,-12.8,-0.54,-6.99,0,0,DCHG, ,
11967.6,1,1,1,1,4,1955.0,-1,12.892,-12.8,-0.54,-7.01,0,0,DCHG, ,
11972.6,1,1,1,1,4,1960.0,-1,12.892,-12.8,-0.54,-7.03,0,0,DCHG, ,
11977.6,1,1,1,1,4,1965.0,-1,12.892,-12.8,-0.54,-7.04,0,0,DCHG, ,
11982.6,1,1,1,1,4,1970.0,-1,12.891,-12.8,-0.54,-7.06,0,0,DCHG, ,
11987.6,1,1,1,1,4,1975.0,-1,12.891,-12.8,-0.54,-7.08,0,0,DCHG, ,
11992.6,1,1,1,1,4,1980.0,-1,12.89,-12.8,-0.54,-7.1,0,0,DCHG, ,
11997.6,1,1,1,1,4,1985.0,-1,12.89,-12.8,-0.55,-7.12,0,0,DCHG, ,
12002.6,1,1,1,1,4,1990.0,-1,12.89,-12.8,-0.55,-7.13,0,0,DCHG, ,
12007.6,1,1,1,1,4,1995.0,-1,12.89,-12.8,-0.55,-7.15,0,0,DCHG, ,
12012.6,1,1,1,1,4,2000.0,-1,12.888,-12.8,-0.55,-7.17,0,0,DCHG, ,
12017.6,1,1,1,1,4,2005.0,-1,12.888,-12.8,-0.55,-7.19,0,0,DCHG, ,
12022.6,1,1,1,1,4,2010.0,-1,12.888,-12.8,-0.55,-7.2,0,0,DCHG, ,
12027.6,1,1,1,1,4,2015.0,-1,12.888,-12.8,-0.55,-7.22,0,0,DCHG, ,
12032.6,1,1,1,1,4,2020.0,-1,12.887,-12.8,-0.56,-7.24,0,0,DCHG, ,
12037.6,1,1,1,1,4,2025.0,-1,12.887,-12.8,-0.56,-7.26,0,0,DCHG, ,
12042.6,1,1,1,1,4,2030.0,-1,12.887,-12.8,-0.56,-7.28,0,0,DCHG, ,
12047.6,1,1,1,1,4,2035.0,-1,12.886,-12.8,-0.56,-7.29,0,0,DCHG, ,
12052.6,1,1,1,1,4,2040.0,-1,12.886,-12.8,-0.56,-7.31,0,0,DCHG, ,
12057.6,1,1,1,1,4,2045.0,-1,12.885,-12.8,-0.56,-7.33,0,0,DCHG, ,
12062.6,1,1,1,1,4,2050.0,-1,12.885,-12.8,-0.56,-7.35,0,0,DCHG, ,
12067.6,1,1,1,1,4,2055.0,-0.99,12.885,-12.7,-0.57,-7.36,0,0,DCHG, ,
12072.6,1,1,1,1,4,2060.0,-1,12.884,-12.8,-0.57,-7.38,0,0,DCHG, ,
12077.6,1,1,1,1,4,2065.0,-0.99,12.884,-12.7,-0.57,-7.4,0,0,DCHG, ,
12082.6,1,1,1,1,4,2070.0,-1,12.884,-12.8,-0.57,-7.42,0,0,DCHG, ,
12087.6,1,1,1,1,4,2075.0,-1,12.883,-12.8,-0.57,-7.44,0,0,DCHG, ,
12092.6,1,1,1,1,4,2080.0,-1,12.882,-12.8,-0.57,-7.45,0,0,DCHG, ,
12097.6,1,1,1,1,4,2085.0,-1,12.882,-12.8,-0.57,-7.47,0,0,DCHG, ,
12102.6,1,1,1,1,4,2090.0,-1,12.882,-12.8,-0.58,-7.49,0,0,DCHG, ,
12107.6,1,1,1,1,4,2095.0,-1,12.881,-12.8,-0.58,-7.51,0,0,DCHG, ,
12112.6,1,1,1,1,4,2100.0,-1,12.88,-12.8,-0.58,-7.52,0,0,DCHG, ,
12117.6,1,1,1,1,4,2105.0,-1,12.88,-12.8,-0.58,-7.54,0,0,DCHG, ,
12122.6,1,1,1,1,4,2110.0,-1,12.88,-12.8,-0.58,-7.56,0,0,DCHG, ,
12127.6,1,1,1,1,4,2115.0,-1,12.879,-12.8,-0.58,-7.58,0,0,DCHG, ,
12132.6,1,1,1,1,4,2120.0,-1,12.879,-12.8,-0.58,-7.6,0,0,DCHG, ,
12137.6,1,1,1,1,4,2125.0,-1,12.879,-12.8,-0.59,-7.61,0,0,DCHG, ,
12142.6,1,1,1,1,4,2130.0,-1,12.878,-12.8,-0.59,-7.63,0,0,DCHG, ,
12147.6,1,1,1,1,4,2135.0,-1,12.878,-12.8,-0.59,-7.65,0,0,DCHG, ,
12152.6,1,1,1,1,4,2140.0,-1,12.877,-12.8,-0.59,-7.67,0,0,DCHG, ,
12157.6,1,1,1,1,4,2145.0,-1,12.877,-12.8,-0.59,-7.68,0,0,DCHG, ,
12162.6,1,1,1,1,4,2150.0,-1,12.877,-12.8,-0.59,-7.7,0,0,DCHG, ,
12167.6,1,1,1,1,4,2155.0,-1,12.877,-12.8,-0.59,-7.72,0,0,DCHG, ,
12172.6,1,1,1,1,4,2160.0,-1,12.876,-12.8,-0.59,-7.74,0,0,DCHG, ,
12177.6,1,1,1,1,4,2165.0,-1,12.876,-12.8,-0.6,-7.76,0,0,DCHG, ,
12182.6,1,1,1,1,4,2170.0,-1,12.875,-12.8,-0.6,-7.77,0,0,DCHG, ,
12187.6,1,1,1,1,4,2175.0,-1,12.875,-12.8,-0.6,-7.79,0,0,DCHG, ,
12192.6,1,1,1,1,4,2180.0,-1,12.874,-12.8,-0.6,-7.81,0,0,DCHG, ,
12197.6,1,1,1,1,4,2185.0,-1,12.874,-12.8,-0.6,-7.83,0,0,DCHG, ,
12202.6,1,1,1,1,4,2190.0,-1,12.874,-12.8,-0.6,-7.84,0,0,DCHG, ,
12207.6,1,1,1,1,4,2195.0,-1,12.873,-12.8,-0.6,-7.86,0,0,DCHG, ,
12212.6,1,1,1,1,4,2200.0,-1,12.873,-12.8,-0.61,-7.88,0,0,DCHG, ,
12217.6,1,1,1,1,4,2205.0,-1,12.873,-12.8,-0.61,-7.9,0,0,DCHG, ,
12222.6,1,1,1,1,4,2210.0,-1,12.872,-12.8,-0.61,-7.92,0,0,DCHG, ,
12227.6,1,1,1,1,4,2215.0,-1,12.871,-12.8,-0.61,-7.93,0,0,DCHG, ,
12232.6,1,1,1,1,4,2220.0,-1,12.871,-12.8,-0.61,-7.95,0,0,DCHG, ,
12237.6,1,1,1,1,4,2225.0,-1,12.871,-12.8,-0.61,-7.97,0,0,DCHG, ,
12242.6,1,1,1,1,4,2230.0,-1,12.87,-12.8,-0.61,-7.99,0,0,DCHG, ,
12247.6,1,1,1,1,4,2235.0,-1,12.87,-12.8,-0.62,-8,0,0,DCHG, ,
12252.6,1,1,1,1,4,2240.0,-1,12.87,-12.8,-0.62,-8.02,0,0,DCHG, ,
12257.6,1,1,1,1,4,2245.0,-1,12.869,-12.8,-0.62,-8.04,0,0,DCHG, ,
12262.6,1,1,1,1,4,2250.0,-1,12.869,-12.8,-0.62,-8.06,0,0,DCHG, ,
12267.6,1,1,1,1,4,2255.0,-1,12.868,-12.8,-0.62,-8.08,0,0,DCHG, ,
12272.6,1,1,1,1,4,2260.0,-1,12.868,-12.8,-0.62,-8.09,0,0,DCHG, ,
12277.6,1,1,1,1,4,2265.0,-1,12.868,-12.8,-0.62,-8.11,0,0,DCHG, ,
12282.6,1,1,1,1,4,2270.0,-1,12.867,-12.8,-0.63,-8.13,0,0,DCHG, ,
12287.6,1,1,1,1,4,2275.0,-1,12.866,-12.8,-0.63,-8.15,0,0,DCHG, ,
12292.6,1,1,1,1,4,2280.0,-1,12.866,-12.8,-0.63,-8.16,0,0,DCHG, ,
12297.6,1,1,1,1,4,2285.0,-1,12.866,-12.8,-0.63,-8.18,0,0,DCHG, ,
12302.6,1,1,1,1,4,2290.0,-1,12.866,-12.8,-0.63,-8.2,0,0,DCHG, ,
12307.6,1,1,1,1,4,2295.0,-1,12.865,-12.8,-0.63,-8.22,0,0,DCHG, ,
12312.6,1,1,1,1,4,2300.0,-1,12.865,-12.8,-0.63,-8.24,0,0,DCHG, ,
12317.6,1,1,1,1,4,2305.0,-1,12.865,-12.8,-0.64,-8.25,0,0,DCHG, ,
12322.6,1,1,1,1,4,2310.0,-1,12.864,-12.8,-0.64,-8.27,0,0,DCHG, ,
12327.6,1,1,1,1,4,2315.0,-1,12.863,-12.8,-0.64,-8.29,0,0,DCHG, ,
12332.6,1,1,1,1,4,2320.0,-1,12.863,-12.8,-0.64,-8.31,0,0,DCHG, ,
12337.6,1,1,1,1,4,2325.0,-1,12.863,-12.8,-0.64,-8.32,0,0,DCHG, ,
12342.6,1,1,1,1,4,2330.0,-1,12.863,-12.8,-0.64,-8.34,0,0,DCHG, ,
12347.6,1,1,1,1,4,2335.0,-1,12.862,-12.8,-0.64,-8.36,0,0,DCHG, ,
12352.6,1,1,1,1,4,2340.0,-1,12.862,-12.8,-0.64,-8.38,0,0,DCHG, ,
12357.6,1,1,1,1,4,2345.0,-1,12.861,-12.8,-0.65,-8.4,0,0,DCHG, ,
12362.6,1,1,1,1,4,2350.0,-1,12.86,-12.8,-0.65,-8.41,0,0,DCHG, ,
12367.6,1,1,1,1,4,2355.0,-1,12.86,-12.8,-0.65,-8.43,0,0,DCHG, ,
12372.6,1,1,1,1,4,2360.0,-1,12.86,-12.8,-0.65,-8.45,0,0,DCHG, ,
12377.6,1,1,1,1,4,2365.0,-1,12.86,-12.8,-0.65,-8.47,0,0,DCHG, ,
12382.6,1,1,1,1,4,2370.0,-1,12.859,-12.8,-0.65,-8.48,0,0,DCHG, ,
12387.6,1,1,1,1,4,2375.0,-1,12.859,-12.8,-0.65,-8.5,0,0,DCHG, ,
12392.6,1,1,1,1,4,2380.0,-1,12.858,-12.8,-0.66,-8.52,0,0,DCHG, ,
12397.6,1,1,1,1,4,2385.0,-1,12.858,-12.8,-0.66,-8.54,0,0,DCHG, ,
12402.6,1,1,1,1,4,2390.0,-1,12.858,-12.8,-0.66,-8.56,0,0,DCHG, ,
12407.6,1,1,1,1,4,2395.0,-1,12.857,-12.8,-0.66,-8.57,0,0,DCHG, ,
12412.6,1,1,1,1,4,2400.0,-1,12.857,-12.8,-0.66,-8.59,0,0,DCHG, ,
12417.6,1,1,1,1,4,2405.0,-1,12.856,-12.8,-0.66,-8.61,0,0,DCHG, ,
12422.6,1,1,1,1,4,2410.0,-1,12.856,-12.8,-0.66,-8.63,0,0,DCHG, ,
12427.6,1,1,1,1,4,2415.0,-1,12.856,-12.8,-0.67,-8.64,0,0,DCHG, ,
12432.6,1,1,1,1,4,2420.0,-1,12.855,-12.8,-0.67,-8.66,0,0,DCHG, ,
12437.6,1,1,1,1,4,2425.0,-1,12.855,-12.8,-0.67,-8.68,0,0,DCHG, ,
12442.6,1,1,1,1,4,2430.0,-1,12.855,-12.8,-0.67,-8.7,0,0,DCHG, ,
12447.6,1,1,1,1,4,2435.0,-1,12.854,-12.8,-0.67,-8.72,0,0,DCHG, ,
12452.6,1,1,1,1,4,2440.0,-1,12.854,-12.8,-0.67,-8.73,0,0,DCHG, ,
12457.6,1,1,1,1,4,2445.0,-1,12.853,-12.8,-0.67,-8.75,0,0,DCHG, ,
12462.6,1,1,1,1,4,2450.0,-1,12.853,-12.8,-0.68,-8.77,0,0,DCHG, ,
12467.6,1,1,1,1,4,2455.0,-1,12.852,-12.8,-0.68,-8.79,0,0,DCHG, ,
12472.6,1,1,1,1,4,2460.0,-1,12.852,-12.8,-0.68,-8.8,0,0,DCHG, ,
12477.6,1,1,1,1,4,2465.0,-1,12.852,-12.8,-0.68,-8.82,0,0,DCHG, ,
12482.6,1,1,1,1,4,2470.0,-1,12.851,-12.8,-0.68,-8.84,0,0,DCHG, ,
12487.6,1,1,1,1,4,2475.0,-1,12.851,-12.8,-0.68,-8.86,0,0,DCHG, ,
12492.6,1,1,1,1,4,2480.0,-1,12.851,-12.8,-0.68,-8.88,0,0,DCHG, ,
12497.6,1,1,1,1,4,2485.0,-1,12.85,-12.8,-0.69,-8.89,0,0,DCHG, ,
12502.6,1,1,1,1,4,2490.0,-1,12.85,-12.8,-0.69,-8.91,0,0,DCHG, ,
12507.6,1,1,1,1,4,2495.0,-1,12.849,-12.8,-0.69,-8.93,0,0,DCHG, ,
12512.6,1,1,1,1,4,2500.0,-1,12.849,-12.8,-0.69,-8.95,0,0,DCHG, ,
12517.6,1,1,1,1,4,2505.0,-1,12.848,-12.8,-0.69,-8.96,0,0,DCHG, ,
12522.6,1,1,1,1,4,2510.0,-1,12.848,-12.8,-0.69,-8.98,0,0,DCHG, ,
12527.6,1,1,1,1,4,2515.0,-1,12.848,-12.8,-0.69,-9,0,0,DCHG, ,
12532.6,1,1,1,1,4,2520.0,-1,12.847,-12.8,-0.69,-9.02,0,0,DCHG, ,
12537.6,1,1,1,1,4,2525.0,-1,12.847,-12.8,-0.7,-9.04,0,0,DCHG, ,
12542.6,1,1,1,1,4,2530.0,-1,12.847,-12.8,-0.7,-9.05,0,0,DCHG, ,
12547.6,1,1,1,1,4,2535.0,-1,12.846,-12.8,-0.7,-9.07,0,0,DCHG, ,
12552.6,1,1,1,1,4,2540.0,-1,12.846,-12.8,-0.7,-9.09,0,0,DCHG, ,
12557.6,1,1,1,1,4,2545.0,-1,12.845,-12.8,-0.7,-9.11,0,0,DCHG, ,
12562.6,1,1,1,1,4,2550.0,-1,12.845,-12.8,-0.7,-9.12,0,0,DCHG, ,
12567.6,1,1,1,1,4,2555.0,-1,12.845,-12.8,-0.7,-9.14,0,0,DCHG, ,
12572.6,1,1,1,1,4,2560.0,-1,12.844,-12.8,-0.71,-9.16,0,0,DCHG, ,
12577.6,1,1,1,1,4,2565.0,-1,12.844,-12.8,-0.71,-9.18,0,0,DCHG, ,
12582.6,1,1,1,1,4,2570.0,-1,12.843,-12.8,-0.71,-9.2,0,0,DCHG, ,
12587.6,1,1,1,1,4,2575.0,-1,12.843,-12.8,-0.71,-9.21,0,0,DCHG, ,
12592.6,1,1,1,1,4,2580.0,-1,12.842,-12.8,-0.71,-9.23,0,0,DCHG, ,
12597.6,1,1,1,1,4,2585.0,-1,12.842,-12.8,-0.71,-9.25,0,0,DCHG, ,
12602.6,1,1,1,1,4,2590.0,-1,12.841,-12.8,-0.71,-9.27,0,0,DCHG, ,
12607.6,1,1,1,1,4,2595.0,-1,12.841,-12.8,-0.72,-9.28,0,0,DCHG, ,
12612.6,1,1,1,1,4,2600.0,-1,12.841,-12.8,-0.72,-9.3,0,0,DCHG, ,
12617.6,1,1,1,1,4,2605.0,-1,12.84,-12.8,-0.72,-9.32,0,0,DCHG, ,
12622.6,1,1,1,1,4,2610.0,-1,12.84,-12.8,-0.72,-9.34,0,0,DCHG, ,
12627.6,1,1,1,1,4,2615.0,-1,12.84,-12.8,-0.72,-9.36,0,0,DCHG, ,
12632.6,1,1,1,1,4,2620.0,-1,12.839,-12.8,-0.72,-9.37,0,0,DCHG, ,
12637.6,1,1,1,1,4,2625.0,-1,12.839,-12.8,-0.72,-9.39,0,0,DCHG, ,
12642.6,1,1,1,1,4,2630.0,-1,12.838,-12.8,-0.73,-9.41,0,0,DCHG, ,
12647.6,1,1,1,1,4,2635.0,-1,12.838,-12.8,-0.73,-9.43,0,0,DCHG, ,
12652.6,1,1,1,1,4,2640.0,-1,12.837,-12.8,-0.73,-9.44,0,0,DCHG, ,
12657.6,1,1,1,1,4,2645.0,-1,12.837,-12.8,-0.73,-9.46,0,0,DCHG, ,
12662.6,1,1,1,1,4,2650.0,-1,12.837,-12.8,-0.73,-9.48,0,0,DCHG, ,
12667.6,1,1,1,1,4,2655.0,-1,12.837,-12.8,-0.73,-9.5,0,0,DCHG, ,
12672.6,1,1,1,1,4,2660.0,-1,12.836,-12.8,-0.73,-9.52,0,0,DCHG, ,
12677.6,1,1,1,1,4,2665.0,-1,12.836,-12.8,-0.74,-9.53,0,0,DCHG, ,
12682.6,1,1,1,1,4,2670.0,-1,12.836,-12.8,-0.74,-9.55,0,0,DCHG, ,
12687.6,1,1,1,1,4,2675.0,-1,12.835,-12.8,-0.74,-9.57,0,0,DCHG, ,
12692.6,1,1,1,1,4,2680.0,-1,12.834,-12.8,-0.74,-9.59,0,0,DCHG, ,
12697.6,1,1,1,1,4,2685.0,-1,12.834,-12.8,-0.74,-9.6,0,0,DCHG, ,
12702.6,1,1,1,1,4,2690.0,-1,12.834,-12.8,-0.74,-9.62,0,0,DCHG, ,
12707.6,1,1,1,1,4,2695.0,-1,12.834,-12.8,-0.74,-9.64,0,0,DCHG, ,
12712.6,1,1,1,1,4,2700.0,-1,12.833,-12.8,-0.74,-9.66,0,0,DCHG, ,
12717.6,1,1,1,1,4,2705.0,-1,12.832,-12.8,-0.75,-9.68,0,0,DCHG, ,
12722.6,1,1,1,1,4,2710.0,-1,12.832,-12.8,-0.75,-9.69,0,0,DCHG, ,
12727.6,1,1,1,1,4,2715.0,-1,12.832,-12.8,-0.75,-9.71,0,0,DCHG, ,
12732.6,1,1,1,1,4,2720.0,-1,12.831,-12.8,-0.75,-9.73,0,0,DCHG, ,
12737.6,1,1,1,1,4,2725.0,-1,12.831,-12.8,-0.75,-9.75,0,0,DCHG, ,
12742.6,1,1,1,1,4,2730.0,-1,12.831,-12.8,-0.75,-9.76,0,0,DCHG, ,
12747.6,1,1,1,1,4,2735.0,-1,12.831,-12.8,-0.75,-9.78,0,0,DCHG, ,
12752.6,1,1,1,1,4,2740.0,-0.99,12.83,-12.7,-0.76,-9.8,0,0,DCHG, ,
12757.6,1,1,1,1,4,2745.0,-1,12.829,-12.8,-0.76,-9.82,0,0,DCHG, ,
12762.6,1,1,1,1,4,2750.0,-1,12.829,-12.8,-0.76,-9.84,0,0,DCHG, ,
12767.6,1,1,1,1,4,2755.0,-1,12.829,-12.8,-0.76,-9.85,0,0,DCHG, ,
12772.6,1,1,1,1,4,2760.0,-1,12.829,-12.8,-0.76,-9.87,0,0,DCHG, ,
12777.6,1,1,1,1,4,2765.0,-1,12.827,-12.8,-0.76,-9.89,0,0,DCHG, ,
12782.6,1,1,1,1,4,2770.0,-1,12.827,-12.8,-0.76,-9.91,0,0,DCHG, ,
12787.6,1,1,1,1,4,2775.0,-1,12.827,-12.7,-0.77,-9.92,0,0,DCHG, ,
12792.6,1,1,1,1,4,2780.0,-1,12.827,-12.8,-0.77,-9.94,0,0,DCHG, ,
12797.6,1,1,1,1,4,2785.0,-1,12.826,-12.8,-0.77,-9.96,0,0,DCHG, ,
12802.6,1,1,1,1,4,2790.0,-1,12.826,-12.7,-0.77,-9.98,0,0,DCHG, ,
12807.6,1,1,1,1,4,2795.0,-1,12.826,-12.7,-0.77,-9.99,0,0,DCHG, ,
12812.6,1,1,1,1,4,2800.0,-1,12.825,-12.7,-0.77,-10.01,0,0,DCHG, ,
12817.6,1,1,1,1,4,2805.0,-1,12.825,-12.7,-0.77,-10.03,0,0,DCHG, ,
12822.6,1,1,1,1,4,2810.0,-0.99,12.824,-12.7,-0.78,-10.05,0,0,DCHG, ,
12827.6,1,1,1,1,4,2815.0,-1,12.824,-12.8,-0.78,-10.07,0,0,DCHG, ,
12832.6,1,1,1,1,4,2820.0,-1,12.823,-12.7,-0.78,-10.08,0,0,DCHG, ,
12837.6,1,1,1,1,4,2825.0,-1,12.823,-12.7,-0.78,-10.1,0,0,DCHG, ,
12842.6,1,1,1,1,4,2830.0,-1,12.822,-12.7,-0.78,-10.12,0,0,DCHG, ,
12847.6,1,1,1,1,4,2835.0,-1,12.822,-12.7,-0.78,-10.14,0,0,DCHG, ,
12852.6,1,1,1,1,4,2840.0,-1,12.822,-12.7,-0.78,-10.15,0,0,DCHG, ,
12857.6,1,1,1,1,4,2845.0,-1,12.821,-12.8,-0.79,-10.17,0,0,DCHG, ,
12862.6,1,1,1,1,4,2850.0,-1,12.821,-12.8,-0.79,-10.19,0,0,DCHG, ,
12867.6,1,1,1,1,4,2855.0,-1,12.82,-12.8,-0.79,-10.21,0,0,DCHG, ,
12872.6,1,1,1,1,4,2860.0,-1,12.82,-12.8,-0.79,-10.22,0,0,DCHG, ,
12877.6,1,1,1,1,4,2865.0,-1,12.82,-12.7,-0.79,-10.24,0,0,DCHG, ,
12882.6,1,1,1,1,4,2870.0,-1,12.82,-12.7,-0.79,-10.26,0,0,DCHG, ,
12887.6,1,1,1,1,4,2875.0,-1,12.819,-12.7,-0.79,-10.28,0,0,DCHG, ,
12892.6,1,1,1,1,4,2880.0,-1,12.819,-12.8,-0.79,-10.3,0,0,DCHG, ,
12897.6,1,1,1,1,4,2885.0,-1,12.818,-12.7,-0.8,-10.31,0,0,DCHG, ,
12902.6,1,1,1,1,4,2890.0,-1,12.818,-12.7,-0.8,-10.33,0,0,DCHG, ,
12907.6,1,1,1,1,4,2895.0,-1,12.817,-12.7,-0.8,-10.35,0,0,DCHG, ,
12912.6,1,1,1,1,4,2900.0,-1,12.817,-12.8,-0.8,-10.37,0,0,DCHG, ,
12917.6,1,1,1,1,4,2905.0,-1,12.817,-12.7,-0.8,-10.38,0,0,DCHG, ,
12922.6,1,1,1,1,4,2910.0,-1,12.816,-12.7,-0.8,-10.4,0,0,DCHG, ,
12927.6,1,1,1,1,4,2915.0,-1,12.816,-12.7,-0.8,-10.42,0,0,DCHG, ,
12932.6,1,1,1,1,4,2920.0,-1,12.815,-12.7,-0.81,-10.44,0,0,DCHG, ,
12937.6,1,1,1,1,4,2925.0,-1,12.815,-12.7,-0.81,-10.45,0,0,DCHG, ,
12942.6,1,1,1,1,4,2930.0,-1,12.815,-12.8,-0.81,-10.47,0,0,DCHG, ,
12947.6,1,1,1,1,4,2935.0,-1,12.814,-12.7,-0.81,-10.49,0,0,DCHG, ,
12952.6,1,1,1,1,4,2940.0,-1,12.813,-12.8,-0.81,-10.51,0,0,DCHG, ,
12957.6,1,1,1,1,4,2945.0,-1,12.813,-12.7,-0.81,-10.53,0,0,DCHG, ,
12962.6,1,1,1,1,4,2950.0,-1,12.813,-12.8,-0.81,-10.54,0,0,DCHG, ,
12967.6,1,1,1,1,4,2955.0,-1,12.812,-12.7,-0.82,-10.56,0,0,DCHG, ,
12972.6,1,1,1,1,4,2960.0,-1,12.812,-12.7,-0.82,-10.58,0,0,DCHG, ,
12977.6,1,1,1,1,4,2965.0,-1,12.812,-12.7,-0.82,-10.6,0,0,DCHG, ,
12982.6,1,1,1,1,4,2970.0,-1,12.812,-12.7,-0.82,-10.61,0,0,DCHG, ,
12987.6,1,1,1,1,4,2975.0,-1,12.811,-12.7,-0.82,-10.63,0,0,DCHG, ,
12992.6,1,1,1,1,4,2980.0,-1,12.81,-12.7,-0.82,-10.65,0,0,DCHG, ,
12997.6,1,1,1,1,4,2985.0,-1,12.81,-12.8,-0.82,-10.67,0,0,DCHG, ,
13002.6,1,1,1,1,4,2990.0,-1,12.81,-12.7,-0.83,-10.68,0,0,DCHG, ,
13007.6,1,1,1,1,4,2995.0,-1,12.809,-12.7,-0.83,-10.7,0,0,DCHG, ,
13012.6,1,1,1,1,4,3000.0,-1,12.809,-12.7,-0.83,-10.72,0,0,DCHG, ,
13017.6,1,1,1,1,4,3005.0,-1,12.809,-12.8,-0.83,-10.74,0,0,DCHG, ,
13022.6,1,1,1,1,4,3010.0,-1,12.808,-12.7,-0.83,-10.76,0,0,DCHG, ,
13027.6,1,1,1,1,4,3015.0,-1,12.808,-12.8,-0.83,-10.77,0,0,DCHG, ,
13032.6,1,1,1,1,4,3020.0,-1,12.807,-12.8,-0.83,-10.79,0,0,DCHG, ,
13037.6,1,1,1,1,4,3025.0,-1,12.807,-12.7,-0.84,-10.81,0,0,DCHG, ,
13042.6,1,1,1,1,4,3030.0,-1,12.807,-12.7,-0.84,-10.83,0,0,DCHG, ,
13047.6,1,1,1,1,4,3035.0,-1,12.806,-12.8,-0.84,-10.84,0,0,DCHG, ,
13052.6,1,1,1,1,4,3040.0,-1,12.806,-12.7,-0.84,-10.86,0,0,DCHG, ,
13057.6,1,1,1,1,4,3045.0,-0.99,12.806,-12.7,-0.84,-10.88,0,0,DCHG, ,
13062.6,1,1,1,1,4,3050.0,-1,12.805,-12.7,-0.84,-10.9,0,0,DCHG, ,
13067.6,1,1,1,1,4,3055.0,-1,12.804,-12.7,-0.84,-10.91,0,0,DCHG, ,
13072.6,1,1,1,1,4,3060.0,-1,12.804,-12.8,-0.84,-10.93,0,0,DCHG, ,
13077.6,1,1,1,1,4,3065.0,-1,12.804,-12.7,-0.85,-10.95,0,0,DCHG, ,
13082.6,1,1,1,1,4,3070.0,-1,12.804,-12.7,-0.85,-10.97,0,0,DCHG, ,
13087.6,1,1,1,1,4,3075.0,-1,12.803,-12.7,-0.85,-10.99,0,0,DCHG, ,
13092.6,1,1,1,1,4,3080.0,-1,12.803,-12.7,-0.85,-11,0,0,DCHG, ,
13097.6,1,1,1,1,4,3085.0,-1,12.802,-12.8,-0.85,-11.02,0,0,DCHG, ,
13102.6,1,1,1,1,4,3090.0,-1,12.802,-12.7,-0.85,-11.04,0,0,DCHG, ,
13107.6,1,1,1,1,4,3095.0,-1,12.801,-12.8,-0.85,-11.06,0,0,DCHG, ,
13112.6,1,1,1,1,4,3100.0,-1,12.801,-12.8,-0.86,-11.07,0,0,DCHG, ,
13117.6,1,1,1,1,4,3105.0,-1,12.8,-12.7,-0.86,-11.09,0,0,DCHG, ,
13122.6,1,1,1,1,4,3110.0,-1,12.8,-12.7,-0.86,-11.11,0,0,DCHG, ,
13127.6,1,1,1,1,4,3115.0,-1,12.8,-12.7,-0.86,-11.13,0,0,DCHG, ,
13132.6,1,1,1,1,4,3120.0,-1,12.799,-12.7,-0.86,-11.14,0,0,DCHG, ,
13137.6,1,1,1,1,4,3125.0,-1,12.799,-12.7,-0.86,-11.16,0,0,DCHG, ,
13142.6,1,1,1,1,4,3130.0,-1,12.799,-12.7,-0.86,-11.18,0,0,DCHG, ,
13147.6,1,1,1,1,4,3135.0,-1,12.798,-12.7,-0.87,-11.2,0,0,DCHG, ,
13152.6,1,1,1,1,4,3140.0,-1,12.798,-12.7,-0.87,-11.22,0,0,DCHG, ,
13157.6,1,1,1,1,4,3145.0,-1,12.797,-12.7,-0.87,-11.23,0,0,DCHG, ,
13162.6,1,1,1,1,4,3150.0,-1,12.797,-12.7,-0.87,-11.25,0,0,DCHG, ,
13167.6,1,1,1,1,4,3155.0,-1,12.797,-12.7,-0.87,-11.27,0,0,DCHG, ,
13172.6,1,1,1,1,4,3160.0,-1,12.796,-12.7,-0.87,-11.29,0,0,DCHG, ,
13177.6,1,1,1,1,4,3165.0,-1,12.796,-12.7,-0.87,-11.3,0,0,DCHG, ,
13182.6,1,1,1,1,4,3170.0,-1,12.795,-12.7,-0.88,-11.32,0,0,DCHG, ,
13187.6,1,1,1,1,4,3175.0,-1,12.795,-12.7,-0.88,-11.34,0,0,DCHG, ,
13192.6,1,1,1,1,4,3180.0,-1,12.794,-12.7,-0.88,-11.36,0,0,DCHG, ,
13197.6,1,1,1,1,4,3185.0,-1,12.794,-12.7,-0.88,-11.37,0,0,DCHG, ,
13202.6,1,1,1,1,4,3190.0,-1,12.793,-12.7,-0.88,-11.39,0,0,DCHG, ,
13207.6,1,1,1,1,4,3195.0,-1,12.793,-12.7,-0.88,-11.41,0,0,DCHG, ,
13212.6,1,1,1,1,4,3200.0,-1,12.793,-12.7,-0.88,-11.43,0,0,DCHG, ,
13217.6,1,1,1,1,4,3205.0,-0.99,12.792,-12.6,-0.89,-11.44,0,0,DCHG, ,
13222.6,1,1,1,1,4,3210.0,-1,12.792,-12.7,-0.89,-11.46,0,0,DCHG, ,
13227.6,1,1,1,1,4,3215.0,-1,12.792,-12.7,-0.89,-11.48,0,0,DCHG, ,
13232.6,1,1,1,1,4,3220.0,-1,12.791,-12.7,-0.89,-11.5,0,0,DCHG, ,
13237.6,1,1,1,1,4,3225.0,-1,12.791,-12.7,-0.89,-11.51,0,0,DCHG, ,
13242.6,1,1,1,1,4,3230.0,-1,12.79,-12.7,-0.89,-11.53,0,0,DCHG, ,
13247.6,1,1,1,1,4,3235.0,-1,12.79,-12.7,-0.89,-11.55,0,0,DCHG, ,
13252.6,1,1,1,1,4,3240.0,-1,12.79,-12.7,-0.89,-11.57,0,0,DCHG, ,
13257.6,1,1,1,1,4,3245.0,-1,12.789,-12.7,-0.9,-11.59,0,0,DCHG, ,
13262.6,1,1,1,1,4,3250.0,-1,12.789,-12.7,-0.9,-11.6,0,0,DCHG, ,
13267.6,1,1,1,1,4,3255.0,-1,12.788,-12.7,-0.9,-11.62,0,0,DCHG, ,
13272.6,1,1,1,1,4,3260.0,-1,12.788,-12.7,-0.9,-11.64,0,0,DCHG, ,
13277.6,1,1,1,1,4,3265.0,-1,12.787,-12.7,-0.9,-11.66,0,0,DCHG, ,
13282.6,1,1,1,1,4,3270.0,-1,12.787,-12.7,-0.9,-11.67,0,0,DCHG, ,
13287.6,1,1,1,1,4,3275.0,-1,12.787,-12.7,-0.9,-11.69,0,0,DCHG, ,
13292.6,1,1,1,1,4,3280.0,-1,12.786,-12.7,-0.91,-11.71,0,0,DCHG, ,
13297.6,1,1,1,1,4,3285.0,-1,12.786,-12.7,-0.91,-11.73,0,0,DCHG, ,
13302.6,1,1,1,1,4,3290.0,-1,12.786,-12.7,-0.91,-11.74,0,0,DCHG, ,
13307.6,1,1,1,1,4,3295.0,-1,12.785,-12.7,-0.91,-11.76,0,0,DCHG, ,
13312.6,1,1,1,1,4,3300.0,-1,12.785,-12.7,-0.91,-11.78,0,0,DCHG, ,
13317.6,1,1,1,1,4,3305.0,-1,12.784,-12.7,-0.91,-11.8,0,0,DCHG, ,
13322.6,1,1,1,1,4,3310.0,-0.99,12.784,-12.7,-0.91,-11.81,0,0,DCHG, ,
13327.6,1,1,1,1,4,3315.0,-1,12.784,-12.7,-0.92,-11.83,0,0,DCHG, ,
13332.6,1,1,1,1,4,3320.0,-1,12.783,-12.7,-0.92,-11.85,0,0,DCHG, ,
13337.6,1,1,1,1,4,3325.0,-1,12.783,-12.7,-0.92,-11.87,0,0,DCHG, ,
13342.6,1,1,1,1,4,3330.0,-1,12.782,-12.7,-0.92,-11.89,0,0,DCHG, ,
13347.6,1,1,1,1,4,3335.0,-1,12.782,-12.7,-0.92,-11.9,0,0,DCHG, ,
13352.6,1,1,1,1,4,3340.0,-0.99,12.782,-12.7,-0.92,-11.92,0,0,DCHG, ,
13357.6,1,1,1,1,4,3345.0,-1,12.781,-12.7,-0.92,-11.94,0,0,DCHG, ,
13362.6,1,1,1,1,4,3350.0,-1,12.781,-12.7,-0.93,-11.96,0,0,DCHG, ,
13367.6,1,1,1,1,4,3355.0,-1,12.781,-12.7,-0.93,-11.97,0,0,DCHG, ,
13372.6,1,1,1,1,4,3360.0,-1,12.78,-12.7,-0.93,-11.99,0,0,DCHG, ,
13377.6,1,1,1,1,4,3365.0,-1,12.78,-12.7,-0.93,-12.01,0,0,DCHG, ,
13382.6,1,1,1,1,4,3370.0,-1,12.779,-12.7,-0.93,-12.03,0,0,DCHG, ,
13387.6,1,1,1,1,4,3375.0,-1,12.779,-12.7,-0.93,-12.04,0,0,DCHG, ,
13392.6,1,1,1,1,4,3380.0,-1,12.778,-12.7,-0.93,-12.06,0,0,DCHG, ,
13397.6,1,1,1,1,4,3385.0,-1,12.778,-12.7,-0.94,-12.08,0,0,DCHG, ,
13402.6,1,1,1,1,4,3390.0,-1,12.777,-12.7,-0.94,-12.1,0,0,DCHG, ,
13407.6,1,1,1,1,4,3395.0,-1,12.777,-12.7,-0.94,-12.11,0,0,DCHG, ,
13412.6,1,1,1,1,4,3400.0,-1,12.777,-12.7,-0.94,-12.13,0,0,DCHG, ,
13417.6,1,1,1,1,4,3405.0,-1,12.776,-12.7,-0.94,-12.15,0,0,DCHG, ,
13422.6,1,1,1,1,4,3410.0,-1,12.776,-12.7,-0.94,-12.17,0,0,DCHG, ,
13427.6,1,1,1,1,4,3415.0,-1,12.776,-12.7,-0.94,-12.19,0,0,DCHG, ,
13432.6,1,1,1,1,4,3420.0,-1,12.775,-12.7,-0.94,-12.2,0,0,DCHG, ,
13437.6,1,1,1,1,4,3425.0,-0.99,12.775,-12.7,-0.95,-12.22,0,0,DCHG, ,
13442.6,1,1,1,1,4,3430.0,-1,12.774,-12.7,-0.95,-12.24,0,0,DCHG, ,
13447.6,1,1,1,1,4,3435.0,-1,12.774,-12.7,-0.95,-12.26,0,0,DCHG, ,
13452.6,1,1,1,1,4,3440.0,-1,12.774,-12.7,-0.95,-12.27,0,0,DCHG, ,
13457.6,1,1,1,1,4,3445.0,-1,12.773,-12.7,-0.95,-12.29,0,0,DCHG, ,
13462.6,1,1,1,1,4,3450.0,-1,12.773,-12.7,-0.95,-12.31,0,0,DCHG, ,
13467.6,1,1,1,1,4,3455.0,-1,12.772,-12.7,-0.95,-12.33,0,0,DCHG, ,
13472.6,1,1,1,1,4,3460.0,-1,12.772,-12.7,-0.96,-12.34,0,0,DCHG, ,
13477.6,1,1,1,1,4,3465.0,-1,12.771,-12.7,-0.96,-12.36,0,0,DCHG, ,
13482.6,1,1,1,1,4,3470.0,-1,12.771,-12.7,-0.96,-12.38,0,0,DCHG, ,
13487.6,1,1,1,1,4,3475.0,-1,12.771,-12.7,-0.96,-12.4,0,0,DCHG, ,
13492.6,1,1,1,1,4,3480.0,-1,12.77,-12.7,-0.96,-12.41,0,0,DCHG, ,
13497.6,1,1,1,1,4,3485.0,-1,12.77,-12.7,-0.96,-12.43,0,0,DCHG, ,
13502.6,1,1,1,1,4,3490.0,-1,12.77,-12.7,-0.96,-12.45,0,0,DCHG, ,
13507.6,1,1,1,1,4,3495.0,-1,12.769,-12.7,-0.97,-12.47,0,0,DCHG, ,
13512.6,1,1,1,1,4,3500.0,-1,12.768,-12.7,-0.97,-12.49,0,0,DCHG, ,
13517.6,1,1,1,1,4,3505.0,-1,12.768,-12.7,-0.97,-12.5,0,0,DCHG, ,
13522.6,1,1,1,1,4,3510.0,-1,12.768,-12.7,-0.97,-12.52,0,0,DCHG, ,
13527.6,1,1,1,1,4,3515.0,-1,12.767,-12.7,-0.97,-12.54,0,0,DCHG, ,
13532.6,1,1,1,1,4,3520.0,-1,12.767,-12.7,-0.97,-12.56,0,0,DCHG, ,
13537.6,1,1,1,1,4,3525.0,-1,12.767,-12.7,-0.97,-12.57,0,0,DCHG, ,
13542.6,1,1,1,1,4,3530.0,-1,12.766,-12.7,-0.98,-12.59,0,0,DCHG, ,
13547.6,1,1,1,1,4,3535.0,-1,12.766,-12.7,-0.98,-12.61,0,0,DCHG, ,
13552.6,1,1,1,1,4,3540.0,-1,12.765,-12.7,-0.98,-12.63,0,0,DCHG, ,
13557.6,1,1,1,1,4,3545.0,-1,12.765,-12.7,-0.98,-12.64,0,0,DCHG, ,
13562.6,1,1,1,1,4,3550.0,-1,12.764,-12.7,-0.98,-12.66,0,0,DCHG, ,
13567.6,1,1,1,1,4,3555.0,-1,12.764,-12.7,-0.98,-12.68,0,0,DCHG, ,
13572.6,1,1,1,1,4,3560.0,-1,12.764,-12.7,-0.98,-12.7,0,0,DCHG, ,
13577.6,1,1,1,1,4,3565.0,-1,12.763,-12.7,-0.99,-12.71,0,0,DCHG, ,
13582.6,1,1,1,1,4,3570.0,-1,12.763,-12.7,-0.99,-12.73,0,0,DCHG, ,
13587.6,1,1,1,1,4,3575.0,-1,12.763,-12.7,-0.99,-12.75,0,0,DCHG, ,
13592.6,1,1,1,1,4,3580.0,-1,12.762,-12.7,-0.99,-12.77,0,0,DCHG, ,
13597.6,1,1,1,1,4,3585.0,-1,12.762,-12.7,-0.99,-12.78,0,0,DCHG, ,
13602.6,1,1,1,1,4,3590.0,-1,12.762,-12.7,-0.99,-12.8,0,0,DCHG, ,
13607.6,1,1,1,1,4,3595.0,-1,12.761,-12.7,-0.99,-12.82,0,0,DCHG, ,
13612.6,1,1,1,1,4,3600.0,-1,12.76,-12.7,-0.99,-12.84,0,0,DCHG, ,
13617.6,1,1,1,1,4,3605.0,-1,12.76,-12.7,-1,-12.86,0,0,DCHG, ,
13622.6,1,1,1,1,4,3610.0,-1,12.759,-12.7,-1,-12.87,0,0,DCHG, ,
13627.6,1,1,1,1,4,3615.0,-1,12.759,-12.7,-1,-12.89,0,0,DCHG, ,
13632.6,1,1,1,1,4,3620.0,-1,12.759,-12.7,-1,-12.91,0,0,DCHG, ,
13637.6,1,1,1,1,4,3625.0,-1,12.758,-12.7,-1,-12.93,0,0,DCHG, ,
13642.6,1,1,1,1,4,3630.0,-1,12.758,-12.7,-1,-12.94,0,0,DCHG, ,
13647.6,1,1,1,1,4,3635.0,-1,12.758,-12.7,-1,-12.96,0,0,DCHG, ,
13652.6,1,1,1,1,4,3640.0,-1,12.757,-12.7,-1.01,-12.98,0,0,DCHG, ,
13657.6,1,1,1,1,4,3645.0,-1,12.757,-12.7,-1.01,-13,0,0,DCHG, ,
13662.6,1,1,1,1,4,3650.0,-1,12.756,-12.7,-1.01,-13.01,0,0,DCHG, ,
13667.6,1,1,1,1,4,3655.0,-1,12.756,-12.7,-1.01,-13.03,0,0,DCHG, ,
13672.6,1,1,1,1,4,3660.0,-1,12.756,-12.7,-1.01,-13.05,0,0,DCHG, ,
13677.6,1,1,1,1,4,3665.0,-1,12.755,-12.7,-1.01,-13.07,0,0,DCHG, ,
13682.6,1,1,1,1,4,3670.0,-1,12.755,-12.7,-1.01,-13.08,0,0,DCHG, ,
13687.6,1,1,1,1,4,3675.0,-1,12.754,-12.7,-1.02,-13.1,0,0,DCHG, ,
13692.6,1,1,1,1,4,3680.0,-1,12.754,-12.7,-1.02,-13.12,0,0,DCHG, ,
13697.6,1,1,1,1,4,3685.0,-1,12.754,-12.7,-1.02,-13.14,0,0,DCHG, ,
13702.6,1,1,1,1,4,3690.0,-1,12.753,-12.7,-1.02,-13.16,0,0,DCHG, ,
13707.6,1,1,1,1,4,3695.0,-1,12.753,-12.7,-1.02,-13.17,0,0,DCHG, ,
13712.6,1,1,1,1,4,3700.0,-1,12.753,-12.7,-1.02,-13.19,0,0,DCHG, ,
13717.6,1,1,1,1,4,3705.0,-1,12.752,-12.7,-1.02,-13.21,0,0,DCHG, ,
13722.6,1,1,1,1,4,3710.0,-1,12.751,-12.7,-1.03,-13.23,0,0,DCHG, ,
13727.6,1,1,1,1,4,3715.0,-1,12.751,-12.7,-1.03,-13.24,0,0,DCHG, ,
13732.6,1,1,1,1,4,3720.0,-1,12.751,-12.7,-1.03,-13.26,0,0,DCHG, ,
13737.6,1,1,1,1,4,3725.0,-1,12.75,-12.7,-1.03,-13.28,0,0,DCHG, ,
13742.6,1,1,1,1,4,3730.0,-1,12.75,-12.7,-1.03,-13.3,0,0,DCHG, ,
13747.6,1,1,1,1,4,3735.0,-1,12.75,-12.7,-1.03,-13.31,0,0,DCHG, ,
13752.6,1,1,1,1,4,3740.0,-1,12.749,-12.7,-1.03,-13.33,0,0,DCHG, ,
13757.6,1,1,1,1,4,3745.0,-1,12.749,-12.7,-1.04,-13.35,0,0,DCHG, ,
13762.6,1,1,1,1,4,3750.0,-1,12.748,-12.7,-1.04,-13.37,0,0,DCHG, ,
13767.6,1,1,1,1,4,3755.0,-1,12.748,-12.7,-1.04,-13.38,0,0,DCHG, ,
13772.6,1,1,1,1,4,3760.0,-1,12.747,-12.7,-1.04,-13.4,0,0,DCHG, ,
13777.6,1,1,1,1,4,3765.0,-1,12.747,-12.7,-1.04,-13.42,0,0,DCHG, ,
13782.6,1,1,1,1,4,3770.0,-1,12.746,-12.7,-1.04,-13.44,0,0,DCHG, ,
13787.6,1,1,1,1,4,3775.0,-1,12.746,-12.7,-1.04,-13.46,0,0,DCHG, ,
13792.6,1,1,1,1,4,3780.0,-1,12.746,-12.7,-1.04,-13.47,0,0,DCHG, ,
13797.6,1,1,1,1,4,3785.0,-1,12.746,-12.7,-1.05,-13.49,0,0,DCHG, ,
13802.6,1,1,1,1,4,3790.0,-1,12.745,-12.7,-1.05,-13.51,0,0,DCHG, ,
13807.6,1,1,1,1,4,3795.0,-1,12.745,-12.7,-1.05,-13.53,0,0,DCHG, ,
13812.6,1,1,1,1,4,3800.0,-1,12.744,-12.7,-1.05,-13.54,0,0,DCHG, ,
13817.6,1,1,1,1,4,3805.0,-1,12.744,-12.7,-1.05,-13.56,0,0,DCHG, ,
13822.6,1,1,1,1,4,3810.0,-1,12.744,-12.7,-1.05,-13.58,0,0,DCHG, ,
13827.6,1,1,1,1,4,3815.0,-1,12.743,-12.7,-1.05,-13.6,0,0,DCHG, ,
13832.6,1,1,1,1,4,3820.0,-1,12.743,-12.7,-1.06,-13.61,0,0,DCHG, ,
13837.6,1,1,1,1,4,3825.0,-0.99,12.742,-12.6,-1.06,-13.63,0,0,DCHG, ,
13842.6,1,1,1,1,4,3830.0,-1,12.742,-12.7,-1.06,-13.65,0,0,DCHG, ,
13847.6,1,1,1,1,4,3835.0,-0.99,12.741,-12.6,-1.06,-13.67,0,0,DCHG, ,
13852.6,1,1,1,1,4,3840.0,-1,12.741,-12.7,-1.06,-13.68,0,0,DCHG, ,
13857.6,1,1,1,1,4,3845.0,-1,12.74,-12.7,-1.06,-13.7,0,0,DCHG, ,
13862.6,1,1,1,1,4,3850.0,-1,12.74,-12.7,-1.06,-13.72,0,0,DCHG, ,
13867.6,1,1,1,1,4,3855.0,-1,12.74,-12.7,-1.07,-13.74,0,0,DCHG, ,
13872.6,1,1,1,1,4,3860.0,-1,12.739,-12.7,-1.07,-13.75,0,0,DCHG, ,
13877.6,1,1,1,1,4,3865.0,-0.99,12.739,-12.6,-1.07,-13.77,0,0,DCHG, ,
13882.6,1,1,1,1,4,3870.0,-1,12.738,-12.7,-1.07,-13.79,0,0,DCHG, ,
13887.6,1,1,1,1,4,3875.0,-1,12.738,-12.7,-1.07,-13.81,0,0,DCHG, ,
13892.6,1,1,1,1,4,3880.0,-1,12.738,-12.7,-1.07,-13.83,0,0,DCHG, ,
13897.6,1,1,1,1,4,3885.0,-1,12.737,-12.7,-1.07,-13.84,0,0,DCHG, ,
13902.6,1,1,1,1,4,3890.0,-1,12.737,-12.7,-1.08,-13.86,0,0,DCHG, ,
13907.6,1,1,1,1,4,3895.0,-1,12.736,-12.7,-1.08,-13.88,0,0,DCHG, ,
13912.6,1,1,1,1,4,3900.0,-1,12.736,-12.7,-1.08,-13.9,0,0,DCHG, ,
13917.6,1,1,1,1,4,3905.0,-1,12.735,-12.7,-1.08,-13.91,0,0,DCHG, ,
13922.6,1,1,1,1,4,3910.0,-1,12.735,-12.7,-1.08,-13.93,0,0,DCHG, ,
13927.6,1,1,1,1,4,3915.0,-1,12.734,-12.6,-1.08,-13.95,0,0,DCHG, ,
13932.6,1,1,1,1,4,3920.0,-1,12.734,-12.7,-1.08,-13.97,0,0,DCHG, ,
13937.6,1,1,1,1,4,3925.0,-1,12.734,-12.7,-1.09,-13.98,0,0,DCHG, ,
13942.6,1,1,1,1,4,3930.0,-1,12.733,-12.7,-1.09,-14,0,0,DCHG, ,
13947.6,1,1,1,1,4,3935.0,-1,12.733,-12.7,-1.09,-14.02,0,0,DCHG, ,
13952.6,1,1,1,1,4,3940.0,-1,12.733,-12.7,-1.09,-14.04,0,0,DCHG, ,
13957.6,1,1,1,1,4,3945.0,-1,12.732,-12.7,-1.09,-14.05,0,0,DCHG, ,
13962.6,1,1,1,1,4,3950.0,-1,12.732,-12.7,-1.09,-14.07,0,0,DCHG, ,
13967.6,1,1,1,1,4,3955.0,-1,12.731,-12.7,-1.09,-14.09,0,0,DCHG, ,
13972.6,1,1,1,1,4,3960.0,-1,12.731,-12.7,-1.09,-14.11,0,0,DCHG, ,
13977.6,1,1,1,1,4,3965.0,-1,12.731,-12.7,-1.1,-14.13,0,0,DCHG, ,
13982.6,1,1,1,1,4,3970.0,-1,12.73,-12.7,-1.1,-14.14,0,0,DCHG, ,
13987.6,1,1,1,1,4,3975.0,-1,12.729,-12.7,-1.1,-14.16,0,0,DCHG, ,
13992.6,1,1,1,1,4,3980.0,-1,12.729,-12.7,-1.1,-14.18,0,0,DCHG, ,
13997.6,1,1,1,1,4,3985.0,-1,12.729,-12.7,-1.1,-14.2,0,0,DCHG, ,
14002.6,1,1,1,1,4,3990.0,-1,12.728,-12.7,-1.1,-14.21,0,0,DCHG, ,
14007.6,1,1,1,1,4,3995.0,-1,12.728,-12.7,-1.1,-14.23,0,0,DCHG, ,
14012.6,1,1,1,1,4,4000.0,-1,12.727,-12.7,-1.11,-14.25,0,0,DCHG, ,
14017.6,1,1,1,1,4,4005.0,-1,12.727,-12.7,-1.11,-14.27,0,0,DCHG, ,
14022.6,1,1,1,1,4,4010.0,-1,12.727,-12.6,-1.11,-14.28,0,0,DCHG, ,
14027.6,1,1,1,1,4,4015.0,-1,12.726,-12.6,-1.11,-14.3,0,0,DCHG, ,
14032.6,1,1,1,1,4,4020.0,-1,12.726,-12.7,-1.11,-14.32,0,0,DCHG, ,
14037.6,1,1,1,1,4,4025.0,-1,12.726,-12.6,-1.11,-14.34,0,0,DCHG, ,
14042.6,1,1,1,1,4,4030.0,-1,12.725,-12.6,-1.11,-14.35,0,0,DCHG, ,
14047.6,1,1,1,1,4,4035.0,-1,12.725,-12.6,-1.12,-14.37,0,0,DCHG, ,
14052.6,1,1,1,1,4,4040.0,-1,12.725,-12.7,-1.12,-14.39,0,0,DCHG, ,
14057.6,1,1,1,1,4,4045.0,-1,12.724,-12.7,-1.12,-14.41,0,0,DCHG, ,
14062.6,1,1,1,1,4,4050.0,-1,12.724,-12.7,-1.12,-14.42,0,0,DCHG, ,
14067.6,1,1,1,1,4,4055.0,-1,12.723,-12.7,-1.12,-14.44,0,0,DCHG, ,
14072.6,1,1,1,1,4,4060.0,-1,12.723,-12.6,-1.12,-14.46,0,0,DCHG, ,
14077.6,1,1,1,1,4,4065.0,-1,12.722,-12.6,-1.12,-14.48,0,0,DCHG, ,
14082.6,1,1,1,1,4,4070.0,-1,12.722,-12.7,-1.13,-14.49,0,0,DCHG, ,
14087.6,1,1,1,1,4,4075.0,-1,12.721,-12.7,-1.13,-14.51,0,0,DCHG, ,
14092.6,1,1,1,1,4,4080.0,-1,12.721,-12.6,-1.13,-14.53,0,0,DCHG, ,
14097.6,1,1,1,1,4,4085.0,-1,12.72,-12.6,-1.13,-14.55,0,0,DCHG, ,
14102.6,1,1,1,1,4,4090.0,-1,12.72,-12.7,-1.13,-14.56,0,0,DCHG, ,
14107.6,1,1,1,1,4,4095.0,-1,12.72,-12.6,-1.13,-14.58,0,0,DCHG, ,
14112.6,1,1,1,1,4,4100.0,-1,12.719,-12.7,-1.13,-14.6,0,0,DCHG, ,
14117.6,1,1,1,1,4,4105.0,-1,12.719,-12.6,-1.14,-14.62,0,0,DCHG, ,
14122.6,1,1,1,1,4,4110.0,-1,12.718,-12.6,-1.14,-14.63,0,0,DCHG, ,
14127.6,1,1,1,1,4,4115.0,-1,12.718,-12.7,-1.14,-14.65,0,0,DCHG, ,
14132.6,1,1,1,1,4,4120.0,-1,12.718,-12.6,-1.14,-14.67,0,0,DCHG, ,
14137.6,1,1,1,1,4,4125.0,-1,12.717,-12.7,-1.14,-14.69,0,0,DCHG, ,
14142.6,1,1,1,1,4,4130.0,-1,12.717,-12.6,-1.14,-14.71,0,0,DCHG, ,
14147.6,1,1,1,1,4,4135.0,-1,12.716,-12.6,-1.14,-14.72,0,0,DCHG, ,
14152.6,1,1,1,1,4,4140.0,-1,12.716,-12.6,-1.14,-14.74,0,0,DCHG, ,
14157.6,1,1,1,1,4,4145.0,-1,12.715,-12.7,-1.15,-14.76,0,0,DCHG, ,
14162.6,1,1,1,1,4,4150.0,-1,12.715,-12.6,-1.15,-14.78,0,0,DCHG, ,
14167.6,1,1,1,1,4,4155.0,-1,12.715,-12.6,-1.15,-14.79,0,0,DCHG, ,
14172.6,1,1,1,1,4,4160.0,-1,12.714,-12.6,-1.15,-14.81,0,0,DCHG, ,
14177.6,1,1,1,1,4,4165.0,-1,12.714,-12.6,-1.15,-14.83,0,0,DCHG, ,
14182.6,1,1,1,1,4,4170.0,-1,12.714,-12.7,-1.15,-14.85,0,0,DCHG, ,
14187.6,1,1,1,1,4,4175.0,-1,12.713,-12.6,-1.15,-14.86,0,0,DCHG, ,
14192.6,1,1,1,1,4,4180.0,-1,12.712,-12.7,-1.16,-14.88,0,0,DCHG, ,
14197.6,1,1,1,1,4,4185.0,-1,12.712,-12.6,-1.16,-14.9,0,0,DCHG, ,
14202.6,1,1,1,1,4,4190.0,-1,12.712,-12.7,-1.16,-14.92,0,0,DCHG, ,
14207.6,1,1,1,1,4,4195.0,-1,12.712,-12.7,-1.16,-14.93,0,0,DCHG, ,
14212.6,1,1,1,1,4,4200.0,-1,12.711,-12.6,-1.16,-14.95,0,0,DCHG, ,
14217.6,1,1,1,1,4,4205.0,-1,12.711,-12.6,-1.16,-14.97,0,0,DCHG, ,
14222.6,1,1,1,1,4,4210.0,-1,12.71,-12.6,-1.16,-14.99,0,0,DCHG, ,
14227.6,1,1,1,1,4,4215.0,-1,12.71,-12.6,-1.17,-15,0,0,DCHG, ,
14232.6,1,1,1,1,4,4220.0,-1,12.709,-12.7,-1.17,-15.02,0,0,DCHG, ,
14237.6,1,1,1,1,4,4225.0,-1,12.709,-12.7,-1.17,-15.04,0,0,DCHG, ,
14242.6,1,1,1,1,4,4230.0,-1,12.708,-12.6,-1.17,-15.06,0,0,DCHG, ,
14247.6,1,1,1,1,4,4235.0,-1,12.708,-12.6,-1.17,-15.07,0,0,DCHG, ,
14252.6,1,1,1,1,4,4240.0,-1,12.707,-12.6,-1.17,-15.09,0,0,DCHG, ,
14257.6,1,1,1,1,4,4245.0,-1,12.707,-12.7,-1.17,-15.11,0,0,DCHG, ,
14262.6,1,1,1,1,4,4250.0,-1,12.707,-12.6,-1.18,-15.13,0,0,DCHG, ,
14267.6,1,1,1,1,4,4255.0,-1,12.706,-12.6,-1.18,-15.14,0,0,DCHG, ,
14272.6,1,1,1,1,4,4260.0,-1,12.706,-12.7,-1.18,-15.16,0,0,DCHG, ,
14277.6,1,1,1,1,4,4265.0,-1,12.705,-12.6,-1.18,-15.18,0,0,DCHG, ,
14282.6,1,1,1,1,4,4270.0,-1,12.705,-12.7,-1.18,-15.2,0,0,DCHG, ,
14287.6,1,1,1,1,4,4275.0,-1,12.705,-12.6,-1.18,-15.21,0,0,DCHG, ,
14292.6,1,1,1,1,4,4280.0,-1,12.704,-12.7,-1.18,-15.23,0,0,DCHG, ,
14297.6,1,1,1,1,4,4285.0,-1,12.704,-12.6,-1.19,-15.25,0,0,DCHG, ,
14302.6,1,1,1,1,4,4290.0,-1,12.703,-12.7,-1.19,-15.27,0,0,DCHG, ,
14307.6,1,1,1,1,4,4295.0,-1,12.703,-12.7,-1.19,-15.28,0,0,DCHG, ,
14312.6,1,1,1,1,4,4300.0,-1,12.702,-12.7,-1.19,-15.3,0,0,DCHG, ,
14317.6,1,1,1,1,4,4305.0,-1,12.702,-12.7,-1.19,-15.32,0,0,DCHG, ,
14322.6,1,1,1,1,4,4310.0,-1,12.702,-12.7,-1.19,-15.34,0,0,DCHG, ,
14327.6,1,1,1,1,4,4315.0,-1,12.701,-12.7,-1.19,-15.35,0,0,DCHG, ,
14332.6,1,1,1,1,4,4320.0,-1,12.701,-12.7,-1.19,-15.37,0,0,DCHG, ,
14337.6,1,1,1,1,4,4325.0,-1,12.7,-12.6,-1.2,-15.39,0,0,DCHG, ,
14342.6,1,1,1,1,4,4330.0,-1,12.7,-12.6,-1.2,-15.41,0,0,DCHG, ,
14347.6,1,1,1,1,4,4335.0,-1,12.7,-12.6,-1.2,-15.42,0,0,DCHG, ,
14352.6,1,1,1,1,4,4340.0,-1,12.699,-12.6,-1.2,-15.44,0,0,DCHG, ,
14357.6,1,1,1,1,4,4345.0,-1,12.699,-12.6,-1.2,-15.46,0,0,DCHG, ,
14362.6,1,1,1,1,4,4350.0,-1,12.698,-12.6,-1.2,-15.48,0,0,DCHG, ,
14367.6,1,1,1,1,4,4355.0,-1,12.698,-12.6,-1.2,-15.49,0,0,DCHG, ,
14372.6,1,1,1,1,4,4360.0,-1,12.697,-12.6,-1.21,-15.51,0,0,DCHG, ,
14377.6,1,1,1,1,4,4365.0,-1,12.697,-12.6,-1.21,-15.53,0,0,DCHG, ,
14382.6,1,1,1,1,4,4370.0,-1,12.696,-12.6,-1.21,-15.55,0,0,DCHG, ,
14387.6,1,1,1,1,4,4375.0,-1,12.696,-12.6,-1.21,-15.56,0,0,DCHG, ,
14392.6,1,1,1,1,4,4380.0,-1,12.696,-12.6,-1.21,-15.58,0,0,DCHG, ,
14397.6,1,1,1,1,4,4385.0,-1,12.695,-12.6,-1.21,-15.6,0,0,DCHG, ,
14402.6,1,1,1,1,4,4390.0,-1,12.695,-12.6,-1.21,-15.62,0,0,DCHG, ,
14407.6,1,1,1,1,4,4395.0,-1,12.695,-12.6,-1.22,-15.63,0,0,DCHG, ,
14412.6,1,1,1,1,4,4400.0,-1,12.694,-12.6,-1.22,-15.65,0,0,DCHG, ,
14417.6,1,1,1,1,4,4405.0,-1,12.693,-12.6,-1.22,-15.67,0,0,DCHG, ,
14422.6,1,1,1,1,4,4410.0,-1,12.693,-12.6,-1.22,-15.69,0,0,DCHG, ,
14427.6,1,1,1,1,4,4415.0,-1,12.693,-12.6,-1.22,-15.7,0,0,DCHG, ,
14432.6,1,1,1,1,4,4420.0,-1,12.692,-12.6,-1.22,-15.72,0,0,DCHG, ,
14437.6,1,1,1,1,4,4425.0,-1,12.692,-12.6,-1.22,-15.74,0,0,DCHG, ,
14442.6,1,1,1,1,4,4430.0,-1,12.692,-12.6,-1.23,-15.76,0,0,DCHG, ,
14447.6,1,1,1,1,4,4435.0,-1,12.692,-12.6,-1.23,-15.77,0,0,DCHG, ,
14452.6,1,1,1,1,4,4440.0,-1,12.691,-12.6,-1.23,-15.79,0,0,DCHG, ,
14457.6,1,1,1,1,4,4445.0,-1,12.69,-12.6,-1.23,-15.81,0,0,DCHG, ,
14462.6,1,1,1,1,4,4450.0,-1,12.69,-12.6,-1.23,-15.83,0,0,DCHG, ,
14467.6,1,1,1,1,4,4455.0,-1,12.69,-12.6,-1.23,-15.84,0,0,DCHG, ,
14472.6,1,1,1,1,4,4460.0,-1,12.689,-12.6,-1.23,-15.86,0,0,DCHG, ,
14477.6,1,1,1,1,4,4465.0,-1,12.689,-12.6,-1.24,-15.88,0,0,DCHG, ,
14482.6,1,1,1,1,4,4470.0,-1,12.689,-12.6,-1.24,-15.9,0,0,DCHG, ,
14487.6,1,1,1,1,4,4475.0,-1,12.688,-12.6,-1.24,-15.91,0,0,DCHG, ,
14492.6,1,1,1,1,4,4480.0,-1,12.687,-12.6,-1.24,-15.93,0,0,DCHG, ,
14497.6,1,1,1,1,4,4485.0,-1,12.687,-12.6,-1.24,-15.95,0,0,DCHG, ,
14502.6,1,1,1,1,4,4490.0,-1,12.687,-12.6,-1.24,-15.97,0,0,DCHG, ,
14507.6,1,1,1,1,4,4495.0,-1,12.686,-12.6,-1.24,-15.98,0,0,DCHG, ,
14512.6,1,1,1,1,4,4500.0,-1,12.686,-12.6,-1.24,-16,0,0,DCHG, ,
14517.6,1,1,1,1,4,4505.0,-1,12.685,-12.6,-1.25,-16.02,0,0,DCHG, ,
14522.6,1,1,1,1,4,4510.0,-1,12.685,-12.6,-1.25,-16.04,0,0,DCHG, ,
14527.6,1,1,1,1,4,4515.0,-1,12.684,-12.6,-1.25,-16.05,0,0,DCHG, ,
14532.6,1,1,1,1,4,4520.0,-1,12.684,-12.6,-1.25,-16.07,0,0,DCHG, ,
14537.6,1,1,1,1,4,4525.0,-1,12.684,-12.6,-1.25,-16.09,0,0,DCHG, ,
14542.6,1,1,1,1,4,4530.0,-1,12.683,-12.6,-1.25,-16.11,0,0,DCHG, ,
14547.6,1,1,1,1,4,4535.0,-1,12.682,-12.6,-1.25,-16.12,0,0,DCHG, ,
14552.6,1,1,1,1,4,4540.0,-1,12.682,-12.6,-1.26,-16.14,0,0,DCHG, ,
14557.6,1,1,1,1,4,4545.0,-1,12.682,-12.6,-1.26,-16.16,0,0,DCHG, ,
14562.6,1,1,1,1,4,4550.0,-1,12.681,-12.6,-1.26,-16.18,0,0,DCHG, ,
14567.6,1,1,1,1,4,4555.0,-1,12.681,-12.6,-1.26,-16.19,0,0,DCHG, ,
14572.6,1,1,1,1,4,4560.0,-1,12.68,-12.6,-1.26,-16.21,0,0,DCHG, ,
14577.6,1,1,1,1,4,4565.0,-1,12.68,-12.6,-1.26,-16.23,0,0,DCHG, ,
14582.6,1,1,1,1,4,4570.0,-1,12.68,-12.6,-1.26,-16.25,0,0,DCHG, ,
14587.6,1,1,1,1,4,4575.0,-1,12.679,-12.6,-1.27,-16.26,0,0,DCHG, ,
14592.6,1,1,1,1,4,4580.0,-1,12.679,-12.6,-1.27,-16.28,0,0,DCHG, ,
14597.6,1,1,1,1,4,4585.0,-1,12.678,-12.6,-1.27,-16.3,0,0,DCHG, ,
14602.6,1,1,1,1,4,4590.0,-1,12.678,-12.6,-1.27,-16.32,0,0,DCHG, ,
14607.6,1,1,1,1,4,4595.0,-1,12.678,-12.6,-1.27,-16.33,0,0,DCHG, ,
14612.6,1,1,1,1,4,4600.0,-1,12.677,-12.6,-1.27,-16.35,0,0,DCHG, ,
14617.6,1,1,1,1,4,4605.0,-1,12.676,-12.6,-1.27,-16.37,0,0,DCHG, ,
14622.6,1,1,1,1,4,4610.0,-1,12.676,-12.6,-1.28,-16.39,0,0,DCHG, ,
14627.6,1,1,1,1,4,4615.0,-1,12.676,-12.6,-1.28,-16.4,0,0,DCHG, ,
14632.6,1,1,1,1,4,4620.0,-1,12.675,-12.6,-1.28,-16.42,0,0,DCHG, ,
14637.6,1,1,1,1,4,4625.0,-1,12.675,-12.6,-1.28,-16.44,0,0,DCHG, ,
14642.6,1,1,1,1,4,4630.0,-1,12.674,-12.6,-1.28,-16.46,0,0,DCHG, ,
14647.6,1,1,1,1,4,4635.0,-1,12.674,-12.6,-1.28,-16.47,0,0,DCHG, ,
14652.6,1,1,1,1,4,4640.0,-1,12.673,-12.6,-1.28,-16.49,0,0,DCHG, ,
14657.6,1,1,1,1,4,4645.0,-1,12.673,-12.6,-1.28,-16.51,0,0,DCHG, ,
14662.6,1,1,1,1,4,4650.0,-1,12.672,-12.6,-1.29,-16.53,0,0,DCHG, ,
14667.6,1,1,1,1,4,4655.0,-1,12.672,-12.6,-1.29,-16.54,0,0,DCHG, ,
14672.6,1,1,1,1,4,4660.0,-1,12.672,-12.6,-1.29,-16.56,0,0,DCHG, ,
14677.6,1,1,1,1,4,4665.0,-1,12.672,-12.6,-1.29,-16.58,0,0,DCHG, ,
14682.6,1,1,1,1,4,4670.0,-1,12.671,-12.6,-1.29,-16.6,0,0,DCHG, ,
14687.6,1,1,1,1,4,4675.0,-1,12.671,-12.6,-1.29,-16.61,0,0,DCHG, ,
14692.6,1,1,1,1,4,4680.0,-1,12.67,-12.6,-1.29,-16.63,0,0,DCHG, ,
14697.6,1,1,1,1,4,4685.0,-1,12.67,-12.6,-1.3,-16.65,0,0,DCHG, ,
14702.6,1,1,1,1,4,4690.0,-1,12.669,-12.6,-1.3,-16.67,0,0,DCHG, ,
14707.6,1,1,1,1,4,4695.0,-1,12.669,-12.6,-1.3,-16.68,0,0,DCHG, ,
14712.6,1,1,1,1,4,4700.0,-1,12.668,-12.6,-1.3,-16.7,0,0,DCHG, ,
14717.6,1,1,1,1,4,4705.0,-1,12.668,-12.6,-1.3,-16.72,0,0,DCHG, ,
14721.5,1,1,1,1,4,4708.9,-0.01,12.782,-0.1,-1.3,-16.73,0,0,DCHG,Z,
14722.6,1,1,1,1,4,4710.0,-1,12.72,-12.7,-1.3,-16.74,0,0,DCHG, ,
14727.6,1,1,1,1,4,4715.0,-1,12.688,-12.6,-1.3,-16.75,0,0,DCHG, ,
14732.6,1,1,1,1,4,4720.0,-1,12.677,-12.6,-1.31,-16.77,0,0,DCHG, ,
14737.6,1,1,1,1,4,4725.0,-1,12.672,-12.6,-1.31,-16.79,0,0,DCHG, ,
14742.6,1,1,1,1,4,4730.0,-1,12.669,-12.6,-1.31,-16.81,0,0,DCHG, ,
14747.6,1,1,1,1,4,4735.0,-1,12.667,-12.6,-1.31,-16.82,0,0,DCHG, ,
14752.6,1,1,1,1,4,4740.0,-1,12.666,-12.6,-1.31,-16.84,0,0,DCHG, ,
14757.6,1,1,1,1,4,4745.0,-1,12.666,-12.6,-1.31,-16.86,0,0,DCHG, ,
14762.6,1,1,1,1,4,4750.0,-1,12.665,-12.6,-1.31,-16.88,0,0,DCHG, ,
14767.6,1,1,1,1,4,4755.0,-1,12.665,-12.6,-1.32,-16.89,0,0,DCHG, ,
14772.6,1,1,1,1,4,4760.0,-1,12.664,-12.6,-1.32,-16.91,0,0,DCHG, ,
14777.6,1,1,1,1,4,4765.0,-1,12.663,-12.6,-1.32,-16.93,0,0,DCHG, ,
14782.6,1,1,1,1,4,4770.0,-1,12.663,-12.6,-1.32,-16.95,0,0,DCHG, ,
14787.6,1,1,1,1,4,4775.0,-1,12.662,-12.6,-1.32,-16.96,0,0,DCHG, ,
14792.6,1,1,1,1,4,4780.0,-1,12.662,-12.6,-1.32,-16.98,0,0,DCHG, ,
14797.6,1,1,1,1,4,4785.0,-1,12.661,-12.6,-1.32,-17,0,0,DCHG, ,
14802.6,1,1,1,1,4,4790.0,-1,12.661,-12.6,-1.33,-17.02,0,0,DCHG, ,
14807.6,1,1,1,1,4,4795.0,-1,12.66,-12.6,-1.33,-17.03,0,0,DCHG, ,
14812.6,1,1,1,1,4,4800.0,-1,12.66,-12.6,-1.33,-17.05,0,0,DCHG, ,
14817.6,1,1,1,1,4,4805.0,-1,12.66,-12.6,-1.33,-17.07,0,0,DCHG, ,
14822.6,1,1,1,1,4,4810.0,-1,12.659,-12.6,-1.33,-17.09,0,0,DCHG, ,
14827.6,1,1,1,1,4,4815.0,-1,12.659,-12.6,-1.33,-17.1,0,0,DCHG, ,
14832.6,1,1,1,1,4,4820.0,-1,12.659,-12.6,-1.33,-17.12,0,0,DCHG, ,
14837.6,1,1,1,1,4,4825.0,-1,12.658,-12.6,-1.33,-17.14,0,0,DCHG, ,
14842.6,1,1,1,1,4,4830.0,-1,12.658,-12.6,-1.34,-17.16,0,0,DCHG, ,
14847.6,1,1,1,1,4,4835.0,-1,12.657,-12.6,-1.34,-17.17,0,0,DCHG, ,
14852.6,1,1,1,1,4,4840.0,-1,12.657,-12.6,-1.34,-17.19,0,0,DCHG, ,
14857.6,1,1,1,1,4,4845.0,-1,12.656,-12.6,-1.34,-17.21,0,0,DCHG, ,
14862.6,1,1,1,1,4,4850.0,-1,12.656,-12.6,-1.34,-17.23,0,0,DCHG, ,
14867.6,1,1,1,1,4,4855.0,-1,12.655,-12.6,-1.34,-17.24,0,0,DCHG, ,
14872.6,1,1,1,1,4,4860.0,-1,12.655,-12.6,-1.34,-17.26,0,0,DCHG, ,
14877.6,1,1,1,1,4,4865.0,-1,12.654,-12.6,-1.35,-17.28,0,0,DCHG, ,
14882.6,1,1,1,1,4,4870.0,-1,12.654,-12.6,-1.35,-17.3,0,0,DCHG, ,
14887.6,1,1,1,1,4,4875.0,-1,12.653,-12.6,-1.35,-17.31,0,0,DCHG, ,
14892.6,1,1,1,1,4,4880.0,-1,12.653,-12.6,-1.35,-17.33,0,0,DCHG, ,
14897.6,1,1,1,1,4,4885.0,-0.99,12.653,-12.5,-1.35,-17.35,0,0,DCHG, ,
14902.6,1,1,1,1,4,4890.0,-1,12.653,-12.6,-1.35,-17.37,0,0,DCHG, ,
14907.6,1,1,1,1,4,4895.0,-1,12.652,-12.6,-1.35,-17.38,0,0,DCHG, ,
14912.6,1,1,1,1,4,4900.0,-0.99,12.652,-12.5,-1.36,-17.4,0,0,DCHG, ,
14917.6,1,1,1,1,4,4905.0,-1,12.651,-12.6,-1.36,-17.42,0,0,DCHG, ,
14922.6,1,1,1,1,4,4910.0,-1,12.65,-12.6,-1.36,-17.44,0,0,DCHG, ,
14927.6,1,1,1,1,4,4915.0,-1,12.65,-12.6,-1.36,-17.45,0,0,DCHG, ,
14932.6,1,1,1,1,4,4920.0,-1,12.65,-12.6,-1.36,-17.47,0,0,DCHG, ,
14937.6,1,1,1,1,4,4925.0,-1,12.649,-12.6,-1.36,-17.49,0,0,DCHG, ,
14942.6,1,1,1,1,4,4930.0,-1,12.649,-12.6,-1.36,-17.51,0,0,DCHG, ,
14947.6,1,1,1,1,4,4935.0,-1,12.648,-12.6,-1.37,-17.52,0,0,DCHG, ,
14952.6,1,1,1,1,4,4940.0,-1,12.648,-12.6,-1.37,-17.54,0,0,DCHG, ,
14957.6,1,1,1,1,4,4945.0,-1,12.648,-12.6,-1.37,-17.56,0,0,DCHG, ,
14962.6,1,1,1,1,4,4950.0,-1,12.647,-12.6,-1.37,-17.58,0,0,DCHG, ,
14967.6,1,1,1,1,4,4955.0,-1,12.647,-12.6,-1.37,-17.59,0,0,DCHG, ,
14972.6,1,1,1,1,4,4960.0,-1,12.647,-12.6,-1.37,-17.61,0,0,DCHG, ,
14977.6,1,1,1,1,4,4965.0,-1,12.646,-12.6,-1.37,-17.63,0,0,DCHG, ,
14982.6,1,1,1,1,4,4970.0,-1,12.645,-12.6,-1.38,-17.65,0,0,DCHG, ,
14987.6,1,1,1,1,4,4975.0,-1,12.645,-12.6,-1.38,-17.66,0,0,DCHG, ,
14992.6,1,1,1,1,4,4980.0,-1,12.645,-12.6,-1.38,-17.68,0,0,DCHG, ,
14997.6,1,1,1,1,4,4985.0,-1,12.644,-12.6,-1.38,-17.7,0,0,DCHG, ,
15002.6,1,1,1,1,4,4990.0,-1,12.643,-12.6,-1.38,-17.72,0,0,DCHG, ,
15007.6,1,1,1,1,4,4995.0,-1,12.643,-12.6,-1.38,-17.73,0,0,DCHG, ,
15012.6,1,1,1,1,4,5000.0,-1,12.643,-12.6,-1.38,-17.75,0,0,DCHG, ,
15017.6,1,1,1,1,4,5005.0,-1,12.642,-12.6,-1.38,-17.77,0,0,DCHG, ,
15022.6,1,1,1,1,4,5010.0,-1,12.642,-12.6,-1.39,-17.79,0,0,DCHG, ,
15027.6,1,1,1,1,4,5015.0,-1,12.642,-12.6,-1.39,-17.8,0,0,DCHG, ,
15032.6,1,1,1,1,4,5020.0,-1,12.641,-12.6,-1.39,-17.82,0,0,DCHG, ,
15037.6,1,1,1,1,4,5025.0,-1,12.64,-12.6,-1.39,-17.84,0,0,DCHG, ,
15042.6,1,1,1,1,4,5030.0,-1,12.64,-12.6,-1.39,-17.86,0,0,DCHG, ,
15047.6,1,1,1,1,4,5035.0,-1,12.639,-12.6,-1.39,-17.87,0,0,DCHG, ,
15052.6,1,1,1,1,4,5040.0,-1,12.639,-12.6,-1.39,-17.89,0,0,DCHG, ,
15057.6,1,1,1,1,4,5045.0,-1,12.639,-12.6,-1.4,-17.91,0,0,DCHG, ,
15062.6,1,1,1,1,4,5050.0,-1,12.638,-12.6,-1.4,-17.93,0,0,DCHG, ,
15067.6,1,1,1,1,4,5055.0,-1,12.638,-12.6,-1.4,-17.94,0,0,DCHG, ,
15072.6,1,1,1,1,4,5060.0,-1,12.637,-12.6,-1.4,-17.96,0,0,DCHG, ,
15077.6,1,1,1,1,4,5065.0,-1,12.637,-12.6,-1.4,-17.98,0,0,DCHG, ,
15082.6,1,1,1,1,4,5070.0,-1,12.636,-12.6,-1.4,-18,0,0,DCHG, ,
15087.6,1,1,1,1,4,5075.0,-1,12.636,-12.6,-1.4,-18.01,0,0,DCHG, ,
15092.6,1,1,1,1,4,5080.0,-1,12.636,-12.6,-1.41,-18.03,0,0,DCHG, ,
15097.6,1,1,1,1,4,5085.0,-1,12.635,-12.6,-1.41,-18.05,0,0,DCHG, ,
15102.6,1,1,1,1,4,5090.0,-1,12.635,-12.6,-1.41,-18.07,0,0,DCHG, ,
15107.6,1,1,1,1,4,5095.0,-1,12.635,-12.6,-1.41,-18.08,0,0,DCHG, ,
15112.6,1,1,1,1,4,5100.0,-1,12.634,-12.6,-1.41,-18.1,0,0,DCHG, ,
15117.6,1,1,1,1,4,5105.0,-1,12.633,-12.6,-1.41,-18.12,0,0,DCHG, ,
15122.6,1,1,1,1,4,5110.0,-1,12.633,-12.6,-1.41,-18.14,0,0,DCHG, ,
15127.6,1,1,1,1,4,5115.0,-1,12.633,-12.6,-1.42,-18.15,0,0,DCHG, ,
15132.6,1,1,1,1,4,5120.0,-1,12.632,-12.6,-1.42,-18.17,0,0,DCHG, ,
15137.6,1,1,1,1,4,5125.0,-1,12.632,-12.6,-1.42,-18.19,0,0,DCHG, ,
15142.6,1,1,1,1,4,5130.0,-1,12.631,-12.6,-1.42,-18.21,0,0,DCHG, ,
15147.6,1,1,1,1,4,5135.0,-1,12.631,-12.6,-1.42,-18.22,0,0,DCHG, ,
15152.6,1,1,1,1,4,5140.0,-1,12.63,-12.6,-1.42,-18.24,0,0,DCHG, ,
15157.6,1,1,1,1,4,5145.0,-1,12.63,-12.6,-1.42,-18.26,0,0,DCHG, ,
15162.6,1,1,1,1,4,5150.0,-1,12.63,-12.6,-1.43,-18.28,0,0,DCHG, ,
15167.6,1,1,1,1,4,5155.0,-1,12.629,-12.6,-1.43,-18.29,0,0,DCHG, ,
15172.6,1,1,1,1,4,5160.0,-1,12.629,-12.6,-1.43,-18.31,0,0,DCHG, ,
15177.6,1,1,1,1,4,5165.0,-1,12.628,-12.6,-1.43,-18.33,0,0,DCHG, ,
15182.6,1,1,1,1,4,5170.0,-1,12.628,-12.6,-1.43,-18.35,0,0,DCHG, ,
15187.6,1,1,1,1,4,5175.0,-1,12.627,-12.5,-1.43,-18.36,0,0,DCHG, ,
15192.6,1,1,1,1,4,5180.0,-1,12.626,-12.5,-1.43,-18.38,0,0,DCHG, ,
15197.6,1,1,1,1,4,5185.0,-1,12.626,-12.5,-1.43,-18.4,0,0,DCHG, ,
15202.6,1,1,1,1,4,5190.0,-1,12.626,-12.5,-1.44,-18.42,0,0,DCHG, ,
15207.6,1,1,1,1,4,5195.0,-1,12.625,-12.6,-1.44,-18.43,0,0,DCHG, ,
15212.6,1,1,1,1,4,5200.0,-1,12.625,-12.5,-1.44,-18.45,0,0,DCHG, ,
15217.6,1,1,1,1,4,5205.0,-1,12.625,-12.5,-1.44,-18.47,0,0,DCHG, ,
15222.6,1,1,1,1,4,5210.0,-1,12.624,-12.6,-1.44,-18.49,0,0,DCHG, ,
15227.6,1,1,1,1,4,5215.0,-1,12.624,-12.5,-1.44,-18.5,0,0,DCHG, ,
15232.6,1,1,1,1,4,5220.0,-1,12.623,-12.6,-1.44,-18.52,0,0,DCHG, ,
15237.6,1,1,1,1,4,5225.0,-1,12.623,-12.6,-1.45,-18.54,0,0,DCHG, ,
15242.6,1,1,1,1,4,5230.0,-1,12.622,-12.5,-1.45,-18.56,0,0,DCHG, ,
15247.6,1,1,1,1,4,5235.0,-1,12.622,-12.6,-1.45,-18.57,0,0,DCHG, ,
15252.6,1,1,1,1,4,5240.0,-1,12.621,-12.5,-1.45,-18.59,0,0,DCHG, ,
15257.6,1,1,1,1,4,5245.0,-1,12.621,-12.6,-1.45,-18.61,0,0,DCHG, ,
15262.6,1,1,1,1,4,5250.0,-1,12.62,-12.5,-1.45,-18.63,0,0,DCHG, ,
15267.6,1,1,1,1,4,5255.0,-1,12.62,-12.6,-1.45,-18.64,0,0,DCHG, ,
15272.6,1,1,1,1,4,5260.0,-1,12.62,-12.6,-1.46,-18.66,0,0,DCHG, ,
15277.6,1,1,1,1,4,5265.0,-1,12.62,-12.6,-1.46,-18.68,0,0,DCHG, ,
15282.6,1,1,1,1,4,5270.0,-1,12.619,-12.6,-1.46,-18.7,0,0,DCHG, ,
15287.6,1,1,1,1,4,5275.0,-1,12.618,-12.6,-1.46,-18.71,0,0,DCHG, ,
15292.6,1,1,1,1,4,5280.0,-1,12.618,-12.6,-1.46,-18.73,0,0,DCHG, ,
15297.6,1,1,1,1,4,5285.0,-1,12.617,-12.5,-1.46,-18.75,0,0,DCHG, ,
15302.6,1,1,1,1,4,5290.0,-1,12.617,-12.6,-1.46,-18.76,0,0,DCHG, ,
15307.6,1,1,1,1,4,5295.0,-1,12.617,-12.5,-1.47,-18.78,0,0,DCHG, ,
15312.6,1,1,1,1,4,5300.0,-1,12.616,-12.5,-1.47,-18.8,0,0,DCHG, ,
15317.6,1,1,1,1,4,5305.0,-1,12.616,-12.5,-1.47,-18.82,0,0,DCHG, ,
15322.6,1,1,1,1,4,5310.0,-1,12.615,-12.5,-1.47,-18.83,0,0,DCHG, ,
15327.6,1,1,1,1,4,5315.0,-1,12.615,-12.5,-1.47,-18.85,0,0,DCHG, ,
15332.6,1,1,1,1,4,5320.0,-1,12.614,-12.5,-1.47,-18.87,0,0,DCHG, ,
15337.6,1,1,1,1,4,5325.0,-1,12.614,-12.5,-1.47,-18.89,0,0,DCHG, ,
15342.6,1,1,1,1,4,5330.0,-1,12.614,-12.5,-1.48,-18.9,0,0,DCHG, ,
15347.6,1,1,1,1,4,5335.0,-1,12.613,-12.6,-1.48,-18.92,0,0,DCHG, ,
15352.6,1,1,1,1,4,5340.0,-1,12.612,-12.5,-1.48,-18.94,0,0,DCHG, ,
15357.6,1,1,1,1,4,5345.0,-0.99,12.612,-12.5,-1.48,-18.96,0,0,DCHG, ,
15362.6,1,1,1,1,4,5350.0,-1,12.612,-12.6,-1.48,-18.97,0,0,DCHG, ,
15367.6,1,1,1,1,4,5355.0,-1,12.611,-12.5,-1.48,-18.99,0,0,DCHG, ,
15372.6,1,1,1,1,4,5360.0,-1,12.611,-12.6,-1.48,-19.01,0,0,DCHG, ,
15377.6,1,1,1,1,4,5365.0,-1,12.61,-12.6,-1.48,-19.03,0,0,DCHG, ,
15382.6,1,1,1,1,4,5370.0,-1,12.61,-12.5,-1.49,-19.04,0,0,DCHG, ,
15387.6,1,1,1,1,4,5375.0,-1,12.61,-12.6,-1.49,-19.06,0,0,DCHG, ,
15392.6,1,1,1,1,4,5380.0,-1,12.609,-12.6,-1.49,-19.08,0,0,DCHG, ,
15397.6,1,1,1,1,4,5385.0,-1,12.609,-12.6,-1.49,-19.1,0,0,DCHG, ,
15402.6,1,1,1,1,4,5390.0,-1,12.608,-12.5,-1.49,-19.11,0,0,DCHG, ,
15407.6,1,1,1,1,4,5395.0,-1,12.608,-12.5,-1.49,-19.13,0,0,DCHG, ,
15412.6,1,1,1,1,4,5400.0,-1,12.607,-12.5,-1.49,-19.15,0,0,DCHG, ,
15417.6,1,1,1,1,4,5405.0,-1,12.606,-12.6,-1.5,-19.17,0,0,DCHG, ,
15422.6,1,1,1,1,4,5410.0,-1,12.606,-12.6,-1.5,-19.18,0,0,DCHG, ,
15427.6,1,1,1,1,4,5415.0,-1,12.606,-12.6,-1.5,-19.2,0,0,DCHG, ,
15432.6,1,1,1,1,4,5420.0,-1,12.605,-12.6,-1.5,-19.22,0,0,DCHG, ,
15437.6,1,1,1,1,4,5425.0,-1,12.604,-12.6,-1.5,-19.24,0,0,DCHG, ,
15442.6,1,1,1,1,4,5430.0,-1,12.604,-12.5,-1.5,-19.25,0,0,DCHG, ,
15447.6,1,1,1,1,4,5435.0,-1,12.604,-12.5,-1.5,-19.27,0,0,DCHG, ,
15452.6,1,1,1,1,4,5440.0,-1,12.603,-12.5,-1.51,-19.29,0,0,DCHG, ,
15457.6,1,1,1,1,4,5445.0,-1,12.603,-12.5,-1.51,-19.3,0,0,DCHG, ,
15462.6,1,1,1,1,4,5450.0,-1,12.603,-12.6,-1.51,-19.32,0,0,DCHG, ,
15467.6,1,1,1,1,4,5455.0,-1,12.602,-12.5,-1.51,-19.34,0,0,DCHG, ,
15472.6,1,1,1,1,4,5460.0,-1,12.601,-12.6,-1.51,-19.36,0,0,DCHG, ,
15477.6,1,1,1,1,4,5465.0,-1,12.601,-12.5,-1.51,-19.37,0,0,DCHG, ,
15482.6,1,1,1,1,4,5470.0,-1,12.601,-12.5,-1.51,-19.39,0,0,DCHG, ,
15487.6,1,1,1,1,4,5475.0,-1,12.6,-12.5,-1.52,-19.41,0,0,DCHG, ,
15492.6,1,1,1,1,4,5480.0,-1,12.6,-12.5,-1.52,-19.43,0,0,DCHG, ,
15497.6,1,1,1,1,4,5485.0,-1,12.6,-12.5,-1.52,-19.44,0,0,DCHG, ,
15502.6,1,1,1,1,4,5490.0,-1,12.599,-12.5,-1.52,-19.46,0,0,DCHG, ,
15507.6,1,1,1,1,4,5495.0,-1,12.598,-12.5,-1.52,-19.48,0,0,DCHG, ,
15512.6,1,1,1,1,4,5500.0,-1,12.598,-12.5,-1.52,-19.5,0,0,DCHG, ,
15517.6,1,1,1,1,4,5505.0,-1,12.598,-12.5,-1.52,-19.51,0,0,DCHG, ,
15522.6,1,1,1,1,4,5510.0,-1,12.597,-12.5,-1.53,-19.53,0,0,DCHG, ,
15527.6,1,1,1,1,4,5515.0,-1,12.597,-12.5,-1.53,-19.55,0,0,DCHG, ,
15532.6,1,1,1,1,4,5520.0,-1,12.596,-12.5,-1.53,-19.57,0,0,DCHG, ,
15537.6,1,1,1,1,4,5525.0,-1,12.596,-12.5,-1.53,-19.58,0,0,DCHG, ,
15542.6,1,1,1,1,4,5530.0,-1,12.595,-12.5,-1.53,-19.6,0,0,DCHG, ,
15547.6,1,1,1,1,4,5535.0,-1,12.595,-12.5,-1.53,-19.62,0,0,DCHG, ,
15552.6,1,1,1,1,4,5540.0,-1,12.595,-12.5,-1.53,-19.64,0,0,DCHG, ,
15557.6,1,1,1,1,4,5545.0,-1,12.594,-12.5,-1.53,-19.65,0,0,DCHG, ,
15562.6,1,1,1,1,4,5550.0,-1,12.594,-12.5,-1.54,-19.67,0,0,DCHG, ,
15567.6,1,1,1,1,4,5555.0,-1,12.593,-12.5,-1.54,-19.69,0,0,DCHG, ,
15572.6,1,1,1,1,4,5560.0,-1,12.593,-12.5,-1.54,-19.7,0,0,DCHG, ,
15577.6,1,1,1,1,4,5565.0,-1,12.592,-12.5,-1.54,-19.72,0,0,DCHG, ,
15582.6,1,1,1,1,4,5570.0,-1,12.592,-12.5,-1.54,-19.74,0,0,DCHG, ,
15587.6,1,1,1,1,4,5575.0,-1,12.591,-12.5,-1.54,-19.76,0,0,DCHG, ,
15592.6,1,1,1,1,4,5580.0,-1,12.591,-12.5,-1.54,-19.77,0,0,DCHG, ,
15597.6,1,1,1,1,4,5585.0,-1,12.59,-12.5,-1.55,-19.79,0,0,DCHG, ,
15602.6,1,1,1,1,4,5590.0,-1,12.59,-12.5,-1.55,-19.81,0,0,DCHG, ,
15607.6,1,1,1,1,4,5595.0,-1,12.59,-12.5,-1.55,-19.83,0,0,DCHG, ,
15612.6,1,1,1,1,4,5600.0,-1,12.589,-12.5,-1.55,-19.84,0,0,DCHG, ,
15617.6,1,1,1,1,4,5605.0,-1,12.589,-12.5,-1.55,-19.86,0,0,DCHG, ,
15622.6,1,1,1,1,4,5610.0,-1,12.588,-12.5,-1.55,-19.88,0,0,DCHG, ,
15627.6,1,1,1,1,4,5615.0,-1,12.588,-12.5,-1.55,-19.9,0,0,DCHG, ,
15632.6,1,1,1,1,4,5620.0,-1,12.588,-12.5,-1.56,-19.91,0,0,DCHG, ,
15637.6,1,1,1,1,4,5625.0,-1,12.587,-12.5,-1.56,-19.93,0,0,DCHG, ,
15642.6,1,1,1,1,4,5630.0,-1,12.586,-12.5,-1.56,-19.95,0,0,DCHG, ,
15647.6,1,1,1,1,4,5635.0,-1,12.586,-12.5,-1.56,-19.97,0,0,DCHG, ,
15652.6,1,1,1,1,4,5640.0,-1,12.585,-12.5,-1.56,-19.98,0,0,DCHG, ,
15657.6,1,1,1,1,4,5645.0,-1,12.585,-12.5,-1.56,-20,0,0,DCHG, ,
15662.6,1,1,1,1,4,5650.0,-1,12.584,-12.5,-1.56,-20.02,0,0,DCHG, ,
15667.6,1,1,1,1,4,5655.0,-1,12.584,-12.5,-1.57,-20.03,0,0,DCHG, ,
15672.6,1,1,1,1,4,5660.0,-1,12.584,-12.5,-1.57,-20.05,0,0,DCHG, ,
15677.6,1,1,1,1,4,5665.0,-1,12.583,-12.5,-1.57,-20.07,0,0,DCHG, ,
15682.6,1,1,1,1,4,5670.0,-1,12.583,-12.5,-1.57,-20.09,0,0,DCHG, ,
15687.6,1,1,1,1,4,5675.0,-1,12.582,-12.5,-1.57,-20.1,0,0,DCHG, ,
15692.6,1,1,1,1,4,5680.0,-1,12.582,-12.5,-1.57,-20.12,0,0,DCHG, ,
15697.6,1,1,1,1,4,5685.0,-1,12.582,-12.5,-1.57,-20.14,0,0,DCHG, ,
15702.6,1,1,1,1,4,5690.0,-1,12.581,-12.5,-1.58,-20.16,0,0,DCHG, ,
15707.6,1,1,1,1,4,5695.0,-1,12.58,-12.5,-1.58,-20.17,0,0,DCHG, ,
15712.6,1,1,1,1,4,5700.0,-1,12.58,-12.5,-1.58,-20.19,0,0,DCHG, ,
15717.6,1,1,1,1,4,5705.0,-1,12.579,-12.5,-1.58,-20.21,0,0,DCHG, ,
15722.6,1,1,1,1,4,5710.0,-1,12.579,-12.5,-1.58,-20.23,0,0,DCHG, ,
15727.6,1,1,1,1,4,5715.0,-1,12.578,-12.5,-1.58,-20.24,0,0,DCHG, ,
15732.6,1,1,1,1,4,5720.0,-0.99,12.578,-12.4,-1.58,-20.26,0,0,DCHG, ,
15737.6,1,1,1,1,4,5725.0,-1,12.578,-12.5,-1.58,-20.28,0,0,DCHG, ,
15742.6,1,1,1,1,4,5730.0,-1,12.577,-12.5,-1.59,-20.29,0,0,DCHG, ,
15747.6,1,1,1,1,4,5735.0,-1,12.576,-12.5,-1.59,-20.31,0,0,DCHG, ,
15752.6,1,1,1,1,4,5740.0,-1,12.576,-12.5,-1.59,-20.33,0,0,DCHG, ,
15757.6,1,1,1,1,4,5745.0,-1,12.576,-12.5,-1.59,-20.35,0,0,DCHG, ,
15762.6,1,1,1,1,4,5750.0,-1,12.576,-12.5,-1.59,-20.36,0,0,DCHG, ,
15767.6,1,1,1,1,4,5755.0,-1,12.575,-12.5,-1.59,-20.38,0,0,DCHG, ,
15772.6,1,1,1,1,4,5760.0,-1,12.574,-12.5,-1.59,-20.4,0,0,DCHG, ,
15777.6,1,1,1,1,4,5765.0,-1,12.574,-12.5,-1.6,-20.42,0,0,DCHG, ,
15782.6,1,1,1,1,4,5770.0,-1,12.574,-12.5,-1.6,-20.43,0,0,DCHG, ,
15787.6,1,1,1,1,4,5775.0,-1,12.573,-12.5,-1.6,-20.45,0,0,DCHG, ,
15792.6,1,1,1,1,4,5780.0,-1,12.573,-12.5,-1.6,-20.47,0,0,DCHG, ,
15797.6,1,1,1,1,4,5785.0,-1,12.572,-12.5,-1.6,-20.49,0,0,DCHG, ,
15802.6,1,1,1,1,4,5790.0,-1,12.572,-12.5,-1.6,-20.5,0,0,DCHG, ,
15807.6,1,1,1,1,4,5795.0,-1,12.571,-12.5,-1.6,-20.52,0,0,DCHG, ,
15812.6,1,1,1,1,4,5800.0,-1,12.571,-12.5,-1.61,-20.54,0,0,DCHG, ,
15817.6,1,1,1,1,4,5805.0,-1,12.57,-12.5,-1.61,-20.56,0,0,DCHG, ,
15822.6,1,1,1,1,4,5810.0,-1,12.569,-12.5,-1.61,-20.57,0,0,DCHG, ,
15827.6,1,1,1,1,4,5815.0,-1,12.569,-12.5,-1.61,-20.59,0,0,DCHG, ,
15832.6,1,1,1,1,4,5820.0,-1,12.569,-12.5,-1.61,-20.61,0,0,DCHG, ,
15837.6,1,1,1,1,4,5825.0,-1,12.569,-12.5,-1.61,-20.62,0,0,DCHG, ,
15842.6,1,1,1,1,4,5830.0,-0.99,12.568,-12.4,-1.61,-20.64,0,0,DCHG, ,
15847.6,1,1,1,1,4,5835.0,-1,12.567,-12.5,-1.62,-20.66,0,0,DCHG, ,
15852.6,1,1,1,1,4,5840.0,-1,12.567,-12.5,-1.62,-20.68,0,0,DCHG, ,
15857.6,1,1,1,1,4,5845.0,-1,12.566,-12.5,-1.62,-20.69,0,0,DCHG, ,
15862.6,1,1,1,1,4,5850.0,-1,12.566,-12.5,-1.62,-20.71,0,0,DCHG, ,
15867.6,1,1,1,1,4,5855.0,-1,12.566,-12.5,-1.62,-20.73,0,0,DCHG, ,
15872.6,1,1,1,1,4,5860.0,-1,12.565,-12.5,-1.62,-20.75,0,0,DCHG, ,
15877.6,1,1,1,1,4,5865.0,-1,12.565,-12.5,-1.62,-20.76,0,0,DCHG, ,
15882.6,1,1,1,1,4,5870.0,-1,12.564,-12.5,-1.63,-20.78,0,0,DCHG, ,
15887.6,1,1,1,1,4,5875.0,-1,12.564,-12.5,-1.63,-20.8,0,0,DCHG, ,
15892.6,1,1,1,1,4,5880.0,-1,12.563,-12.5,-1.63,-20.82,0,0,DCHG, ,
15897.6,1,1,1,1,4,5885.0,-1,12.563,-12.5,-1.63,-20.83,0,0,DCHG, ,
15902.6,1,1,1,1,4,5890.0,-1,12.562,-12.5,-1.63,-20.85,0,0,DCHG, ,
15907.6,1,1,1,1,4,5895.0,-1,12.562,-12.5,-1.63,-20.87,0,0,DCHG, ,
15912.6,1,1,1,1,4,5900.0,-1,12.561,-12.5,-1.63,-20.89,0,0,DCHG, ,
15917.6,1,1,1,1,4,5905.0,-1,12.561,-12.5,-1.63,-20.9,0,0,DCHG, ,
15922.6,1,1,1,1,4,5910.0,-1,12.561,-12.5,-1.64,-20.92,0,0,DCHG, ,
15927.6,1,1,1,1,4,5915.0,-1,12.56,-12.5,-1.64,-20.94,0,0,DCHG, ,
15932.6,1,1,1,1,4,5920.0,-1,12.559,-12.5,-1.64,-20.95,0,0,DCHG, ,
15937.6,1,1,1,1,4,5925.0,-1,12.559,-12.5,-1.64,-20.97,0,0,DCHG, ,
15942.6,1,1,1,1,4,5930.0,-1,12.559,-12.5,-1.64,-20.99,0,0,DCHG, ,
15947.6,1,1,1,1,4,5935.0,-1,12.558,-12.5,-1.64,-21.01,0,0,DCHG, ,
15952.6,1,1,1,1,4,5940.0,-1,12.558,-12.5,-1.64,-21.02,0,0,DCHG, ,
15957.6,1,1,1,1,4,5945.0,-0.99,12.557,-12.4,-1.65,-21.04,0,0,DCHG, ,
15962.6,1,1,1,1,4,5950.0,-1,12.557,-12.5,-1.65,-21.06,0,0,DCHG, ,
15967.6,1,1,1,1,4,5955.0,-1,12.556,-12.5,-1.65,-21.08,0,0,DCHG, ,
15972.6,1,1,1,1,4,5960.0,-1,12.556,-12.5,-1.65,-21.09,0,0,DCHG, ,
15977.6,1,1,1,1,4,5965.0,-1,12.556,-12.5,-1.65,-21.11,0,0,DCHG, ,
15982.6,1,1,1,1,4,5970.0,-0.99,12.555,-12.4,-1.65,-21.13,0,0,DCHG, ,
15987.6,1,1,1,1,4,5975.0,-1,12.555,-12.5,-1.65,-21.15,0,0,DCHG, ,
15992.6,1,1,1,1,4,5980.0,-1,12.554,-12.5,-1.66,-21.16,0,0,DCHG, ,
15997.6,1,1,1,1,4,5985.0,-1,12.554,-12.5,-1.66,-21.18,0,0,DCHG, ,
16002.6,1,1,1,1,4,5990.0,-1,12.553,-12.5,-1.66,-21.2,0,0,DCHG, ,
16007.6,1,1,1,1,4,5995.0,-1,12.553,-12.5,-1.66,-21.21,0,0,DCHG, ,
16012.6,1,1,1,1,4,6000.0,-1,12.552,-12.5,-1.66,-21.23,0,0,DCHG, ,
16017.6,1,1,1,1,4,6005.0,-1,12.552,-12.5,-1.66,-21.25,0,0,DCHG, ,
16022.6,1,1,1,1,4,6010.0,-1,12.551,-12.5,-1.66,-21.27,0,0,DCHG, ,
16027.6,1,1,1,1,4,6015.0,-1,12.551,-12.5,-1.67,-21.28,0,0,DCHG, ,
16032.6,1,1,1,1,4,6020.0,-1,12.55,-12.5,-1.67,-21.3,0,0,DCHG, ,
16037.6,1,1,1,1,4,6025.0,-1,12.55,-12.5,-1.67,-21.32,0,0,DCHG, ,
16042.6,1,1,1,1,4,6030.0,-1,12.55,-12.5,-1.67,-21.34,0,0,DCHG, ,
16047.6,1,1,1,1,4,6035.0,-1,12.549,-12.5,-1.67,-21.35,0,0,DCHG, ,
16052.6,1,1,1,1,4,6040.0,-1,12.548,-12.5,-1.67,-21.37,0,0,DCHG, ,
16057.6,1,1,1,1,4,6045.0,-1,12.548,-12.5,-1.67,-21.39,0,0,DCHG, ,
16062.6,1,1,1,1,4,6050.0,-0.99,12.548,-12.4,-1.68,-21.41,0,0,DCHG, ,
16067.6,1,1,1,1,4,6055.0,-1,12.547,-12.5,-1.68,-21.42,0,0,DCHG, ,
16072.6,1,1,1,1,4,6060.0,-1,12.547,-12.5,-1.68,-21.44,0,0,DCHG, ,
16077.6,1,1,1,1,4,6065.0,-1,12.546,-12.5,-1.68,-21.46,0,0,DCHG, ,
16082.6,1,1,1,1,4,6070.0,-1,12.546,-12.5,-1.68,-21.48,0,0,DCHG, ,
16087.6,1,1,1,1,4,6075.0,-1,12.545,-12.5,-1.68,-21.49,0,0,DCHG, ,
16092.6,1,1,1,1,4,6080.0,-1,12.545,-12.5,-1.68,-21.51,0,0,DCHG, ,
16097.6,1,1,1,1,4,6085.0,-1,12.544,-12.5,-1.68,-21.53,0,0,DCHG, ,
16102.6,1,1,1,1,4,6090.0,-1,12.544,-12.5,-1.69,-21.54,0,0,DCHG, ,
16107.6,1,1,1,1,4,6095.0,-1,12.544,-12.5,-1.69,-21.56,0,0,DCHG, ,
16112.6,1,1,1,1,4,6100.0,-1,12.544,-12.5,-1.69,-21.58,0,0,DCHG, ,
16117.6,1,1,1,1,4,6105.0,-1,12.542,-12.5,-1.69,-21.6,0,0,DCHG, ,
16122.6,1,1,1,1,4,6110.0,-1,12.542,-12.5,-1.69,-21.61,0,0,DCHG, ,
16127.6,1,1,1,1,4,6115.0,-1,12.542,-12.5,-1.69,-21.63,0,0,DCHG, ,
16132.6,1,1,1,1,4,6120.0,-1,12.541,-12.5,-1.69,-21.65,0,0,DCHG, ,
16137.6,1,1,1,1,4,6125.0,-1,12.541,-12.5,-1.7,-21.67,0,0,DCHG, ,
16142.6,1,1,1,1,4,6130.0,-1,12.54,-12.5,-1.7,-21.68,0,0,DCHG, ,
16147.6,1,1,1,1,4,6135.0,-1,12.539,-12.5,-1.7,-21.7,0,0,DCHG, ,
16152.6,1,1,1,1,4,6140.0,-1,12.539,-12.5,-1.7,-21.72,0,0,DCHG, ,
16157.6,1,1,1,1,4,6145.0,-1,12.539,-12.5,-1.7,-21.74,0,0,DCHG, ,
16162.6,1,1,1,1,4,6150.0,-1,12.538,-12.5,-1.7,-21.75,0,0,DCHG, ,
16167.6,1,1,1,1,4,6155.0,-1,12.538,-12.5,-1.7,-21.77,0,0,DCHG, ,
16172.6,1,1,1,1,4,6160.0,-1,12.537,-12.5,-1.71,-21.79,0,0,DCHG, ,
16177.6,1,1,1,1,4,6165.0,-1,12.537,-12.5,-1.71,-21.8,0,0,DCHG, ,
16182.6,1,1,1,1,4,6170.0,-1,12.536,-12.5,-1.71,-21.82,0,0,DCHG, ,
16187.6,1,1,1,1,4,6175.0,-1,12.536,-12.5,-1.71,-21.84,0,0,DCHG, ,
16192.6,1,1,1,1,4,6180.0,-1,12.536,-12.5,-1.71,-21.86,0,0,DCHG, ,
16197.6,1,1,1,1,4,6185.0,-1,12.535,-12.5,-1.71,-21.87,0,0,DCHG, ,
16202.6,1,1,1,1,4,6190.0,-1,12.534,-12.5,-1.71,-21.89,0,0,DCHG, ,
16207.6,1,1,1,1,4,6195.0,-1,12.534,-12.5,-1.72,-21.91,0,0,DCHG, ,
16212.6,1,1,1,1,4,6200.0,-1,12.534,-12.5,-1.72,-21.93,0,0,DCHG, ,
16217.6,1,1,1,1,4,6205.0,-1,12.533,-12.5,-1.72,-21.94,0,0,DCHG, ,
16222.6,1,1,1,1,4,6210.0,-1,12.533,-12.5,-1.72,-21.96,0,0,DCHG, ,
16227.6,1,1,1,1,4,6215.0,-0.99,12.533,-12.4,-1.72,-21.98,0,0,DCHG, ,
16232.6,1,1,1,1,4,6220.0,-1,12.532,-12.5,-1.72,-22,0,0,DCHG, ,
16237.6,1,1,1,1,4,6225.0,-1,12.532,-12.5,-1.72,-22.01,0,0,DCHG, ,
16242.6,1,1,1,1,4,6230.0,-1,12.531,-12.5,-1.73,-22.03,0,0,DCHG, ,
16247.6,1,1,1,1,4,6235.0,-1,12.531,-12.5,-1.73,-22.05,0,0,DCHG, ,
16252.6,1,1,1,1,4,6240.0,-1,12.53,-12.5,-1.73,-22.07,0,0,DCHG, ,
16257.6,1,1,1,1,4,6245.0,-1,12.53,-12.5,-1.73,-22.08,0,0,DCHG, ,
16262.6,1,1,1,1,4,6250.0,-1,12.529,-12.5,-1.73,-22.1,0,0,DCHG, ,
16267.6,1,1,1,1,4,6255.0,-1,12.529,-12.5,-1.73,-22.12,0,0,DCHG, ,
16272.6,1,1,1,1,4,6260.0,-1,12.528,-12.5,-1.73,-22.13,0,0,DCHG, ,
16277.6,1,1,1,1,4,6265.0,-1,12.528,-12.5,-1.73,-22.15,0,0,DCHG, ,
16282.6,1,1,1,1,4,6270.0,-1,12.527,-12.5,-1.74,-22.17,0,0,DCHG, ,
16287.6,1,1,1,1,4,6275.0,-1,12.527,-12.5,-1.74,-22.19,0,0,DCHG, ,
16292.6,1,1,1,1,4,6280.0,-1,12.527,-12.5,-1.74,-22.2,0,0,DCHG, ,
16297.6,1,1,1,1,4,6285.0,-1,12.526,-12.5,-1.74,-22.22,0,0,DCHG, ,
16302.6,1,1,1,1,4,6290.0,-1,12.525,-12.5,-1.74,-22.24,0,0,DCHG, ,
16307.6,1,1,1,1,4,6295.0,-1,12.525,-12.4,-1.74,-22.26,0,0,DCHG, ,
16312.6,1,1,1,1,4,6300.0,-1,12.525,-12.5,-1.74,-22.27,0,0,DCHG, ,
16317.6,1,1,1,1,4,6305.0,-1,12.524,-12.5,-1.75,-22.29,0,0,DCHG, ,
16322.6,1,1,1,1,4,6310.0,-1,12.523,-12.5,-1.75,-22.31,0,0,DCHG, ,
16327.6,1,1,1,1,4,6315.0,-1,12.523,-12.5,-1.75,-22.33,0,0,DCHG, ,
16332.6,1,1,1,1,4,6320.0,-1,12.523,-12.4,-1.75,-22.34,0,0,DCHG, ,
16337.6,1,1,1,1,4,6325.0,-1,12.522,-12.4,-1.75,-22.36,0,0,DCHG, ,
16342.6,1,1,1,1,4,6330.0,-1,12.522,-12.4,-1.75,-22.38,0,0,DCHG, ,
16347.6,1,1,1,1,4,6335.0,-1,12.521,-12.4,-1.75,-22.39,0,0,DCHG, ,
16352.6,1,1,1,1,4,6340.0,-1,12.521,-12.5,-1.76,-22.41,0,0,DCHG, ,
16357.6,1,1,1,1,4,6345.0,-1,12.52,-12.4,-1.76,-22.43,0,0,DCHG, ,
16362.6,1,1,1,1,4,6350.0,-1,12.519,-12.5,-1.76,-22.45,0,0,DCHG, ,
16367.6,1,1,1,1,4,6355.0,-1,12.519,-12.4,-1.76,-22.46,0,0,DCHG, ,
16372.6,1,1,1,1,4,6360.0,-1,12.519,-12.4,-1.76,-22.48,0,0,DCHG, ,
16377.6,1,1,1,1,4,6365.0,-1,12.518,-12.4,-1.76,-22.5,0,0,DCHG, ,
16382.6,1,1,1,1,4,6370.0,-1,12.518,-12.4,-1.76,-22.52,0,0,DCHG, ,
16387.6,1,1,1,1,4,6375.0,-1,12.518,-12.5,-1.77,-22.53,0,0,DCHG, ,
16392.6,1,1,1,1,4,6380.0,-1,12.517,-12.5,-1.77,-22.55,0,0,DCHG, ,
16397.6,1,1,1,1,4,6385.0,-1,12.517,-12.4,-1.77,-22.57,0,0,DCHG, ,
16402.6,1,1,1,1,4,6390.0,-1,12.516,-12.4,-1.77,-22.58,0,0,DCHG, ,
16407.6,1,1,1,1,4,6395.0,-1,12.516,-12.4,-1.77,-22.6,0,0,DCHG, ,
16412.6,1,1,1,1,4,6400.0,-1,12.515,-12.4,-1.77,-22.62,0,0,DCHG, ,
16417.6,1,1,1,1,4,6405.0,-1,12.514,-12.5,-1.77,-22.64,0,0,DCHG, ,
16422.6,1,1,1,1,4,6410.0,-1,12.514,-12.4,-1.78,-22.65,0,0,DCHG, ,
16427.6,1,1,1,1,4,6415.0,-1,12.514,-12.4,-1.78,-22.67,0,0,DCHG, ,
16432.6,1,1,1,1,4,6420.0,-1,12.513,-12.5,-1.78,-22.69,0,0,DCHG, ,
16437.6,1,1,1,1,4,6425.0,-1,12.513,-12.4,-1.78,-22.71,0,0,DCHG, ,
16442.6,1,1,1,1,4,6430.0,-1,12.513,-12.4,-1.78,-22.72,0,0,DCHG, ,
16447.6,1,1,1,1,4,6435.0,-1,12.512,-12.4,-1.78,-22.74,0,0,DCHG, ,
16452.6,1,1,1,1,4,6440.0,-1,12.511,-12.5,-1.78,-22.76,0,0,DCHG, ,
16457.6,1,1,1,1,4,6445.0,-1,12.511,-12.4,-1.78,-22.77,0,0,DCHG, ,
16462.6,1,1,1,1,4,6450.0,-1,12.51,-12.5,-1.79,-22.79,0,0,DCHG, ,
16467.6,1,1,1,1,4,6455.0,-1,12.51,-12.4,-1.79,-22.81,0,0,DCHG, ,
16472.6,1,1,1,1,4,6460.0,-1,12.509,-12.4,-1.79,-22.83,0,0,DCHG, ,
16477.6,1,1,1,1,4,6465.0,-1,12.509,-12.5,-1.79,-22.84,0,0,DCHG, ,
16482.6,1,1,1,1,4,6470.0,-1,12.509,-12.4,-1.79,-22.86,0,0,DCHG, ,
16487.6,1,1,1,1,4,6475.0,-1,12.508,-12.4,-1.79,-22.88,0,0,DCHG, ,
16492.6,1,1,1,1,4,6480.0,-1,12.508,-12.4,-1.79,-22.9,0,0,DCHG, ,
16497.6,1,1,1,1,4,6485.0,-1,12.507,-12.5,-1.8,-22.91,0,0,DCHG, ,
16502.6,1,1,1,1,4,6490.0,-1,12.507,-12.4,-1.8,-22.93,0,0,DCHG, ,
16507.6,1,1,1,1,4,6495.0,-1,12.506,-12.5,-1.8,-22.95,0,0,DCHG, ,
16512.6,1,1,1,1,4,6500.0,-1,12.506,-12.4,-1.8,-22.96,0,0,DCHG, ,
16517.6,1,1,1,1,4,6505.0,-1,12.505,-12.5,-1.8,-22.98,0,0,DCHG, ,
16522.6,1,1,1,1,4,6510.0,-1,12.505,-12.5,-1.8,-23,0,0,DCHG, ,
16527.6,1,1,1,1,4,6515.0,-1,12.505,-12.4,-1.8,-23.02,0,0,DCHG, ,
16532.6,1,1,1,1,4,6520.0,-1,12.504,-12.4,-1.81,-23.03,0,0,DCHG, ,
16537.6,1,1,1,1,4,6525.0,-1,12.504,-12.4,-1.81,-23.05,0,0,DCHG, ,
16542.6,1,1,1,1,4,6530.0,-1,12.503,-12.5,-1.81,-23.07,0,0,DCHG, ,
16547.6,1,1,1,1,4,6535.0,-1,12.503,-12.4,-1.81,-23.09,0,0,DCHG, ,
16552.6,1,1,1,1,4,6540.0,-1,12.502,-12.5,-1.81,-23.1,0,0,DCHG, ,
16557.6,1,1,1,1,4,6545.0,-1,12.502,-12.4,-1.81,-23.12,0,0,DCHG, ,
16562.6,1,1,1,1,4,6550.0,-1,12.501,-12.5,-1.81,-23.14,0,0,DCHG, ,
16567.6,1,1,1,1,4,6555.0,-1,12.5,-12.5,-1.82,-23.15,0,0,DCHG, ,
16572.6,1,1,1,1,4,6560.0,-1,12.5,-12.4,-1.82,-23.17,0,0,DCHG, ,
16577.6,1,1,1,1,4,6565.0,-1,12.5,-12.4,-1.82,-23.19,0,0,DCHG, ,
16582.6,1,1,1,1,4,6570.0,-1,12.5,-12.4,-1.82,-23.21,0,0,DCHG, ,
16587.6,1,1,1,1,4,6575.0,-1,12.499,-12.4,-1.82,-23.22,0,0,DCHG, ,
16592.6,1,1,1,1,4,6580.0,-1,12.498,-12.4,-1.82,-23.24,0,0,DCHG, ,
16597.6,1,1,1,1,4,6585.0,-1,12.498,-12.4,-1.82,-23.26,0,0,DCHG, ,
16602.6,1,1,1,1,4,6590.0,-1,12.497,-12.4,-1.83,-23.28,0,0,DCHG, ,
16607.6,1,1,1,1,4,6595.0,-1,12.497,-12.4,-1.83,-23.29,0,0,DCHG, ,
16612.6,1,1,1,1,4,6600.0,-1,12.497,-12.4,-1.83,-23.31,0,0,DCHG, ,
16617.6,1,1,1,1,4,6605.0,-1,12.496,-12.4,-1.83,-23.33,0,0,DCHG, ,
16622.6,1,1,1,1,4,6610.0,-1,12.496,-12.4,-1.83,-23.34,0,0,DCHG, ,
16627.6,1,1,1,1,4,6615.0,-1,12.495,-12.4,-1.83,-23.36,0,0,DCHG, ,
16632.6,1,1,1,1,4,6620.0,-1,12.495,-12.4,-1.83,-23.38,0,0,DCHG, ,
16637.6,1,1,1,1,4,6625.0,-1,12.495,-12.4,-1.83,-23.4,0,0,DCHG, ,
16642.6,1,1,1,1,4,6630.0,-1,12.494,-12.4,-1.84,-23.41,0,0,DCHG, ,
16647.6,1,1,1,1,4,6635.0,-1,12.494,-12.4,-1.84,-23.43,0,0,DCHG, ,
16652.6,1,1,1,1,4,6640.0,-1,12.493,-12.4,-1.84,-23.45,0,0,DCHG, ,
16657.6,1,1,1,1,4,6645.0,-1,12.493,-12.4,-1.84,-23.46,0,0,DCHG, ,
16662.6,1,1,1,1,4,6650.0,-1,12.492,-12.4,-1.84,-23.48,0,0,DCHG, ,
16667.6,1,1,1,1,4,6655.0,-1,12.491,-12.4,-1.84,-23.5,0,0,DCHG, ,
16672.6,1,1,1,1,4,6660.0,-1,12.491,-12.4,-1.84,-23.52,0,0,DCHG, ,
16677.6,1,1,1,1,4,6665.0,-1,12.491,-12.4,-1.85,-23.53,0,0,DCHG, ,
16682.6,1,1,1,1,4,6670.0,-1,12.491,-12.4,-1.85,-23.55,0,0,DCHG, ,
16687.6,1,1,1,1,4,6675.0,-1,12.49,-12.4,-1.85,-23.57,0,0,DCHG, ,
16692.6,1,1,1,1,4,6680.0,-1,12.49,-12.4,-1.85,-23.59,0,0,DCHG, ,
16697.6,1,1,1,1,4,6685.0,-1,12.489,-12.4,-1.85,-23.6,0,0,DCHG, ,
16702.6,1,1,1,1,4,6690.0,-1,12.489,-12.4,-1.85,-23.62,0,0,DCHG, ,
16707.6,1,1,1,1,4,6695.0,-1,12.488,-12.4,-1.85,-23.64,0,0,DCHG, ,
16712.6,1,1,1,1,4,6700.0,-1,12.488,-12.4,-1.86,-23.65,0,0,DCHG, ,
16717.6,1,1,1,1,4,6705.0,-1,12.488,-12.4,-1.86,-23.67,0,0,DCHG, ,
16722.6,1,1,1,1,4,6710.0,-1,12.487,-12.4,-1.86,-23.69,0,0,DCHG, ,
16727.6,1,1,1,1,4,6715.0,-1,12.486,-12.4,-1.86,-23.71,0,0,DCHG, ,
16732.6,1,1,1,1,4,6720.0,-1,12.486,-12.4,-1.86,-23.72,0,0,DCHG, ,
16737.6,1,1,1,1,4,6725.0,-1,12.485,-12.4,-1.86,-23.74,0,0,DCHG, ,
16742.6,1,1,1,1,4,6730.0,-1,12.485,-12.4,-1.86,-23.76,0,0,DCHG, ,
16747.6,1,1,1,1,4,6735.0,-1,12.484,-12.4,-1.87,-23.77,0,0,DCHG, ,
16752.6,1,1,1,1,4,6740.0,-1,12.484,-12.4,-1.87,-23.79,0,0,DCHG, ,
16757.6,1,1,1,1,4,6745.0,-1,12.484,-12.4,-1.87,-23.81,0,0,DCHG, ,
16762.6,1,1,1,1,4,6750.0,-1,12.483,-12.4,-1.87,-23.83,0,0,DCHG, ,
16767.6,1,1,1,1,4,6755.0,-1,12.483,-12.4,-1.87,-23.84,0,0,DCHG, ,
16772.6,1,1,1,1,4,6760.0,-1,12.482,-12.4,-1.87,-23.86,0,0,DCHG, ,
16777.6,1,1,1,1,4,6765.0,-1,12.482,-12.4,-1.87,-23.88,0,0,DCHG, ,
16782.6,1,1,1,1,4,6770.0,-1,12.481,-12.4,-1.88,-23.9,0,0,DCHG, ,
16787.6,1,1,1,1,4,6775.0,-1,12.481,-12.4,-1.88,-23.91,0,0,DCHG, ,
16792.6,1,1,1,1,4,6780.0,-1,12.48,-12.4,-1.88,-23.93,0,0,DCHG, ,
16797.6,1,1,1,1,4,6785.0,-1,12.48,-12.4,-1.88,-23.95,0,0,DCHG, ,
16802.6,1,1,1,1,4,6790.0,-1,12.48,-12.4,-1.88,-23.96,0,0,DCHG, ,
16807.6,1,1,1,1,4,6795.0,-1,12.479,-12.4,-1.88,-23.98,0,0,DCHG, ,
16812.6,1,1,1,1,4,6800.0,-1,12.478,-12.4,-1.88,-24,0,0,DCHG, ,
16817.6,1,1,1,1,4,6805.0,-1,12.478,-12.4,-1.88,-24.02,0,0,DCHG, ,
16822.6,1,1,1,1,4,6810.0,-1,12.478,-12.4,-1.89,-24.03,0,0,DCHG, ,
16827.6,1,1,1,1,4,6815.0,-1,12.477,-12.4,-1.89,-24.05,0,0,DCHG, ,
16832.6,1,1,1,1,4,6820.0,-1,12.477,-12.4,-1.89,-24.07,0,0,DCHG, ,
16837.6,1,1,1,1,4,6825.0,-1,12.476,-12.4,-1.89,-24.08,0,0,DCHG, ,
16842.6,1,1,1,1,4,6830.0,-1,12.476,-12.4,-1.89,-24.1,0,0,DCHG, ,
16847.6,1,1,1,1,4,6835.0,-1,12.475,-12.4,-1.89,-24.12,0,0,DCHG, ,
16852.6,1,1,1,1,4,6840.0,-1,12.475,-12.4,-1.89,-24.14,0,0,DCHG, ,
16857.6,1,1,1,1,4,6845.0,-1,12.475,-12.4,-1.9,-24.15,0,0,DCHG, ,
16862.6,1,1,1,1,4,6850.0,-1,12.474,-12.4,-1.9,-24.17,0,0,DCHG, ,
16867.6,1,1,1,1,4,6855.0,-1,12.474,-12.4,-1.9,-24.19,0,0,DCHG, ,
16872.6,1,1,1,1,4,6860.0,-1,12.473,-12.4,-1.9,-24.21,0,0,DCHG, ,
16877.6,1,1,1,1,4,6865.0,-1,12.473,-12.4,-1.9,-24.22,0,0,DCHG, ,
16882.6,1,1,1,1,4,6870.0,-1,12.472,-12.4,-1.9,-24.24,0,0,DCHG, ,
16887.6,1,1,1,1,4,6875.0,-1,12.472,-12.4,-1.9,-24.26,0,0,DCHG, ,
16892.6,1,1,1,1,4,6880.0,-1,12.472,-12.4,-1.91,-24.27,0,0,DCHG, ,
16897.6,1,1,1,1,4,6885.0,-1,12.471,-12.4,-1.91,-24.29,0,0,DCHG, ,
16902.6,1,1,1,1,4,6890.0,-1,12.47,-12.4,-1.91,-24.31,0,0,DCHG, ,
16907.6,1,1,1,1,4,6895.0,-1,12.47,-12.4,-1.91,-24.33,0,0,DCHG, ,
16912.6,1,1,1,1,4,6900.0,-1,12.47,-12.4,-1.91,-24.34,0,0,DCHG, ,
16917.6,1,1,1,1,4,6905.0,-1,12.469,-12.4,-1.91,-24.36,0,0,DCHG, ,
16922.6,1,1,1,1,4,6910.0,-1,12.469,-12.4,-1.91,-24.38,0,0,DCHG, ,
16927.6,1,1,1,1,4,6915.0,-1,12.468,-12.4,-1.92,-24.39,0,0,DCHG, ,
16932.6,1,1,1,1,4,6920.0,-1,12.468,-12.4,-1.92,-24.41,0,0,DCHG, ,
16937.6,1,1,1,1,4,6925.0,-1,12.467,-12.4,-1.92,-24.43,0,0,DCHG, ,
16942.6,1,1,1,1,4,6930.0,-1,12.467,-12.4,-1.92,-24.45,0,0,DCHG, ,
16947.6,1,1,1,1,4,6935.0,-1,12.466,-12.4,-1.92,-24.46,0,0,DCHG, ,
16952.6,1,1,1,1,4,6940.0,-1,12.466,-12.4,-1.92,-24.48,0,0,DCHG, ,
16957.6,1,1,1,1,4,6945.0,-1,12.466,-12.4,-1.92,-24.5,0,0,DCHG, ,
16962.6,1,1,1,1,4,6950.0,-1,12.466,-12.4,-1.93,-24.52,0,0,DCHG, ,
16967.6,1,1,1,1,4,6955.0,-1,12.465,-12.4,-1.93,-24.53,0,0,DCHG, ,
16972.6,1,1,1,1,4,6960.0,-1,12.465,-12.4,-1.93,-24.55,0,0,DCHG, ,
16977.6,1,1,1,1,4,6965.0,-1,12.464,-12.4,-1.93,-24.57,0,0,DCHG, ,
16982.6,1,1,1,1,4,6970.0,-1,12.464,-12.4,-1.93,-24.58,0,0,DCHG, ,
16987.6,1,1,1,1,4,6975.0,-1,12.463,-12.4,-1.93,-24.6,0,0,DCHG, ,
16992.6,1,1,1,1,4,6980.0,-1,12.463,-12.4,-1.93,-24.62,0,0,DCHG, ,
16997.6,1,1,1,1,4,6985.0,-1,12.462,-12.4,-1.93,-24.64,0,0,DCHG, ,
17002.6,1,1,1,1,4,6990.0,-1,12.462,-12.4,-1.94,-24.65,0,0,DCHG, ,
17007.6,1,1,1,1,4,6995.0,-1,12.461,-12.4,-1.94,-24.67,0,0,DCHG, ,
17012.6,1,1,1,1,4,7000.0,-1,12.461,-12.4,-1.94,-24.69,0,0,DCHG, ,
17017.6,1,1,1,1,4,7005.0,-1,12.461,-12.4,-1.94,-24.7,0,0,DCHG, ,
17022.6,1,1,1,1,4,7010.0,-1,12.46,-12.4,-1.94,-24.72,0,0,DCHG, ,
17027.6,1,1,1,1,4,7015.0,-1,12.459,-12.4,-1.94,-24.74,0,0,DCHG, ,
17032.6,1,1,1,1,4,7020.0,-1,12.459,-12.4,-1.94,-24.76,0,0,DCHG, ,
17037.6,1,1,1,1,4,7025.0,-1,12.459,-12.4,-1.95,-24.77,0,0,DCHG, ,
17042.6,1,1,1,1,4,7030.0,-1,12.458,-12.4,-1.95,-24.79,0,0,DCHG, ,
17047.6,1,1,1,1,4,7035.0,-1,12.458,-12.4,-1.95,-24.81,0,0,DCHG, ,
17052.6,1,1,1,1,4,7040.0,-1,12.457,-12.4,-1.95,-24.83,0,0,DCHG, ,
17057.6,1,1,1,1,4,7045.0,-1,12.457,-12.4,-1.95,-24.84,0,0,DCHG, ,
17062.6,1,1,1,1,4,7050.0,-1,12.456,-12.4,-1.95,-24.86,0,0,DCHG, ,
17067.6,1,1,1,1,4,7055.0,-1,12.456,-12.4,-1.95,-24.88,0,0,DCHG, ,
17072.6,1,1,1,1,4,7060.0,-1,12.456,-12.4,-1.96,-24.89,0,0,DCHG, ,
17077.6,1,1,1,1,4,7065.0,-1,12.456,-12.4,-1.96,-24.91,0,0,DCHG, ,
17082.6,1,1,1,1,4,7070.0,-1,12.455,-12.4,-1.96,-24.93,0,0,DCHG, ,
17087.6,1,1,1,1,4,7075.0,-1,12.455,-12.4,-1.96,-24.95,0,0,DCHG, ,
17092.6,1,1,1,1,4,7080.0,-1,12.454,-12.4,-1.96,-24.96,0,0,DCHG, ,
17097.6,1,1,1,1,4,7085.0,-1,12.453,-12.4,-1.96,-24.98,0,0,DCHG, ,
17102.6,1,1,1,1,4,7090.0,-1,12.453,-12.4,-1.96,-25,0,0,DCHG, ,
17107.6,1,1,1,1,4,7095.0,-1,12.452,-12.4,-1.97,-25.01,0,0,DCHG, ,
17112.6,1,1,1,1,4,7100.0,-1,12.452,-12.4,-1.97,-25.03,0,0,DCHG, ,
17117.6,1,1,1,1,4,7105.0,-1,12.452,-12.4,-1.97,-25.05,0,0,DCHG, ,
17122.6,1,1,1,1,4,7110.0,-1,12.452,-12.4,-1.97,-25.07,0,0,DCHG, ,
17127.6,1,1,1,1,4,7115.0,-1,12.451,-12.4,-1.97,-25.08,0,0,DCHG, ,
17132.6,1,1,1,1,4,7120.0,-0.99,12.451,-12.3,-1.97,-25.1,0,0,DCHG, ,
17137.6,1,1,1,1,4,7125.0,-1,12.45,-12.4,-1.97,-25.12,0,0,DCHG, ,
17142.6,1,1,1,1,4,7130.0,-1,12.45,-12.4,-1.98,-25.14,0,0,DCHG, ,
17147.6,1,1,1,1,4,7135.0,-1,12.449,-12.4,-1.98,-25.15,0,0,DCHG, ,
17152.6,1,1,1,1,4,7140.0,-1,12.449,-12.4,-1.98,-25.17,0,0,DCHG, ,
17157.6,1,1,1,1,4,7145.0,-1,12.449,-12.4,-1.98,-25.19,0,0,DCHG, ,
17162.6,1,1,1,1,4,7150.0,-1,12.448,-12.4,-1.98,-25.2,0,0,DCHG, ,
17167.6,1,1,1,1,4,7155.0,-1,12.447,-12.4,-1.98,-25.22,0,0,DCHG, ,
17172.6,1,1,1,1,4,7160.0,-1,12.447,-12.4,-1.98,-25.24,0,0,DCHG, ,
17177.6,1,1,1,1,4,7165.0,-1,12.447,-12.4,-1.98,-25.26,0,0,DCHG, ,
17182.6,1,1,1,1,4,7170.0,-1,12.446,-12.4,-1.99,-25.27,0,0,DCHG, ,
17187.6,1,1,1,1,4,7175.0,-1,12.446,-12.4,-1.99,-25.29,0,0,DCHG, ,
17192.6,1,1,1,1,4,7180.0,-1,12.445,-12.4,-1.99,-25.31,0,0,DCHG, ,
17197.6,1,1,1,1,4,7185.0,-1,12.445,-12.4,-1.99,-25.32,0,0,DCHG, ,
17202.6,1,1,1,1,4,7190.0,-1,12.445,-12.4,-1.99,-25.34,0,0,DCHG, ,
17207.6,1,1,1,1,4,7195.0,-1,12.444,-12.4,-1.99,-25.36,0,0,DCHG, ,
17212.6,1,1,1,1,4,7200.0,-1,12.444,-12.4,-1.99,-25.38,0,0,DCHG, ,
17217.6,1,1,1,1,4,7205.0,-1,12.443,-12.4,-2,-25.39,0,0,DCHG, ,
17222.6,1,1,1,1,4,7210.0,-0.99,12.443,-12.3,-2,-25.41,0,0,DCHG, ,
17227.6,1,1,1,1,4,7215.0,-1,12.443,-12.4,-2,-25.43,0,0,DCHG, ,
17232.6,1,1,1,1,4,7220.0,-1,12.442,-12.4,-2,-25.45,0,0,DCHG, ,
17237.6,1,1,1,1,4,7225.0,-1,12.441,-12.4,-2,-25.46,0,0,DCHG, ,
17242.6,1,1,1,1,4,7230.0,-1,12.441,-12.4,-2,-25.48,0,0,DCHG, ,
17247.6,1,1,1,1,4,7235.0,-1,12.441,-12.4,-2,-25.5,0,0,DCHG, ,
17252.6,1,1,1,1,4,7240.0,-1,12.44,-12.4,-2.01,-25.51,0,0,DCHG, ,
17257.6,1,1,1,1,4,7245.0,-1,12.44,-12.4,-2.01,-25.53,0,0,DCHG, ,
17262.6,1,1,1,1,4,7250.0,-1,12.439,-12.4,-2.01,-25.55,0,0,DCHG, ,
17267.6,1,1,1,1,4,7255.0,-1,12.439,-12.4,-2.01,-25.57,0,0,DCHG, ,
17272.6,1,1,1,1,4,7260.0,-1,12.439,-12.4,-2.01,-25.58,0,0,DCHG, ,
17277.6,1,1,1,1,4,7265.0,-1,12.438,-12.4,-2.01,-25.6,0,0,DCHG, ,
17282.6,1,1,1,1,4,7270.0,-1,12.438,-12.4,-2.01,-25.62,0,0,DCHG, ,
17287.6,1,1,1,1,4,7275.0,-1,12.438,-12.4,-2.02,-25.63,0,0,DCHG, ,
17292.6,1,1,1,1,4,7280.0,-1,12.438,-12.4,-2.02,-25.65,0,0,DCHG, ,
17297.6,1,1,1,1,4,7285.0,-1,12.437,-12.4,-2.02,-25.67,0,0,DCHG, ,
17302.6,1,1,1,1,4,7290.0,-1,12.436,-12.4,-2.02,-25.69,0,0,DCHG, ,
17307.6,1,1,1,1,4,7295.0,-1,12.436,-12.4,-2.02,-25.7,0,0,DCHG, ,
17312.6,1,1,1,1,4,7300.0,-1,12.435,-12.4,-2.02,-25.72,0,0,DCHG, ,
17317.6,1,1,1,1,4,7305.0,-1,12.435,-12.4,-2.02,-25.74,0,0,DCHG, ,
17322.6,1,1,1,1,4,7310.0,-1,12.435,-12.4,-2.03,-25.76,0,0,DCHG, ,
17327.6,1,1,1,1,4,7315.0,-1,12.434,-12.4,-2.03,-25.77,0,0,DCHG, ,
17332.6,1,1,1,1,4,7320.0,-1,12.434,-12.4,-2.03,-25.79,0,0,DCHG, ,
17337.6,1,1,1,1,4,7325.0,-1,12.434,-12.4,-2.03,-25.81,0,0,DCHG, ,
17342.6,1,1,1,1,4,7330.0,-1,12.433,-12.4,-2.03,-25.82,0,0,DCHG, ,
17347.6,1,1,1,1,4,7335.0,-1,12.433,-12.4,-2.03,-25.84,0,0,DCHG, ,
17352.6,1,1,1,1,4,7340.0,-1,12.432,-12.4,-2.03,-25.86,0,0,DCHG, ,
17357.6,1,1,1,1,4,7345.0,-1,12.432,-12.4,-2.03,-25.88,0,0,DCHG, ,
17362.6,1,1,1,1,4,7350.0,-1,12.431,-12.4,-2.04,-25.89,0,0,DCHG, ,
17367.6,1,1,1,1,4,7355.0,-1,12.431,-12.4,-2.04,-25.91,0,0,DCHG, ,
17372.6,1,1,1,1,4,7360.0,-1,12.431,-12.4,-2.04,-25.93,0,0,DCHG, ,
17377.6,1,1,1,1,4,7365.0,-1,12.43,-12.4,-2.04,-25.94,0,0,DCHG, ,
17382.6,1,1,1,1,4,7370.0,-1,12.43,-12.4,-2.04,-25.96,0,0,DCHG, ,
17387.6,1,1,1,1,4,7375.0,-1,12.429,-12.4,-2.04,-25.98,0,0,DCHG, ,
17392.6,1,1,1,1,4,7380.0,-1,12.429,-12.4,-2.04,-26,0,0,DCHG, ,
17397.6,1,1,1,1,4,7385.0,-1,12.428,-12.4,-2.05,-26.01,0,0,DCHG, ,
17402.6,1,1,1,1,4,7390.0,-1,12.428,-12.4,-2.05,-26.03,0,0,DCHG, ,
17407.6,1,1,1,1,4,7395.0,-1,12.428,-12.4,-2.05,-26.05,0,0,DCHG, ,
17412.6,1,1,1,1,4,7400.0,-1,12.428,-12.4,-2.05,-26.07,0,0,DCHG, ,
17417.6,1,1,1,1,4,7405.0,-1,12.427,-12.4,-2.05,-26.08,0,0,DCHG, ,
17422.6,1,1,1,1,4,7410.0,-1,12.427,-12.4,-2.05,-26.1,0,0,DCHG, ,
17427.6,1,1,1,1,4,7415.0,-1,12.426,-12.4,-2.05,-26.12,0,0,DCHG, ,
17432.6,1,1,1,1,4,7420.0,-1,12.425,-12.4,-2.06,-26.13,0,0,DCHG, ,
17437.6,1,1,1,1,4,7425.0,-1,12.425,-12.4,-2.06,-26.15,0,0,DCHG, ,
17442.6,1,1,1,1,4,7430.0,-1,12.425,-12.4,-2.06,-26.17,0,0,DCHG, ,
17447.6,1,1,1,1,4,7435.0,-1,12.425,-12.4,-2.06,-26.19,0,0,DCHG, ,
17452.6,1,1,1,1,4,7440.0,-1,12.424,-12.4,-2.06,-26.2,0,0,DCHG, ,
17457.6,1,1,1,1,4,7445.0,-1,12.424,-12.4,-2.06,-26.22,0,0,DCHG, ,
17462.6,1,1,1,1,4,7450.0,-1,12.423,-12.4,-2.06,-26.24,0,0,DCHG, ,
17467.6,1,1,1,1,4,7455.0,-1,12.423,-12.4,-2.07,-26.25,0,0,DCHG, ,
17472.6,1,1,1,1,4,7460.0,-1,12.423,-12.4,-2.07,-26.27,0,0,DCHG, ,
17477.6,1,1,1,1,4,7465.0,-1,12.422,-12.4,-2.07,-26.29,0,0,DCHG, ,
17482.6,1,1,1,1,4,7470.0,-1,12.422,-12.3,-2.07,-26.31,0,0,DCHG, ,
17487.6,1,1,1,1,4,7475.0,-1,12.422,-12.3,-2.07,-26.32,0,0,DCHG, ,
17492.6,1,1,1,1,4,7480.0,-1,12.421,-12.4,-2.07,-26.34,0,0,DCHG, ,
17497.6,1,1,1,1,4,7485.0,-1,12.421,-12.3,-2.07,-26.36,0,0,DCHG, ,
17502.6,1,1,1,1,4,7490.0,-1,12.42,-12.4,-2.08,-26.37,0,0,DCHG, ,
17507.6,1,1,1,1,4,7495.0,-1,12.42,-12.3,-2.08,-26.39,0,0,DCHG, ,
17512.6,1,1,1,1,4,7500.0,-1,12.419,-12.4,-2.08,-26.41,0,0,DCHG, ,
17517.6,1,1,1,1,4,7505.0,-1,12.42,-12.4,-2.08,-26.43,0,0,DCHG, ,
17522.6,1,1,1,1,4,7510.0,-1,12.419,-12.4,-2.08,-26.44,0,0,DCHG, ,
17527.6,1,1,1,1,4,7515.0,-1,12.419,-12.4,-2.08,-26.46,0,0,DCHG, ,
17532.6,1,1,1,1,4,7520.0,-1,12.418,-12.3,-2.08,-26.48,0,0,DCHG, ,
17537.6,1,1,1,1,4,7525.0,-1,12.417,-12.4,-2.08,-26.49,0,0,DCHG, ,
17542.6,1,1,1,1,4,7530.0,-1,12.417,-12.4,-2.09,-26.51,0,0,DCHG, ,
17547.6,1,1,1,1,4,7535.0,-1,12.417,-12.3,-2.09,-26.53,0,0,DCHG, ,
17552.6,1,1,1,1,4,7540.0,-1,12.417,-12.3,-2.09,-26.55,0,0,DCHG, ,
17557.6,1,1,1,1,4,7545.0,-1,12.416,-12.3,-2.09,-26.56,0,0,DCHG, ,
17562.6,1,1,1,1,4,7550.0,-1,12.416,-12.3,-2.09,-26.58,0,0,DCHG, ,
17567.6,1,1,1,1,4,7555.0,-1,12.416,-12.3,-2.09,-26.6,0,0,DCHG, ,
17572.6,1,1,1,1,4,7560.0,-1,12.415,-12.3,-2.09,-26.61,0,0,DCHG, ,
17577.6,1,1,1,1,4,7565.0,-1,12.415,-12.3,-2.1,-26.63,0,0,DCHG, ,
17582.6,1,1,1,1,4,7570.0,-1,12.414,-12.4,-2.1,-26.65,0,0,DCHG, ,
17587.6,1,1,1,1,4,7575.0,-1,12.414,-12.3,-2.1,-26.67,0,0,DCHG, ,
17592.6,1,1,1,1,4,7580.0,-1,12.414,-12.3,-2.1,-26.68,0,0,DCHG, ,
17597.6,1,1,1,1,4,7585.0,-1,12.413,-12.3,-2.1,-26.7,0,0,DCHG, ,
17602.6,1,1,1,1,4,7590.0,-1,12.412,-12.4,-2.1,-26.72,0,0,DCHG, ,
17607.6,1,1,1,1,4,7595.0,-1,12.413,-12.4,-2.1,-26.73,0,0,DCHG, ,
17612.6,1,1,1,1,4,7600.0,-1,12.412,-12.3,-2.11,-26.75,0,0,DCHG, ,
17617.6,1,1,1,1,4,7605.0,-1,12.412,-12.4,-2.11,-26.77,0,0,DCHG, ,
17622.6,1,1,1,1,4,7610.0,-1,12.411,-12.4,-2.11,-26.79,0,0,DCHG, ,
17627.6,1,1,1,1,4,7615.0,-1,12.411,-12.3,-2.11,-26.8,0,0,DCHG, ,
17632.6,1,1,1,1,4,7620.0,-1,12.41,-12.3,-2.11,-26.82,0,0,DCHG, ,
17637.6,1,1,1,1,4,7625.0,-1,12.41,-12.4,-2.11,-26.84,0,0,DCHG, ,
17642.6,1,1,1,1,4,7630.0,-1,12.41,-12.3,-2.11,-26.85,0,0,DCHG, ,
17647.6,1,1,1,1,4,7635.0,-1,12.409,-12.3,-2.12,-26.87,0,0,DCHG, ,
17652.6,1,1,1,1,4,7640.0,-1,12.409,-12.3,-2.12,-26.89,0,0,DCHG, ,
17657.6,1,1,1,1,4,7645.0,-1,12.408,-12.3,-2.12,-26.91,0,0,DCHG, ,
17662.6,1,1,1,1,4,7650.0,-1,12.408,-12.3,-2.12,-26.92,0,0,DCHG, ,
17667.6,1,1,1,1,4,7655.0,-1,12.408,-12.3,-2.12,-26.94,0,0,DCHG, ,
17672.6,1,1,1,1,4,7660.0,-1,12.407,-12.3,-2.12,-26.96,0,0,DCHG, ,
17677.6,1,1,1,1,4,7665.0,-1,12.407,-12.4,-2.12,-26.97,0,0,DCHG, ,
17682.6,1,1,1,1,4,7670.0,-1,12.406,-12.3,-2.13,-26.99,0,0,DCHG, ,
17687.6,1,1,1,1,4,7675.0,-1,12.406,-12.3,-2.13,-27.01,0,0,DCHG, ,
17692.6,1,1,1,1,4,7680.0,-1,12.406,-12.4,-2.13,-27.03,0,0,DCHG, ,
17697.6,1,1,1,1,4,7685.0,-1,12.405,-12.3,-2.13,-27.04,0,0,DCHG, ,
17702.6,1,1,1,1,4,7690.0,-1,12.405,-12.3,-2.13,-27.06,0,0,DCHG, ,
17707.6,1,1,1,1,4,7695.0,-1,12.405,-12.4,-2.13,-27.08,0,0,DCHG, ,
17712.6,1,1,1,1,4,7700.0,-1,12.404,-12.3,-2.13,-27.09,0,0,DCHG, ,
17717.6,1,1,1,1,4,7705.0,-1,12.404,-12.4,-2.13,-27.11,0,0,DCHG, ,
17722.6,1,1,1,1,4,7710.0,-1,12.403,-12.3,-2.14,-27.13,0,0,DCHG, ,
17727.6,1,1,1,1,4,7715.0,-1,12.403,-12.3,-2.14,-27.15,0,0,DCHG, ,
17732.6,1,1,1,1,4,7720.0,-1,12.403,-12.4,-2.14,-27.16,0,0,DCHG, ,
17737.6,1,1,1,1,4,7725.0,-1,12.403,-12.3,-2.14,-27.18,0,0,DCHG, ,
17742.6,1,1,1,1,4,7730.0,-1,12.402,-12.4,-2.14,-27.2,0,0,DCHG, ,
17747.6,1,1,1,1,4,7735.0,-1,12.402,-12.3,-2.14,-27.21,0,0,DCHG, ,
17752.6,1,1,1,1,4,7740.0,-1,12.402,-12.3,-2.14,-27.23,0,0,DCHG, ,
17757.6,1,1,1,1,4,7745.0,-1,12.401,-12.3,-2.15,-27.25,0,0,DCHG, ,
17762.6,1,1,1,1,4,7750.0,-1,12.4,-12.3,-2.15,-27.27,0,0,DCHG, ,
17767.6,1,1,1,1,4,7755.0,-1,12.4,-12.3,-2.15,-27.28,0,0,DCHG, ,
17772.6,1,1,1,1,4,7760.0,-1,12.4,-12.3,-2.15,-27.3,0,0,DCHG, ,
17777.6,1,1,1,1,4,7765.0,-1,12.4,-12.3,-2.15,-27.32,0,0,DCHG, ,
17782.6,1,1,1,1,4,7770.0,-0.99,12.399,-12.3,-2.15,-27.33,0,0,DCHG, ,
17787.6,1,1,1,1,4,7775.0,-1,12.399,-12.3,-2.15,-27.35,0,0,DCHG, ,
17792.6,1,1,1,1,4,7780.0,-1,12.399,-12.3,-2.16,-27.37,0,0,DCHG, ,
17797.6,1,1,1,1,4,7785.0,-1,12.399,-12.3,-2.16,-27.39,0,0,DCHG, ,
17802.6,1,1,1,1,4,7790.0,-1,12.398,-12.3,-2.16,-27.4,0,0,DCHG, ,
17807.6,1,1,1,1,4,7795.0,-1,12.398,-12.3,-2.16,-27.42,0,0,DCHG, ,
17812.6,1,1,1,1,4,7800.0,-1,12.397,-12.3,-2.16,-27.44,0,0,DCHG, ,
17817.6,1,1,1,1,4,7805.0,-1,12.397,-12.3,-2.16,-27.45,0,0,DCHG, ,
17822.6,1,1,1,1,4,7810.0,-1,12.397,-12.3,-2.16,-27.47,0,0,DCHG, ,
17827.6,1,1,1,1,4,7815.0,-1,12.396,-12.3,-2.17,-27.49,0,0,DCHG, ,
17832.6,1,1,1,1,4,7820.0,-1,12.396,-12.3,-2.17,-27.5,0,0,DCHG, ,
17837.6,1,1,1,1,4,7825.0,-1,12.395,-12.3,-2.17,-27.52,0,0,DCHG, ,
17842.6,1,1,1,1,4,7830.0,-1,12.395,-12.3,-2.17,-27.54,0,0,DCHG, ,
17847.6,1,1,1,1,4,7835.0,-1,12.395,-12.3,-2.17,-27.56,0,0,DCHG, ,
17852.6,1,1,1,1,4,7840.0,-1,12.394,-12.3,-2.17,-27.57,0,0,DCHG, ,
17857.6,1,1,1,1,4,7845.0,-1,12.394,-12.3,-2.17,-27.59,0,0,DCHG, ,
17862.6,1,1,1,1,4,7850.0,-1,12.393,-12.3,-2.18,-27.61,0,0,DCHG, ,
17867.6,1,1,1,1,4,7855.0,-1,12.393,-12.3,-2.18,-27.62,0,0,DCHG, ,
17872.6,1,1,1,1,4,7860.0,-1,12.392,-12.3,-2.18,-27.64,0,0,DCHG, ,
17877.6,1,1,1,1,4,7865.0,-1,12.392,-12.3,-2.18,-27.66,0,0,DCHG, ,
17882.6,1,1,1,1,4,7870.0,-1,12.392,-12.3,-2.18,-27.68,0,0,DCHG, ,
17887.6,1,1,1,1,4,7875.0,-1,12.392,-12.3,-2.18,-27.69,0,0,DCHG, ,
17892.6,1,1,1,1,4,7880.0,-1,12.391,-12.3,-2.18,-27.71,0,0,DCHG, ,
17897.6,1,1,1,1,4,7885.0,-1,12.391,-12.3,-2.18,-27.73,0,0,DCHG, ,
17902.6,1,1,1,1,4,7890.0,-1,12.391,-12.3,-2.19,-27.74,0,0,DCHG, ,
17907.6,1,1,1,1,4,7895.0,-1,12.39,-12.3,-2.19,-27.76,0,0,DCHG, ,
17912.6,1,1,1,1,4,7900.0,-1,12.39,-12.3,-2.19,-27.78,0,0,DCHG, ,
17917.6,1,1,1,1,4,7905.0,-1,12.389,-12.3,-2.19,-27.79,0,0,DCHG, ,
17922.6,1,1,1,1,4,7910.0,-1,12.389,-12.3,-2.19,-27.81,0,0,DCHG, ,
17927.6,1,1,1,1,4,7915.0,-1,12.389,-12.3,-2.19,-27.83,0,0,DCHG, ,
17932.6,1,1,1,1,4,7920.0,-1,12.388,-12.3,-2.19,-27.85,0,0,DCHG, ,
17937.6,1,1,1,1,4,7925.0,-1,12.389,-12.3,-2.2,-27.86,0,0,DCHG, ,
17942.6,1,1,1,1,4,7930.0,-1,12.388,-12.3,-2.2,-27.88,0,0,DCHG, ,
17947.6,1,1,1,1,4,7935.0,-1,12.388,-12.3,-2.2,-27.9,0,0,DCHG, ,
17952.6,1,1,1,1,4,7940.0,-1,12.387,-12.3,-2.2,-27.91,0,0,DCHG, ,
17957.6,1,1,1,1,4,7945.0,-1,12.387,-12.3,-2.2,-27.93,0,0,DCHG, ,
17962.6,1,1,1,1,4,7950.0,-1,12.386,-12.3,-2.2,-27.95,0,0,DCHG, ,
17967.6,1,1,1,1,4,7955.0,-1,12.386,-12.3,-2.2,-27.97,0,0,DCHG, ,
17972.6,1,1,1,1,4,7960.0,-1,12.385,-12.3,-2.21,-27.98,0,0,DCHG, ,
17977.6,1,1,1,1,4,7965.0,-1,12.385,-12.3,-2.21,-28,0,0,DCHG, ,
17982.6,1,1,1,1,4,7970.0,-1,12.385,-12.3,-2.21,-28.02,0,0,DCHG, ,
17987.6,1,1,1,1,4,7975.0,-1,12.385,-12.3,-2.21,-28.03,0,0,DCHG, ,
17992.6,1,1,1,1,4,7980.0,-1,12.384,-12.3,-2.21,-28.05,0,0,DCHG, ,
17997.6,1,1,1,1,4,7985.0,-1,12.384,-12.3,-2.21,-28.07,0,0,DCHG, ,
18002.6,1,1,1,1,4,7990.0,-1,12.384,-12.3,-2.21,-28.09,0,0,DCHG, ,
18007.6,1,1,1,1,4,7995.0,-1,12.383,-12.3,-2.22,-28.1,0,0,DCHG, ,
18012.6,1,1,1,1,4,8000.0,-1,12.383,-12.3,-2.22,-28.12,0,0,DCHG, ,
18017.6,1,1,1,1,4,8005.0,-1,12.382,-12.3,-2.22,-28.14,0,0,DCHG, ,
18022.6,1,1,1,1,4,8010.0,-1,12.382,-12.3,-2.22,-28.15,0,0,DCHG, ,
18027.6,1,1,1,1,4,8015.0,-1,12.382,-12.3,-2.22,-28.17,0,0,DCHG, ,
18032.6,1,1,1,1,4,8020.0,-1,12.382,-12.3,-2.22,-28.19,0,0,DCHG, ,
18037.6,1,1,1,1,4,8025.0,-1,12.381,-12.3,-2.22,-28.2,0,0,DCHG, ,
18042.6,1,1,1,1,4,8030.0,-1,12.381,-12.3,-2.23,-28.22,0,0,DCHG, ,
18047.6,1,1,1,1,4,8035.0,-1,12.381,-12.3,-2.23,-28.24,0,0,DCHG, ,
18052.6,1,1,1,1,4,8040.0,-1,12.38,-12.3,-2.23,-28.26,0,0,DCHG, ,
18057.6,1,1,1,1,4,8045.0,-1,12.38,-12.3,-2.23,-28.27,0,0,DCHG, ,
18062.6,1,1,1,1,4,8050.0,-1,12.379,-12.3,-2.23,-28.29,0,0,DCHG, ,
18067.6,1,1,1,1,4,8055.0,-1,12.379,-12.3,-2.23,-28.31,0,0,DCHG, ,
18072.6,1,1,1,1,4,8060.0,-1,12.379,-12.3,-2.23,-28.32,0,0,DCHG, ,
18077.6,1,1,1,1,4,8065.0,-1,12.378,-12.3,-2.23,-28.34,0,0,DCHG, ,
18082.6,1,1,1,1,4,8070.0,-1,12.378,-12.3,-2.24,-28.36,0,0,DCHG, ,
18087.6,1,1,1,1,4,8075.0,-1,12.378,-12.3,-2.24,-28.38,0,0,DCHG, ,
18092.6,1,1,1,1,4,8080.0,-1,12.377,-12.3,-2.24,-28.39,0,0,DCHG, ,
18097.6,1,1,1,1,4,8085.0,-1,12.377,-12.3,-2.24,-28.41,0,0,DCHG, ,
18102.6,1,1,1,1,4,8090.0,-1,12.377,-12.3,-2.24,-28.43,0,0,DCHG, ,
18107.6,1,1,1,1,4,8095.0,-1,12.377,-12.3,-2.24,-28.44,0,0,DCHG, ,
18112.6,1,1,1,1,4,8100.0,-1,12.377,-12.3,-2.24,-28.46,0,0,DCHG, ,
18117.6,1,1,1,1,4,8105.0,-1,12.376,-12.3,-2.25,-28.48,0,0,DCHG, ,
18122.6,1,1,1,1,4,8110.0,-1,12.375,-12.3,-2.25,-28.5,0,0,DCHG, ,
18127.6,1,1,1,1,4,8115.0,-1,12.375,-12.3,-2.25,-28.51,0,0,DCHG, ,
18132.6,1,1,1,1,4,8120.0,-1,12.375,-12.3,-2.25,-28.53,0,0,DCHG, ,
18137.6,1,1,1,1,4,8125.0,-1,12.375,-12.3,-2.25,-28.55,0,0,DCHG, ,
18142.6,1,1,1,1,4,8130.0,-1,12.375,-12.3,-2.25,-28.56,0,0,DCHG, ,
18147.6,1,1,1,1,4,8135.0,-1,12.374,-12.3,-2.25,-28.58,0,0,DCHG, ,
18152.6,1,1,1,1,4,8140.0,-1,12.374,-12.3,-2.26,-28.6,0,0,DCHG, ,
18157.6,1,1,1,1,4,8145.0,-1,12.373,-12.3,-2.26,-28.61,0,0,DCHG, ,
18162.6,1,1,1,1,4,8150.0,-1,12.373,-12.3,-2.26,-28.63,0,0,DCHG, ,
18167.6,1,1,1,1,4,8155.0,-1,12.373,-12.3,-2.26,-28.65,0,0,DCHG, ,
18172.6,1,1,1,1,4,8160.0,-1,12.372,-12.3,-2.26,-28.67,0,0,DCHG, ,
18177.6,1,1,1,1,4,8165.0,-0.99,12.372,-12.2,-2.26,-28.68,0,0,DCHG, ,
18182.6,1,1,1,1,4,8170.0,-1,12.372,-12.3,-2.26,-28.7,0,0,DCHG, ,
18187.6,1,1,1,1,4,8175.0,-1,12.371,-12.3,-2.27,-28.72,0,0,DCHG, ,
18192.6,1,1,1,1,4,8180.0,-1,12.371,-12.3,-2.27,-28.73,0,0,DCHG, ,
18197.6,1,1,1,1,4,8185.0,-1,12.371,-12.3,-2.27,-28.75,0,0,DCHG, ,
18202.6,1,1,1,1,4,8190.0,-1,12.37,-12.3,-2.27,-28.77,0,0,DCHG, ,
18207.6,1,1,1,1,4,8195.0,-1,12.37,-12.3,-2.27,-28.79,0,0,DCHG, ,
18212.6,1,1,1,1,4,8200.0,-1,12.37,-12.3,-2.27,-28.8,0,0,DCHG, ,
18217.6,1,1,1,1,4,8205.0,-1,12.37,-12.3,-2.27,-28.82,0,0,DCHG, ,
18222.6,1,1,1,1,4,8210.0,-1,12.369,-12.3,-2.28,-28.84,0,0,DCHG, ,
18227.6,1,1,1,1,4,8215.0,-1,12.369,-12.3,-2.28,-28.85,0,0,DCHG, ,
18232.6,1,1,1,1,4,8220.0,-1,12.369,-12.3,-2.28,-28.87,0,0,DCHG, ,
18237.6,1,1,1,1,4,8225.0,-1,12.368,-12.3,-2.28,-28.89,0,0,DCHG, ,
18242.6,1,1,1,1,4,8230.0,-1,12.368,-12.3,-2.28,-28.91,0,0,DCHG, ,
18247.6,1,1,1,1,4,8235.0,-1,12.367,-12.3,-2.28,-28.92,0,0,DCHG, ,
18252.6,1,1,1,1,4,8240.0,-1,12.367,-12.3,-2.28,-28.94,0,0,DCHG, ,
18257.6,1,1,1,1,4,8245.0,-1,12.367,-12.3,-2.28,-28.96,0,0,DCHG, ,
18262.6,1,1,1,1,4,8250.0,-1,12.367,-12.3,-2.29,-28.97,0,0,DCHG, ,
18267.6,1,1,1,1,4,8255.0,-1,12.366,-12.3,-2.29,-28.99,0,0,DCHG, ,
18272.6,1,1,1,1,4,8260.0,-1,12.366,-12.3,-2.29,-29.01,0,0,DCHG, ,
18277.6,1,1,1,1,4,8265.0,-1,12.366,-12.3,-2.29,-29.02,0,0,DCHG, ,
18282.6,1,1,1,1,4,8270.0,-1,12.365,-12.3,-2.29,-29.04,0,0,DCHG, ,
18287.6,1,1,1,1,4,8275.0,-1,12.365,-12.3,-2.29,-29.06,0,0,DCHG, ,
18292.6,1,1,1,1,4,8280.0,-1,12.364,-12.3,-2.29,-29.08,0,0,DCHG, ,
18297.6,1,1,1,1,4,8285.0,-1,12.364,-12.3,-2.3,-29.09,0,0,DCHG, ,
18302.6,1,1,1,1,4,8290.0,-1,12.364,-12.3,-2.3,-29.11,0,0,DCHG, ,
18307.6,1,1,1,1,4,8295.0,-1,12.363,-12.3,-2.3,-29.13,0,0,DCHG, ,
18312.6,1,1,1,1,4,8300.0,-1,12.363,-12.3,-2.3,-29.14,0,0,DCHG, ,
18317.6,1,1,1,1,4,8305.0,-1,12.363,-12.3,-2.3,-29.16,0,0,DCHG, ,
18322.6,1,1,1,1,4,8310.0,-1,12.363,-12.3,-2.3,-29.18,0,0,DCHG, ,
18327.6,1,1,1,1,4,8315.0,-0.99,12.362,-12.2,-2.3,-29.2,0,0,DCHG, ,
18332.6,1,1,1,1,4,8320.0,-1,12.361,-12.3,-2.31,-29.21,0,0,DCHG, ,
18337.6,1,1,1,1,4,8325.0,-1,12.361,-12.3,-2.31,-29.23,0,0,DCHG, ,
18342.6,1,1,1,1,4,8330.0,-1,12.361,-12.3,-2.31,-29.25,0,0,DCHG, ,
18347.6,1,1,1,1,4,8335.0,-1,12.361,-12.3,-2.31,-29.26,0,0,DCHG, ,
18352.6,1,1,1,1,4,8340.0,-1,12.361,-12.3,-2.31,-29.28,0,0,DCHG, ,
18357.6,1,1,1,1,4,8345.0,-1,12.36,-12.3,-2.31,-29.3,0,0,DCHG, ,
18362.6,1,1,1,1,4,8350.0,-1,12.36,-12.3,-2.31,-29.32,0,0,DCHG, ,
18367.6,1,1,1,1,4,8355.0,-1,12.36,-12.3,-2.32,-29.33,0,0,DCHG, ,
18372.6,1,1,1,1,4,8360.0,-1,12.36,-12.3,-2.32,-29.35,0,0,DCHG, ,
18377.6,1,1,1,1,4,8365.0,-1,12.359,-12.3,-2.32,-29.37,0,0,DCHG, ,
18382.6,1,1,1,1,4,8370.0,-1,12.358,-12.3,-2.32,-29.38,0,0,DCHG, ,
18387.6,1,1,1,1,4,8375.0,-1,12.358,-12.3,-2.32,-29.4,0,0,DCHG, ,
18392.6,1,1,1,1,4,8380.0,-1,12.358,-12.3,-2.32,-29.42,0,0,DCHG, ,
18397.6,1,1,1,1,4,8385.0,-1,12.358,-12.3,-2.32,-29.43,0,0,DCHG, ,
18402.6,1,1,1,1,4,8390.0,-1,12.357,-12.3,-2.33,-29.45,0,0,DCHG, ,
18407.6,1,1,1,1,4,8395.0,-1,12.357,-12.3,-2.33,-29.47,0,0,DCHG, ,
18412.6,1,1,1,1,4,8400.0,-1,12.357,-12.3,-2.33,-29.49,0,0,DCHG, ,
18417.6,1,1,1,1,4,8405.0,-1,12.356,-12.3,-2.33,-29.5,0,0,DCHG, ,
18422.6,1,1,1,1,4,8410.0,-1,12.356,-12.3,-2.33,-29.52,0,0,DCHG, ,
18427.6,1,1,1,1,4,8415.0,-1,12.356,-12.3,-2.33,-29.54,0,0,DCHG, ,
18432.6,1,1,1,1,4,8420.0,-1,12.355,-12.3,-2.33,-29.55,0,0,DCHG, ,
18437.6,1,1,1,1,4,8425.0,-1,12.355,-12.3,-2.33,-29.57,0,0,DCHG, ,
18442.6,1,1,1,1,4,8430.0,-1,12.355,-12.3,-2.34,-29.59,0,0,DCHG, ,
18447.6,1,1,1,1,4,8435.0,-1,12.354,-12.3,-2.34,-29.61,0,0,DCHG, ,
18452.6,1,1,1,1,4,8440.0,-1,12.354,-12.3,-2.34,-29.62,0,0,DCHG, ,
18457.6,1,1,1,1,4,8445.0,-1,12.354,-12.3,-2.34,-29.64,0,0,DCHG, ,
18462.6,1,1,1,1,4,8450.0,-1,12.353,-12.3,-2.34,-29.66,0,0,DCHG, ,
18467.6,1,1,1,1,4,8455.0,-1,12.353,-12.3,-2.34,-29.67,0,0,DCHG, ,
18472.6,1,1,1,1,4,8460.0,-1,12.353,-12.3,-2.34,-29.69,0,0,DCHG, ,
18477.6,1,1,1,1,4,8465.0,-1,12.353,-12.3,-2.35,-29.71,0,0,DCHG, ,
18482.6,1,1,1,1,4,8470.0,-1,12.352,-12.3,-2.35,-29.73,0,0,DCHG, ,
18487.6,1,1,1,1,4,8475.0,-1,12.352,-12.3,-2.35,-29.74,0,0,DCHG, ,
18492.6,1,1,1,1,4,8480.0,-1,12.352,-12.3,-2.35,-29.76,0,0,DCHG, ,
18497.6,1,1,1,1,4,8485.0,-1,12.351,-12.3,-2.35,-29.78,0,0,DCHG, ,
18502.6,1,1,1,1,4,8490.0,-1,12.351,-12.3,-2.35,-29.79,0,0,DCHG, ,
18507.6,1,1,1,1,4,8495.0,-1,12.351,-12.3,-2.35,-29.81,0,0,DCHG, ,
18512.6,1,1,1,1,4,8500.0,-1,12.35,-12.3,-2.36,-29.83,0,0,DCHG, ,
18517.6,1,1,1,1,4,8505.0,-1,12.35,-12.3,-2.36,-29.84,0,0,DCHG, ,
18522.6,1,1,1,1,4,8510.0,-1,12.35,-12.3,-2.36,-29.86,0,0,DCHG, ,
18527.6,1,1,1,1,4,8515.0,-1,12.349,-12.3,-2.36,-29.88,0,0,DCHG, ,
18532.6,1,1,1,1,4,8520.0,-1,12.349,-12.3,-2.36,-29.9,0,0,DCHG, ,
18537.6,1,1,1,1,4,8525.0,-1,12.349,-12.3,-2.36,-29.91,0,0,DCHG, ,
18542.6,1,1,1,1,4,8530.0,-1,12.349,-12.3,-2.36,-29.93,0,0,DCHG, ,
18547.6,1,1,1,1,4,8535.0,-1,12.348,-12.3,-2.37,-29.95,0,0,DCHG, ,
18552.6,1,1,1,1,4,8540.0,-1,12.348,-12.3,-2.37,-29.96,0,0,DCHG, ,
18557.6,1,1,1,1,4,8545.0,-1,12.348,-12.3,-2.37,-29.98,0,0,DCHG, ,
18562.6,1,1,1,1,4,8550.0,-1,12.347,-12.3,-2.37,-30,0,0,DCHG, ,
18567.6,1,1,1,1,4,8555.0,-1,12.347,-12.3,-2.37,-30.02,0,0,DCHG, ,
18572.6,1,1,1,1,4,8560.0,-1,12.347,-12.3,-2.37,-30.03,0,0,DCHG, ,
18577.6,1,1,1,1,4,8565.0,-1,12.347,-12.3,-2.37,-30.05,0,0,DCHG, ,
18582.6,1,1,1,1,4,8570.0,-1,12.346,-12.3,-2.38,-30.07,0,0,DCHG, ,
18587.6,1,1,1,1,4,8575.0,-1,12.346,-12.3,-2.38,-30.08,0,0,DCHG, ,
18592.6,1,1,1,1,4,8580.0,-1,12.346,-12.3,-2.38,-30.1,0,0,DCHG, ,
18597.6,1,1,1,1,4,8585.0,-1,12.345,-12.3,-2.38,-30.12,0,0,DCHG, ,
18602.6,1,1,1,1,4,8590.0,-1,12.345,-12.3,-2.38,-30.14,0,0,DCHG, ,
18607.6,1,1,1,1,4,8595.0,-1,12.344,-12.3,-2.38,-30.15,0,0,DCHG, ,
18612.6,1,1,1,1,4,8600.0,-1,12.344,-12.3,-2.38,-30.17,0,0,DCHG, ,
18617.6,1,1,1,1,4,8605.0,-1,12.344,-12.3,-2.38,-30.19,0,0,DCHG, ,
18622.6,1,1,1,1,4,8610.0,-1,12.344,-12.3,-2.39,-30.2,0,0,DCHG, ,
18627.6,1,1,1,1,4,8615.0,-1,12.343,-12.3,-2.39,-30.22,0,0,DCHG, ,
18632.6,1,1,1,1,4,8620.0,-1,12.343,-12.3,-2.39,-30.24,0,0,DCHG, ,
18637.6,1,1,1,1,4,8625.0,-1,12.343,-12.3,-2.39,-30.25,0,0,DCHG, ,
18642.6,1,1,1,1,4,8630.0,-1,12.343,-12.3,-2.39,-30.27,0,0,DCHG, ,
18647.6,1,1,1,1,4,8635.0,-1,12.342,-12.3,-2.39,-30.29,0,0,DCHG, ,
18652.6,1,1,1,1,4,8640.0,-1,12.342,-12.3,-2.39,-30.31,0,0,DCHG, ,
18657.6,1,1,1,1,4,8645.0,-1,12.342,-12.3,-2.4,-30.32,0,0,DCHG, ,
18662.6,1,1,1,1,4,8650.0,-1,12.341,-12.3,-2.4,-30.34,0,0,DCHG, ,
18667.6,1,1,1,1,4,8655.0,-1,12.341,-12.3,-2.4,-30.36,0,0,DCHG, ,
18672.6,1,1,1,1,4,8660.0,-1,12.341,-12.3,-2.4,-30.37,0,0,DCHG, ,
18677.6,1,1,1,1,4,8665.0,-1,12.34,-12.3,-2.4,-30.39,0,0,DCHG, ,
18682.6,1,1,1,1,4,8670.0,-1,12.34,-12.3,-2.4,-30.41,0,0,DCHG, ,
18687.6,1,1,1,1,4,8675.0,-1,12.339,-12.3,-2.4,-30.43,0,0,DCHG, ,
18692.6,1,1,1,1,4,8680.0,-1,12.339,-12.3,-2.41,-30.44,0,0,DCHG, ,
18697.6,1,1,1,1,4,8685.0,-1,12.339,-12.3,-2.41,-30.46,0,0,DCHG, ,
18702.6,1,1,1,1,4,8690.0,-1,12.339,-12.3,-2.41,-30.48,0,0,DCHG, ,
18707.6,1,1,1,1,4,8695.0,-1,12.338,-12.3,-2.41,-30.49,0,0,DCHG, ,
18712.6,1,1,1,1,4,8700.0,-1,12.338,-12.3,-2.41,-30.51,0,0,DCHG, ,
18717.6,1,1,1,1,4,8705.0,-1,12.338,-12.3,-2.41,-30.53,0,0,DCHG, ,
18722.6,1,1,1,1,4,8710.0,-1,12.337,-12.3,-2.41,-30.55,0,0,DCHG, ,
18727.6,1,1,1,1,4,8715.0,-1,12.337,-12.3,-2.42,-30.56,0,0,DCHG, ,
18732.6,1,1,1,1,4,8720.0,-1,12.337,-12.3,-2.42,-30.58,0,0,DCHG, ,
18737.6,1,1,1,1,4,8725.0,-1,12.337,-12.3,-2.42,-30.6,0,0,DCHG, ,
18742.6,1,1,1,1,4,8730.0,-1,12.336,-12.3,-2.42,-30.61,0,0,DCHG, ,
18747.6,1,1,1,1,4,8735.0,-1,12.336,-12.3,-2.42,-30.63,0,0,DCHG, ,
18752.6,1,1,1,1,4,8740.0,-1,12.335,-12.3,-2.42,-30.65,0,0,DCHG, ,
18757.6,1,1,1,1,4,8745.0,-1,12.335,-12.3,-2.42,-30.66,0,0,DCHG, ,
18762.6,1,1,1,1,4,8750.0,-1,12.335,-12.3,-2.43,-30.68,0,0,DCHG, ,
18767.6,1,1,1,1,4,8755.0,-1,12.335,-12.3,-2.43,-30.7,0,0,DCHG, ,
18772.6,1,1,1,1,4,8760.0,-1,12.335,-12.3,-2.43,-30.72,0,0,DCHG, ,
18777.6,1,1,1,1,4,8765.0,-1,12.334,-12.3,-2.43,-30.73,0,0,DCHG, ,
18782.6,1,1,1,1,4,8770.0,-1,12.334,-12.3,-2.43,-30.75,0,0,DCHG, ,
18787.6,1,1,1,1,4,8775.0,-1,12.334,-12.3,-2.43,-30.77,0,0,DCHG, ,
18792.6,1,1,1,1,4,8780.0,-1,12.333,-12.3,-2.43,-30.78,0,0,DCHG, ,
18797.6,1,1,1,1,4,8785.0,-1,12.333,-12.3,-2.43,-30.8,0,0,DCHG, ,
18802.6,1,1,1,1,4,8790.0,-1,12.333,-12.3,-2.44,-30.82,0,0,DCHG, ,
18807.6,1,1,1,1,4,8795.0,-1,12.333,-12.3,-2.44,-30.84,0,0,DCHG, ,
18812.6,1,1,1,1,4,8800.0,-1,12.332,-12.3,-2.44,-30.85,0,0,DCHG, ,
18817.6,1,1,1,1,4,8805.0,-0.99,12.332,-12.2,-2.44,-30.87,0,0,DCHG, ,
18822.6,1,1,1,1,4,8810.0,-1,12.332,-12.3,-2.44,-30.89,0,0,DCHG, ,
18827.6,1,1,1,1,4,8815.0,-1,12.331,-12.3,-2.44,-30.9,0,0,DCHG, ,
18832.6,1,1,1,1,4,8820.0,-1,12.331,-12.3,-2.44,-30.92,0,0,DCHG, ,
18837.6,1,1,1,1,4,8825.0,-1,12.33,-12.3,-2.45,-30.94,0,0,DCHG, ,
18842.6,1,1,1,1,4,8830.0,-1,12.33,-12.3,-2.45,-30.95,0,0,DCHG, ,
18847.6,1,1,1,1,4,8835.0,-1,12.33,-12.3,-2.45,-30.97,0,0,DCHG, ,
18852.6,1,1,1,1,4,8840.0,-1,12.33,-12.3,-2.45,-30.99,0,0,DCHG, ,
18857.6,1,1,1,1,4,8845.0,-1,12.33,-12.3,-2.45,-31.01,0,0,DCHG, ,
18862.6,1,1,1,1,4,8850.0,-1,12.329,-12.3,-2.45,-31.02,0,0,DCHG, ,
18867.6,1,1,1,1,4,8855.0,-1,12.329,-12.3,-2.45,-31.04,0,0,DCHG, ,
18872.6,1,1,1,1,4,8860.0,-1,12.329,-12.3,-2.46,-31.06,0,0,DCHG, ,
18877.6,1,1,1,1,4,8865.0,-1,12.329,-12.3,-2.46,-31.07,0,0,DCHG, ,
18882.6,1,1,1,1,4,8870.0,-1,12.328,-12.3,-2.46,-31.09,0,0,DCHG, ,
18887.6,1,1,1,1,4,8875.0,-1,12.328,-12.3,-2.46,-31.11,0,0,DCHG, ,
18892.6,1,1,1,1,4,8880.0,-1,12.327,-12.3,-2.46,-31.13,0,0,DCHG, ,
18897.6,1,1,1,1,4,8885.0,-1,12.327,-12.3,-2.46,-31.14,0,0,DCHG, ,
18902.6,1,1,1,1,4,8890.0,-1,12.327,-12.3,-2.46,-31.16,0,0,DCHG, ,
18907.6,1,1,1,1,4,8895.0,-1,12.327,-12.3,-2.47,-31.18,0,0,DCHG, ,
18912.6,1,1,1,1,4,8900.0,-1,12.327,-12.3,-2.47,-31.19,0,0,DCHG, ,
18917.6,1,1,1,1,4,8905.0,-1,12.326,-12.3,-2.47,-31.21,0,0,DCHG, ,
18922.6,1,1,1,1,4,8910.0,-1,12.326,-12.3,-2.47,-31.23,0,0,DCHG, ,
18927.6,1,1,1,1,4,8915.0,-1,12.325,-12.3,-2.47,-31.25,0,0,DCHG, ,
18932.6,1,1,1,1,4,8920.0,-1,12.325,-12.3,-2.47,-31.26,0,0,DCHG, ,
18937.6,1,1,1,1,4,8925.0,-1,12.325,-12.3,-2.47,-31.28,0,0,DCHG, ,
18942.6,1,1,1,1,4,8930.0,-1,12.325,-12.3,-2.48,-31.3,0,0,DCHG, ,
18947.6,1,1,1,1,4,8935.0,-1,12.325,-12.3,-2.48,-31.31,0,0,DCHG, ,
18952.6,1,1,1,1,4,8940.0,-1,12.324,-12.3,-2.48,-31.33,0,0,DCHG, ,
18957.6,1,1,1,1,4,8945.0,-1,12.324,-12.3,-2.48,-31.35,0,0,DCHG, ,
18962.6,1,1,1,1,4,8950.0,-1,12.324,-12.3,-2.48,-31.36,0,0,DCHG, ,
18967.6,1,1,1,1,4,8955.0,-1,12.323,-12.3,-2.48,-31.38,0,0,DCHG, ,
18972.6,1,1,1,1,4,8960.0,-1,12.323,-12.2,-2.48,-31.4,0,0,DCHG, ,
18977.6,1,1,1,1,4,8965.0,-1,12.322,-12.3,-2.48,-31.42,0,0,DCHG, ,
18982.6,1,1,1,1,4,8970.0,-1,12.322,-12.3,-2.49,-31.43,0,0,DCHG, ,
18987.6,1,1,1,1,4,8975.0,-1,12.322,-12.3,-2.49,-31.45,0,0,DCHG, ,
18992.6,1,1,1,1,4,8980.0,-1,12.322,-12.2,-2.49,-31.47,0,0,DCHG, ,
18997.6,1,1,1,1,4,8985.0,-1,12.321,-12.3,-2.49,-31.48,0,0,DCHG, ,
19002.6,1,1,1,1,4,8990.0,-1,12.321,-12.3,-2.49,-31.5,0,0,DCHG, ,
19007.6,1,1,1,1,4,8995.0,-1,12.321,-12.3,-2.49,-31.52,0,0,DCHG, ,
19012.6,1,1,1,1,4,9000.0,-1,12.321,-12.2,-2.49,-31.54,0,0,DCHG, ,
19017.6,1,1,1,1,4,9005.0,-1,12.32,-12.2,-2.5,-31.55,0,0,DCHG, ,
19022.6,1,1,1,1,4,9010.0,-1,12.32,-12.2,-2.5,-31.57,0,0,DCHG, ,
19027.6,1,1,1,1,4,9015.0,-1,12.319,-12.2,-2.5,-31.59,0,0,DCHG, ,
19032.6,1,1,1,1,4,9020.0,-1,12.319,-12.3,-2.5,-31.6,0,0,DCHG, ,
19037.6,1,1,1,1,4,9025.0,-1,12.319,-12.2,-2.5,-31.62,0,0,DCHG, ,
19042.6,1,1,1,1,4,9030.0,-1,12.319,-12.3,-2.5,-31.64,0,0,DCHG, ,
19047.6,1,1,1,1,4,9035.0,-1,12.319,-12.3,-2.5,-31.65,0,0,DCHG, ,
19052.6,1,1,1,1,4,9040.0,-1,12.318,-12.2,-2.51,-31.67,0,0,DCHG, ,
19057.6,1,1,1,1,4,9045.0,-0.99,12.318,-12.2,-2.51,-31.69,0,0,DCHG, ,
19062.6,1,1,1,1,4,9050.0,-1,12.318,-12.2,-2.51,-31.71,0,0,DCHG, ,
19067.6,1,1,1,1,4,9055.0,-1,12.317,-12.3,-2.51,-31.72,0,0,DCHG, ,
19072.6,1,1,1,1,4,9060.0,-1,12.317,-12.2,-2.51,-31.74,0,0,DCHG, ,
19077.6,1,1,1,1,4,9065.0,-1,12.317,-12.3,-2.51,-31.76,0,0,DCHG, ,
19082.6,1,1,1,1,4,9070.0,-1,12.317,-12.3,-2.51,-31.77,0,0,DCHG, ,
19087.6,1,1,1,1,4,9075.0,-1,12.316,-12.2,-2.52,-31.79,0,0,DCHG, ,
19092.6,1,1,1,1,4,9080.0,-1,12.316,-12.2,-2.52,-31.81,0,0,DCHG, ,
19097.6,1,1,1,1,4,9085.0,-1,12.316,-12.2,-2.52,-31.82,0,0,DCHG, ,
19102.6,1,1,1,1,4,9090.0,-1,12.315,-12.3,-2.52,-31.84,0,0,DCHG, ,
19107.6,1,1,1,1,4,9095.0,-1,12.315,-12.3,-2.52,-31.86,0,0,DCHG, ,
19112.6,1,1,1,1,4,9100.0,-1,12.315,-12.2,-2.52,-31.88,0,0,DCHG, ,
19117.6,1,1,1,1,4,9105.0,-1,12.314,-12.2,-2.52,-31.89,0,0,DCHG, ,
19122.6,1,1,1,1,4,9110.0,-1,12.314,-12.2,-2.52,-31.91,0,0,DCHG, ,
19127.6,1,1,1,1,4,9115.0,-1,12.314,-12.2,-2.53,-31.93,0,0,DCHG, ,
19132.6,1,1,1,1,4,9120.0,-1,12.313,-12.2,-2.53,-31.94,0,0,DCHG, ,
19137.6,1,1,1,1,4,9125.0,-1,12.313,-12.3,-2.53,-31.96,0,0,DCHG, ,
19142.6,1,1,1,1,4,9130.0,-1,12.313,-12.3,-2.53,-31.98,0,0,DCHG, ,
19147.6,1,1,1,1,4,9135.0,-1,12.313,-12.2,-2.53,-31.99,0,0,DCHG, ,
19152.6,1,1,1,1,4,9140.0,-1,12.312,-12.3,-2.53,-32.01,0,0,DCHG, ,
19157.6,1,1,1,1,4,9145.0,-1,12.312,-12.2,-2.53,-32.03,0,0,DCHG, ,
19162.6,1,1,1,1,4,9150.0,-1,12.311,-12.3,-2.54,-32.05,0,0,DCHG, ,
19167.6,1,1,1,1,4,9155.0,-1,12.311,-12.2,-2.54,-32.06,0,0,DCHG, ,
19172.6,1,1,1,1,4,9160.0,-1,12.311,-12.2,-2.54,-32.08,0,0,DCHG, ,
19177.6,1,1,1,1,4,9165.0,-1,12.311,-12.3,-2.54,-32.1,0,0,DCHG, ,
19182.6,1,1,1,1,4,9170.0,-1,12.311,-12.2,-2.54,-32.11,0,0,DCHG, ,
19187.6,1,1,1,1,4,9175.0,-1,12.31,-12.2,-2.54,-32.13,0,0,DCHG, ,
19192.6,1,1,1,1,4,9180.0,-1,12.31,-12.3,-2.54,-32.15,0,0,DCHG, ,
19197.6,1,1,1,1,4,9185.0,-1,12.31,-12.3,-2.55,-32.16,0,0,DCHG, ,
19202.6,1,1,1,1,4,9190.0,-1,12.31,-12.2,-2.55,-32.18,0,0,DCHG, ,
19207.6,1,1,1,1,4,9195.0,-1,12.309,-12.3,-2.55,-32.2,0,0,DCHG, ,
19212.6,1,1,1,1,4,9200.0,-1,12.309,-12.2,-2.55,-32.22,0,0,DCHG, ,
19217.6,1,1,1,1,4,9205.0,-1,12.308,-12.3,-2.55,-32.23,0,0,DCHG, ,
19222.6,1,1,1,1,4,9210.0,-1,12.308,-12.3,-2.55,-32.25,0,0,DCHG, ,
19227.6,1,1,1,1,4,9215.0,-1,12.308,-12.3,-2.55,-32.27,0,0,DCHG, ,
19232.6,1,1,1,1,4,9220.0,-1,12.307,-12.2,-2.56,-32.28,0,0,DCHG, ,
19237.6,1,1,1,1,4,9225.0,-1,12.308,-12.2,-2.56,-32.3,0,0,DCHG, ,
19242.6,1,1,1,1,4,9230.0,-1,12.307,-12.2,-2.56,-32.32,0,0,DCHG, ,
19247.6,1,1,1,1,4,9235.0,-1,12.307,-12.2,-2.56,-32.33,0,0,DCHG, ,
19252.6,1,1,1,1,4,9240.0,-1,12.307,-12.2,-2.56,-32.35,0,0,DCHG, ,
19257.6,1,1,1,1,4,9245.0,-1,12.307,-12.3,-2.56,-32.37,0,0,DCHG, ,
19262.6,1,1,1,1,4,9250.0,-1,12.306,-12.3,-2.56,-32.39,0,0,DCHG, ,
19267.6,1,1,1,1,4,9255.0,-1,12.306,-12.2,-2.57,-32.4,0,0,DCHG, ,
19272.6,1,1,1,1,4,9260.0,-1,12.305,-12.3,-2.57,-32.42,0,0,DCHG, ,
19277.6,1,1,1,1,4,9265.0,-1,12.305,-12.3,-2.57,-32.44,0,0,DCHG, ,
19282.6,1,1,1,1,4,9270.0,-1,12.305,-12.2,-2.57,-32.45,0,0,DCHG, ,
19287.6,1,1,1,1,4,9275.0,-1,12.305,-12.2,-2.57,-32.47,0,0,DCHG, ,
19292.6,1,1,1,1,4,9280.0,-1,12.304,-12.2,-2.57,-32.49,0,0,DCHG, ,
19297.6,1,1,1,1,4,9285.0,-1,12.304,-12.3,-2.57,-32.5,0,0,DCHG, ,
19302.6,1,1,1,1,4,9290.0,-1,12.304,-12.3,-2.57,-32.52,0,0,DCHG, ,
19307.6,1,1,1,1,4,9295.0,-1,12.304,-12.2,-2.58,-32.54,0,0,DCHG, ,
19312.6,1,1,1,1,4,9300.0,-1,12.304,-12.2,-2.58,-32.56,0,0,DCHG, ,
19317.6,1,1,1,1,4,9305.0,-1,12.303,-12.2,-2.58,-32.57,0,0,DCHG, ,
19322.6,1,1,1,1,4,9310.0,-1,12.303,-12.2,-2.58,-32.59,0,0,DCHG, ,
19327.6,1,1,1,1,4,9315.0,-1,12.302,-12.3,-2.58,-32.61,0,0,DCHG, ,
19332.6,1,1,1,1,4,9320.0,-1,12.302,-12.3,-2.58,-32.62,0,0,DCHG, ,
19337.6,1,1,1,1,4,9325.0,-1,12.302,-12.2,-2.58,-32.64,0,0,DCHG, ,
19342.6,1,1,1,1,4,9330.0,-1,12.301,-12.3,-2.59,-32.66,0,0,DCHG, ,
19347.6,1,1,1,1,4,9335.0,-1,12.301,-12.3,-2.59,-32.67,0,0,DCHG, ,
19352.6,1,1,1,1,4,9340.0,-1,12.301,-12.2,-2.59,-32.69,0,0,DCHG, ,
19357.6,1,1,1,1,4,9345.0,-1,12.3,-12.3,-2.59,-32.71,0,0,DCHG, ,
19362.6,1,1,1,1,4,9350.0,-1,12.3,-12.2,-2.59,-32.73,0,0,DCHG, ,
19367.6,1,1,1,1,4,9355.0,-1,12.3,-12.2,-2.59,-32.74,0,0,DCHG, ,
19372.6,1,1,1,1,4,9360.0,-1,12.299,-12.2,-2.59,-32.76,0,0,DCHG, ,
19377.6,1,1,1,1,4,9365.0,-1,12.3,-12.2,-2.6,-32.78,0,0,DCHG, ,
19382.6,1,1,1,1,4,9370.0,-1,12.299,-12.2,-2.6,-32.79,0,0,DCHG, ,
19387.6,1,1,1,1,4,9375.0,-1,12.299,-12.2,-2.6,-32.81,0,0,DCHG, ,
19392.6,1,1,1,1,4,9380.0,-1,12.298,-12.2,-2.6,-32.83,0,0,DCHG, ,
19397.6,1,1,1,1,4,9385.0,-1,12.298,-12.2,-2.6,-32.84,0,0,DCHG, ,
19402.6,1,1,1,1,4,9390.0,-1,12.298,-12.2,-2.6,-32.86,0,0,DCHG, ,
19407.6,1,1,1,1,4,9395.0,-1,12.298,-12.2,-2.6,-32.88,0,0,DCHG, ,
19412.6,1,1,1,1,4,9400.0,-1,12.297,-12.2,-2.61,-32.89,0,0,DCHG, ,
19417.6,1,1,1,1,4,9405.0,-1,12.297,-12.2,-2.61,-32.91,0,0,DCHG, ,
19422.6,1,1,1,1,4,9410.0,-1,12.297,-12.2,-2.61,-32.93,0,0,DCHG, ,
19427.6,1,1,1,1,4,9415.0,-1,12.297,-12.2,-2.61,-32.95,0,0,DCHG, ,
19432.6,1,1,1,1,4,9420.0,-1,12.296,-12.2,-2.61,-32.96,0,0,DCHG, ,
19437.6,1,1,1,1,4,9425.0,-0.99,12.296,-12.1,-2.61,-32.98,0,0,DCHG, ,
19442.6,1,1,1,1,4,9430.0,-1,12.296,-12.2,-2.61,-33,0,0,DCHG, ,
19447.6,1,1,1,1,4,9435.0,-1,12.296,-12.2,-2.62,-33.01,0,0,DCHG, ,
19452.6,1,1,1,1,4,9440.0,-1,12.295,-12.2,-2.62,-33.03,0,0,DCHG, ,
19457.6,1,1,1,1,4,9445.0,-1,12.295,-12.2,-2.62,-33.05,0,0,DCHG, ,
19462.6,1,1,1,1,4,9450.0,-1,12.294,-12.2,-2.62,-33.06,0,0,DCHG, ,
19467.6,1,1,1,1,4,9455.0,-1,12.294,-12.2,-2.62,-33.08,0,0,DCHG, ,
19472.6,1,1,1,1,4,9460.0,-1,12.294,-12.2,-2.62,-33.1,0,0,DCHG, ,
19477.6,1,1,1,1,4,9465.0,-1,12.294,-12.2,-2.62,-33.11,0,0,DCHG, ,
19482.6,1,1,1,1,4,9470.0,-1,12.294,-12.2,-2.62,-33.13,0,0,DCHG, ,
19487.6,1,1,1,1,4,9475.0,-1,12.293,-12.2,-2.63,-33.15,0,0,DCHG, ,
19492.6,1,1,1,1,4,9480.0,-1,12.293,-12.2,-2.63,-33.17,0,0,DCHG, ,
19497.6,1,1,1,1,4,9485.0,-0.99,12.293,-12.1,-2.63,-33.18,0,0,DCHG, ,
19502.6,1,1,1,1,4,9490.0,-1,12.292,-12.2,-2.63,-33.2,0,0,DCHG, ,
19507.6,1,1,1,1,4,9495.0,-1,12.292,-12.2,-2.63,-33.22,0,0,DCHG, ,
19512.6,1,1,1,1,4,9500.0,-1,12.292,-12.2,-2.63,-33.23,0,0,DCHG, ,
19517.6,1,1,1,1,4,9505.0,-1,12.291,-12.2,-2.63,-33.25,0,0,DCHG, ,
19522.6,1,1,1,1,4,9510.0,-1,12.291,-12.2,-2.64,-33.27,0,0,DCHG, ,
19527.6,1,1,1,1,4,9515.0,-1,12.291,-12.2,-2.64,-33.28,0,0,DCHG, ,
19532.6,1,1,1,1,4,9520.0,-1,12.29,-12.2,-2.64,-33.3,0,0,DCHG, ,
19537.6,1,1,1,1,4,9525.0,-1,12.291,-12.2,-2.64,-33.32,0,0,DCHG, ,
19542.6,1,1,1,1,4,9530.0,-1,12.29,-12.2,-2.64,-33.34,0,0,DCHG, ,
19547.6,1,1,1,1,4,9535.0,-1,12.29,-12.2,-2.64,-33.35,0,0,DCHG, ,
19552.6,1,1,1,1,4,9540.0,-1,12.29,-12.2,-2.64,-33.37,0,0,DCHG, ,
19557.6,1,1,1,1,4,9545.0,-1,12.29,-12.2,-2.65,-33.39,0,0,DCHG, ,
19562.6,1,1,1,1,4,9550.0,-1,12.289,-12.2,-2.65,-33.4,0,0,DCHG, ,
19567.6,1,1,1,1,4,9555.0,-1,12.289,-12.2,-2.65,-33.42,0,0,DCHG, ,
19572.6,1,1,1,1,4,9560.0,-1,12.288,-12.2,-2.65,-33.44,0,0,DCHG, ,
19577.6,1,1,1,1,4,9565.0,-1,12.288,-12.2,-2.65,-33.45,0,0,DCHG, ,
19582.6,1,1,1,1,4,9570.0,-1,12.288,-12.2,-2.65,-33.47,0,0,DCHG, ,
19587.6,1,1,1,1,4,9575.0,-1,12.288,-12.2,-2.65,-33.49,0,0,DCHG, ,
19592.6,1,1,1,1,4,9580.0,-1,12.287,-12.2,-2.66,-33.5,0,0,DCHG, ,
19597.6,1,1,1,1,4,9585.0,-1,12.287,-12.2,-2.66,-33.52,0,0,DCHG, ,
19602.6,1,1,1,1,4,9590.0,-1,12.287,-12.2,-2.66,-33.54,0,0,DCHG, ,
19607.6,1,1,1,1,4,9595.0,-1,12.287,-12.2,-2.66,-33.56,0,0,DCHG, ,
19612.6,1,1,1,1,4,9600.0,-1,12.286,-12.2,-2.66,-33.57,0,0,DCHG, ,
19617.6,1,1,1,1,4,9605.0,-1,12.286,-12.2,-2.66,-33.59,0,0,DCHG, ,
19622.6,1,1,1,1,4,9610.0,-1,12.286,-12.2,-2.66,-33.61,0,0,DCHG, ,
19627.6,1,1,1,1,4,9615.0,-1,12.285,-12.2,-2.67,-33.62,0,0,DCHG, ,
19632.6,1,1,1,1,4,9620.0,-1,12.285,-12.2,-2.67,-33.64,0,0,DCHG, ,
19637.6,1,1,1,1,4,9625.0,-1,12.285,-12.2,-2.67,-33.66,0,0,DCHG, ,
19642.6,1,1,1,1,4,9630.0,-1,12.285,-12.2,-2.67,-33.67,0,0,DCHG, ,
19647.6,1,1,1,1,4,9635.0,-1,12.284,-12.2,-2.67,-33.69,0,0,DCHG, ,
19652.6,1,1,1,1,4,9640.0,-1,12.284,-12.2,-2.67,-33.71,0,0,DCHG, ,
19657.6,1,1,1,1,4,9645.0,-1,12.284,-12.2,-2.67,-33.72,0,0,DCHG, ,
19662.6,1,1,1,1,4,9650.0,-1,12.283,-12.2,-2.67,-33.74,0,0,DCHG, ,
19667.6,1,1,1,1,4,9655.0,-1,12.283,-12.2,-2.68,-33.76,0,0,DCHG, ,
19672.6,1,1,1,1,4,9660.0,-1,12.283,-12.2,-2.68,-33.78,0,0,DCHG, ,
19677.6,1,1,1,1,4,9665.0,-1,12.282,-12.2,-2.68,-33.79,0,0,DCHG, ,
19682.6,1,1,1,1,4,9670.0,-1,12.282,-12.2,-2.68,-33.81,0,0,DCHG, ,
19687.6,1,1,1,1,4,9675.0,-1,12.282,-12.2,-2.68,-33.83,0,0,DCHG, ,
19692.6,1,1,1,1,4,9680.0,-0.99,12.282,-12.2,-2.68,-33.84,0,0,DCHG, ,
19697.6,1,1,1,1,4,9685.0,-1,12.282,-12.2,-2.68,-33.86,0,0,DCHG, ,
19702.6,1,1,1,1,4,9690.0,-1,12.281,-12.2,-2.69,-33.88,0,0,DCHG, ,
19707.6,1,1,1,1,4,9695.0,-1,12.281,-12.2,-2.69,-33.89,0,0,DCHG, ,
19712.6,1,1,1,1,4,9700.0,-1,12.28,-12.2,-2.69,-33.91,0,0,DCHG, ,
19717.6,1,1,1,1,4,9705.0,-1,12.28,-12.2,-2.69,-33.93,0,0,DCHG, ,
19722.6,1,1,1,1,4,9710.0,-0.99,12.28,-12.2,-2.69,-33.95,0,0,DCHG, ,
19727.6,1,1,1,1,4,9715.0,-1,12.28,-12.2,-2.69,-33.96,0,0,DCHG, ,
19732.6,1,1,1,1,4,9720.0,-1,12.279,-12.2,-2.69,-33.98,0,0,DCHG, ,
19737.6,1,1,1,1,4,9725.0,-1,12.279,-12.2,-2.7,-34,0,0,DCHG, ,
19742.6,1,1,1,1,4,9730.0,-1,12.279,-12.2,-2.7,-34.01,0,0,DCHG, ,
19747.6,1,1,1,1,4,9735.0,-1,12.279,-12.2,-2.7,-34.03,0,0,DCHG, ,
19752.6,1,1,1,1,4,9740.0,-1,12.279,-12.2,-2.7,-34.05,0,0,DCHG, ,
19757.6,1,1,1,1,4,9745.0,-1,12.278,-12.2,-2.7,-34.06,0,0,DCHG, ,
19762.6,1,1,1,1,4,9750.0,-1,12.277,-12.2,-2.7,-34.08,0,0,DCHG, ,
19767.6,1,1,1,1,4,9755.0,-1,12.277,-12.2,-2.7,-34.1,0,0,DCHG, ,
19772.6,1,1,1,1,4,9760.0,-1,12.277,-12.2,-2.71,-34.11,0,0,DCHG, ,
19777.6,1,1,1,1,4,9765.0,-1,12.277,-12.2,-2.71,-34.13,0,0,DCHG, ,
19782.6,1,1,1,1,4,9770.0,-1,12.276,-12.2,-2.71,-34.15,0,0,DCHG, ,
19787.6,1,1,1,1,4,9775.0,-1,12.276,-12.2,-2.71,-34.17,0,0,DCHG, ,
19792.6,1,1,1,1,4,9780.0,-1,12.276,-12.2,-2.71,-34.18,0,0,DCHG, ,
19797.6,1,1,1,1,4,9785.0,-1,12.275,-12.2,-2.71,-34.2,0,0,DCHG, ,
19802.6,1,1,1,1,4,9790.0,-1,12.275,-12.2,-2.71,-34.22,0,0,DCHG, ,
19807.6,1,1,1,1,4,9795.0,-1,12.275,-12.2,-2.72,-34.23,0,0,DCHG, ,
19812.6,1,1,1,1,4,9800.0,-1,12.275,-12.2,-2.72,-34.25,0,0,DCHG, ,
19817.6,1,1,1,1,4,9805.0,-1,12.274,-12.2,-2.72,-34.27,0,0,DCHG, ,
19822.6,1,1,1,1,4,9810.0,-1,12.274,-12.2,-2.72,-34.28,0,0,DCHG, ,
19827.6,1,1,1,1,4,9815.0,-1,12.274,-12.2,-2.72,-34.3,0,0,DCHG, ,
19832.6,1,1,1,1,4,9820.0,-1,12.274,-12.2,-2.72,-34.32,0,0,DCHG, ,
19837.6,1,1,1,1,4,9825.0,-1,12.274,-12.2,-2.72,-34.33,0,0,DCHG, ,
19842.6,1,1,1,1,4,9830.0,-0.99,12.273,-12.1,-2.72,-34.35,0,0,DCHG, ,
19847.6,1,1,1,1,4,9835.0,-1,12.273,-12.2,-2.73,-34.37,0,0,DCHG, ,
19852.6,1,1,1,1,4,9840.0,-1,12.272,-12.2,-2.73,-34.39,0,0,DCHG, ,
19857.6,1,1,1,1,4,9845.0,-1,12.273,-12.2,-2.73,-34.4,0,0,DCHG, ,
19862.6,1,1,1,1,4,9850.0,-1,12.272,-12.2,-2.73,-34.42,0,0,DCHG, ,
19867.6,1,1,1,1,4,9855.0,-1,12.272,-12.2,-2.73,-34.44,0,0,DCHG, ,
19872.6,1,1,1,1,4,9860.0,-1,12.271,-12.2,-2.73,-34.45,0,0,DCHG, ,
19877.6,1,1,1,1,4,9865.0,-1,12.271,-12.2,-2.73,-34.47,0,0,DCHG, ,
19882.6,1,1,1,1,4,9870.0,-1,12.271,-12.2,-2.74,-34.49,0,0,DCHG, ,
19887.6,1,1,1,1,4,9875.0,-1,12.27,-12.2,-2.74,-34.5,0,0,DCHG, ,
19892.6,1,1,1,1,4,9880.0,-1,12.27,-12.2,-2.74,-34.52,0,0,DCHG, ,
19897.6,1,1,1,1,4,9885.0,-1,12.27,-12.2,-2.74,-34.54,0,0,DCHG, ,
19902.6,1,1,1,1,4,9890.0,-1,12.27,-12.2,-2.74,-34.55,0,0,DCHG, ,
19907.6,1,1,1,1,4,9895.0,-1,12.27,-12.2,-2.74,-34.57,0,0,DCHG, ,
19912.6,1,1,1,1,4,9900.0,-1,12.269,-12.2,-2.74,-34.59,0,0,DCHG, ,
19917.6,1,1,1,1,4,9905.0,-1,12.269,-12.2,-2.75,-34.61,0,0,DCHG, ,
19922.6,1,1,1,1,4,9910.0,-1,12.269,-12.2,-2.75,-34.62,0,0,DCHG, ,
19927.6,1,1,1,1,4,9915.0,-1,12.268,-12.2,-2.75,-34.64,0,0,DCHG, ,
19932.6,1,1,1,1,4,9920.0,-1,12.268,-12.2,-2.75,-34.66,0,0,DCHG, ,
19937.6,1,1,1,1,4,9925.0,-1,12.268,-12.2,-2.75,-34.67,0,0,DCHG, ,
19942.6,1,1,1,1,4,9930.0,-1,12.268,-12.2,-2.75,-34.69,0,0,DCHG, ,
19947.6,1,1,1,1,4,9935.0,-1,12.268,-12.2,-2.75,-34.71,0,0,DCHG, ,
19952.6,1,1,1,1,4,9940.0,-1,12.267,-12.2,-2.76,-34.72,0,0,DCHG, ,
19957.6,1,1,1,1,4,9945.0,-1,12.267,-12.2,-2.76,-34.74,0,0,DCHG, ,
19962.6,1,1,1,1,4,9950.0,-1,12.266,-12.2,-2.76,-34.76,0,0,DCHG, ,
19967.6,1,1,1,1,4,9955.0,-1,12.266,-12.2,-2.76,-34.78,0,0,DCHG, ,
19972.6,1,1,1,1,4,9960.0,-1,12.266,-12.2,-2.76,-34.79,0,0,DCHG, ,
19977.6,1,1,1,1,4,9965.0,-1,12.265,-12.2,-2.76,-34.81,0,0,DCHG, ,
19982.6,1,1,1,1,4,9970.0,-0.99,12.265,-12.1,-2.76,-34.83,0,0,DCHG, ,
19987.6,1,1,1,1,4,9975.0,-1,12.265,-12.2,-2.77,-34.84,0,0,DCHG, ,
19992.6,1,1,1,1,4,9980.0,-1,12.265,-12.2,-2.77,-34.86,0,0,DCHG, ,
19997.6,1,1,1,1,4,9985.0,-1,12.265,-12.2,-2.77,-34.88,0,0,DCHG, ,
20002.6,1,1,1,1,4,9990.0,-1,12.264,-12.2,-2.77,-34.89,0,0,DCHG, ,
20007.6,1,1,1,1,4,9995.0,-1,12.264,-12.2,-2.77,-34.91,0,0,DCHG, ,
20012.6,1,1,1,1,4,10000.0,-1,12.263,-12.2,-2.77,-34.93,0,0,DCHG, ,
20017.6,1,1,1,1,4,10005.0,-1,12.263,-12.2,-2.77,-34.94,0,0,DCHG, ,
20022.6,1,1,1,1,4,10010.0,-1,12.263,-12.2,-2.77,-34.96,0,0,DCHG, ,
20027.6,1,1,1,1,4,10015.0,-1,12.262,-12.2,-2.78,-34.98,0,0,DCHG, ,
20032.6,1,1,1,1,4,10020.0,-1,12.262,-12.2,-2.78,-35,0,0,DCHG, ,
20037.6,1,1,1,1,4,10025.0,-1,12.262,-12.2,-2.78,-35.01,0,0,DCHG, ,
20042.6,1,1,1,1,4,10030.0,-1,12.261,-12.2,-2.78,-35.03,0,0,DCHG, ,
20047.6,1,1,1,1,4,10035.0,-1,12.261,-12.2,-2.78,-35.05,0,0,DCHG, ,
20052.6,1,1,1,1,4,10040.0,-1,12.261,-12.2,-2.78,-35.06,0,0,DCHG, ,
20057.6,1,1,1,1,4,10045.0,-1,12.261,-12.2,-2.78,-35.08,0,0,DCHG, ,
20062.6,1,1,1,1,4,10050.0,-1,12.261,-12.2,-2.79,-35.1,0,0,DCHG, ,
20067.6,1,1,1,1,4,10055.0,-1,12.26,-12.2,-2.79,-35.11,0,0,DCHG, ,
20072.6,1,1,1,1,4,10060.0,-0.99,12.26,-12.1,-2.79,-35.13,0,0,DCHG, ,
20077.6,1,1,1,1,4,10065.0,-1,12.26,-12.2,-2.79,-35.15,0,0,DCHG, ,
20082.6,1,1,1,1,4,10070.0,-1,12.26,-12.2,-2.79,-35.16,0,0,DCHG, ,
20087.6,1,1,1,1,4,10075.0,-1,12.259,-12.2,-2.79,-35.18,0,0,DCHG, ,
20092.6,1,1,1,1,4,10080.0,-1,12.259,-12.2,-2.79,-35.2,0,0,DCHG, ,
20097.6,1,1,1,1,4,10085.0,-1,12.258,-12.2,-2.8,-35.22,0,0,DCHG, ,
20102.6,1,1,1,1,4,10090.0,-1,12.259,-12.2,-2.8,-35.23,0,0,DCHG, ,
20107.6,1,1,1,1,4,10095.0,-1,12.258,-12.2,-2.8,-35.25,0,0,DCHG, ,
20112.6,1,1,1,1,4,10100.0,-1,12.258,-12.2,-2.8,-35.27,0,0,DCHG, ,
20117.6,1,1,1,1,4,10105.0,-1,12.258,-12.2,-2.8,-35.28,0,0,DCHG, ,
20122.6,1,1,1,1,4,10110.0,-1,12.257,-12.2,-2.8,-35.3,0,0,DCHG, ,
20127.6,1,1,1,1,4,10115.0,-1,12.257,-12.2,-2.8,-35.32,0,0,DCHG, ,
20132.6,1,1,1,1,4,10120.0,-1,12.257,-12.2,-2.81,-35.33,0,0,DCHG, ,
20137.6,1,1,1,1,4,10125.0,-1,12.256,-12.2,-2.81,-35.35,0,0,DCHG, ,
20142.6,1,1,1,1,4,10130.0,-1,12.256,-12.2,-2.81,-35.37,0,0,DCHG, ,
20147.6,1,1,1,1,4,10135.0,-1,12.256,-12.2,-2.81,-35.39,0,0,DCHG, ,
20152.6,1,1,1,1,4,10140.0,-1,12.256,-12.2,-2.81,-35.4,0,0,DCHG, ,
20157.6,1,1,1,1,4,10145.0,-1,12.255,-12.2,-2.81,-35.42,0,0,DCHG, ,
20162.6,1,1,1,1,4,10150.0,-1,12.255,-12.2,-2.81,-35.44,0,0,DCHG, ,
20167.6,1,1,1,1,4,10155.0,-1,12.255,-12.2,-2.82,-35.45,0,0,DCHG, ,
20172.6,1,1,1,1,4,10160.0,-1,12.255,-12.2,-2.82,-35.47,0,0,DCHG, ,
20177.6,1,1,1,1,4,10165.0,-1,12.254,-12.2,-2.82,-35.49,0,0,DCHG, ,
20182.6,1,1,1,1,4,10170.0,-1,12.254,-12.2,-2.82,-35.5,0,0,DCHG, ,
20187.6,1,1,1,1,4,10175.0,-1,12.254,-12.2,-2.82,-35.52,0,0,DCHG, ,
20192.6,1,1,1,1,4,10180.0,-1,12.254,-12.2,-2.82,-35.54,0,0,DCHG, ,
20197.6,1,1,1,1,4,10185.0,-1,12.253,-12.2,-2.82,-35.55,0,0,DCHG, ,
20202.6,1,1,1,1,4,10190.0,-1,12.253,-12.2,-2.82,-35.57,0,0,DCHG, ,
20207.6,1,1,1,1,4,10195.0,-1,12.253,-12.2,-2.83,-35.59,0,0,DCHG, ,
20212.6,1,1,1,1,4,10200.0,-1,12.252,-12.2,-2.83,-35.61,0,0,DCHG, ,
20217.6,1,1,1,1,4,10205.0,-1,12.252,-12.2,-2.83,-35.62,0,0,DCHG, ,
20222.6,1,1,1,1,4,10210.0,-1,12.252,-12.2,-2.83,-35.64,0,0,DCHG, ,
20227.6,1,1,1,1,4,10215.0,-1,12.251,-12.2,-2.83,-35.66,0,0,DCHG, ,
20232.6,1,1,1,1,4,10220.0,-1,12.251,-12.2,-2.83,-35.67,0,0,DCHG, ,
20237.6,1,1,1,1,4,10225.0,-1,12.251,-12.2,-2.83,-35.69,0,0,DCHG, ,
20242.6,1,1,1,1,4,10230.0,-0.99,12.251,-12.1,-2.84,-35.71,0,0,DCHG, ,
20247.6,1,1,1,1,4,10235.0,-1,12.25,-12.2,-2.84,-35.72,0,0,DCHG, ,
20252.6,1,1,1,1,4,10240.0,-1,12.25,-12.2,-2.84,-35.74,0,0,DCHG, ,
20257.6,1,1,1,1,4,10245.0,-1,12.25,-12.2,-2.84,-35.76,0,0,DCHG, ,
20262.6,1,1,1,1,4,10250.0,-1,12.249,-12.2,-2.84,-35.77,0,0,DCHG, ,
20267.6,1,1,1,1,4,10255.0,-1,12.249,-12.2,-2.84,-35.79,0,0,DCHG, ,
20272.6,1,1,1,1,4,10260.0,-1,12.249,-12.2,-2.84,-35.81,0,0,DCHG, ,
20277.6,1,1,1,1,4,10265.0,-1,12.248,-12.2,-2.85,-35.83,0,0,DCHG, ,
20282.6,1,1,1,1,4,10270.0,-1,12.248,-12.2,-2.85,-35.84,0,0,DCHG, ,
20287.6,1,1,1,1,4,10275.0,-1,12.248,-12.2,-2.85,-35.86,0,0,DCHG, ,
20292.6,1,1,1,1,4,10280.0,-1,12.248,-12.2,-2.85,-35.88,0,0,DCHG, ,
20297.6,1,1,1,1,4,10285.0,-0.99,12.247,-12.1,-2.85,-35.89,0,0,DCHG, ,
20302.6,1,1,1,1,4,10290.0,-1,12.247,-12.2,-2.85,-35.91,0,0,DCHG, ,
20307.6,1,1,1,1,4,10295.0,-1,12.247,-12.2,-2.85,-35.93,0,0,DCHG, ,
20312.6,1,1,1,1,4,10300.0,-1,12.246,-12.2,-2.86,-35.94,0,0,DCHG, ,
20317.6,1,1,1,1,4,10305.0,-0.99,12.247,-12.1,-2.86,-35.96,0,0,DCHG, ,
20322.6,1,1,1,1,4,10310.0,-1,12.246,-12.2,-2.86,-35.98,0,0,DCHG, ,
20327.6,1,1,1,1,4,10315.0,-1,12.246,-12.2,-2.86,-35.99,0,0,DCHG, ,
20332.6,1,1,1,1,4,10320.0,-1,12.246,-12.2,-2.86,-36.01,0,0,DCHG, ,
20337.6,1,1,1,1,4,10325.0,-1,12.245,-12.2,-2.86,-36.03,0,0,DCHG, ,
20342.6,1,1,1,1,4,10330.0,-1,12.245,-12.2,-2.86,-36.05,0,0,DCHG, ,
20347.6,1,1,1,1,4,10335.0,-1,12.244,-12.2,-2.87,-36.06,0,0,DCHG, ,
20352.6,1,1,1,1,4,10340.0,-1,12.244,-12.2,-2.87,-36.08,0,0,DCHG, ,
20357.6,1,1,1,1,4,10345.0,-1,12.244,-12.2,-2.87,-36.1,0,0,DCHG, ,
20362.6,1,1,1,1,4,10350.0,-1,12.244,-12.2,-2.87,-36.11,0,0,DCHG, ,
20367.6,1,1,1,1,4,10355.0,-1,12.243,-12.2,-2.87,-36.13,0,0,DCHG, ,
20372.6,1,1,1,1,4,10360.0,-1,12.243,-12.2,-2.87,-36.15,0,0,DCHG, ,
20377.6,1,1,1,1,4,10365.0,-1,12.243,-12.2,-2.87,-36.16,0,0,DCHG, ,
20382.6,1,1,1,1,4,10370.0,-1,12.242,-12.2,-2.87,-36.18,0,0,DCHG, ,
20387.6,1,1,1,1,4,10375.0,-1,12.243,-12.2,-2.88,-36.2,0,0,DCHG, ,
20392.6,1,1,1,1,4,10380.0,-1,12.242,-12.2,-2.88,-36.22,0,0,DCHG, ,
20397.6,1,1,1,1,4,10385.0,-1,12.242,-12.2,-2.88,-36.23,0,0,DCHG, ,
20402.6,1,1,1,1,4,10390.0,-1,12.241,-12.2,-2.88,-36.25,0,0,DCHG, ,
20407.6,1,1,1,1,4,10395.0,-1,12.241,-12.2,-2.88,-36.27,0,0,DCHG, ,
20412.6,1,1,1,1,4,10400.0,-1,12.241,-12.2,-2.88,-36.28,0,0,DCHG, ,
20417.6,1,1,1,1,4,10405.0,-1,12.241,-12.2,-2.88,-36.3,0,0,DCHG, ,
20422.6,1,1,1,1,4,10410.0,-1,12.241,-12.2,-2.89,-36.32,0,0,DCHG, ,
20427.6,1,1,1,1,4,10415.0,-1,12.24,-12.2,-2.89,-36.33,0,0,DCHG, ,
20432.6,1,1,1,1,4,10420.0,-1,12.24,-12.2,-2.89,-36.35,0,0,DCHG, ,
20437.6,1,1,1,1,4,10425.0,-1,12.24,-12.2,-2.89,-36.37,0,0,DCHG, ,
20442.6,1,1,1,1,4,10430.0,-1,12.239,-12.2,-2.89,-36.38,0,0,DCHG, ,
20447.6,1,1,1,1,4,10435.0,-1,12.239,-12.2,-2.89,-36.4,0,0,DCHG, ,
20452.6,1,1,1,1,4,10440.0,-1,12.238,-12.2,-2.89,-36.42,0,0,DCHG, ,
20457.6,1,1,1,1,4,10445.0,-1,12.238,-12.2,-2.9,-36.44,0,0,DCHG, ,
20462.6,1,1,1,1,4,10450.0,-1,12.238,-12.1,-2.9,-36.45,0,0,DCHG, ,
20467.6,1,1,1,1,4,10455.0,-1,12.238,-12.2,-2.9,-36.47,0,0,DCHG, ,
20472.6,1,1,1,1,4,10460.0,-1,12.238,-12.2,-2.9,-36.49,0,0,DCHG, ,
20477.6,1,1,1,1,4,10465.0,-1,12.237,-12.2,-2.9,-36.5,0,0,DCHG, ,
20482.6,1,1,1,1,4,10470.0,-1,12.237,-12.2,-2.9,-36.52,0,0,DCHG, ,
20487.6,1,1,1,1,4,10475.0,-1,12.237,-12.2,-2.9,-36.54,0,0,DCHG, ,
20492.6,1,1,1,1,4,10480.0,-1,12.237,-12.2,-2.91,-36.55,0,0,DCHG, ,
20497.6,1,1,1,1,4,10485.0,-1,12.236,-12.2,-2.91,-36.57,0,0,DCHG, ,
20502.6,1,1,1,1,4,10490.0,-1,12.236,-12.2,-2.91,-36.59,0,0,DCHG, ,
20507.6,1,1,1,1,4,10495.0,-1,12.236,-12.2,-2.91,-36.6,0,0,DCHG, ,
20512.6,1,1,1,1,4,10500.0,-1,12.235,-12.2,-2.91,-36.62,0,0,DCHG, ,
20517.6,1,1,1,1,4,10505.0,-1,12.235,-12.2,-2.91,-36.64,0,0,DCHG, ,
20522.6,1,1,1,1,4,10510.0,-1,12.235,-12.2,-2.91,-36.66,0,0,DCHG, ,
20527.6,1,1,1,1,4,10515.0,-1,12.235,-12.2,-2.92,-36.67,0,0,DCHG, ,
20532.6,1,1,1,1,4,10520.0,-1,12.234,-12.2,-2.92,-36.69,0,0,DCHG, ,
20537.6,1,1,1,1,4,10525.0,-1,12.234,-12.2,-2.92,-36.71,0,0,DCHG, ,
20542.6,1,1,1,1,4,10530.0,-1,12.233,-12.2,-2.92,-36.72,0,0,DCHG, ,
20547.6,1,1,1,1,4,10535.0,-1,12.233,-12.1,-2.92,-36.74,0,0,DCHG, ,
20552.6,1,1,1,1,4,10540.0,-1,12.233,-12.2,-2.92,-36.76,0,0,DCHG, ,
20557.6,1,1,1,1,4,10545.0,-1,12.233,-12.2,-2.92,-36.77,0,0,DCHG, ,
20562.6,1,1,1,1,4,10550.0,-1,12.232,-12.2,-2.92,-36.79,0,0,DCHG, ,
20567.6,1,1,1,1,4,10555.0,-1,12.232,-12.2,-2.93,-36.81,0,0,DCHG, ,
20572.6,1,1,1,1,4,10560.0,-1,12.232,-12.2,-2.93,-36.83,0,0,DCHG, ,
20577.6,1,1,1,1,4,10565.0,-1,12.232,-12.2,-2.93,-36.84,0,0,DCHG, ,
20582.6,1,1,1,1,4,10570.0,-1,12.232,-12.2,-2.93,-36.86,0,0,DCHG, ,
20587.6,1,1,1,1,4,10575.0,-1,12.231,-12.2,-2.93,-36.88,0,0,DCHG, ,
20592.6,1,1,1,1,4,10580.0,-1,12.231,-12.2,-2.93,-36.89,0,0,DCHG, ,
20597.6,1,1,1,1,4,10585.0,-1,12.23,-12.2,-2.93,-36.91,0,0,DCHG, ,
20602.6,1,1,1,1,4,10590.0,-1,12.23,-12.2,-2.94,-36.93,0,0,DCHG, ,
20607.6,1,1,1,1,4,10595.0,-1,12.23,-12.2,-2.94,-36.94,0,0,DCHG, ,
20612.6,1,1,1,1,4,10600.0,-1,12.23,-12.2,-2.94,-36.96,0,0,DCHG, ,
20617.6,1,1,1,1,4,10605.0,-1,12.229,-12.2,-2.94,-36.98,0,0,DCHG, ,
20622.6,1,1,1,1,4,10610.0,-1,12.229,-12.2,-2.94,-36.99,0,0,DCHG, ,
20627.6,1,1,1,1,4,10615.0,-1,12.229,-12.2,-2.94,-37.01,0,0,DCHG, ,
20632.6,1,1,1,1,4,10620.0,-1,12.229,-12.2,-2.94,-37.03,0,0,DCHG, ,
20637.6,1,1,1,1,4,10625.0,-1,12.228,-12.2,-2.95,-37.05,0,0,DCHG, ,
20642.6,1,1,1,1,4,10630.0,-1,12.228,-12.2,-2.95,-37.06,0,0,DCHG, ,
20647.6,1,1,1,1,4,10635.0,-1,12.228,-12.2,-2.95,-37.08,0,0,DCHG, ,
20652.6,1,1,1,1,4,10640.0,-1,12.227,-12.2,-2.95,-37.1,0,0,DCHG, ,
20657.6,1,1,1,1,4,10645.0,-1,12.227,-12.2,-2.95,-37.11,0,0,DCHG, ,
20662.6,1,1,1,1,4,10650.0,-1,12.227,-12.2,-2.95,-37.13,0,0,DCHG, ,
20667.6,1,1,1,1,4,10655.0,-1,12.227,-12.2,-2.95,-37.15,0,0,DCHG, ,
20672.6,1,1,1,1,4,10660.0,-1,12.227,-12.2,-2.96,-37.16,0,0,DCHG, ,
20677.6,1,1,1,1,4,10665.0,-1,12.226,-12.2,-2.96,-37.18,0,0,DCHG, ,
20682.6,1,1,1,1,4,10670.0,-1,12.226,-12.2,-2.96,-37.2,0,0,DCHG, ,
20687.6,1,1,1,1,4,10675.0,-1,12.226,-12.2,-2.96,-37.21,0,0,DCHG, ,
20692.6,1,1,1,1,4,10680.0,-1,12.225,-12.2,-2.96,-37.23,0,0,DCHG, ,
20697.6,1,1,1,1,4,10685.0,-1,12.225,-12.2,-2.96,-37.25,0,0,DCHG, ,
20702.6,1,1,1,1,4,10690.0,-1,12.224,-12.2,-2.96,-37.27,0,0,DCHG, ,
20707.6,1,1,1,1,4,10695.0,-1,12.224,-12.2,-2.97,-37.28,0,0,DCHG, ,
20712.6,1,1,1,1,4,10700.0,-1,12.224,-12.2,-2.97,-37.3,0,0,DCHG, ,
20717.6,1,1,1,1,4,10705.0,-1,12.223,-12.2,-2.97,-37.32,0,0,DCHG, ,
20722.6,1,1,1,1,4,10710.0,-1,12.223,-12.2,-2.97,-37.33,0,0,DCHG, ,
20727.6,1,1,1,1,4,10715.0,-1,12.223,-12.2,-2.97,-37.35,0,0,DCHG, ,
20732.6,1,1,1,1,4,10720.0,-1,12.223,-12.2,-2.97,-37.37,0,0,DCHG, ,
20737.6,1,1,1,1,4,10725.0,-1,12.222,-12.2,-2.97,-37.38,0,0,DCHG, ,
20742.6,1,1,1,1,4,10730.0,-1,12.222,-12.1,-2.97,-37.4,0,0,DCHG, ,
20747.6,1,1,1,1,4,10735.0,-1,12.222,-12.2,-2.98,-37.42,0,0,DCHG, ,
20752.6,1,1,1,1,4,10740.0,-1,12.221,-12.1,-2.98,-37.43,0,0,DCHG, ,
20757.6,1,1,1,1,4,10745.0,-1,12.221,-12.1,-2.98,-37.45,0,0,DCHG, ,
20762.6,1,1,1,1,4,10750.0,-1,12.221,-12.2,-2.98,-37.47,0,0,DCHG, ,
20767.6,1,1,1,1,4,10755.0,-1,12.221,-12.1,-2.98,-37.49,0,0,DCHG, ,
20772.6,1,1,1,1,4,10760.0,-1,12.22,-12.1,-2.98,-37.5,0,0,DCHG, ,
20777.6,1,1,1,1,4,10765.0,-1,12.22,-12.1,-2.98,-37.52,0,0,DCHG, ,
20782.6,1,1,1,1,4,10770.0,-1,12.22,-12.2,-2.99,-37.54,0,0,DCHG, ,
20787.6,1,1,1,1,4,10775.0,-1,12.219,-12.1,-2.99,-37.55,0,0,DCHG, ,
20792.6,1,1,1,1,4,10780.0,-1,12.219,-12.2,-2.99,-37.57,0,0,DCHG, ,
20797.6,1,1,1,1,4,10785.0,-1,12.219,-12.1,-2.99,-37.59,0,0,DCHG, ,
20802.6,1,1,1,1,4,10790.0,-1,12.219,-12.2,-2.99,-37.6,0,0,DCHG, ,
20807.6,1,1,1,1,4,10795.0,-1,12.218,-12.1,-2.99,-37.62,0,0,DCHG, ,
20812.6,1,1,1,1,4,10800.0,-1,12.218,-12.1,-2.99,-37.64,0,0,DCHG, ,
20817.6,1,1,1,1,4,10805.0,-1,12.218,-12.2,-3,-37.65,0,0,DCHG, ,
20822.6,1,1,1,1,4,10810.0,-1,12.218,-12.1,-3,-37.67,0,0,DCHG, ,
20827.6,1,1,1,1,4,10815.0,-1,12.218,-12.1,-3,-37.69,0,0,DCHG, ,
20832.6,1,1,1,1,4,10820.0,-1,12.217,-12.1,-3,-37.7,0,0,DCHG, ,
20837.6,1,1,1,1,4,10825.0,-1,12.216,-12.2,-3,-37.72,0,0,DCHG, ,
20842.6,1,1,1,1,4,10830.0,-1,12.216,-12.1,-3,-37.74,0,0,DCHG, ,
20847.6,1,1,1,1,4,10835.0,-1,12.216,-12.1,-3,-37.76,0,0,DCHG, ,
20852.6,1,1,1,1,4,10840.0,-1,12.216,-12.1,-3.01,-37.77,0,0,DCHG, ,
20857.6,1,1,1,1,4,10845.0,-0.99,12.216,-12.1,-3.01,-37.79,0,0,DCHG, ,
20862.6,1,1,1,1,4,10850.0,-1,12.215,-12.2,-3.01,-37.81,0,0,DCHG, ,
20867.6,1,1,1,1,4,10855.0,-1,12.215,-12.2,-3.01,-37.82,0,0,DCHG, ,
20872.6,1,1,1,1,4,10860.0,-1,12.215,-12.2,-3.01,-37.84,0,0,DCHG, ,
20877.6,1,1,1,1,4,10865.0,-1,12.215,-12.2,-3.01,-37.86,0,0,DCHG, ,
20882.6,1,1,1,1,4,10870.0,-1,12.214,-12.2,-3.01,-37.87,0,0,DCHG, ,
20887.6,1,1,1,1,4,10875.0,-1,12.214,-12.1,-3.02,-37.89,0,0,DCHG, ,
20892.6,1,1,1,1,4,10880.0,-1,12.213,-12.2,-3.02,-37.91,0,0,DCHG, ,
20897.6,1,1,1,1,4,10885.0,-1,12.213,-12.1,-3.02,-37.92,0,0,DCHG, ,
20902.6,1,1,1,1,4,10890.0,-0.99,12.213,-12.1,-3.02,-37.94,0,0,DCHG, ,
20907.6,1,1,1,1,4,10895.0,-1,12.213,-12.2,-3.02,-37.96,0,0,DCHG, ,
20912.6,1,1,1,1,4,10900.0,-1,12.212,-12.1,-3.02,-37.97,0,0,DCHG, ,
20917.6,1,1,1,1,4,10905.0,-1,12.212,-12.2,-3.02,-37.99,0,0,DCHG, ,
20922.6,1,1,1,1,4,10910.0,-1,12.212,-12.1,-3.02,-38.01,0,0,DCHG, ,
20927.6,1,1,1,1,4,10915.0,-1,12.212,-12.1,-3.03,-38.02,0,0,DCHG, ,
20932.6,1,1,1,1,4,10920.0,-1,12.211,-12.2,-3.03,-38.04,0,0,DCHG, ,
20937.6,1,1,1,1,4,10925.0,-1,12.211,-12.2,-3.03,-38.06,0,0,DCHG, ,
20942.6,1,1,1,1,4,10930.0,-1,12.211,-12.1,-3.03,-38.08,0,0,DCHG, ,
20947.6,1,1,1,1,4,10935.0,-1,12.21,-12.2,-3.03,-38.09,0,0,DCHG, ,
20952.6,1,1,1,1,4,10940.0,-1,12.21,-12.2,-3.03,-38.11,0,0,DCHG, ,
20957.6,1,1,1,1,4,10945.0,-1,12.21,-12.2,-3.03,-38.13,0,0,DCHG, ,
20962.6,1,1,1,1,4,10950.0,-1,12.209,-12.2,-3.04,-38.14,0,0,DCHG, ,
20967.6,1,1,1,1,4,10955.0,-1,12.209,-12.1,-3.04,-38.16,0,0,DCHG, ,
20972.6,1,1,1,1,4,10960.0,-1,12.209,-12.1,-3.04,-38.18,0,0,DCHG, ,
20977.6,1,1,1,1,4,10965.0,-1,12.208,-12.1,-3.04,-38.19,0,0,DCHG, ,
20982.6,1,1,1,1,4,10970.0,-1,12.209,-12.1,-3.04,-38.21,0,0,DCHG, ,
20987.6,1,1,1,1,4,10975.0,-1,12.208,-12.1,-3.04,-38.23,0,0,DCHG, ,
20992.6,1,1,1,1,4,10980.0,-1,12.208,-12.1,-3.04,-38.24,0,0,DCHG, ,
20997.6,1,1,1,1,4,10985.0,-1,12.208,-12.1,-3.05,-38.26,0,0,DCHG, ,
21002.6,1,1,1,1,4,10990.0,-1,12.207,-12.1,-3.05,-38.28,0,0,DCHG, ,
21007.6,1,1,1,1,4,10995.0,-1,12.207,-12.2,-3.05,-38.29,0,0,DCHG, ,
21012.6,1,1,1,1,4,11000.0,-1,12.207,-12.1,-3.05,-38.31,0,0,DCHG, ,
21017.6,1,1,1,1,4,11005.0,-1,12.207,-12.1,-3.05,-38.33,0,0,DCHG, ,
21022.6,1,1,1,1,4,11010.0,-1,12.206,-12.1,-3.05,-38.35,0,0,DCHG, ,
21027.6,1,1,1,1,4,11015.0,-1,12.206,-12.1,-3.05,-38.36,0,0,DCHG, ,
21032.6,1,1,1,1,4,11020.0,-1,12.205,-12.2,-3.06,-38.38,0,0,DCHG, ,
21037.6,1,1,1,1,4,11025.0,-1,12.205,-12.2,-3.06,-38.4,0,0,DCHG, ,
21042.6,1,1,1,1,4,11030.0,-1,12.205,-12.1,-3.06,-38.41,0,0,DCHG, ,
21047.6,1,1,1,1,4,11035.0,-1,12.205,-12.1,-3.06,-38.43,0,0,DCHG, ,
21052.6,1,1,1,1,4,11040.0,-1,12.204,-12.1,-3.06,-38.45,0,0,DCHG, ,
21057.6,1,1,1,1,4,11045.0,-1,12.204,-12.1,-3.06,-38.46,0,0,DCHG, ,
21062.6,1,1,1,1,4,11050.0,-1,12.204,-12.1,-3.06,-38.48,0,0,DCHG, ,
21067.6,1,1,1,1,4,11055.0,-1,12.204,-12.2,-3.07,-38.5,0,0,DCHG, ,
21072.6,1,1,1,1,4,11060.0,-0.99,12.203,-12.1,-3.07,-38.51,0,0,DCHG, ,
21077.6,1,1,1,1,4,11065.0,-1,12.203,-12.1,-3.07,-38.53,0,0,DCHG, ,
21082.6,1,1,1,1,4,11070.0,-1,12.203,-12.1,-3.07,-38.55,0,0,DCHG, ,
21087.6,1,1,1,1,4,11075.0,-1,12.203,-12.1,-3.07,-38.56,0,0,DCHG, ,
21092.6,1,1,1,1,4,11080.0,-1,12.202,-12.2,-3.07,-38.58,0,0,DCHG, ,
21097.6,1,1,1,1,4,11085.0,-1,12.202,-12.2,-3.07,-38.6,0,0,DCHG, ,
21102.6,1,1,1,1,4,11090.0,-1,12.201,-12.1,-3.07,-38.62,0,0,DCHG, ,
21107.6,1,1,1,1,4,11095.0,-1,12.201,-12.2,-3.08,-38.63,0,0,DCHG, ,
21112.6,1,1,1,1,4,11100.0,-1,12.201,-12.2,-3.08,-38.65,0,0,DCHG, ,
21117.6,1,1,1,1,4,11105.0,-1,12.2,-12.2,-3.08,-38.67,0,0,DCHG, ,
21122.6,1,1,1,1,4,11110.0,-1,12.2,-12.1,-3.08,-38.68,0,0,DCHG, ,
21127.6,1,1,1,1,4,11115.0,-1,12.2,-12.1,-3.08,-38.7,0,0,DCHG, ,
21132.6,1,1,1,1,4,11120.0,-1,12.2,-12.1,-3.08,-38.72,0,0,DCHG, ,
21137.6,1,1,1,1,4,11125.0,-1,12.2,-12.1,-3.08,-38.73,0,0,DCHG, ,
21142.6,1,1,1,1,4,11130.0,-1,12.199,-12.1,-3.09,-38.75,0,0,DCHG, ,
21147.6,1,1,1,1,4,11135.0,-1,12.199,-12.1,-3.09,-38.77,0,0,DCHG, ,
21152.6,1,1,1,1,4,11140.0,-1,12.199,-12.1,-3.09,-38.78,0,0,DCHG, ,
21157.6,1,1,1,1,4,11145.0,-1,12.198,-12.1,-3.09,-38.8,0,0,DCHG, ,
21162.6,1,1,1,1,4,11150.0,-1,12.198,-12.1,-3.09,-38.82,0,0,DCHG, ,
21167.6,1,1,1,1,4,11155.0,-1,12.197,-12.1,-3.09,-38.83,0,0,DCHG, ,
21172.6,1,1,1,1,4,11160.0,-1,12.198,-12.1,-3.09,-38.85,0,0,DCHG, ,
21177.6,1,1,1,1,4,11165.0,-1,12.197,-12.1,-3.1,-38.87,0,0,DCHG, ,
21182.6,1,1,1,1,4,11170.0,-1,12.197,-12.1,-3.1,-38.88,0,0,DCHG, ,
21187.6,1,1,1,1,4,11175.0,-0.99,12.197,-12.1,-3.1,-38.9,0,0,DCHG, ,
21192.6,1,1,1,1,4,11180.0,-1,12.196,-12.1,-3.1,-38.92,0,0,DCHG, ,
21197.6,1,1,1,1,4,11185.0,-1,12.196,-12.1,-3.1,-38.93,0,0,DCHG, ,
21202.6,1,1,1,1,4,11190.0,-1,12.196,-12.1,-3.1,-38.95,0,0,DCHG, ,
21207.6,1,1,1,1,4,11195.0,-1,12.195,-12.1,-3.1,-38.97,0,0,DCHG, ,
21212.6,1,1,1,1,4,11200.0,-1,12.195,-12.1,-3.11,-38.99,0,0,DCHG, ,
21217.6,1,1,1,1,4,11205.0,-1,12.195,-12.1,-3.11,-39,0,0,DCHG, ,
21222.6,1,1,1,1,4,11210.0,-1,12.194,-12.1,-3.11,-39.02,0,0,DCHG, ,
21227.6,1,1,1,1,4,11215.0,-1,12.194,-12.1,-3.11,-39.04,0,0,DCHG, ,
21232.6,1,1,1,1,4,11220.0,-1,12.194,-12.1,-3.11,-39.05,0,0,DCHG, ,
21237.6,1,1,1,1,4,11225.0,-1,12.194,-12.1,-3.11,-39.07,0,0,DCHG, ,
21242.6,1,1,1,1,4,11230.0,-1,12.193,-12.1,-3.11,-39.09,0,0,DCHG, ,
21247.6,1,1,1,1,4,11235.0,-1,12.193,-12.1,-3.12,-39.1,0,0,DCHG, ,
21252.6,1,1,1,1,4,11240.0,-1,12.193,-12.1,-3.12,-39.12,0,0,DCHG, ,
21257.6,1,1,1,1,4,11245.0,-1,12.193,-12.1,-3.12,-39.14,0,0,DCHG, ,
21262.6,1,1,1,1,4,11250.0,-1,12.192,-12.1,-3.12,-39.15,0,0,DCHG, ,
21267.6,1,1,1,1,4,11255.0,-1,12.192,-12.1,-3.12,-39.17,0,0,DCHG, ,
21272.6,1,1,1,1,4,11260.0,-1,12.191,-12.1,-3.12,-39.19,0,0,DCHG, ,
21277.6,1,1,1,1,4,11265.0,-1,12.191,-12.1,-3.12,-39.2,0,0,DCHG, ,
21282.6,1,1,1,1,4,11270.0,-1,12.191,-12.1,-3.12,-39.22,0,0,DCHG, ,
21287.6,1,1,1,1,4,11275.0,-0.99,12.191,-12.1,-3.13,-39.24,0,0,DCHG, ,
21292.6,1,1,1,1,4,11280.0,-1,12.19,-12.1,-3.13,-39.25,0,0,DCHG, ,
21297.6,1,1,1,1,4,11285.0,-1,12.191,-12.1,-3.13,-39.27,0,0,DCHG, ,
21302.6,1,1,1,1,4,11290.0,-1,12.19,-12.1,-3.13,-39.29,0,0,DCHG, ,
21307.6,1,1,1,1,4,11295.0,-1,12.19,-12.1,-3.13,-39.3,0,0,DCHG, ,
21312.6,1,1,1,1,4,11300.0,-1,12.19,-12.1,-3.13,-39.32,0,0,DCHG, ,
21317.6,1,1,1,1,4,11305.0,-1,12.189,-12.1,-3.13,-39.34,0,0,DCHG, ,
21322.6,1,1,1,1,4,11310.0,-1,12.189,-12.1,-3.14,-39.35,0,0,DCHG, ,
21327.6,1,1,1,1,4,11315.0,-1,12.188,-12.1,-3.14,-39.37,0,0,DCHG, ,
21332.6,1,1,1,1,4,11320.0,-1,12.188,-12.1,-3.14,-39.39,0,0,DCHG, ,
21337.6,1,1,1,1,4,11325.0,-1,12.188,-12.1,-3.14,-39.41,0,0,DCHG, ,
21342.6,1,1,1,1,4,11330.0,-0.99,12.188,-12.1,-3.14,-39.42,0,0,DCHG, ,
21347.6,1,1,1,1,4,11335.0,-1,12.187,-12.1,-3.14,-39.44,0,0,DCHG, ,
21352.6,1,1,1,1,4,11340.0,-1,12.187,-12.1,-3.14,-39.46,0,0,DCHG, ,
21357.6,1,1,1,1,4,11345.0,-1,12.187,-12.1,-3.15,-39.47,0,0,DCHG, ,
21362.6,1,1,1,1,4,11350.0,-1,12.187,-12.1,-3.15,-39.49,0,0,DCHG, ,
21367.6,1,1,1,1,4,11355.0,-1,12.186,-12.1,-3.15,-39.51,0,0,DCHG, ,
21372.6,1,1,1,1,4,11360.0,-0.99,12.186,-12,-3.15,-39.52,0,0,DCHG, ,
21377.6,1,1,1,1,4,11365.0,-1,12.186,-12.1,-3.15,-39.54,0,0,DCHG, ,
21382.6,1,1,1,1,4,11370.0,-1,12.186,-12.1,-3.15,-39.56,0,0,DCHG, ,
21387.6,1,1,1,1,4,11375.0,-1,12.185,-12.1,-3.15,-39.57,0,0,DCHG, ,
21392.6,1,1,1,1,4,11380.0,-1,12.185,-12.1,-3.16,-39.59,0,0,DCHG, ,
21397.6,1,1,1,1,4,11385.0,-1,12.185,-12.1,-3.16,-39.61,0,0,DCHG, ,
21402.6,1,1,1,1,4,11390.0,-1,12.184,-12.1,-3.16,-39.62,0,0,DCHG, ,
21407.6,1,1,1,1,4,11395.0,-1,12.184,-12.1,-3.16,-39.64,0,0,DCHG, ,
21412.6,1,1,1,1,4,11400.0,-1,12.183,-12.1,-3.16,-39.66,0,0,DCHG, ,
21417.6,1,1,1,1,4,11405.0,-1,12.183,-12.1,-3.16,-39.67,0,0,DCHG, ,
21422.6,1,1,1,1,4,11410.0,-1,12.183,-12.1,-3.16,-39.69,0,0,DCHG, ,
21427.6,1,1,1,1,4,11415.0,-1,12.183,-12.1,-3.17,-39.71,0,0,DCHG, ,
21432.6,1,1,1,1,4,11420.0,-1,12.182,-12.1,-3.17,-39.72,0,0,DCHG, ,
21437.6,1,1,1,1,4,11425.0,-1,12.182,-12.1,-3.17,-39.74,0,0,DCHG, ,
21442.6,1,1,1,1,4,11430.0,-1,12.182,-12.1,-3.17,-39.76,0,0,DCHG, ,
21447.6,1,1,1,1,4,11435.0,-1,12.181,-12.1,-3.17,-39.77,0,0,DCHG, ,
21452.6,1,1,1,1,4,11440.0,-1,12.181,-12.1,-3.17,-39.79,0,0,DCHG, ,
21457.6,1,1,1,1,4,11445.0,-1,12.181,-12.1,-3.17,-39.81,0,0,DCHG, ,
21462.6,1,1,1,1,4,11450.0,-1,12.181,-12.1,-3.17,-39.83,0,0,DCHG, ,
21467.6,1,1,1,1,4,11455.0,-1,12.18,-12.1,-3.18,-39.84,0,0,DCHG, ,
21472.6,1,1,1,1,4,11460.0,-1,12.18,-12.1,-3.18,-39.86,0,0,DCHG, ,
21477.6,1,1,1,1,4,11465.0,-1,12.18,-12.1,-3.18,-39.88,0,0,DCHG, ,
21482.6,1,1,1,1,4,11470.0,-1,12.18,-12.1,-3.18,-39.89,0,0,DCHG, ,
21487.6,1,1,1,1,4,11475.0,-1,12.179,-12.1,-3.18,-39.91,0,0,DCHG, ,
21492.6,1,1,1,1,4,11480.0,-1,12.179,-12.1,-3.18,-39.93,0,0,DCHG, ,
21497.6,1,1,1,1,4,11485.0,-1,12.179,-12.1,-3.18,-39.94,0,0,DCHG, ,
21502.6,1,1,1,1,4,11490.0,-1,12.178,-12.1,-3.19,-39.96,0,0,DCHG, ,
21507.6,1,1,1,1,4,11495.0,-1,12.178,-12.1,-3.19,-39.98,0,0,DCHG, ,
21512.6,1,1,1,1,4,11500.0,-1,12.178,-12.1,-3.19,-39.99,0,0,DCHG, ,
21517.6,1,1,1,1,4,11505.0,-1,12.177,-12.1,-3.19,-40.01,0,0,DCHG, ,
21522.6,1,1,1,1,4,11510.0,-1,12.177,-12.1,-3.19,-40.03,0,0,DCHG, ,
21527.6,1,1,1,1,4,11515.0,-1,12.177,-12.1,-3.19,-40.04,0,0,DCHG, ,
21532.6,1,1,1,1,4,11520.0,-1,12.176,-12.1,-3.19,-40.06,0,0,DCHG, ,
21537.6,1,1,1,1,4,11525.0,-1,12.177,-12.1,-3.2,-40.08,0,0,DCHG, ,
21542.6,1,1,1,1,4,11530.0,-1,12.176,-12.1,-3.2,-40.09,0,0,DCHG, ,
21547.6,1,1,1,1,4,11535.0,-1,12.176,-12.1,-3.2,-40.11,0,0,DCHG, ,
21552.6,1,1,1,1,4,11540.0,-1,12.176,-12.1,-3.2,-40.13,0,0,DCHG, ,
21557.6,1,1,1,1,4,11545.0,-1,12.175,-12.1,-3.2,-40.14,0,0,DCHG, ,
21562.6,1,1,1,1,4,11550.0,-1,12.175,-12.1,-3.2,-40.16,0,0,DCHG, ,
21567.6,1,1,1,1,4,11555.0,-1,12.175,-12.1,-3.2,-40.18,0,0,DCHG, ,
21572.6,1,1,1,1,4,11560.0,-1,12.174,-12.1,-3.21,-40.19,0,0,DCHG, ,
21577.6,1,1,1,1,4,11565.0,-1,12.174,-12.1,-3.21,-40.21,0,0,DCHG, ,
21582.6,1,1,1,1,4,11570.0,-1,12.174,-12.1,-3.21,-40.23,0,0,DCHG, ,
21587.6,1,1,1,1,4,11575.0,-1,12.174,-12.1,-3.21,-40.25,0,0,DCHG, ,
21592.6,1,1,1,1,4,11580.0,-1,12.173,-12.1,-3.21,-40.26,0,0,DCHG, ,
21597.6,1,1,1,1,4,11585.0,-1,12.173,-12.1,-3.21,-40.28,0,0,DCHG, ,
21602.6,1,1,1,1,4,11590.0,-1,12.173,-12.1,-3.21,-40.3,0,0,DCHG, ,
21607.6,1,1,1,1,4,11595.0,-1,12.172,-12.1,-3.22,-40.31,0,0,DCHG, ,
21612.6,1,1,1,1,4,11600.0,-1,12.172,-12.1,-3.22,-40.33,0,0,DCHG, ,
21617.6,1,1,1,1,4,11605.0,-1,12.172,-12.1,-3.22,-40.35,0,0,DCHG, ,
21622.6,1,1,1,1,4,11610.0,-1,12.172,-12.1,-3.22,-40.36,0,0,DCHG, ,
21627.6,1,1,1,1,4,11615.0,-1,12.171,-12.1,-3.22,-40.38,0,0,DCHG, ,
21632.6,1,1,1,1,4,11620.0,-1,12.171,-12.1,-3.22,-40.4,0,0,DCHG, ,
21637.6,1,1,1,1,4,11625.0,-1,12.171,-12.1,-3.22,-40.41,0,0,DCHG, ,
21642.6,1,1,1,1,4,11630.0,-1,12.17,-12.1,-3.22,-40.43,0,0,DCHG, ,
21647.6,1,1,1,1,4,11635.0,-1,12.17,-12.1,-3.23,-40.45,0,0,DCHG, ,
21652.6,1,1,1,1,4,11640.0,-1,12.169,-12.1,-3.23,-40.46,0,0,DCHG, ,
21657.6,1,1,1,1,4,11645.0,-1,12.169,-12.1,-3.23,-40.48,0,0,DCHG, ,
21662.6,1,1,1,1,4,11650.0,-1,12.169,-12.1,-3.23,-40.5,0,0,DCHG, ,
21667.6,1,1,1,1,4,11655.0,-1,12.169,-12.1,-3.23,-40.51,0,0,DCHG, ,
21672.6,1,1,1,1,4,11660.0,-1,12.169,-12.1,-3.23,-40.53,0,0,DCHG, ,
21677.6,1,1,1,1,4,11665.0,-1,12.169,-12.1,-3.23,-40.55,0,0,DCHG, ,
21682.6,1,1,1,1,4,11670.0,-1,12.168,-12.1,-3.24,-40.56,0,0,DCHG, ,
21687.6,1,1,1,1,4,11675.0,-1,12.168,-12.1,-3.24,-40.58,0,0,DCHG, ,
21692.6,1,1,1,1,4,11680.0,-1,12.167,-12.1,-3.24,-40.6,0,0,DCHG, ,
21697.6,1,1,1,1,4,11685.0,-1,12.167,-12.1,-3.24,-40.62,0,0,DCHG, ,
21702.6,1,1,1,1,4,11690.0,-1,12.166,-12.1,-3.24,-40.63,0,0,DCHG, ,
21707.6,1,1,1,1,4,11695.0,-1,12.166,-12.1,-3.24,-40.65,0,0,DCHG, ,
21712.6,1,1,1,1,4,11700.0,-1,12.166,-12.1,-3.24,-40.67,0,0,DCHG, ,
21717.6,1,1,1,1,4,11705.0,-1,12.166,-12.1,-3.25,-40.68,0,0,DCHG, ,
21722.6,1,1,1,1,4,11710.0,-1,12.165,-12.1,-3.25,-40.7,0,0,DCHG, ,
21727.6,1,1,1,1,4,11715.0,-1,12.165,-12.1,-3.25,-40.72,0,0,DCHG, ,
21732.6,1,1,1,1,4,11720.0,-1,12.165,-12.1,-3.25,-40.73,0,0,DCHG, ,
21737.6,1,1,1,1,4,11725.0,-1,12.165,-12.1,-3.25,-40.75,0,0,DCHG, ,
21742.6,1,1,1,1,4,11730.0,-1,12.164,-12.1,-3.25,-40.77,0,0,DCHG, ,
21747.6,1,1,1,1,4,11735.0,-1,12.164,-12.1,-3.25,-40.78,0,0,DCHG, ,
21752.6,1,1,1,1,4,11740.0,-1,12.164,-12.1,-3.26,-40.8,0,0,DCHG, ,
21757.6,1,1,1,1,4,11745.0,-1,12.163,-12.1,-3.26,-40.82,0,0,DCHG, ,
21762.6,1,1,1,1,4,11750.0,-1,12.163,-12.1,-3.26,-40.83,0,0,DCHG, ,
21767.6,1,1,1,1,4,11755.0,-1,12.163,-12.1,-3.26,-40.85,0,0,DCHG, ,
21772.6,1,1,1,1,4,11760.0,-1,12.163,-12.1,-3.26,-40.87,0,0,DCHG, ,
21777.6,1,1,1,1,4,11765.0,-1,12.163,-12.1,-3.26,-40.88,0,0,DCHG, ,
21782.6,1,1,1,1,4,11770.0,-1,12.162,-12.1,-3.26,-40.9,0,0,DCHG, ,
21787.6,1,1,1,1,4,11775.0,-1,12.162,-12.1,-3.27,-40.92,0,0,DCHG, ,
21792.6,1,1,1,1,4,11780.0,-1,12.162,-12.1,-3.27,-40.93,0,0,DCHG, ,
21797.6,1,1,1,1,4,11785.0,-1,12.162,-12.1,-3.27,-40.95,0,0,DCHG, ,
21802.6,1,1,1,1,4,11790.0,-1,12.161,-12.1,-3.27,-40.97,0,0,DCHG, ,
21807.6,1,1,1,1,4,11795.0,-1,12.161,-12.1,-3.27,-40.98,0,0,DCHG, ,
21812.6,1,1,1,1,4,11800.0,-1,12.16,-12.1,-3.27,-41,0,0,DCHG, ,
21817.6,1,1,1,1,4,11805.0,-1,12.16,-12.1,-3.27,-41.02,0,0,DCHG, ,
21822.6,1,1,1,1,4,11810.0,-1,12.16,-12.1,-3.27,-41.04,0,0,DCHG, ,
21827.6,1,1,1,1,4,11815.0,-1,12.16,-12.1,-3.28,-41.05,0,0,DCHG, ,
21832.6,1,1,1,1,4,11820.0,-1,12.159,-12.1,-3.28,-41.07,0,0,DCHG, ,
21837.6,1,1,1,1,4,11825.0,-1,12.159,-12.1,-3.28,-41.09,0,0,DCHG, ,
21842.6,1,1,1,1,4,11830.0,-1,12.158,-12.1,-3.28,-41.1,0,0,DCHG, ,
21847.6,1,1,1,1,4,11835.0,-1,12.159,-12.1,-3.28,-41.12,0,0,DCHG, ,
21852.6,1,1,1,1,4,11840.0,-1,12.158,-12.1,-3.28,-41.14,0,0,DCHG, ,
21857.6,1,1,1,1,4,11845.0,-1,12.158,-12.1,-3.28,-41.15,0,0,DCHG, ,
21862.6,1,1,1,1,4,11850.0,-1,12.158,-12.1,-3.29,-41.17,0,0,DCHG, ,
21867.6,1,1,1,1,4,11855.0,-1,12.157,-12.1,-3.29,-41.19,0,0,DCHG, ,
21872.6,1,1,1,1,4,11860.0,-1,12.157,-12.1,-3.29,-41.2,0,0,DCHG, ,
21877.6,1,1,1,1,4,11865.0,-1,12.157,-12.1,-3.29,-41.22,0,0,DCHG, ,
21882.6,1,1,1,1,4,11870.0,-1,12.156,-12.1,-3.29,-41.24,0,0,DCHG, ,
21887.6,1,1,1,1,4,11875.0,-1,12.156,-12.1,-3.29,-41.25,0,0,DCHG, ,
21892.6,1,1,1,1,4,11880.0,-1,12.155,-12.1,-3.29,-41.27,0,0,DCHG, ,
21897.6,1,1,1,1,4,11885.0,-1,12.155,-12.1,-3.3,-41.29,0,0,DCHG, ,
21902.6,1,1,1,1,4,11890.0,-1,12.155,-12.1,-3.3,-41.3,0,0,DCHG, ,
21907.6,1,1,1,1,4,11895.0,-1,12.155,-12.1,-3.3,-41.32,0,0,DCHG, ,
21912.6,1,1,1,1,4,11900.0,-1,12.154,-12.1,-3.3,-41.34,0,0,DCHG, ,
21917.6,1,1,1,1,4,11905.0,-1,12.154,-12.1,-3.3,-41.35,0,0,DCHG, ,
21922.6,1,1,1,1,4,11910.0,-1,12.154,-12.1,-3.3,-41.37,0,0,DCHG, ,
21927.6,1,1,1,1,4,11915.0,-1,12.154,-12.1,-3.3,-41.39,0,0,DCHG, ,
21932.6,1,1,1,1,4,11920.0,-1,12.153,-12.1,-3.31,-41.4,0,0,DCHG, ,
21937.6,1,1,1,1,4,11925.0,-1,12.153,-12.1,-3.31,-41.42,0,0,DCHG, ,
21942.6,1,1,1,1,4,11930.0,-1,12.153,-12.1,-3.31,-41.44,0,0,DCHG, ,
21947.6,1,1,1,1,4,11935.0,-1,12.152,-12.1,-3.31,-41.46,0,0,DCHG, ,
21952.6,1,1,1,1,4,11940.0,-1,12.152,-12.1,-3.31,-41.47,0,0,DCHG, ,
21957.6,1,1,1,1,4,11945.0,-0.99,12.152,-12,-3.31,-41.49,0,0,DCHG, ,
21962.6,1,1,1,1,4,11950.0,-1,12.152,-12.1,-3.31,-41.51,0,0,DCHG, ,
21967.6,1,1,1,1,4,11955.0,-1,12.151,-12.1,-3.32,-41.52,0,0,DCHG, ,
21972.6,1,1,1,1,4,11960.0,-1,12.151,-12.1,-3.32,-41.54,0,0,DCHG, ,
21977.6,1,1,1,1,4,11965.0,-1,12.151,-12.1,-3.32,-41.56,0,0,DCHG, ,
21982.6,1,1,1,1,4,11970.0,-0.99,12.151,-12,-3.32,-41.57,0,0,DCHG, ,
21987.6,1,1,1,1,4,11975.0,-1,12.15,-12.1,-3.32,-41.59,0,0,DCHG, ,
21992.6,1,1,1,1,4,11980.0,-1,12.15,-12.1,-3.32,-41.61,0,0,DCHG, ,
21997.6,1,1,1,1,4,11985.0,-1,12.15,-12.1,-3.32,-41.62,0,0,DCHG, ,
22002.6,1,1,1,1,4,11990.0,-1,12.149,-12.1,-3.32,-41.64,0,0,DCHG, ,
22007.6,1,1,1,1,4,11995.0,-1,12.149,-12.1,-3.33,-41.66,0,0,DCHG, ,
22012.6,1,1,1,1,4,12000.0,-1,12.148,-12.1,-3.33,-41.67,0,0,DCHG, ,
22017.6,1,1,1,1,4,12005.0,-1,12.148,-12.1,-3.33,-41.69,0,0,DCHG, ,
22022.6,1,1,1,1,4,12010.0,-1,12.148,-12.1,-3.33,-41.71,0,0,DCHG, ,
22027.6,1,1,1,1,4,12015.0,-1,12.148,-12.1,-3.33,-41.72,0,0,DCHG, ,
22032.6,1,1,1,1,4,12020.0,-1,12.148,-12.1,-3.33,-41.74,0,0,DCHG, ,
22037.6,1,1,1,1,4,12025.0,-1,12.148,-12.1,-3.33,-41.76,0,0,DCHG, ,
22042.6,1,1,1,1,4,12030.0,-1,12.147,-12.1,-3.34,-41.77,0,0,DCHG, ,
22047.6,1,1,1,1,4,12035.0,-1,12.147,-12.1,-3.34,-41.79,0,0,DCHG, ,
22052.6,1,1,1,1,4,12040.0,-1,12.146,-12.1,-3.34,-41.81,0,0,DCHG, ,
22057.6,1,1,1,1,4,12045.0,-1,12.146,-12.1,-3.34,-41.82,0,0,DCHG, ,
22062.6,1,1,1,1,4,12050.0,-1,12.146,-12.1,-3.34,-41.84,0,0,DCHG, ,
22067.6,1,1,1,1,4,12055.0,-1,12.146,-12.1,-3.34,-41.86,0,0,DCHG, ,
22072.6,1,1,1,1,4,12060.0,-1,12.145,-12.1,-3.34,-41.88,0,0,DCHG, ,
22077.6,1,1,1,1,4,12065.0,-1,12.145,-12.1,-3.35,-41.89,0,0,DCHG, ,
22082.6,1,1,1,1,4,12070.0,-1,12.145,-12.1,-3.35,-41.91,0,0,DCHG, ,
22087.6,1,1,1,1,4,12075.0,-1,12.145,-12.1,-3.35,-41.93,0,0,DCHG, ,
22092.6,1,1,1,1,4,12080.0,-1,12.144,-12.1,-3.35,-41.94,0,0,DCHG, ,
22097.6,1,1,1,1,4,12085.0,-1,12.144,-12.1,-3.35,-41.96,0,0,DCHG, ,
22102.6,1,1,1,1,4,12090.0,-1,12.143,-12.1,-3.35,-41.98,0,0,DCHG, ,
22107.6,1,1,1,1,4,12095.0,-1,12.143,-12.1,-3.35,-41.99,0,0,DCHG, ,
22112.6,1,1,1,1,4,12100.0,-1,12.143,-12.1,-3.36,-42.01,0,0,DCHG, ,
22117.6,1,1,1,1,4,12105.0,-0.99,12.143,-12,-3.36,-42.03,0,0,DCHG, ,
22122.6,1,1,1,1,4,12110.0,-1,12.142,-12.1,-3.36,-42.04,0,0,DCHG, ,
22127.6,1,1,1,1,4,12115.0,-1,12.142,-12.1,-3.36,-42.06,0,0,DCHG, ,
22132.6,1,1,1,1,4,12120.0,-1,12.141,-12.1,-3.36,-42.08,0,0,DCHG, ,
22137.6,1,1,1,1,4,12125.0,-1,12.141,-12.1,-3.36,-42.09,0,0,DCHG, ,
22142.6,1,1,1,1,4,12130.0,-1,12.141,-12.1,-3.36,-42.11,0,0,DCHG, ,
22147.6,1,1,1,1,4,12135.0,-1,12.141,-12.1,-3.37,-42.13,0,0,DCHG, ,
22152.6,1,1,1,1,4,12140.0,-1,12.14,-12.1,-3.37,-42.14,0,0,DCHG, ,
22157.6,1,1,1,1,4,12145.0,-1,12.14,-12.1,-3.37,-42.16,0,0,DCHG, ,
22162.6,1,1,1,1,4,12150.0,-1,12.14,-12.1,-3.37,-42.18,0,0,DCHG, ,
22167.6,1,1,1,1,4,12155.0,-1,12.139,-12.1,-3.37,-42.19,0,0,DCHG, ,
22172.6,1,1,1,1,4,12160.0,-1,12.139,-12.1,-3.37,-42.21,0,0,DCHG, ,
22177.6,1,1,1,1,4,12165.0,-0.99,12.139,-12,-3.37,-42.23,0,0,DCHG, ,
22182.6,1,1,1,1,4,12170.0,-0.99,12.139,-12,-3.37,-42.24,0,0,DCHG, ,
22187.6,1,1,1,1,4,12175.0,-1,12.138,-12.1,-3.38,-42.26,0,0,DCHG, ,
22192.6,1,1,1,1,4,12180.0,-1,12.138,-12.1,-3.38,-42.28,0,0,DCHG, ,
22197.6,1,1,1,1,4,12185.0,-1,12.138,-12.1,-3.38,-42.3,0,0,DCHG, ,
22202.6,1,1,1,1,4,12190.0,-1,12.137,-12.1,-3.38,-42.31,0,0,DCHG, ,
22207.6,1,1,1,1,4,12195.0,-1,12.137,-12.1,-3.38,-42.33,0,0,DCHG, ,
22212.6,1,1,1,1,4,12200.0,-1,12.137,-12.1,-3.38,-42.35,0,0,DCHG, ,
22217.6,1,1,1,1,4,12205.0,-1,12.137,-12.1,-3.38,-42.36,0,0,DCHG, ,
22222.6,1,1,1,1,4,12210.0,-1,12.136,-12.1,-3.39,-42.38,0,0,DCHG, ,
22227.6,1,1,1,1,4,12215.0,-1,12.135,-12.1,-3.39,-42.4,0,0,DCHG, ,
22232.6,1,1,1,1,4,12220.0,-1,12.136,-12.1,-3.39,-42.41,0,0,DCHG, ,
22237.6,1,1,1,1,4,12225.0,-1,12.135,-12.1,-3.39,-42.43,0,0,DCHG, ,
22242.6,1,1,1,1,4,12230.0,-1,12.135,-12.1,-3.39,-42.45,0,0,DCHG, ,
22247.6,1,1,1,1,4,12235.0,-1,12.135,-12.1,-3.39,-42.46,0,0,DCHG, ,
22252.6,1,1,1,1,4,12240.0,-1,12.135,-12.1,-3.39,-42.48,0,0,DCHG, ,
22257.6,1,1,1,1,4,12245.0,-1,12.134,-12.1,-3.4,-42.5,0,0,DCHG, ,
22262.6,1,1,1,1,4,12250.0,-1,12.134,-12.1,-3.4,-42.51,0,0,DCHG, ,
22267.6,1,1,1,1,4,12255.0,-1,12.134,-12.1,-3.4,-42.53,0,0,DCHG, ,
22272.6,1,1,1,1,4,12260.0,-1,12.133,-12.1,-3.4,-42.55,0,0,DCHG, ,
22277.6,1,1,1,1,4,12265.0,-1,12.133,-12.1,-3.4,-42.56,0,0,DCHG, ,
22282.6,1,1,1,1,4,12270.0,-1,12.133,-12.1,-3.4,-42.58,0,0,DCHG, ,
22287.6,1,1,1,1,4,12275.0,-1,12.132,-12.1,-3.4,-42.6,0,0,DCHG, ,
22292.6,1,1,1,1,4,12280.0,-1,12.132,-12.1,-3.41,-42.61,0,0,DCHG, ,
22297.6,1,1,1,1,4,12285.0,-1,12.132,-12.1,-3.41,-42.63,0,0,DCHG, ,
22302.6,1,1,1,1,4,12290.0,-1,12.132,-12.1,-3.41,-42.65,0,0,DCHG, ,
22307.6,1,1,1,1,4,12295.0,-1,12.131,-12.1,-3.41,-42.66,0,0,DCHG, ,
22312.6,1,1,1,1,4,12300.0,-1,12.131,-12.1,-3.41,-42.68,0,0,DCHG, ,
22317.6,1,1,1,1,4,12305.0,-0.99,12.131,-12,-3.41,-42.7,0,0,DCHG, ,
22322.6,1,1,1,1,4,12310.0,-1,12.13,-12.1,-3.41,-42.72,0,0,DCHG, ,
22327.6,1,1,1,1,4,12315.0,-1,12.13,-12.1,-3.42,-42.73,0,0,DCHG, ,
22332.6,1,1,1,1,4,12320.0,-1,12.13,-12.1,-3.42,-42.75,0,0,DCHG, ,
22337.6,1,1,1,1,4,12325.0,-1,12.129,-12.1,-3.42,-42.77,0,0,DCHG, ,
22342.6,1,1,1,1,4,12330.0,-1,12.13,-12.1,-3.42,-42.78,0,0,DCHG, ,
22347.6,1,1,1,1,4,12335.0,-1,12.129,-12.1,-3.42,-42.8,0,0,DCHG, ,
22352.6,1,1,1,1,4,12340.0,-1,12.129,-12.1,-3.42,-42.82,0,0,DCHG, ,
22357.6,1,1,1,1,4,12345.0,-1,12.128,-12.1,-3.42,-42.83,0,0,DCHG, ,
22362.6,1,1,1,1,4,12350.0,-1,12.128,-12.1,-3.42,-42.85,0,0,DCHG, ,
22367.6,1,1,1,1,4,12355.0,-1,12.128,-12.1,-3.43,-42.87,0,0,DCHG, ,
22372.6,1,1,1,1,4,12360.0,-1,12.127,-12.1,-3.43,-42.88,0,0,DCHG, ,
22377.6,1,1,1,1,4,12365.0,-1,12.127,-12.1,-3.43,-42.9,0,0,DCHG, ,
22382.6,1,1,1,1,4,12370.0,-1,12.127,-12.1,-3.43,-42.92,0,0,DCHG, ,
22387.6,1,1,1,1,4,12375.0,-1,12.127,-12.1,-3.43,-42.93,0,0,DCHG, ,
22392.6,1,1,1,1,4,12380.0,-1,12.127,-12.1,-3.43,-42.95,0,0,DCHG, ,
22397.6,1,1,1,1,4,12385.0,-1,12.126,-12.1,-3.43,-42.97,0,0,DCHG, ,
22402.6,1,1,1,1,4,12390.0,-1,12.126,-12.1,-3.44,-42.98,0,0,DCHG, ,
22407.6,1,1,1,1,4,12395.0,-1,12.126,-12.1,-3.44,-43,0,0,DCHG, ,
22412.6,1,1,1,1,4,12400.0,-1,12.125,-12.1,-3.44,-43.02,0,0,DCHG, ,
22417.6,1,1,1,1,4,12405.0,-1,12.125,-12.1,-3.44,-43.03,0,0,DCHG, ,
22422.6,1,1,1,1,4,12410.0,-1,12.125,-12.1,-3.44,-43.05,0,0,DCHG, ,
22427.6,1,1,1,1,4,12415.0,-1,12.124,-12.1,-3.44,-43.07,0,0,DCHG, ,
22432.6,1,1,1,1,4,12420.0,-1,12.124,-12.1,-3.44,-43.08,0,0,DCHG, ,
22437.6,1,1,1,1,4,12425.0,-1,12.124,-12.1,-3.45,-43.1,0,0,DCHG, ,
22442.6,1,1,1,1,4,12430.0,-1,12.123,-12.1,-3.45,-43.12,0,0,DCHG, ,
22447.6,1,1,1,1,4,12435.0,-1,12.123,-12.1,-3.45,-43.14,0,0,DCHG, ,
22452.6,1,1,1,1,4,12440.0,-1,12.123,-12.1,-3.45,-43.15,0,0,DCHG, ,
22457.6,1,1,1,1,4,12445.0,-1,12.122,-12.1,-3.45,-43.17,0,0,DCHG, ,
22462.6,1,1,1,1,4,12450.0,-1,12.122,-12.1,-3.45,-43.19,0,0,DCHG, ,
22467.6,1,1,1,1,4,12455.0,-1,12.122,-12.1,-3.45,-43.2,0,0,DCHG, ,
22472.6,1,1,1,1,4,12460.0,-1,12.121,-12.1,-3.46,-43.22,0,0,DCHG, ,
22477.6,1,1,1,1,4,12465.0,-1,12.121,-12.1,-3.46,-43.24,0,0,DCHG, ,
22482.6,1,1,1,1,4,12470.0,-1,12.121,-12,-3.46,-43.25,0,0,DCHG, ,
22487.6,1,1,1,1,4,12475.0,-1,12.12,-12,-3.46,-43.27,0,0,DCHG, ,
22492.6,1,1,1,1,4,12480.0,-1,12.12,-12.1,-3.46,-43.29,0,0,DCHG, ,
22497.6,1,1,1,1,4,12485.0,-1,12.12,-12,-3.46,-43.3,0,0,DCHG, ,
22502.6,1,1,1,1,4,12490.0,-1,12.12,-12.1,-3.46,-43.32,0,0,DCHG, ,
22507.6,1,1,1,1,4,12495.0,-1,12.12,-12.1,-3.47,-43.34,0,0,DCHG, ,
22512.6,1,1,1,1,4,12500.0,-1,12.119,-12,-3.47,-43.35,0,0,DCHG, ,
22517.6,1,1,1,1,4,12505.0,-1,12.119,-12,-3.47,-43.37,0,0,DCHG, ,
22522.6,1,1,1,1,4,12510.0,-1,12.119,-12.1,-3.47,-43.39,0,0,DCHG, ,
22527.6,1,1,1,1,4,12515.0,-1,12.118,-12.1,-3.47,-43.4,0,0,DCHG, ,
22532.6,1,1,1,1,4,12520.0,-1,12.118,-12,-3.47,-43.42,0,0,DCHG, ,
22537.6,1,1,1,1,4,12525.0,-1,12.118,-12,-3.47,-43.44,0,0,DCHG, ,
22542.6,1,1,1,1,4,12530.0,-1,12.118,-12,-3.47,-43.45,0,0,DCHG, ,
22547.6,1,1,1,1,4,12535.0,-1,12.117,-12.1,-3.48,-43.47,0,0,DCHG, ,
22552.6,1,1,1,1,4,12540.0,-1,12.116,-12.1,-3.48,-43.49,0,0,DCHG, ,
22557.6,1,1,1,1,4,12545.0,-1,12.116,-12,-3.48,-43.5,0,0,DCHG, ,
22562.6,1,1,1,1,4,12550.0,-1,12.116,-12,-3.48,-43.52,0,0,DCHG, ,
22567.6,1,1,1,1,4,12555.0,-1,12.116,-12,-3.48,-43.54,0,0,DCHG, ,
22572.6,1,1,1,1,4,12560.0,-1,12.115,-12.1,-3.48,-43.55,0,0,DCHG, ,
22577.6,1,1,1,1,4,12565.0,-1,12.115,-12,-3.48,-43.57,0,0,DCHG, ,
22582.6,1,1,1,1,4,12570.0,-1,12.115,-12,-3.49,-43.59,0,0,DCHG, ,
22587.6,1,1,1,1,4,12575.0,-1,12.115,-12.1,-3.49,-43.6,0,0,DCHG, ,
22592.6,1,1,1,1,4,12580.0,-1,12.114,-12.1,-3.49,-43.62,0,0,DCHG, ,
22597.6,1,1,1,1,4,12585.0,-1,12.114,-12.1,-3.49,-43.64,0,0,DCHG, ,
22602.6,1,1,1,1,4,12590.0,-1,12.114,-12.1,-3.49,-43.65,0,0,DCHG, ,
22607.6,1,1,1,1,4,12595.0,-1,12.113,-12,-3.49,-43.67,0,0,DCHG, ,
22612.6,1,1,1,1,4,12600.0,-1,12.113,-12.1,-3.49,-43.69,0,0,DCHG, ,
22617.6,1,1,1,1,4,12605.0,-1,12.113,-12,-3.5,-43.7,0,0,DCHG, ,
22622.6,1,1,1,1,4,12610.0,-1,12.113,-12.1,-3.5,-43.72,0,0,DCHG, ,
22627.6,1,1,1,1,4,12615.0,-1,12.112,-12,-3.5,-43.74,0,0,DCHG, ,
22632.6,1,1,1,1,4,12620.0,-1,12.112,-12,-3.5,-43.75,0,0,DCHG, ,
22637.6,1,1,1,1,4,12625.0,-1,12.112,-12,-3.5,-43.77,0,0,DCHG, ,
22642.6,1,1,1,1,4,12630.0,-1,12.112,-12.1,-3.5,-43.79,0,0,DCHG, ,
22647.6,1,1,1,1,4,12635.0,-1,12.111,-12.1,-3.5,-43.8,0,0,DCHG, ,
22652.6,1,1,1,1,4,12640.0,-1,12.111,-12.1,-3.51,-43.82,0,0,DCHG, ,
22657.6,1,1,1,1,4,12645.0,-1,12.111,-12.1,-3.51,-43.84,0,0,DCHG, ,
22662.6,1,1,1,1,4,12650.0,-1,12.11,-12.1,-3.51,-43.85,0,0,DCHG, ,
22667.6,1,1,1,1,4,12655.0,-1,12.11,-12.1,-3.51,-43.87,0,0,DCHG, ,
22672.6,1,1,1,1,4,12660.0,-1,12.11,-12,-3.51,-43.89,0,0,DCHG, ,
22677.6,1,1,1,1,4,12665.0,-1,12.109,-12.1,-3.51,-43.91,0,0,DCHG, ,
22682.6,1,1,1,1,4,12670.0,-1,12.109,-12,-3.51,-43.92,0,0,DCHG, ,
22687.6,1,1,1,1,4,12675.0,-1,12.109,-12,-3.52,-43.94,0,0,DCHG, ,
22692.6,1,1,1,1,4,12680.0,-1,12.108,-12,-3.52,-43.96,0,0,DCHG, ,
22697.6,1,1,1,1,4,12685.0,-1,12.108,-12.1,-3.52,-43.97,0,0,DCHG, ,
22702.6,1,1,1,1,4,12690.0,-1,12.108,-12.1,-3.52,-43.99,0,0,DCHG, ,
22707.6,1,1,1,1,4,12695.0,-1,12.107,-12,-3.52,-44.01,0,0,DCHG, ,
22712.6,1,1,1,1,4,12700.0,-1,12.107,-12,-3.52,-44.02,0,0,DCHG, ,
22717.6,1,1,1,1,4,12705.0,-1,12.107,-12,-3.52,-44.04,0,0,DCHG, ,
22722.6,1,1,1,1,4,12710.0,-1,12.107,-12,-3.52,-44.06,0,0,DCHG, ,
22727.6,1,1,1,1,4,12715.0,-1,12.106,-12.1,-3.53,-44.07,0,0,DCHG, ,
22732.6,1,1,1,1,4,12720.0,-1,12.106,-12,-3.53,-44.09,0,0,DCHG, ,
22737.6,1,1,1,1,4,12725.0,-1,12.106,-12,-3.53,-44.11,0,0,DCHG, ,
22742.6,1,1,1,1,4,12730.0,-1,12.106,-12.1,-3.53,-44.12,0,0,DCHG, ,
22747.6,1,1,1,1,4,12735.0,-1,12.105,-12.1,-3.53,-44.14,0,0,DCHG, ,
22752.6,1,1,1,1,4,12740.0,-1,12.104,-12,-3.53,-44.16,0,0,DCHG, ,
22757.6,1,1,1,1,4,12745.0,-1,12.104,-12.1,-3.53,-44.17,0,0,DCHG, ,
22762.6,1,1,1,1,4,12750.0,-0.99,12.104,-12,-3.54,-44.19,0,0,DCHG, ,
22767.6,1,1,1,1,4,12755.0,-1,12.104,-12.1,-3.54,-44.21,0,0,DCHG, ,
22772.6,1,1,1,1,4,12760.0,-1,12.104,-12.1,-3.54,-44.22,0,0,DCHG, ,
22777.6,1,1,1,1,4,12765.0,-1,12.103,-12,-3.54,-44.24,0,0,DCHG, ,
22782.6,1,1,1,1,4,12770.0,-1,12.103,-12,-3.54,-44.26,0,0,DCHG, ,
22787.6,1,1,1,1,4,12775.0,-1,12.103,-12,-3.54,-44.27,0,0,DCHG, ,
22792.6,1,1,1,1,4,12780.0,-1,12.102,-12.1,-3.54,-44.29,0,0,DCHG, ,
22797.6,1,1,1,1,4,12785.0,-1,12.102,-12,-3.55,-44.31,0,0,DCHG, ,
22802.6,1,1,1,1,4,12790.0,-1,12.102,-12.1,-3.55,-44.32,0,0,DCHG, ,
22807.6,1,1,1,1,4,12795.0,-1,12.102,-12.1,-3.55,-44.34,0,0,DCHG, ,
22812.6,1,1,1,1,4,12800.0,-1,12.101,-12,-3.55,-44.36,0,0,DCHG, ,
22817.6,1,1,1,1,4,12805.0,-1,12.101,-12,-3.55,-44.37,0,0,DCHG, ,
22822.6,1,1,1,1,4,12810.0,-1,12.101,-12,-3.55,-44.39,0,0,DCHG, ,
22827.6,1,1,1,1,4,12815.0,-1,12.101,-12,-3.55,-44.41,0,0,DCHG, ,
22832.6,1,1,1,1,4,12820.0,-1,12.1,-12,-3.56,-44.42,0,0,DCHG, ,
22837.6,1,1,1,1,4,12825.0,-1,12.1,-12,-3.56,-44.44,0,0,DCHG, ,
22842.6,1,1,1,1,4,12830.0,-1,12.099,-12,-3.56,-44.46,0,0,DCHG, ,
22847.6,1,1,1,1,4,12835.0,-1,12.099,-12,-3.56,-44.47,0,0,DCHG, ,
22852.6,1,1,1,1,4,12840.0,-1,12.099,-12,-3.56,-44.49,0,0,DCHG, ,
22857.6,1,1,1,1,4,12845.0,-1,12.099,-12,-3.56,-44.51,0,0,DCHG, ,
22862.6,1,1,1,1,4,12850.0,-1,12.098,-12,-3.56,-44.52,0,0,DCHG, ,
22867.6,1,1,1,1,4,12855.0,-1,12.098,-12,-3.57,-44.54,0,0,DCHG, ,
22872.6,1,1,1,1,4,12860.0,-1,12.098,-12,-3.57,-44.56,0,0,DCHG, ,
22877.6,1,1,1,1,4,12865.0,-1,12.098,-12,-3.57,-44.57,0,0,DCHG, ,
22882.6,1,1,1,1,4,12870.0,-1,12.097,-12,-3.57,-44.59,0,0,DCHG, ,
22887.6,1,1,1,1,4,12875.0,-1,12.097,-12,-3.57,-44.61,0,0,DCHG, ,
22892.6,1,1,1,1,4,12880.0,-1,12.097,-12,-3.57,-44.62,0,0,DCHG, ,
22897.6,1,1,1,1,4,12885.0,-1,12.096,-12,-3.57,-44.64,0,0,DCHG, ,
22902.6,1,1,1,1,4,12890.0,-1,12.096,-12,-3.57,-44.66,0,0,DCHG, ,
22907.6,1,1,1,1,4,12895.0,-1,12.096,-12,-3.58,-44.67,0,0,DCHG, ,
22912.6,1,1,1,1,4,12900.0,-1,12.095,-12,-3.58,-44.69,0,0,DCHG, ,
22917.6,1,1,1,1,4,12905.0,-1,12.095,-12,-3.58,-44.71,0,0,DCHG, ,
22922.6,1,1,1,1,4,12910.0,-1,12.095,-12,-3.58,-44.72,0,0,DCHG, ,
22927.6,1,1,1,1,4,12915.0,-1,12.094,-12,-3.58,-44.74,0,0,DCHG, ,
22932.6,1,1,1,1,4,12920.0,-1,12.094,-12,-3.58,-44.76,0,0,DCHG, ,
22937.6,1,1,1,1,4,12925.0,-1,12.094,-12,-3.58,-44.77,0,0,DCHG, ,
22942.6,1,1,1,1,4,12930.0,-1,12.093,-12,-3.59,-44.79,0,0,DCHG, ,
22947.6,1,1,1,1,4,12935.0,-1,12.093,-12,-3.59,-44.81,0,0,DCHG, ,
22952.6,1,1,1,1,4,12940.0,-1,12.093,-12,-3.59,-44.82,0,0,DCHG, ,
22957.6,1,1,1,1,4,12945.0,-1,12.093,-12,-3.59,-44.84,0,0,DCHG, ,
22962.6,1,1,1,1,4,12950.0,-1,12.093,-12,-3.59,-44.86,0,0,DCHG, ,
22967.6,1,1,1,1,4,12955.0,-1,12.092,-12,-3.59,-44.87,0,0,DCHG, ,
22972.6,1,1,1,1,4,12960.0,-1,12.091,-12,-3.59,-44.89,0,0,DCHG, ,
22977.6,1,1,1,1,4,12965.0,-1,12.091,-12,-3.6,-44.91,0,0,DCHG, ,
22982.6,1,1,1,1,4,12970.0,-1,12.091,-12,-3.6,-44.92,0,0,DCHG, ,
22987.6,1,1,1,1,4,12975.0,-1,12.091,-12,-3.6,-44.94,0,0,DCHG, ,
22992.6,1,1,1,1,4,12980.0,-1,12.091,-12,-3.6,-44.96,0,0,DCHG, ,
22997.6,1,1,1,1,4,12985.0,-1,12.09,-12,-3.6,-44.97,0,0,DCHG, ,
23002.6,1,1,1,1,4,12990.0,-1,12.09,-12,-3.6,-44.99,0,0,DCHG, ,
23007.6,1,1,1,1,4,12995.0,-1,12.09,-12,-3.6,-45.01,0,0,DCHG, ,
23012.6,1,1,1,1,4,13000.0,-0.99,12.089,-11.9,-3.61,-45.02,0,0,DCHG, ,
23017.6,1,1,1,1,4,13005.0,-1,12.089,-12,-3.61,-45.04,0,0,DCHG, ,
23022.6,1,1,1,1,4,13010.0,-1,12.088,-12,-3.61,-45.06,0,0,DCHG, ,
23027.6,1,1,1,1,4,13015.0,-1,12.088,-12,-3.61,-45.07,0,0,DCHG, ,
23032.6,1,1,1,1,4,13020.0,-1,12.088,-12,-3.61,-45.09,0,0,DCHG, ,
23037.6,1,1,1,1,4,13025.0,-1,12.088,-12,-3.61,-45.11,0,0,DCHG, ,
23042.6,1,1,1,1,4,13030.0,-1,12.088,-12,-3.61,-45.12,0,0,DCHG, ,
23047.6,1,1,1,1,4,13035.0,-1,12.087,-12,-3.62,-45.14,0,0,DCHG, ,
23052.6,1,1,1,1,4,13040.0,-1,12.087,-12,-3.62,-45.16,0,0,DCHG, ,
23057.6,1,1,1,1,4,13045.0,-1,12.087,-12,-3.62,-45.17,0,0,DCHG, ,
23062.6,1,1,1,1,4,13050.0,-1,12.086,-12,-3.62,-45.19,0,0,DCHG, ,
23067.6,1,1,1,1,4,13055.0,-1,12.086,-12,-3.62,-45.21,0,0,DCHG, ,
23072.6,1,1,1,1,4,13060.0,-1,12.086,-12,-3.62,-45.22,0,0,DCHG, ,
23077.6,1,1,1,1,4,13065.0,-1,12.085,-12,-3.62,-45.24,0,0,DCHG, ,
23082.6,1,1,1,1,4,13070.0,-1,12.085,-12,-3.62,-45.26,0,0,DCHG, ,
23087.6,1,1,1,1,4,13075.0,-1,12.085,-12,-3.63,-45.27,0,0,DCHG, ,
23092.6,1,1,1,1,4,13080.0,-1,12.084,-12,-3.63,-45.29,0,0,DCHG, ,
23097.6,1,1,1,1,4,13085.0,-1,12.084,-12,-3.63,-45.31,0,0,DCHG, ,
23102.6,1,1,1,1,4,13090.0,-1,12.084,-12,-3.63,-45.32,0,0,DCHG, ,
23107.6,1,1,1,1,4,13095.0,-1,12.084,-12,-3.63,-45.34,0,0,DCHG, ,
23112.6,1,1,1,1,4,13100.0,-1,12.083,-12,-3.63,-45.36,0,0,DCHG, ,
23117.6,1,1,1,1,4,13105.0,-1,12.083,-12,-3.63,-45.37,0,0,DCHG, ,
23122.6,1,1,1,1,4,13110.0,-1,12.083,-12,-3.64,-45.39,0,0,DCHG, ,
23127.6,1,1,1,1,4,13115.0,-1,12.082,-12,-3.64,-45.41,0,0,DCHG, ,
23132.6,1,1,1,1,4,13120.0,-1,12.082,-12,-3.64,-45.42,0,0,DCHG, ,
23137.6,1,1,1,1,4,13125.0,-1,12.082,-12,-3.64,-45.44,0,0,DCHG, ,
23142.6,1,1,1,1,4,13130.0,-1,12.081,-12,-3.64,-45.46,0,0,DCHG, ,
23147.6,1,1,1,1,4,13135.0,-1,12.081,-12,-3.64,-45.47,0,0,DCHG, ,
23152.6,1,1,1,1,4,13140.0,-1,12.081,-12,-3.64,-45.49,0,0,DCHG, ,
23157.6,1,1,1,1,4,13145.0,-1,12.081,-12,-3.65,-45.51,0,0,DCHG, ,
23162.6,1,1,1,1,4,13150.0,-1,12.081,-12,-3.65,-45.52,0,0,DCHG, ,
23167.6,1,1,1,1,4,13155.0,-1,12.08,-12,-3.65,-45.54,0,0,DCHG, ,
23172.6,1,1,1,1,4,13160.0,-1,12.08,-12,-3.65,-45.56,0,0,DCHG, ,
23177.6,1,1,1,1,4,13165.0,-1,12.079,-12,-3.65,-45.57,0,0,DCHG, ,
23182.6,1,1,1,1,4,13170.0,-1,12.079,-12,-3.65,-45.59,0,0,DCHG, ,
23187.6,1,1,1,1,4,13175.0,-1,12.079,-12,-3.65,-45.61,0,0,DCHG, ,
23192.6,1,1,1,1,4,13180.0,-1,12.079,-12,-3.66,-45.62,0,0,DCHG, ,
23197.6,1,1,1,1,4,13185.0,-1,12.078,-12,-3.66,-45.64,0,0,DCHG, ,
23202.6,1,1,1,1,4,13190.0,-1,12.078,-12,-3.66,-45.66,0,0,DCHG, ,
23207.6,1,1,1,1,4,13195.0,-1,12.077,-12,-3.66,-45.67,0,0,DCHG, ,
23212.6,1,1,1,1,4,13200.0,-1,12.077,-12,-3.66,-45.69,0,0,DCHG, ,
23217.6,1,1,1,1,4,13205.0,-1,12.076,-12,-3.66,-45.71,0,0,DCHG, ,
23222.6,1,1,1,1,4,13210.0,-1,12.077,-12,-3.66,-45.72,0,0,DCHG, ,
23227.6,1,1,1,1,4,13215.0,-1,12.077,-12,-3.67,-45.74,0,0,DCHG, ,
23232.6,1,1,1,1,4,13220.0,-1,12.076,-12,-3.67,-45.76,0,0,DCHG, ,
23237.6,1,1,1,1,4,13225.0,-1,12.076,-12,-3.67,-45.77,0,0,DCHG, ,
23242.6,1,1,1,1,4,13230.0,-1,12.076,-12,-3.67,-45.79,0,0,DCHG, ,
23247.6,1,1,1,1,4,13235.0,-1,12.075,-12,-3.67,-45.81,0,0,DCHG, ,
23252.6,1,1,1,1,4,13240.0,-1,12.075,-12,-3.67,-45.82,0,0,DCHG, ,
23257.6,1,1,1,1,4,13245.0,-1,12.075,-12,-3.67,-45.84,0,0,DCHG, ,
23262.6,1,1,1,1,4,13250.0,-1,12.074,-12,-3.67,-45.86,0,0,DCHG, ,
23267.6,1,1,1,1,4,13255.0,-1,12.074,-12,-3.68,-45.87,0,0,DCHG, ,
23272.6,1,1,1,1,4,13260.0,-1,12.074,-12,-3.68,-45.89,0,0,DCHG, ,
23277.6,1,1,1,1,4,13265.0,-1,12.074,-12,-3.68,-45.91,0,0,DCHG, ,
23282.6,1,1,1,1,4,13270.0,-1,12.073,-12,-3.68,-45.92,0,0,DCHG, ,
23287.6,1,1,1,1,4,13275.0,-1,12.073,-12,-3.68,-45.94,0,0,DCHG, ,
23292.6,1,1,1,1,4,13280.0,-1,12.072,-12,-3.68,-45.96,0,0,DCHG, ,
23297.6,1,1,1,1,4,13285.0,-1,12.073,-12,-3.68,-45.97,0,0,DCHG, ,
23302.6,1,1,1,1,4,13290.0,-1,12.072,-12,-3.69,-45.99,0,0,DCHG, ,
23307.6,1,1,1,1,4,13295.0,-1,12.072,-12,-3.69,-46.01,0,0,DCHG, ,
23312.6,1,1,1,1,4,13300.0,-1,12.071,-12,-3.69,-46.02,0,0,DCHG, ,
23317.6,1,1,1,1,4,13305.0,-1,12.071,-12,-3.69,-46.04,0,0,DCHG, ,
23322.6,1,1,1,1,4,13310.0,-1,12.071,-12,-3.69,-46.06,0,0,DCHG, ,
23327.6,1,1,1,1,4,13315.0,-1,12.071,-12,-3.69,-46.07,0,0,DCHG, ,
23332.6,1,1,1,1,4,13320.0,-1,12.07,-12,-3.69,-46.09,0,0,DCHG, ,
23337.6,1,1,1,1,4,13325.0,-1,12.07,-12,-3.7,-46.11,0,0,DCHG, ,
23342.6,1,1,1,1,4,13330.0,-1,12.07,-12,-3.7,-46.12,0,0,DCHG, ,
23347.6,1,1,1,1,4,13335.0,-1,12.069,-12,-3.7,-46.14,0,0,DCHG, ,
23352.6,1,1,1,1,4,13340.0,-1,12.069,-12,-3.7,-46.16,0,0,DCHG, ,
23357.6,1,1,1,1,4,13345.0,-1,12.068,-12,-3.7,-46.17,0,0,DCHG, ,
23362.6,1,1,1,1,4,13350.0,-1,12.068,-12,-3.7,-46.19,0,0,DCHG, ,
23367.6,1,1,1,1,4,13355.0,-1,12.068,-12,-3.7,-46.21,0,0,DCHG, ,
23372.6,1,1,1,1,4,13360.0,-1,12.068,-12,-3.71,-46.22,0,0,DCHG, ,
23377.6,1,1,1,1,4,13365.0,-1,12.067,-12,-3.71,-46.24,0,0,DCHG, ,
23382.6,1,1,1,1,4,13370.0,-1,12.067,-12,-3.71,-46.26,0,0,DCHG, ,
23387.6,1,1,1,1,4,13375.0,-1,12.067,-12,-3.71,-46.27,0,0,DCHG, ,
23392.6,1,1,1,1,4,13380.0,-1,12.067,-12,-3.71,-46.29,0,0,DCHG, ,
23397.6,1,1,1,1,4,13385.0,-1,12.067,-12,-3.71,-46.31,0,0,DCHG, ,
23402.6,1,1,1,1,4,13390.0,-1,12.066,-12,-3.71,-46.32,0,0,DCHG, ,
23407.6,1,1,1,1,4,13395.0,-1,12.066,-12,-3.72,-46.34,0,0,DCHG, ,
23412.6,1,1,1,1,4,13400.0,-1,12.065,-12,-3.72,-46.36,0,0,DCHG, ,
23417.6,1,1,1,1,4,13405.0,-1,12.065,-12,-3.72,-46.37,0,0,DCHG, ,
23422.6,1,1,1,1,4,13410.0,-1,12.065,-12,-3.72,-46.39,0,0,DCHG, ,
23427.6,1,1,1,1,4,13415.0,-1,12.064,-12,-3.72,-46.41,0,0,DCHG, ,
23432.6,1,1,1,1,4,13420.0,-1,12.064,-12,-3.72,-46.42,0,0,DCHG, ,
23437.6,1,1,1,1,4,13425.0,-1,12.063,-12,-3.72,-46.44,0,0,DCHG, ,
23442.6,1,1,1,1,4,13430.0,-1,12.063,-12,-3.72,-46.46,0,0,DCHG, ,
23447.6,1,1,1,1,4,13435.0,-1,12.063,-12,-3.73,-46.47,0,0,DCHG, ,
23452.6,1,1,1,1,4,13440.0,-1,12.063,-12,-3.73,-46.49,0,0,DCHG, ,
23457.6,1,1,1,1,4,13445.0,-1,12.062,-12,-3.73,-46.51,0,0,DCHG, ,
23462.6,1,1,1,1,4,13450.0,-1,12.062,-12,-3.73,-46.52,0,0,DCHG, ,
23467.6,1,1,1,1,4,13455.0,-1,12.062,-12,-3.73,-46.54,0,0,DCHG, ,
23472.6,1,1,1,1,4,13460.0,-1,12.061,-12,-3.73,-46.56,0,0,DCHG, ,
23477.6,1,1,1,1,4,13465.0,-1,12.061,-12,-3.73,-46.57,0,0,DCHG, ,
23482.6,1,1,1,1,4,13470.0,-1,12.061,-12,-3.74,-46.59,0,0,DCHG, ,
23487.6,1,1,1,1,4,13475.0,-1,12.06,-12,-3.74,-46.61,0,0,DCHG, ,
23492.6,1,1,1,1,4,13480.0,-1,12.06,-12,-3.74,-46.62,0,0,DCHG, ,
23497.6,1,1,1,1,4,13485.0,-1,12.06,-12,-3.74,-46.64,0,0,DCHG, ,
23502.6,1,1,1,1,4,13490.0,-1,12.06,-12,-3.74,-46.66,0,0,DCHG, ,
23507.6,1,1,1,1,4,13495.0,-1,12.059,-12,-3.74,-46.67,0,0,DCHG, ,
23512.6,1,1,1,1,4,13500.0,-1,12.059,-12,-3.74,-46.69,0,0,DCHG, ,
23517.6,1,1,1,1,4,13505.0,-1,12.059,-12,-3.75,-46.71,0,0,DCHG, ,
23522.6,1,1,1,1,4,13510.0,-1,12.059,-12,-3.75,-46.72,0,0,DCHG, ,
23527.6,1,1,1,1,4,13515.0,-1,12.058,-12,-3.75,-46.74,0,0,DCHG, ,
23532.6,1,1,1,1,4,13520.0,-1,12.058,-12,-3.75,-46.76,0,0,DCHG, ,
23537.6,1,1,1,1,4,13525.0,-1,12.058,-12,-3.75,-46.77,0,0,DCHG, ,
23542.6,1,1,1,1,4,13530.0,-1,12.057,-12,-3.75,-46.79,0,0,DCHG, ,
23547.6,1,1,1,1,4,13535.0,-1,12.057,-12,-3.75,-46.81,0,0,DCHG, ,
23552.6,1,1,1,1,4,13540.0,-1,12.057,-12,-3.76,-46.82,0,0,DCHG, ,
23557.6,1,1,1,1,4,13545.0,-1,12.056,-12,-3.76,-46.84,0,0,DCHG, ,
23562.6,1,1,1,1,4,13550.0,-1,12.056,-12,-3.76,-46.86,0,0,DCHG, ,
23567.6,1,1,1,1,4,13555.0,-1,12.056,-12,-3.76,-46.87,0,0,DCHG, ,
23572.6,1,1,1,1,4,13560.0,-1,12.056,-12,-3.76,-46.89,0,0,DCHG, ,
23577.6,1,1,1,1,4,13565.0,-1,12.055,-12,-3.76,-46.91,0,0,DCHG, ,
23582.6,1,1,1,1,4,13570.0,-1,12.055,-12,-3.76,-46.92,0,0,DCHG, ,
23587.6,1,1,1,1,4,13575.0,-1,12.055,-12,-3.77,-46.94,0,0,DCHG, ,
23592.6,1,1,1,1,4,13580.0,-1,12.054,-12,-3.77,-46.96,0,0,DCHG, ,
23597.6,1,1,1,1,4,13585.0,-1,12.054,-12,-3.77,-46.97,0,0,DCHG, ,
23602.6,1,1,1,1,4,13590.0,-1,12.054,-12,-3.77,-46.99,0,0,DCHG, ,
23607.6,1,1,1,1,4,13595.0,-1,12.053,-12,-3.77,-47.01,0,0,DCHG, ,
23612.6,1,1,1,1,4,13600.0,-1,12.053,-12,-3.77,-47.02,0,0,DCHG, ,
23617.6,1,1,1,1,4,13605.0,-1,12.053,-12,-3.77,-47.04,0,0,DCHG, ,
23622.6,1,1,1,1,4,13610.0,-1,12.052,-12,-3.77,-47.06,0,0,DCHG, ,
23627.6,1,1,1,1,4,13615.0,-1,12.052,-12,-3.78,-47.07,0,0,DCHG, ,
23632.6,1,1,1,1,4,13620.0,-1,12.052,-12,-3.78,-47.09,0,0,DCHG, ,
23637.6,1,1,1,1,4,13625.0,-1,12.051,-12,-3.78,-47.11,0,0,DCHG, ,
23642.6,1,1,1,1,4,13630.0,-1,12.051,-12,-3.78,-47.12,0,0,DCHG, ,
23647.6,1,1,1,1,4,13635.0,-1,12.051,-12,-3.78,-47.14,0,0,DCHG, ,
23652.6,1,1,1,1,4,13640.0,-1,12.051,-12,-3.78,-47.16,0,0,DCHG, ,
23657.6,1,1,1,1,4,13645.0,-1,12.05,-12,-3.78,-47.17,0,0,DCHG, ,
23662.6,1,1,1,1,4,13650.0,-1,12.05,-12,-3.79,-47.19,0,0,DCHG, ,
23667.6,1,1,1,1,4,13655.0,-1,12.049,-12,-3.79,-47.21,0,0,DCHG, ,
23672.6,1,1,1,1,4,13660.0,-1,12.049,-12,-3.79,-47.22,0,0,DCHG, ,
23677.6,1,1,1,1,4,13665.0,-1,12.049,-12,-3.79,-47.24,0,0,DCHG, ,
23682.6,1,1,1,1,4,13670.0,-1,12.049,-12,-3.79,-47.26,0,0,DCHG, ,
23687.6,1,1,1,1,4,13675.0,-1,12.049,-12,-3.79,-47.27,0,0,DCHG, ,
23692.6,1,1,1,1,4,13680.0,-1,12.048,-12,-3.79,-47.29,0,0,DCHG, ,
23697.6,1,1,1,1,4,13685.0,-1,12.048,-12,-3.8,-47.31,0,0,DCHG, ,
23702.6,1,1,1,1,4,13690.0,-1,12.048,-12,-3.8,-47.32,0,0,DCHG, ,
23707.6,1,1,1,1,4,13695.0,-1,12.047,-12,-3.8,-47.34,0,0,DCHG, ,
23712.6,1,1,1,1,4,13700.0,-1,12.047,-12,-3.8,-47.36,0,0,DCHG, ,
23717.6,1,1,1,1,4,13705.0,-1,12.046,-12,-3.8,-47.37,0,0,DCHG, ,
23722.6,1,1,1,1,4,13710.0,-1,12.047,-12,-3.8,-47.39,0,0,DCHG, ,
23727.6,1,1,1,1,4,13715.0,-0.99,12.046,-11.9,-3.8,-47.41,0,0,DCHG, ,
23732.6,1,1,1,1,4,13720.0,-1,12.046,-12,-3.81,-47.42,0,0,DCHG, ,
23737.6,1,1,1,1,4,13725.0,-1,12.046,-12,-3.81,-47.44,0,0,DCHG, ,
23742.6,1,1,1,1,4,13730.0,-1,12.045,-12,-3.81,-47.46,0,0,DCHG, ,
23747.6,1,1,1,1,4,13735.0,-1,12.045,-12,-3.81,-47.47,0,0,DCHG, ,
23752.6,1,1,1,1,4,13740.0,-1,12.045,-12,-3.81,-47.49,0,0,DCHG, ,
23757.6,1,1,1,1,4,13745.0,-1,12.044,-12,-3.81,-47.51,0,0,DCHG, ,
23762.6,1,1,1,1,4,13750.0,-1,12.044,-12,-3.81,-47.52,0,0,DCHG, ,
23767.6,1,1,1,1,4,13755.0,-1,12.044,-12,-3.82,-47.54,0,0,DCHG, ,
23772.6,1,1,1,1,4,13760.0,-1,12.043,-12,-3.82,-47.56,0,0,DCHG, ,
23777.6,1,1,1,1,4,13765.0,-1,12.043,-12,-3.82,-47.57,0,0,DCHG, ,
23782.6,1,1,1,1,4,13770.0,-1,12.043,-12,-3.82,-47.59,0,0,DCHG, ,
23787.6,1,1,1,1,4,13775.0,-1,12.042,-12,-3.82,-47.61,0,0,DCHG, ,
23792.6,1,1,1,1,4,13780.0,-1,12.042,-12,-3.82,-47.62,0,0,DCHG, ,
23797.6,1,1,1,1,4,13785.0,-1,12.042,-12,-3.82,-47.64,0,0,DCHG, ,
23802.6,1,1,1,1,4,13790.0,-1,12.042,-12,-3.82,-47.66,0,0,DCHG, ,
23807.6,1,1,1,1,4,13795.0,-1,12.041,-12,-3.83,-47.67,0,0,DCHG, ,
23812.6,1,1,1,1,4,13800.0,-1,12.041,-12,-3.83,-47.69,0,0,DCHG, ,
23817.6,1,1,1,1,4,13805.0,-1,12.04,-12,-3.83,-47.71,0,0,DCHG, ,
23822.6,1,1,1,1,4,13810.0,-1,12.04,-12,-3.83,-47.72,0,0,DCHG, ,
23827.6,1,1,1,1,4,13815.0,-1,12.04,-12,-3.83,-47.74,0,0,DCHG, ,
23832.6,1,1,1,1,4,13820.0,-1,12.04,-12,-3.83,-47.76,0,0,DCHG, ,
23837.6,1,1,1,1,4,13825.0,-1,12.039,-12,-3.83,-47.77,0,0,DCHG, ,
23842.6,1,1,1,1,4,13830.0,-1,12.039,-12,-3.84,-47.79,0,0,DCHG, ,
23847.6,1,1,1,1,4,13835.0,-1,12.039,-12,-3.84,-47.81,0,0,DCHG, ,
23852.6,1,1,1,1,4,13840.0,-1,12.038,-12,-3.84,-47.82,0,0,DCHG, ,
23857.6,1,1,1,1,4,13845.0,-1,12.038,-12,-3.84,-47.84,0,0,DCHG, ,
23862.6,1,1,1,1,4,13850.0,-1,12.038,-12,-3.84,-47.86,0,0,DCHG, ,
23867.6,1,1,1,1,4,13855.0,-1,12.038,-12,-3.84,-47.87,0,0,DCHG, ,
23872.6,1,1,1,1,4,13860.0,-1,12.037,-12,-3.84,-47.89,0,0,DCHG, ,
23877.6,1,1,1,1,4,13865.0,-1,12.037,-12,-3.85,-47.91,0,0,DCHG, ,
23882.6,1,1,1,1,4,13870.0,-1,12.037,-12,-3.85,-47.92,0,0,DCHG, ,
23887.6,1,1,1,1,4,13875.0,-1,12.036,-12,-3.85,-47.94,0,0,DCHG, ,
23892.6,1,1,1,1,4,13880.0,-1,12.036,-12,-3.85,-47.96,0,0,DCHG, ,
23897.6,1,1,1,1,4,13885.0,-1,12.035,-12,-3.85,-47.97,0,0,DCHG, ,
23902.6,1,1,1,1,4,13890.0,-1,12.035,-12,-3.85,-47.99,0,0,DCHG, ,
23907.6,1,1,1,1,4,13895.0,-1,12.035,-12,-3.85,-48.01,0,0,DCHG, ,
23912.6,1,1,1,1,4,13900.0,-1,12.035,-12,-3.86,-48.02,0,0,DCHG, ,
23917.6,1,1,1,1,4,13905.0,-1,12.034,-12,-3.86,-48.04,0,0,DCHG, ,
23922.6,1,1,1,1,4,13910.0,-1,12.034,-12,-3.86,-48.06,0,0,DCHG, ,
23927.6,1,1,1,1,4,13915.0,-1,12.034,-12,-3.86,-48.07,0,0,DCHG, ,
23932.6,1,1,1,1,4,13920.0,-1,12.034,-12,-3.86,-48.09,0,0,DCHG, ,
23937.6,1,1,1,1,4,13925.0,-1,12.033,-12,-3.86,-48.11,0,0,DCHG, ,
23942.6,1,1,1,1,4,13930.0,-1,12.033,-12,-3.86,-48.12,0,0,DCHG, ,
23947.6,1,1,1,1,4,13935.0,-1,12.033,-12,-3.87,-48.14,0,0,DCHG, ,
23952.6,1,1,1,1,4,13940.0,-1,12.032,-12,-3.87,-48.16,0,0,DCHG, ,
23957.6,1,1,1,1,4,13945.0,-1,12.032,-12,-3.87,-48.17,0,0,DCHG, ,
23962.6,1,1,1,1,4,13950.0,-1,12.032,-12,-3.87,-48.19,0,0,DCHG, ,
23967.6,1,1,1,1,4,13955.0,-1,12.032,-12,-3.87,-48.21,0,0,DCHG, ,
23972.6,1,1,1,1,4,13960.0,-1,12.031,-12,-3.87,-48.22,0,0,DCHG, ,
23977.6,1,1,1,1,4,13965.0,-1,12.031,-12,-3.87,-48.24,0,0,DCHG, ,
23982.6,1,1,1,1,4,13970.0,-1,12.031,-12,-3.87,-48.26,0,0,DCHG, ,
23987.6,1,1,1,1,4,13975.0,-1,12.03,-12,-3.88,-48.27,0,0,DCHG, ,
23992.6,1,1,1,1,4,13980.0,-1,12.03,-12,-3.88,-48.29,0,0,DCHG, ,
23997.6,1,1,1,1,4,13985.0,-1,12.029,-12,-3.88,-48.31,0,0,DCHG, ,
24002.6,1,1,1,1,4,13990.0,-1,12.029,-12,-3.88,-48.32,0,0,DCHG, ,
24007.6,1,1,1,1,4,13995.0,-1,12.029,-12,-3.88,-48.34,0,0,DCHG, ,
24012.6,1,1,1,1,4,14000.0,-1,12.029,-12,-3.88,-48.36,0,0,DCHG, ,
24017.6,1,1,1,1,4,14005.0,-1,12.029,-12,-3.88,-48.37,0,0,DCHG, ,
24022.6,1,1,1,1,4,14010.0,-1,12.028,-12,-3.89,-48.39,0,0,DCHG, ,
24027.6,1,1,1,1,4,14015.0,-1,12.027,-12,-3.89,-48.41,0,0,DCHG, ,
24032.6,1,1,1,1,4,14020.0,-1,12.027,-12,-3.89,-48.42,0,0,DCHG, ,
24037.6,1,1,1,1,4,14025.0,-1,12.027,-12,-3.89,-48.44,0,0,DCHG, ,
24042.6,1,1,1,1,4,14030.0,-1,12.027,-12,-3.89,-48.46,0,0,DCHG, ,
24047.6,1,1,1,1,4,14035.0,-1,12.026,-12,-3.89,-48.47,0,0,DCHG, ,
24052.6,1,1,1,1,4,14040.0,-1,12.026,-12,-3.89,-48.49,0,0,DCHG, ,
24057.6,1,1,1,1,4,14045.0,-1,12.026,-12,-3.9,-48.51,0,0,DCHG, ,
24062.6,1,1,1,1,4,14050.0,-1,12.026,-12,-3.9,-48.52,0,0,DCHG, ,
24067.6,1,1,1,1,4,14055.0,-1,12.025,-12,-3.9,-48.54,0,0,DCHG, ,
24072.6,1,1,1,1,4,14060.0,-1,12.025,-12,-3.9,-48.56,0,0,DCHG, ,
24077.6,1,1,1,1,4,14065.0,-1,12.025,-12,-3.9,-48.57,0,0,DCHG, ,
24082.6,1,1,1,1,4,14070.0,-1,12.024,-12,-3.9,-48.59,0,0,DCHG, ,
24087.6,1,1,1,1,4,14075.0,-1,12.024,-12,-3.9,-48.61,0,0,DCHG, ,
24092.6,1,1,1,1,4,14080.0,-1,12.023,-12,-3.91,-48.62,0,0,DCHG, ,
24097.6,1,1,1,1,4,14085.0,-1,12.023,-12,-3.91,-48.64,0,0,DCHG, ,
24102.6,1,1,1,1,4,14090.0,-1,12.023,-12,-3.91,-48.66,0,0,DCHG, ,
24107.6,1,1,1,1,4,14095.0,-1,12.023,-12,-3.91,-48.67,0,0,DCHG, ,
24112.6,1,1,1,1,4,14100.0,-1,12.022,-12,-3.91,-48.69,0,0,DCHG, ,
24117.6,1,1,1,1,4,14105.0,-1,12.022,-12,-3.91,-48.71,0,0,DCHG, ,
24122.6,1,1,1,1,4,14110.0,-1,12.022,-12,-3.91,-48.72,0,0,DCHG, ,
24127.6,1,1,1,1,4,14115.0,-1,12.021,-12,-3.92,-48.74,0,0,DCHG, ,
24132.6,1,1,1,1,4,14120.0,-1,12.021,-12,-3.92,-48.76,0,0,DCHG, ,
24137.6,1,1,1,1,4,14125.0,-1,12.021,-12,-3.92,-48.77,0,0,DCHG, ,
24142.6,1,1,1,1,4,14130.0,-1,12.021,-12,-3.92,-48.79,0,0,DCHG, ,
24147.6,1,1,1,1,4,14135.0,-1,12.02,-11.9,-3.92,-48.81,0,0,DCHG, ,
24152.6,1,1,1,1,4,14140.0,-1,12.02,-11.9,-3.92,-48.82,0,0,DCHG, ,
24157.6,1,1,1,1,4,14145.0,-1,12.02,-11.9,-3.92,-48.84,0,0,DCHG, ,
24162.6,1,1,1,1,4,14150.0,-1,12.019,-12,-3.92,-48.86,0,0,DCHG, ,
24167.6,1,1,1,1,4,14155.0,-1,12.019,-11.9,-3.93,-48.87,0,0,DCHG, ,
24172.6,1,1,1,1,4,14160.0,-1,12.019,-11.9,-3.93,-48.89,0,0,DCHG, ,
24177.6,1,1,1,1,4,14165.0,-1,12.018,-11.9,-3.93,-48.91,0,0,DCHG, ,
24182.6,1,1,1,1,4,14170.0,-1,12.018,-11.9,-3.93,-48.92,0,0,DCHG, ,
24187.6,1,1,1,1,4,14175.0,-1,12.018,-11.9,-3.93,-48.94,0,0,DCHG, ,
24192.6,1,1,1,1,4,14180.0,-1,12.017,-11.9,-3.93,-48.96,0,0,DCHG, ,
24197.6,1,1,1,1,4,14185.0,-1,12.017,-11.9,-3.93,-48.97,0,0,DCHG, ,
24202.6,1,1,1,1,4,14190.0,-1,12.017,-11.9,-3.94,-48.99,0,0,DCHG, ,
24207.6,1,1,1,1,4,14195.0,-1,12.017,-11.9,-3.94,-49.01,0,0,DCHG, ,
24212.6,1,1,1,1,4,14200.0,-1,12.017,-11.9,-3.94,-49.02,0,0,DCHG, ,
24217.6,1,1,1,1,4,14205.0,-0.99,12.016,-11.9,-3.94,-49.04,0,0,DCHG, ,
24222.6,1,1,1,1,4,14210.0,-1,12.016,-11.9,-3.94,-49.06,0,0,DCHG, ,
24227.6,1,1,1,1,4,14215.0,-1,12.015,-11.9,-3.94,-49.07,0,0,DCHG, ,
24232.6,1,1,1,1,4,14220.0,-1,12.015,-12,-3.94,-49.09,0,0,DCHG, ,
24237.6,1,1,1,1,4,14225.0,-1,12.015,-11.9,-3.95,-49.1,0,0,DCHG, ,
24242.6,1,1,1,1,4,14230.0,-1,12.015,-12,-3.95,-49.12,0,0,DCHG, ,
24247.6,1,1,1,1,4,14235.0,-1,12.014,-12,-3.95,-49.14,0,0,DCHG, ,
24252.6,1,1,1,1,4,14240.0,-1,12.014,-11.9,-3.95,-49.15,0,0,DCHG, ,
24257.6,1,1,1,1,4,14245.0,-1,12.013,-11.9,-3.95,-49.17,0,0,DCHG, ,
24262.6,1,1,1,1,4,14250.0,-1,12.013,-11.9,-3.95,-49.19,0,0,DCHG, ,
24267.6,1,1,1,1,4,14255.0,-1,12.013,-12,-3.95,-49.2,0,0,DCHG, ,
24272.6,1,1,1,1,4,14260.0,-1,12.013,-11.9,-3.96,-49.22,0,0,DCHG, ,
24277.6,1,1,1,1,4,14265.0,-1,12.012,-11.9,-3.96,-49.24,0,0,DCHG, ,
24282.6,1,1,1,1,4,14270.0,-1,12.012,-12,-3.96,-49.25,0,0,DCHG, ,
24287.6,1,1,1,1,4,14275.0,-1,12.012,-12,-3.96,-49.27,0,0,DCHG, ,
24292.6,1,1,1,1,4,14280.0,-1,12.012,-11.9,-3.96,-49.29,0,0,DCHG, ,
24297.6,1,1,1,1,4,14285.0,-1,12.011,-12,-3.96,-49.3,0,0,DCHG, ,
24302.6,1,1,1,1,4,14290.0,-1,12.01,-11.9,-3.96,-49.32,0,0,DCHG, ,
24307.6,1,1,1,1,4,14295.0,-1,12.01,-11.9,-3.96,-49.34,0,0,DCHG, ,
24312.6,1,1,1,1,4,14300.0,-1,12.01,-12,-3.97,-49.35,0,0,DCHG, ,
24317.6,1,1,1,1,4,14305.0,-1,12.01,-12,-3.97,-49.37,0,0,DCHG, ,
24322.6,1,1,1,1,4,14310.0,-1,12.009,-12,-3.97,-49.39,0,0,DCHG, ,
24327.6,1,1,1,1,4,14315.0,-1,12.009,-12,-3.97,-49.4,0,0,DCHG, ,
24332.6,1,1,1,1,4,14320.0,-1,12.009,-11.9,-3.97,-49.42,0,0,DCHG, ,
24337.6,1,1,1,1,4,14325.0,-1,12.009,-11.9,-3.97,-49.44,0,0,DCHG, ,
24342.6,1,1,1,1,4,14330.0,-1,12.008,-11.9,-3.97,-49.45,0,0,DCHG, ,
24347.6,1,1,1,1,4,14335.0,-1,12.008,-11.9,-3.98,-49.47,0,0,DCHG, ,
24352.6,1,1,1,1,4,14340.0,-1,12.007,-12,-3.98,-49.49,0,0,DCHG, ,
24357.6,1,1,1,1,4,14345.0,-1,12.007,-11.9,-3.98,-49.5,0,0,DCHG, ,
24362.6,1,1,1,1,4,14350.0,-1,12.007,-11.9,-3.98,-49.52,0,0,DCHG, ,
24367.6,1,1,1,1,4,14355.0,-1,12.007,-12,-3.98,-49.54,0,0,DCHG, ,
24372.6,1,1,1,1,4,14360.0,-1,12.007,-11.9,-3.98,-49.55,0,0,DCHG, ,
24377.6,1,1,1,1,4,14365.0,-1,12.006,-11.9,-3.98,-49.57,0,0,DCHG, ,
24382.6,1,1,1,1,4,14370.0,-1,12.006,-11.9,-3.99,-49.59,0,0,DCHG, ,
24387.6,1,1,1,1,4,14375.0,-1,12.005,-11.9,-3.99,-49.6,0,0,DCHG, ,
24392.6,1,1,1,1,4,14380.0,-1,12.005,-11.9,-3.99,-49.62,0,0,DCHG, ,
24397.6,1,1,1,1,4,14385.0,-1,12.005,-11.9,-3.99,-49.64,0,0,DCHG, ,
24402.6,1,1,1,1,4,14390.0,-1,12.004,-12,-3.99,-49.65,0,0,DCHG, ,
24407.6,1,1,1,1,4,14395.0,-1,12.004,-12,-3.99,-49.67,0,0,DCHG, ,
24412.6,1,1,1,1,4,14400.0,-1,12.004,-11.9,-3.99,-49.69,0,0,DCHG, ,
24417.6,1,1,1,1,4,14405.0,-1,12.004,-12,-4,-49.7,0,0,DCHG, ,
24422.6,1,1,1,1,4,14410.0,-1,12.003,-12,-4,-49.72,0,0,DCHG, ,
24427.6,1,1,1,1,4,14415.0,-1,12.003,-12,-4,-49.74,0,0,DCHG, ,
24432.6,1,1,1,1,4,14420.0,-1,12.003,-12,-4,-49.75,0,0,DCHG, ,
24437.6,1,1,1,1,4,14425.0,-1,12.003,-11.9,-4,-49.77,0,0,DCHG, ,
24442.6,1,1,1,1,4,14430.0,-1,12.002,-11.9,-4,-49.78,0,0,DCHG, ,
24447.6,1,1,1,1,4,14435.0,-1,12.002,-11.9,-4,-49.8,0,0,DCHG, ,
24452.6,1,1,1,1,4,14440.0,-1,12.001,-12,-4.01,-49.82,0,0,DCHG, ,
24457.6,1,1,1,1,4,14445.0,-1,12.001,-12,-4.01,-49.83,0,0,DCHG, ,
24462.6,1,1,1,1,4,14450.0,-1,12,-11.9,-4.01,-49.85,0,0,DCHG, ,
24467.6,1,1,1,1,4,14455.0,-1,12.001,-11.9,-4.01,-49.87,0,0,DCHG, ,
24472.6,1,1,1,1,4,14460.0,-1,12.001,-12,-4.01,-49.88,0,0,DCHG, ,
24477.6,1,1,1,1,4,14465.0,-1,12,-11.9,-4.01,-49.9,0,0,DCHG, ,
24482.6,1,1,1,1,4,14470.0,-1,12,-11.9,-4.01,-49.92,0,0,DCHG, ,
24487.6,1,1,1,1,4,14475.0,-1,12,-11.9,-4.01,-49.93,0,0,DCHG, ,
24492.6,1,1,1,1,4,14480.0,-1,11.999,-11.9,-4.02,-49.95,0,0,DCHG, ,
24497.6,1,1,1,1,4,14485.0,-1,11.999,-11.9,-4.02,-49.97,0,0,DCHG, ,
24502.6,1,1,1,1,4,14490.0,-1,11.998,-11.9,-4.02,-49.98,0,0,DCHG, ,
24507.6,1,1,1,1,4,14495.0,-1,11.998,-11.9,-4.02,-50,0,0,DCHG, ,
24512.6,1,1,1,1,4,14500.0,-1,11.998,-11.9,-4.02,-50.02,0,0,DCHG, ,
24517.6,1,1,1,1,4,14505.0,-1,11.997,-11.9,-4.02,-50.03,0,0,DCHG, ,
24522.6,1,1,1,1,4,14510.0,-1,11.997,-11.9,-4.02,-50.05,0,0,DCHG, ,
24527.6,1,1,1,1,4,14515.0,-1,11.997,-11.9,-4.03,-50.07,0,0,DCHG, ,
24532.6,1,1,1,1,4,14520.0,-1,11.996,-11.9,-4.03,-50.08,0,0,DCHG, ,
24537.6,1,1,1,1,4,14525.0,-1,11.996,-11.9,-4.03,-50.1,0,0,DCHG, ,
24542.6,1,1,1,1,4,14530.0,-1,11.996,-11.9,-4.03,-50.12,0,0,DCHG, ,
24547.6,1,1,1,1,4,14535.0,-1,11.995,-11.9,-4.03,-50.13,0,0,DCHG, ,
24552.6,1,1,1,1,4,14540.0,-1,11.995,-11.9,-4.03,-50.15,0,0,DCHG, ,
24557.6,1,1,1,1,4,14545.0,-1,11.995,-11.9,-4.03,-50.17,0,0,DCHG, ,
24562.6,1,1,1,1,4,14550.0,-1,11.995,-11.9,-4.04,-50.18,0,0,DCHG, ,
24567.6,1,1,1,1,4,14555.0,-1,11.994,-11.9,-4.04,-50.2,0,0,DCHG, ,
24572.6,1,1,1,1,4,14560.0,-1,11.993,-11.9,-4.04,-50.22,0,0,DCHG, ,
24577.6,1,1,1,1,4,14565.0,-1,11.993,-11.9,-4.04,-50.23,0,0,DCHG, ,
24582.6,1,1,1,1,4,14570.0,-1,11.993,-11.9,-4.04,-50.25,0,0,DCHG, ,
24587.6,1,1,1,1,4,14575.0,-1,11.993,-11.9,-4.04,-50.26,0,0,DCHG, ,
24592.6,1,1,1,1,4,14580.0,-1,11.992,-11.9,-4.04,-50.28,0,0,DCHG, ,
24597.6,1,1,1,1,4,14585.0,-1,11.992,-11.9,-4.05,-50.3,0,0,DCHG, ,
24602.6,1,1,1,1,4,14590.0,-1,11.992,-11.9,-4.05,-50.31,0,0,DCHG, ,
24607.6,1,1,1,1,4,14595.0,-1,11.992,-11.9,-4.05,-50.33,0,0,DCHG, ,
24612.6,1,1,1,1,4,14600.0,-1,11.991,-11.9,-4.05,-50.35,0,0,DCHG, ,
24617.6,1,1,1,1,4,14605.0,-1,11.991,-11.9,-4.05,-50.36,0,0,DCHG, ,
24622.6,1,1,1,1,4,14610.0,-1,11.991,-11.9,-4.05,-50.38,0,0,DCHG, ,
24627.6,1,1,1,1,4,14615.0,-1,11.99,-11.9,-4.05,-50.4,0,0,DCHG, ,
24632.6,1,1,1,1,4,14620.0,-1,11.99,-11.9,-4.06,-50.41,0,0,DCHG, ,
24637.6,1,1,1,1,4,14625.0,-1,11.99,-11.9,-4.06,-50.43,0,0,DCHG, ,
24642.6,1,1,1,1,4,14630.0,-1,11.99,-11.9,-4.06,-50.45,0,0,DCHG, ,
24647.6,1,1,1,1,4,14635.0,-1,11.989,-11.9,-4.06,-50.46,0,0,DCHG, ,
24652.6,1,1,1,1,4,14640.0,-1,11.989,-11.9,-4.06,-50.48,0,0,DCHG, ,
24657.6,1,1,1,1,4,14645.0,-1,11.989,-11.9,-4.06,-50.5,0,0,DCHG, ,
24662.6,1,1,1,1,4,14650.0,-1,11.989,-11.9,-4.06,-50.51,0,0,DCHG, ,
24667.6,1,1,1,1,4,14655.0,-1,11.988,-11.9,-4.06,-50.53,0,0,DCHG, ,
24672.6,1,1,1,1,4,14660.0,-1,11.988,-11.9,-4.07,-50.55,0,0,DCHG, ,
24677.6,1,1,1,1,4,14665.0,-1,11.987,-11.9,-4.07,-50.56,0,0,DCHG, ,
24682.6,1,1,1,1,4,14670.0,-1,11.987,-11.9,-4.07,-50.58,0,0,DCHG, ,
24687.6,1,1,1,1,4,14675.0,-1,11.987,-11.9,-4.07,-50.6,0,0,DCHG, ,
24692.6,1,1,1,1,4,14680.0,-1,11.986,-11.9,-4.07,-50.61,0,0,DCHG, ,
24697.6,1,1,1,1,4,14685.0,-1,11.986,-11.9,-4.07,-50.63,0,0,DCHG, ,
24702.6,1,1,1,1,4,14690.0,-1,11.986,-11.9,-4.07,-50.64,0,0,DCHG, ,
24707.6,1,1,1,1,4,14695.0,-1,11.985,-11.9,-4.08,-50.66,0,0,DCHG, ,
24712.6,1,1,1,1,4,14700.0,-1,11.985,-11.9,-4.08,-50.68,0,0,DCHG, ,
24717.6,1,1,1,1,4,14705.0,-1,11.985,-11.9,-4.08,-50.69,0,0,DCHG, ,
24722.6,1,1,1,1,4,14710.0,-1,11.985,-11.9,-4.08,-50.71,0,0,DCHG, ,
24727.6,1,1,1,1,4,14715.0,-1,11.984,-11.9,-4.08,-50.73,0,0,DCHG, ,
24732.6,1,1,1,1,4,14720.0,-1,11.984,-11.9,-4.08,-50.74,0,0,DCHG, ,
24737.6,1,1,1,1,4,14725.0,-1,11.983,-11.9,-4.08,-50.76,0,0,DCHG, ,
24742.6,1,1,1,1,4,14730.0,-1,11.983,-11.9,-4.09,-50.78,0,0,DCHG, ,
24747.6,1,1,1,1,4,14735.0,-1,11.983,-11.9,-4.09,-50.79,0,0,DCHG, ,
24752.6,1,1,1,1,4,14740.0,-1,11.982,-11.9,-4.09,-50.81,0,0,DCHG, ,
24757.6,1,1,1,1,4,14745.0,-1,11.982,-11.9,-4.09,-50.83,0,0,DCHG, ,
24762.6,1,1,1,1,4,14750.0,-1,11.982,-11.9,-4.09,-50.84,0,0,DCHG, ,
24767.6,1,1,1,1,4,14755.0,-1,11.981,-11.9,-4.09,-50.86,0,0,DCHG, ,
24772.6,1,1,1,1,4,14760.0,-1,11.981,-11.9,-4.09,-50.88,0,0,DCHG, ,
24777.6,1,1,1,1,4,14765.0,-1,11.981,-11.9,-4.1,-50.89,0,0,DCHG, ,
24782.6,1,1,1,1,4,14770.0,-1,11.981,-11.9,-4.1,-50.91,0,0,DCHG, ,
24787.6,1,1,1,1,4,14775.0,-1,11.98,-11.9,-4.1,-50.93,0,0,DCHG, ,
24792.6,1,1,1,1,4,14780.0,-1,11.98,-11.9,-4.1,-50.94,0,0,DCHG, ,
24797.6,1,1,1,1,4,14785.0,-1,11.979,-11.9,-4.1,-50.96,0,0,DCHG, ,
24802.6,1,1,1,1,4,14790.0,-1,11.979,-11.9,-4.1,-50.98,0,0,DCHG, ,
24807.6,1,1,1,1,4,14795.0,-1,11.979,-11.9,-4.1,-50.99,0,0,DCHG, ,
24812.6,1,1,1,1,4,14800.0,-1,11.979,-11.9,-4.11,-51.01,0,0,DCHG, ,
24817.6,1,1,1,1,4,14805.0,-1,11.979,-11.9,-4.11,-51.02,0,0,DCHG, ,
24822.6,1,1,1,1,4,14810.0,-1,11.978,-11.9,-4.11,-51.04,0,0,DCHG, ,
24827.6,1,1,1,1,4,14815.0,-1,11.978,-11.9,-4.11,-51.06,0,0,DCHG, ,
24832.6,1,1,1,1,4,14820.0,-1,11.978,-11.9,-4.11,-51.07,0,0,DCHG, ,
24837.6,1,1,1,1,4,14825.0,-1,11.978,-11.9,-4.11,-51.09,0,0,DCHG, ,
24842.6,1,1,1,1,4,14830.0,-1,11.977,-11.9,-4.11,-51.11,0,0,DCHG, ,
24847.6,1,1,1,1,4,14835.0,-1,11.977,-11.9,-4.11,-51.12,0,0,DCHG, ,
24852.6,1,1,1,1,4,14840.0,-1,11.976,-11.9,-4.12,-51.14,0,0,DCHG, ,
24857.6,1,1,1,1,4,14845.0,-1,11.976,-11.9,-4.12,-51.16,0,0,DCHG, ,
24862.6,1,1,1,1,4,14850.0,-1,11.976,-11.9,-4.12,-51.17,0,0,DCHG, ,
24867.6,1,1,1,1,4,14855.0,-1,11.975,-11.9,-4.12,-51.19,0,0,DCHG, ,
24872.6,1,1,1,1,4,14860.0,-1,11.975,-11.9,-4.12,-51.21,0,0,DCHG, ,
24877.6,1,1,1,1,4,14865.0,-1,11.975,-11.9,-4.12,-51.22,0,0,DCHG, ,
24882.6,1,1,1,1,4,14870.0,-1,11.975,-11.9,-4.12,-51.24,0,0,DCHG, ,
24887.6,1,1,1,1,4,14875.0,-1,11.974,-11.9,-4.13,-51.26,0,0,DCHG, ,
24892.6,1,1,1,1,4,14880.0,-1,11.974,-11.9,-4.13,-51.27,0,0,DCHG, ,
24897.6,1,1,1,1,4,14885.0,-1,11.974,-11.9,-4.13,-51.29,0,0,DCHG, ,
24902.6,1,1,1,1,4,14890.0,-1,11.973,-11.9,-4.13,-51.31,0,0,DCHG, ,
24907.6,1,1,1,1,4,14895.0,-1,11.973,-11.9,-4.13,-51.32,0,0,DCHG, ,
24912.6,1,1,1,1,4,14900.0,-1,11.973,-11.9,-4.13,-51.34,0,0,DCHG, ,
24917.6,1,1,1,1,4,14905.0,-1,11.972,-11.9,-4.13,-51.36,0,0,DCHG, ,
24922.6,1,1,1,1,4,14910.0,-1,11.972,-11.9,-4.14,-51.37,0,0,DCHG, ,
24927.6,1,1,1,1,4,14915.0,-1,11.972,-11.9,-4.14,-51.39,0,0,DCHG, ,
24932.6,1,1,1,1,4,14920.0,-1,11.971,-11.9,-4.14,-51.4,0,0,DCHG, ,
24937.6,1,1,1,1,4,14925.0,-1,11.971,-11.9,-4.14,-51.42,0,0,DCHG, ,
24942.6,1,1,1,1,4,14930.0,-1,11.971,-11.9,-4.14,-51.44,0,0,DCHG, ,
24947.6,1,1,1,1,4,14935.0,-1,11.97,-11.9,-4.14,-51.45,0,0,DCHG, ,
24952.6,1,1,1,1,4,14940.0,-1,11.97,-11.9,-4.14,-51.47,0,0,DCHG, ,
24957.6,1,1,1,1,4,14945.0,-1,11.97,-11.9,-4.15,-51.49,0,0,DCHG, ,
24962.6,1,1,1,1,4,14950.0,-1,11.969,-11.9,-4.15,-51.5,0,0,DCHG, ,
24967.6,1,1,1,1,4,14955.0,-1,11.969,-11.9,-4.15,-51.52,0,0,DCHG, ,
24972.6,1,1,1,1,4,14960.0,-1,11.969,-11.9,-4.15,-51.54,0,0,DCHG, ,
24977.6,1,1,1,1,4,14965.0,-1,11.969,-11.9,-4.15,-51.55,0,0,DCHG, ,
24982.6,1,1,1,1,4,14970.0,-1,11.968,-11.9,-4.15,-51.57,0,0,DCHG, ,
24987.6,1,1,1,1,4,14975.0,-1,11.968,-11.9,-4.15,-51.59,0,0,DCHG, ,
24992.6,1,1,1,1,4,14980.0,-1,11.967,-11.9,-4.16,-51.6,0,0,DCHG, ,
24997.6,1,1,1,1,4,14985.0,-1,11.967,-11.9,-4.16,-51.62,0,0,DCHG, ,
25002.6,1,1,1,1,4,14990.0,-1,11.967,-11.9,-4.16,-51.64,0,0,DCHG, ,
25007.6,1,1,1,1,4,14995.0,-1,11.967,-11.9,-4.16,-51.65,0,0,DCHG, ,
25012.6,1,1,1,1,4,15000.0,-1,11.966,-11.9,-4.16,-51.67,0,0,DCHG, ,
25017.6,1,1,1,1,4,15005.0,-1,11.966,-11.9,-4.16,-51.69,0,0,DCHG, ,
25022.6,1,1,1,1,4,15010.0,-1,11.965,-11.9,-4.16,-51.7,0,0,DCHG, ,
25027.6,1,1,1,1,4,15015.0,-1,11.965,-11.9,-4.16,-51.72,0,0,DCHG, ,
25032.6,1,1,1,1,4,15020.0,-1,11.965,-11.9,-4.17,-51.74,0,0,DCHG, ,
25037.6,1,1,1,1,4,15025.0,-1,11.965,-11.9,-4.17,-51.75,0,0,DCHG, ,
25042.6,1,1,1,1,4,15030.0,-1,11.964,-11.9,-4.17,-51.77,0,0,DCHG, ,
25047.6,1,1,1,1,4,15035.0,-1,11.964,-11.9,-4.17,-51.78,0,0,DCHG, ,
25052.6,1,1,1,1,4,15040.0,-1,11.964,-11.9,-4.17,-51.8,0,0,DCHG, ,
25057.6,1,1,1,1,4,15045.0,-1,11.964,-11.9,-4.17,-51.82,0,0,DCHG, ,
25062.6,1,1,1,1,4,15050.0,-1,11.963,-11.9,-4.17,-51.83,0,0,DCHG, ,
25067.6,1,1,1,1,4,15055.0,-1,11.963,-11.9,-4.18,-51.85,0,0,DCHG, ,
25072.6,1,1,1,1,4,15060.0,-1,11.962,-11.9,-4.18,-51.87,0,0,DCHG, ,
25077.6,1,1,1,1,4,15065.0,-1,11.962,-11.9,-4.18,-51.88,0,0,DCHG, ,
25082.6,1,1,1,1,4,15070.0,-1,11.962,-11.9,-4.18,-51.9,0,0,DCHG, ,
25087.6,1,1,1,1,4,15075.0,-1,11.962,-11.9,-4.18,-51.92,0,0,DCHG, ,
25092.6,1,1,1,1,4,15080.0,-1,11.961,-11.9,-4.18,-51.93,0,0,DCHG, ,
25097.6,1,1,1,1,4,15085.0,-1,11.961,-11.9,-4.18,-51.95,0,0,DCHG, ,
25102.6,1,1,1,1,4,15090.0,-1,11.961,-11.9,-4.19,-51.97,0,0,DCHG, ,
25107.6,1,1,1,1,4,15095.0,-1,11.961,-11.9,-4.19,-51.98,0,0,DCHG, ,
25112.6,1,1,1,1,4,15100.0,-1,11.96,-11.9,-4.19,-52,0,0,DCHG, ,
25117.6,1,1,1,1,4,15105.0,-1,11.96,-11.9,-4.19,-52.02,0,0,DCHG, ,
25122.6,1,1,1,1,4,15110.0,-1,11.959,-11.9,-4.19,-52.03,0,0,DCHG, ,
25127.6,1,1,1,1,4,15115.0,-1,11.959,-11.9,-4.19,-52.05,0,0,DCHG, ,
25132.6,1,1,1,1,4,15120.0,-1,11.959,-11.9,-4.19,-52.07,0,0,DCHG, ,
25137.6,1,1,1,1,4,15125.0,-1,11.958,-11.9,-4.2,-52.08,0,0,DCHG, ,
25142.6,1,1,1,1,4,15130.0,-1,11.958,-11.9,-4.2,-52.1,0,0,DCHG, ,
25147.6,1,1,1,1,4,15135.0,-1,11.957,-11.9,-4.2,-52.12,0,0,DCHG, ,
25152.6,1,1,1,1,4,15140.0,-1,11.957,-11.9,-4.2,-52.13,0,0,DCHG, ,
25157.6,1,1,1,1,4,15145.0,-1,11.957,-11.9,-4.2,-52.15,0,0,DCHG, ,
25162.6,1,1,1,1,4,15150.0,-1,11.957,-11.9,-4.2,-52.17,0,0,DCHG, ,
25167.6,1,1,1,1,4,15155.0,-1,11.956,-11.9,-4.2,-52.18,0,0,DCHG, ,
25172.6,1,1,1,1,4,15160.0,-1,11.956,-11.9,-4.21,-52.2,0,0,DCHG, ,
25177.6,1,1,1,1,4,15165.0,-1,11.956,-11.9,-4.21,-52.21,0,0,DCHG, ,
25182.6,1,1,1,1,4,15170.0,-1,11.955,-11.9,-4.21,-52.23,0,0,DCHG, ,
25187.6,1,1,1,1,4,15175.0,-1,11.955,-11.9,-4.21,-52.25,0,0,DCHG, ,
25192.6,1,1,1,1,4,15180.0,-1,11.955,-11.9,-4.21,-52.26,0,0,DCHG, ,
25197.6,1,1,1,1,4,15185.0,-1,11.955,-11.9,-4.21,-52.28,0,0,DCHG, ,
25202.6,1,1,1,1,4,15190.0,-1,11.954,-11.9,-4.21,-52.3,0,0,DCHG, ,
25207.6,1,1,1,1,4,15195.0,-1,11.954,-11.9,-4.21,-52.31,0,0,DCHG, ,
25212.6,1,1,1,1,4,15200.0,-1,11.953,-11.9,-4.22,-52.33,0,0,DCHG, ,
25217.6,1,1,1,1,4,15205.0,-1,11.953,-11.9,-4.22,-52.35,0,0,DCHG, ,
25222.6,1,1,1,1,4,15210.0,-1,11.953,-11.9,-4.22,-52.36,0,0,DCHG, ,
25227.6,1,1,1,1,4,15215.0,-1,11.952,-11.9,-4.22,-52.38,0,0,DCHG, ,
25232.6,1,1,1,1,4,15220.0,-1,11.952,-11.9,-4.22,-52.4,0,0,DCHG, ,
25237.6,1,1,1,1,4,15225.0,-1,11.952,-11.9,-4.22,-52.41,0,0,DCHG, ,
25242.6,1,1,1,1,4,15230.0,-1,11.951,-11.9,-4.22,-52.43,0,0,DCHG, ,
25247.6,1,1,1,1,4,15235.0,-1,11.951,-11.9,-4.23,-52.45,0,0,DCHG, ,
25252.6,1,1,1,1,4,15240.0,-1,11.951,-11.9,-4.23,-52.46,0,0,DCHG, ,
25257.6,1,1,1,1,4,15245.0,-1,11.951,-11.9,-4.23,-52.48,0,0,DCHG, ,
25262.6,1,1,1,1,4,15250.0,-1,11.95,-11.9,-4.23,-52.5,0,0,DCHG, ,
25267.6,1,1,1,1,4,15255.0,-1,11.95,-11.9,-4.23,-52.51,0,0,DCHG, ,
25272.6,1,1,1,1,4,15260.0,-1,11.95,-11.9,-4.23,-52.53,0,0,DCHG, ,
25277.6,1,1,1,1,4,15265.0,-1,11.95,-11.9,-4.23,-52.55,0,0,DCHG, ,
25282.6,1,1,1,1,4,15270.0,-1,11.949,-11.9,-4.24,-52.56,0,0,DCHG, ,
25287.6,1,1,1,1,4,15275.0,-1,11.949,-11.9,-4.24,-52.58,0,0,DCHG, ,
25292.6,1,1,1,1,4,15280.0,-1,11.949,-11.9,-4.24,-52.59,0,0,DCHG, ,
25297.6,1,1,1,1,4,15285.0,-1,11.948,-11.9,-4.24,-52.61,0,0,DCHG, ,
25302.6,1,1,1,1,4,15290.0,-1,11.948,-11.9,-4.24,-52.63,0,0,DCHG, ,
25307.6,1,1,1,1,4,15295.0,-1,11.947,-11.9,-4.24,-52.64,0,0,DCHG, ,
25312.6,1,1,1,1,4,15300.0,-1,11.947,-11.9,-4.24,-52.66,0,0,DCHG, ,
25317.6,1,1,1,1,4,15305.0,-1,11.947,-11.9,-4.25,-52.68,0,0,DCHG, ,
25322.6,1,1,1,1,4,15310.0,-1,11.946,-11.9,-4.25,-52.69,0,0,DCHG, ,
25327.6,1,1,1,1,4,15315.0,-1,11.946,-11.9,-4.25,-52.71,0,0,DCHG, ,
25332.6,1,1,1,1,4,15320.0,-1,11.946,-11.9,-4.25,-52.73,0,0,DCHG, ,
25337.6,1,1,1,1,4,15325.0,-1,11.945,-11.9,-4.25,-52.74,0,0,DCHG, ,
25342.6,1,1,1,1,4,15330.0,-1,11.945,-11.9,-4.25,-52.76,0,0,DCHG, ,
25347.6,1,1,1,1,4,15335.0,-1,11.945,-11.9,-4.25,-52.78,0,0,DCHG, ,
25352.6,1,1,1,1,4,15340.0,-1,11.945,-11.9,-4.26,-52.79,0,0,DCHG, ,
25357.6,1,1,1,1,4,15345.0,-1,11.944,-11.9,-4.26,-52.81,0,0,DCHG, ,
25362.6,1,1,1,1,4,15350.0,-1,11.944,-11.9,-4.26,-52.83,0,0,DCHG, ,
25367.6,1,1,1,1,4,15355.0,-1,11.943,-11.9,-4.26,-52.84,0,0,DCHG, ,
25372.6,1,1,1,1,4,15360.0,-1,11.944,-11.9,-4.26,-52.86,0,0,DCHG, ,
25377.6,1,1,1,1,4,15365.0,-1,11.943,-11.9,-4.26,-52.88,0,0,DCHG, ,
25382.6,1,1,1,1,4,15370.0,-1,11.943,-11.9,-4.26,-52.89,0,0,DCHG, ,
25387.6,1,1,1,1,4,15375.0,-1,11.942,-11.9,-4.26,-52.91,0,0,DCHG, ,
25392.6,1,1,1,1,4,15380.0,-1,11.942,-11.9,-4.27,-52.93,0,0,DCHG, ,
25397.6,1,1,1,1,4,15385.0,-1,11.942,-11.9,-4.27,-52.94,0,0,DCHG, ,
25402.6,1,1,1,1,4,15390.0,-1,11.942,-11.9,-4.27,-52.96,0,0,DCHG, ,
25407.6,1,1,1,1,4,15395.0,-1,11.941,-11.9,-4.27,-52.97,0,0,DCHG, ,
25412.6,1,1,1,1,4,15400.0,-1,11.941,-11.9,-4.27,-52.99,0,0,DCHG, ,
25417.6,1,1,1,1,4,15405.0,-1,11.94,-11.9,-4.27,-53.01,0,0,DCHG, ,
25422.6,1,1,1,1,4,15410.0,-1,11.94,-11.9,-4.27,-53.02,0,0,DCHG, ,
25427.6,1,1,1,1,4,15415.0,-1,11.94,-11.9,-4.28,-53.04,0,0,DCHG, ,
25432.6,1,1,1,1,4,15420.0,-1,11.94,-11.9,-4.28,-53.06,0,0,DCHG, ,
25437.6,1,1,1,1,4,15425.0,-1,11.939,-11.9,-4.28,-53.07,0,0,DCHG, ,
25442.6,1,1,1,1,4,15430.0,-1,11.939,-11.9,-4.28,-53.09,0,0,DCHG, ,
25447.6,1,1,1,1,4,15435.0,-1,11.939,-11.9,-4.28,-53.11,0,0,DCHG, ,
25452.6,1,1,1,1,4,15440.0,-1,11.939,-11.9,-4.28,-53.12,0,0,DCHG, ,
25457.6,1,1,1,1,4,15445.0,-1,11.938,-11.9,-4.28,-53.14,0,0,DCHG, ,
25462.6,1,1,1,1,4,15450.0,-1,11.937,-11.9,-4.29,-53.16,0,0,DCHG, ,
25467.6,1,1,1,1,4,15455.0,-1,11.937,-11.9,-4.29,-53.17,0,0,DCHG, ,
25472.6,1,1,1,1,4,15460.0,-1,11.937,-11.9,-4.29,-53.19,0,0,DCHG, ,
25477.6,1,1,1,1,4,15465.0,-1,11.937,-11.9,-4.29,-53.21,0,0,DCHG, ,
25482.6,1,1,1,1,4,15470.0,-1,11.936,-11.9,-4.29,-53.22,0,0,DCHG, ,
25487.6,1,1,1,1,4,15475.0,-1,11.936,-11.9,-4.29,-53.24,0,0,DCHG, ,
25492.6,1,1,1,1,4,15480.0,-1,11.936,-11.9,-4.29,-53.26,0,0,DCHG, ,
25497.6,1,1,1,1,4,15485.0,-1,11.935,-11.9,-4.3,-53.27,0,0,DCHG, ,
25502.6,1,1,1,1,4,15490.0,-1,11.935,-11.9,-4.3,-53.29,0,0,DCHG, ,
25507.6,1,1,1,1,4,15495.0,-1,11.935,-11.9,-4.3,-53.31,0,0,DCHG, ,
25512.6,1,1,1,1,4,15500.0,-1,11.934,-11.9,-4.3,-53.32,0,0,DCHG, ,
25517.6,1,1,1,1,4,15505.0,-1,11.934,-11.9,-4.3,-53.34,0,0,DCHG, ,
25522.6,1,1,1,1,4,15510.0,-1,11.934,-11.9,-4.3,-53.35,0,0,DCHG, ,
25527.6,1,1,1,1,4,15515.0,-1,11.934,-11.9,-4.3,-53.37,0,0,DCHG, ,
25532.6,1,1,1,1,4,15520.0,-1,11.933,-11.9,-4.31,-53.39,0,0,DCHG, ,
25537.6,1,1,1,1,4,15525.0,-1,11.933,-11.9,-4.31,-53.4,0,0,DCHG, ,
25542.6,1,1,1,1,4,15530.0,-1,11.932,-11.9,-4.31,-53.42,0,0,DCHG, ,
25547.6,1,1,1,1,4,15535.0,-1,11.932,-11.9,-4.31,-53.44,0,0,DCHG, ,
25552.6,1,1,1,1,4,15540.0,-1,11.932,-11.9,-4.31,-53.45,0,0,DCHG, ,
25557.6,1,1,1,1,4,15545.0,-1,11.931,-11.9,-4.31,-53.47,0,0,DCHG, ,
25562.6,1,1,1,1,4,15550.0,-1,11.931,-11.9,-4.31,-53.49,0,0,DCHG, ,
25567.6,1,1,1,1,4,15555.0,-1,11.931,-11.9,-4.31,-53.5,0,0,DCHG, ,
25572.6,1,1,1,1,4,15560.0,-1,11.931,-11.9,-4.32,-53.52,0,0,DCHG, ,
25577.6,1,1,1,1,4,15565.0,-1,11.93,-11.9,-4.32,-53.54,0,0,DCHG, ,
25582.6,1,1,1,1,4,15570.0,-1,11.93,-11.9,-4.32,-53.55,0,0,DCHG, ,
25587.6,1,1,1,1,4,15575.0,-1,11.929,-11.9,-4.32,-53.57,0,0,DCHG, ,
25592.6,1,1,1,1,4,15580.0,-1,11.929,-11.9,-4.32,-53.59,0,0,DCHG, ,
25597.6,1,1,1,1,4,15585.0,-1,11.929,-11.9,-4.32,-53.6,0,0,DCHG, ,
25602.6,1,1,1,1,4,15590.0,-1,11.929,-11.9,-4.32,-53.62,0,0,DCHG, ,
25607.6,1,1,1,1,4,15595.0,-1,11.928,-11.9,-4.33,-53.64,0,0,DCHG, ,
25612.6,1,1,1,1,4,15600.0,-1,11.928,-11.9,-4.33,-53.65,0,0,DCHG, ,
25617.6,1,1,1,1,4,15605.0,-1,11.928,-11.9,-4.33,-53.67,0,0,DCHG, ,
25622.6,1,1,1,1,4,15610.0,-1,11.927,-11.9,-4.33,-53.69,0,0,DCHG, ,
25627.6,1,1,1,1,4,15615.0,-1,11.927,-11.9,-4.33,-53.7,0,0,DCHG, ,
25632.6,1,1,1,1,4,15620.0,-1,11.926,-11.9,-4.33,-53.72,0,0,DCHG, ,
25637.6,1,1,1,1,4,15625.0,-1,11.926,-11.9,-4.33,-53.73,0,0,DCHG, ,
25642.6,1,1,1,1,4,15630.0,-1,11.926,-11.9,-4.34,-53.75,0,0,DCHG, ,
25647.6,1,1,1,1,4,15635.0,-1,11.926,-11.9,-4.34,-53.77,0,0,DCHG, ,
25652.6,1,1,1,1,4,15640.0,-1,11.925,-11.9,-4.34,-53.78,0,0,DCHG, ,
25657.6,1,1,1,1,4,15645.0,-1,11.925,-11.9,-4.34,-53.8,0,0,DCHG, ,
25662.6,1,1,1,1,4,15650.0,-1,11.925,-11.9,-4.34,-53.82,0,0,DCHG, ,
25667.6,1,1,1,1,4,15655.0,-1,11.924,-11.9,-4.34,-53.83,0,0,DCHG, ,
25672.6,1,1,1,1,4,15660.0,-1,11.924,-11.9,-4.34,-53.85,0,0,DCHG, ,
25677.6,1,1,1,1,4,15665.0,-1,11.924,-11.9,-4.35,-53.87,0,0,DCHG, ,
25682.6,1,1,1,1,4,15670.0,-1,11.923,-11.9,-4.35,-53.88,0,0,DCHG, ,
25687.6,1,1,1,1,4,15675.0,-1,11.923,-11.9,-4.35,-53.9,0,0,DCHG, ,
25692.6,1,1,1,1,4,15680.0,-1,11.923,-11.9,-4.35,-53.92,0,0,DCHG, ,
25697.6,1,1,1,1,4,15685.0,-1,11.923,-11.9,-4.35,-53.93,0,0,DCHG, ,
25702.6,1,1,1,1,4,15690.0,-1,11.922,-11.9,-4.35,-53.95,0,0,DCHG, ,
25707.6,1,1,1,1,4,15695.0,-1,11.922,-11.9,-4.35,-53.97,0,0,DCHG, ,
25712.6,1,1,1,1,4,15700.0,-1,11.922,-11.9,-4.36,-53.98,0,0,DCHG, ,
25717.6,1,1,1,1,4,15705.0,-1,11.921,-11.9,-4.36,-54,0,0,DCHG, ,
25722.6,1,1,1,1,4,15710.0,-1,11.921,-11.9,-4.36,-54.02,0,0,DCHG, ,
25727.6,1,1,1,1,4,15715.0,-1,11.92,-11.9,-4.36,-54.03,0,0,DCHG, ,
25732.6,1,1,1,1,4,15720.0,-1,11.92,-11.9,-4.36,-54.05,0,0,DCHG, ,
25737.6,1,1,1,1,4,15725.0,-1,11.92,-11.9,-4.36,-54.07,0,0,DCHG, ,
25742.6,1,1,1,1,4,15730.0,-1,11.92,-11.9,-4.36,-54.08,0,0,DCHG, ,
25747.6,1,1,1,1,4,15735.0,-1,11.919,-11.9,-4.36,-54.1,0,0,DCHG, ,
25752.6,1,1,1,1,4,15740.0,-1,11.919,-11.9,-4.37,-54.11,0,0,DCHG, ,
25757.6,1,1,1,1,4,15745.0,-1,11.918,-11.8,-4.37,-54.13,0,0,DCHG, ,
25762.6,1,1,1,1,4,15750.0,-1,11.918,-11.8,-4.37,-54.15,0,0,DCHG, ,
25767.6,1,1,1,1,4,15755.0,-1,11.918,-11.9,-4.37,-54.16,0,0,DCHG, ,
25772.6,1,1,1,1,4,15760.0,-1,11.917,-11.8,-4.37,-54.18,0,0,DCHG, ,
25777.6,1,1,1,1,4,15765.0,-1,11.917,-11.9,-4.37,-54.2,0,0,DCHG, ,
25782.6,1,1,1,1,4,15770.0,-1,11.917,-11.8,-4.37,-54.21,0,0,DCHG, ,
25787.6,1,1,1,1,4,15775.0,-1,11.917,-11.8,-4.38,-54.23,0,0,DCHG, ,
25792.6,1,1,1,1,4,15780.0,-1,11.917,-11.8,-4.38,-54.25,0,0,DCHG, ,
25797.6,1,1,1,1,4,15785.0,-1,11.916,-11.8,-4.38,-54.26,0,0,DCHG, ,
25802.6,1,1,1,1,4,15790.0,-1,11.916,-11.9,-4.38,-54.28,0,0,DCHG, ,
25807.6,1,1,1,1,4,15795.0,-1,11.915,-11.9,-4.38,-54.3,0,0,DCHG, ,
25812.6,1,1,1,1,4,15800.0,-1,11.915,-11.8,-4.38,-54.31,0,0,DCHG, ,
25817.6,1,1,1,1,4,15805.0,-1,11.915,-11.9,-4.38,-54.33,0,0,DCHG, ,
25822.6,1,1,1,1,4,15810.0,-1,11.914,-11.9,-4.39,-54.35,0,0,DCHG, ,
25827.6,1,1,1,1,4,15815.0,-1,11.914,-11.8,-4.39,-54.36,0,0,DCHG, ,
25832.6,1,1,1,1,4,15820.0,-1,11.914,-11.9,-4.39,-54.38,0,0,DCHG, ,
25837.6,1,1,1,1,4,15825.0,-1,11.913,-11.8,-4.39,-54.39,0,0,DCHG, ,
25842.6,1,1,1,1,4,15830.0,-1,11.914,-11.9,-4.39,-54.41,0,0,DCHG, ,
25847.6,1,1,1,1,4,15835.0,-1,11.913,-11.8,-4.39,-54.43,0,0,DCHG, ,
25852.6,1,1,1,1,4,15840.0,-1,11.913,-11.9,-4.39,-54.44,0,0,DCHG, ,
25857.6,1,1,1,1,4,15845.0,-1,11.912,-11.8,-4.4,-54.46,0,0,DCHG, ,
25862.6,1,1,1,1,4,15850.0,-1,11.912,-11.9,-4.4,-54.48,0,0,DCHG, ,
25867.6,1,1,1,1,4,15855.0,-1,11.911,-11.9,-4.4,-54.49,0,0,DCHG, ,
25872.6,1,1,1,1,4,15860.0,-1,11.911,-11.8,-4.4,-54.51,0,0,DCHG, ,
25877.6,1,1,1,1,4,15865.0,-1,11.911,-11.9,-4.4,-54.53,0,0,DCHG, ,
25882.6,1,1,1,1,4,15870.0,-1,11.911,-11.8,-4.4,-54.54,0,0,DCHG, ,
25887.6,1,1,1,1,4,15875.0,-1,11.91,-11.8,-4.4,-54.56,0,0,DCHG, ,
25892.6,1,1,1,1,4,15880.0,-1,11.91,-11.8,-4.41,-54.58,0,0,DCHG, ,
25897.6,1,1,1,1,4,15885.0,-1,11.91,-11.8,-4.41,-54.59,0,0,DCHG, ,
25902.6,1,1,1,1,4,15890.0,-1,11.909,-11.9,-4.41,-54.61,0,0,DCHG, ,
25907.6,1,1,1,1,4,15895.0,-1,11.909,-11.9,-4.41,-54.62,0,0,DCHG, ,
25912.6,1,1,1,1,4,15900.0,-1,11.909,-11.8,-4.41,-54.64,0,0,DCHG, ,
25917.6,1,1,1,1,4,15905.0,-1,11.908,-11.8,-4.41,-54.66,0,0,DCHG, ,
25922.6,1,1,1,1,4,15910.0,-1,11.908,-11.8,-4.41,-54.67,0,0,DCHG, ,
25927.6,1,1,1,1,4,15915.0,-1,11.908,-11.8,-4.41,-54.69,0,0,DCHG, ,
25932.6,1,1,1,1,4,15920.0,-1,11.908,-11.8,-4.42,-54.71,0,0,DCHG, ,
25937.6,1,1,1,1,4,15925.0,-1,11.907,-11.8,-4.42,-54.72,0,0,DCHG, ,
25942.6,1,1,1,1,4,15930.0,-1,11.907,-11.9,-4.42,-54.74,0,0,DCHG, ,
25947.6,1,1,1,1,4,15935.0,-1,11.906,-11.8,-4.42,-54.76,0,0,DCHG, ,
25952.6,1,1,1,1,4,15940.0,-1,11.906,-11.8,-4.42,-54.77,0,0,DCHG, ,
25957.6,1,1,1,1,4,15945.0,-1,11.906,-11.9,-4.42,-54.79,0,0,DCHG, ,
25962.6,1,1,1,1,4,15950.0,-1,11.905,-11.9,-4.42,-54.81,0,0,DCHG, ,
25967.6,1,1,1,1,4,15955.0,-1,11.905,-11.9,-4.43,-54.82,0,0,DCHG, ,
25972.6,1,1,1,1,4,15960.0,-1,11.905,-11.8,-4.43,-54.84,0,0,DCHG, ,
25977.6,1,1,1,1,4,15965.0,-1,11.904,-11.8,-4.43,-54.85,0,0,DCHG, ,
25982.6,1,1,1,1,4,15970.0,-1,11.904,-11.8,-4.43,-54.87,0,0,DCHG, ,
25987.6,1,1,1,1,4,15975.0,-1,11.903,-11.8,-4.43,-54.89,0,0,DCHG, ,
25992.6,1,1,1,1,4,15980.0,-1,11.903,-11.9,-4.43,-54.9,0,0,DCHG, ,
25997.6,1,1,1,1,4,15985.0,-1,11.903,-11.8,-4.43,-54.92,0,0,DCHG, ,
26002.6,1,1,1,1,4,15990.0,-1,11.903,-11.9,-4.44,-54.94,0,0,DCHG, ,
26007.6,1,1,1,1,4,15995.0,-1,11.903,-11.9,-4.44,-54.95,0,0,DCHG, ,
26012.6,1,1,1,1,4,16000.0,-1,11.902,-11.9,-4.44,-54.97,0,0,DCHG, ,
26017.6,1,1,1,1,4,16005.0,-1,11.901,-11.8,-4.44,-54.99,0,0,DCHG, ,
26022.6,1,1,1,1,4,16010.0,-1,11.901,-11.8,-4.44,-55,0,0,DCHG, ,
26027.6,1,1,1,1,4,16015.0,-1,11.901,-11.9,-4.44,-55.02,0,0,DCHG, ,
26032.6,1,1,1,1,4,16020.0,-1,11.901,-11.9,-4.44,-55.04,0,0,DCHG, ,
26037.6,1,1,1,1,4,16025.0,-1,11.9,-11.8,-4.45,-55.05,0,0,DCHG, ,
26042.6,1,1,1,1,4,16030.0,-1,11.9,-11.8,-4.45,-55.07,0,0,DCHG, ,
26047.6,1,1,1,1,4,16035.0,-1,11.9,-11.8,-4.45,-55.09,0,0,DCHG, ,
26052.6,1,1,1,1,4,16040.0,-1,11.899,-11.8,-4.45,-55.1,0,0,DCHG, ,
26057.6,1,1,1,1,4,16045.0,-1,11.899,-11.8,-4.45,-55.12,0,0,DCHG, ,
26062.6,1,1,1,1,4,16050.0,-1,11.899,-11.8,-4.45,-55.13,0,0,DCHG, ,
26067.6,1,1,1,1,4,16055.0,-1,11.898,-11.8,-4.45,-55.15,0,0,DCHG, ,
26072.6,1,1,1,1,4,16060.0,-1,11.898,-11.8,-4.46,-55.17,0,0,DCHG, ,
26077.6,1,1,1,1,4,16065.0,-1,11.898,-11.8,-4.46,-55.18,0,0,DCHG, ,
26082.6,1,1,1,1,4,16070.0,-1,11.897,-11.8,-4.46,-55.2,0,0,DCHG, ,
26087.6,1,1,1,1,4,16075.0,-1,11.897,-11.8,-4.46,-55.22,0,0,DCHG, ,
26092.6,1,1,1,1,4,16080.0,-1,11.897,-11.8,-4.46,-55.23,0,0,DCHG, ,
26097.6,1,1,1,1,4,16085.0,-1,11.897,-11.8,-4.46,-55.25,0,0,DCHG, ,
26102.6,1,1,1,1,4,16090.0,-1,11.896,-11.8,-4.46,-55.27,0,0,DCHG, ,
26107.6,1,1,1,1,4,16095.0,-1,11.896,-11.8,-4.46,-55.28,0,0,DCHG, ,
26112.6,1,1,1,1,4,16100.0,-1,11.895,-11.8,-4.47,-55.3,0,0,DCHG, ,
26117.6,1,1,1,1,4,16105.0,-1,11.895,-11.8,-4.47,-55.31,0,0,DCHG, ,
26122.6,1,1,1,1,4,16110.0,-1,11.895,-11.8,-4.47,-55.33,0,0,DCHG, ,
26127.6,1,1,1,1,4,16115.0,-1,11.894,-11.8,-4.47,-55.35,0,0,DCHG, ,
26132.6,1,1,1,1,4,16120.0,-1,11.894,-11.8,-4.47,-55.36,0,0,DCHG, ,
26137.6,1,1,1,1,4,16125.0,-1,11.894,-11.8,-4.47,-55.38,0,0,DCHG, ,
26142.6,1,1,1,1,4,16130.0,-1,11.893,-11.8,-4.47,-55.4,0,0,DCHG, ,
26147.6,1,1,1,1,4,16135.0,-1,11.893,-11.8,-4.48,-55.41,0,0,DCHG, ,
26152.6,1,1,1,1,4,16140.0,-1,11.893,-11.8,-4.48,-55.43,0,0,DCHG, ,
26157.6,1,1,1,1,4,16145.0,-1,11.893,-11.8,-4.48,-55.45,0,0,DCHG, ,
26162.6,1,1,1,1,4,16150.0,-1,11.892,-11.8,-4.48,-55.46,0,0,DCHG, ,
26167.6,1,1,1,1,4,16155.0,-1,11.892,-11.8,-4.48,-55.48,0,0,DCHG, ,
26172.6,1,1,1,1,4,16160.0,-1,11.891,-11.8,-4.48,-55.49,0,0,DCHG, ,
26177.6,1,1,1,1,4,16165.0,-1,11.891,-11.8,-4.48,-55.51,0,0,DCHG, ,
26182.6,1,1,1,1,4,16170.0,-1,11.891,-11.8,-4.49,-55.53,0,0,DCHG, ,
26187.6,1,1,1,1,4,16175.0,-1,11.89,-11.8,-4.49,-55.54,0,0,DCHG, ,
26192.6,1,1,1,1,4,16180.0,-1,11.89,-11.8,-4.49,-55.56,0,0,DCHG, ,
26197.6,1,1,1,1,4,16185.0,-1,11.89,-11.8,-4.49,-55.58,0,0,DCHG, ,
26202.6,1,1,1,1,4,16190.0,-1,11.89,-11.8,-4.49,-55.59,0,0,DCHG, ,
26207.6,1,1,1,1,4,16195.0,-1,11.889,-11.8,-4.49,-55.61,0,0,DCHG, ,
26212.6,1,1,1,1,4,16200.0,-1,11.889,-11.8,-4.49,-55.63,0,0,DCHG, ,
26217.6,1,1,1,1,4,16205.0,-1,11.889,-11.8,-4.5,-55.64,0,0,DCHG, ,
26222.6,1,1,1,1,4,16210.0,-1,11.888,-11.8,-4.5,-55.66,0,0,DCHG, ,
26227.6,1,1,1,1,4,16215.0,-1,11.888,-11.8,-4.5,-55.68,0,0,DCHG, ,
26232.6,1,1,1,1,4,16220.0,-1,11.887,-11.8,-4.5,-55.69,0,0,DCHG, ,
26237.6,1,1,1,1,4,16225.0,-1,11.887,-11.8,-4.5,-55.71,0,0,DCHG, ,
26242.6,1,1,1,1,4,16230.0,-1,11.887,-11.8,-4.5,-55.72,0,0,DCHG, ,
26247.6,1,1,1,1,4,16235.0,-1,11.887,-11.8,-4.5,-55.74,0,0,DCHG, ,
26252.6,1,1,1,1,4,16240.0,-1,11.886,-11.8,-4.51,-55.76,0,0,DCHG, ,
26257.6,1,1,1,1,4,16245.0,-1,11.886,-11.8,-4.51,-55.77,0,0,DCHG, ,
26262.6,1,1,1,1,4,16250.0,-1,11.886,-11.8,-4.51,-55.79,0,0,DCHG, ,
26267.6,1,1,1,1,4,16255.0,-0.99,11.886,-11.8,-4.51,-55.81,0,0,DCHG, ,
26272.6,1,1,1,1,4,16260.0,-1,11.885,-11.8,-4.51,-55.82,0,0,DCHG, ,
26277.6,1,1,1,1,4,16265.0,-1,11.885,-11.8,-4.51,-55.84,0,0,DCHG, ,
26282.6,1,1,1,1,4,16270.0,-0.99,11.884,-11.8,-4.51,-55.86,0,0,DCHG, ,
26287.6,1,1,1,1,4,16275.0,-1,11.884,-11.8,-4.51,-55.87,0,0,DCHG, ,
26292.6,1,1,1,1,4,16280.0,-1,11.883,-11.8,-4.52,-55.89,0,0,DCHG, ,
26297.6,1,1,1,1,4,16285.0,-1,11.884,-11.8,-4.52,-55.9,0,0,DCHG, ,
26302.6,1,1,1,1,4,16290.0,-1,11.883,-11.8,-4.52,-55.92,0,0,DCHG, ,
26307.6,1,1,1,1,4,16295.0,-1,11.883,-11.8,-4.52,-55.94,0,0,DCHG, ,
26312.6,1,1,1,1,4,16300.0,-1,11.883,-11.8,-4.52,-55.95,0,0,DCHG, ,
26317.6,1,1,1,1,4,16305.0,-1,11.883,-11.8,-4.52,-55.97,0,0,DCHG, ,
26322.6,1,1,1,1,4,16310.0,-1,11.882,-11.8,-4.52,-55.99,0,0,DCHG, ,
26327.6,1,1,1,1,4,16315.0,-1,11.881,-11.8,-4.53,-56,0,0,DCHG, ,
26332.6,1,1,1,1,4,16320.0,-1,11.881,-11.8,-4.53,-56.02,0,0,DCHG, ,
26337.6,1,1,1,1,4,16325.0,-1,11.881,-11.8,-4.53,-56.04,0,0,DCHG, ,
26342.6,1,1,1,1,4,16330.0,-1,11.88,-11.8,-4.53,-56.05,0,0,DCHG, ,
26347.6,1,1,1,1,4,16335.0,-1,11.88,-11.8,-4.53,-56.07,0,0,DCHG, ,
26352.6,1,1,1,1,4,16340.0,-1,11.879,-11.8,-4.53,-56.08,0,0,DCHG, ,
26357.6,1,1,1,1,4,16345.0,-1,11.879,-11.8,-4.53,-56.1,0,0,DCHG, ,
26362.6,1,1,1,1,4,16350.0,-1,11.879,-11.8,-4.54,-56.12,0,0,DCHG, ,
26367.6,1,1,1,1,4,16355.0,-1,11.879,-11.8,-4.54,-56.13,0,0,DCHG, ,
26372.6,1,1,1,1,4,16360.0,-1,11.878,-11.8,-4.54,-56.15,0,0,DCHG, ,
26377.6,1,1,1,1,4,16365.0,-1,11.878,-11.8,-4.54,-56.17,0,0,DCHG, ,
26382.6,1,1,1,1,4,16370.0,-1,11.878,-11.8,-4.54,-56.18,0,0,DCHG, ,
26387.6,1,1,1,1,4,16375.0,-1,11.878,-11.8,-4.54,-56.2,0,0,DCHG, ,
26392.6,1,1,1,1,4,16380.0,-1,11.877,-11.8,-4.54,-56.22,0,0,DCHG, ,
26397.6,1,1,1,1,4,16385.0,-1,11.877,-11.8,-4.55,-56.23,0,0,DCHG, ,
26402.6,1,1,1,1,4,16390.0,-1,11.876,-11.8,-4.55,-56.25,0,0,DCHG, ,
26407.6,1,1,1,1,4,16395.0,-1,11.876,-11.8,-4.55,-56.27,0,0,DCHG, ,
26412.6,1,1,1,1,4,16400.0,-1,11.876,-11.8,-4.55,-56.28,0,0,DCHG, ,
26417.6,1,1,1,1,4,16405.0,-1,11.876,-11.8,-4.55,-56.3,0,0,DCHG, ,
26422.6,1,1,1,1,4,16410.0,-1,11.875,-11.8,-4.55,-56.31,0,0,DCHG, ,
26427.6,1,1,1,1,4,16415.0,-1,11.875,-11.8,-4.55,-56.33,0,0,DCHG, ,
26432.6,1,1,1,1,4,16420.0,-1,11.875,-11.8,-4.56,-56.35,0,0,DCHG, ,
26437.6,1,1,1,1,4,16425.0,-1,11.874,-11.8,-4.56,-56.36,0,0,DCHG, ,
26442.6,1,1,1,1,4,16430.0,-1,11.874,-11.8,-4.56,-56.38,0,0,DCHG, ,
26447.6,1,1,1,1,4,16435.0,-1,11.874,-11.8,-4.56,-56.4,0,0,DCHG, ,
26452.6,1,1,1,1,4,16440.0,-1,11.873,-11.8,-4.56,-56.41,0,0,DCHG, ,
26457.6,1,1,1,1,4,16445.0,-1,11.873,-11.8,-4.56,-56.43,0,0,DCHG, ,
26462.6,1,1,1,1,4,16450.0,-1,11.872,-11.8,-4.56,-56.45,0,0,DCHG, ,
26467.6,1,1,1,1,4,16455.0,-1,11.872,-11.8,-4.56,-56.46,0,0,DCHG, ,
26472.6,1,1,1,1,4,16460.0,-1,11.872,-11.8,-4.57,-56.48,0,0,DCHG, ,
26477.6,1,1,1,1,4,16465.0,-1,11.872,-11.8,-4.57,-56.49,0,0,DCHG, ,
26482.6,1,1,1,1,4,16470.0,-1,11.871,-11.8,-4.57,-56.51,0,0,DCHG, ,
26487.6,1,1,1,1,4,16475.0,-1,11.871,-11.8,-4.57,-56.53,0,0,DCHG, ,
26492.6,1,1,1,1,4,16480.0,-1,11.871,-11.8,-4.57,-56.54,0,0,DCHG, ,
26497.6,1,1,1,1,4,16485.0,-1,11.87,-11.8,-4.57,-56.56,0,0,DCHG, ,
26502.6,1,1,1,1,4,16490.0,-1,11.87,-11.8,-4.57,-56.58,0,0,DCHG, ,
26507.6,1,1,1,1,4,16495.0,-1,11.87,-11.8,-4.58,-56.59,0,0,DCHG, ,
26512.6,1,1,1,1,4,16500.0,-1,11.869,-11.8,-4.58,-56.61,0,0,DCHG, ,
26517.6,1,1,1,1,4,16505.0,-1,11.869,-11.8,-4.58,-56.63,0,0,DCHG, ,
26522.6,1,1,1,1,4,16510.0,-1,11.868,-11.8,-4.58,-56.64,0,0,DCHG, ,
26527.6,1,1,1,1,4,16515.0,-1,11.868,-11.8,-4.58,-56.66,0,0,DCHG, ,
26532.6,1,1,1,1,4,16520.0,-1,11.868,-11.8,-4.58,-56.67,0,0,DCHG, ,
26537.6,1,1,1,1,4,16525.0,-1,11.868,-11.8,-4.58,-56.69,0,0,DCHG, ,
26542.6,1,1,1,1,4,16530.0,-1,11.867,-11.8,-4.59,-56.71,0,0,DCHG, ,
26547.6,1,1,1,1,4,16535.0,-1,11.867,-11.8,-4.59,-56.72,0,0,DCHG, ,
26552.6,1,1,1,1,4,16540.0,-1,11.867,-11.8,-4.59,-56.74,0,0,DCHG, ,
26557.6,1,1,1,1,4,16545.0,-1,11.866,-11.8,-4.59,-56.76,0,0,DCHG, ,
26562.6,1,1,1,1,4,16550.0,-1,11.866,-11.8,-4.59,-56.77,0,0,DCHG, ,
26567.6,1,1,1,1,4,16555.0,-1,11.865,-11.8,-4.59,-56.79,0,0,DCHG, ,
26572.6,1,1,1,1,4,16560.0,-1,11.865,-11.8,-4.59,-56.81,0,0,DCHG, ,
26577.6,1,1,1,1,4,16565.0,-1,11.864,-11.8,-4.6,-56.82,0,0,DCHG, ,
26582.6,1,1,1,1,4,16570.0,-1,11.865,-11.8,-4.6,-56.84,0,0,DCHG, ,
26587.6,1,1,1,1,4,16575.0,-1,11.864,-11.8,-4.6,-56.85,0,0,DCHG, ,
26592.6,1,1,1,1,4,16580.0,-1,11.864,-11.8,-4.6,-56.87,0,0,DCHG, ,
26597.6,1,1,1,1,4,16585.0,-1,11.864,-11.8,-4.6,-56.89,0,0,DCHG, ,
26602.6,1,1,1,1,4,16590.0,-1,11.863,-11.8,-4.6,-56.9,0,0,DCHG, ,
26607.6,1,1,1,1,4,16595.0,-1,11.863,-11.8,-4.6,-56.92,0,0,DCHG, ,
26612.6,1,1,1,1,4,16600.0,-1,11.863,-11.8,-4.61,-56.94,0,0,DCHG, ,
26617.6,1,1,1,1,4,16605.0,-1,11.862,-11.8,-4.61,-56.95,0,0,DCHG, ,
26622.6,1,1,1,1,4,16610.0,-1,11.862,-11.8,-4.61,-56.97,0,0,DCHG, ,
26627.6,1,1,1,1,4,16615.0,-1,11.862,-11.8,-4.61,-56.99,0,0,DCHG, ,
26632.6,1,1,1,1,4,16620.0,-1,11.861,-11.8,-4.61,-57,0,0,DCHG, ,
26637.6,1,1,1,1,4,16625.0,-1,11.861,-11.8,-4.61,-57.02,0,0,DCHG, ,
26642.6,1,1,1,1,4,16630.0,-1,11.861,-11.8,-4.61,-57.04,0,0,DCHG, ,
26647.6,1,1,1,1,4,16635.0,-1,11.86,-11.8,-4.61,-57.05,0,0,DCHG, ,
26652.6,1,1,1,1,4,16640.0,-1,11.86,-11.8,-4.62,-57.07,0,0,DCHG, ,
26657.6,1,1,1,1,4,16645.0,-1,11.86,-11.8,-4.62,-57.08,0,0,DCHG, ,
26662.6,1,1,1,1,4,16650.0,-1,11.859,-11.8,-4.62,-57.1,0,0,DCHG, ,
26667.6,1,1,1,1,4,16655.0,-1,11.859,-11.8,-4.62,-57.12,0,0,DCHG, ,
26672.6,1,1,1,1,4,16660.0,-1,11.859,-11.8,-4.62,-57.13,0,0,DCHG, ,
26677.6,1,1,1,1,4,16665.0,-1,11.859,-11.8,-4.62,-57.15,0,0,DCHG, ,
26682.6,1,1,1,1,4,16670.0,-1,11.858,-11.8,-4.62,-57.17,0,0,DCHG, ,
26687.6,1,1,1,1,4,16675.0,-1,11.858,-11.8,-4.63,-57.18,0,0,DCHG, ,
26692.6,1,1,1,1,4,16680.0,-1,11.858,-11.8,-4.63,-57.2,0,0,DCHG, ,
26697.6,1,1,1,1,4,16685.0,-1,11.857,-11.8,-4.63,-57.22,0,0,DCHG, ,
26702.6,1,1,1,1,4,16690.0,-1,11.856,-11.8,-4.63,-57.23,0,0,DCHG, ,
26707.6,1,1,1,1,4,16695.0,-1,11.857,-11.8,-4.63,-57.25,0,0,DCHG, ,
26712.6,1,1,1,1,4,16700.0,-1,11.856,-11.8,-4.63,-57.26,0,0,DCHG, ,
26717.6,1,1,1,1,4,16705.0,-1,11.856,-11.8,-4.63,-57.28,0,0,DCHG, ,
26722.6,1,1,1,1,4,16710.0,-1,11.855,-11.8,-4.64,-57.3,0,0,DCHG, ,
26727.6,1,1,1,1,4,16715.0,-1,11.855,-11.8,-4.64,-57.31,0,0,DCHG, ,
26732.6,1,1,1,1,4,16720.0,-1,11.854,-11.8,-4.64,-57.33,0,0,DCHG, ,
26737.6,1,1,1,1,4,16725.0,-1,11.854,-11.8,-4.64,-57.35,0,0,DCHG, ,
26742.6,1,1,1,1,4,16730.0,-1,11.854,-11.8,-4.64,-57.36,0,0,DCHG, ,
26747.6,1,1,1,1,4,16735.0,-1,11.853,-11.8,-4.64,-57.38,0,0,DCHG, ,
26752.6,1,1,1,1,4,16740.0,-1,11.853,-11.8,-4.64,-57.4,0,0,DCHG, ,
26757.6,1,1,1,1,4,16745.0,-1,11.853,-11.8,-4.65,-57.41,0,0,DCHG, ,
26762.6,1,1,1,1,4,16750.0,-1,11.852,-11.8,-4.65,-57.43,0,0,DCHG, ,
26767.6,1,1,1,1,4,16755.0,-1,11.852,-11.8,-4.65,-57.44,0,0,DCHG, ,
26772.6,1,1,1,1,4,16760.0,-1,11.852,-11.8,-4.65,-57.46,0,0,DCHG, ,
26777.6,1,1,1,1,4,16765.0,-1,11.852,-11.8,-4.65,-57.48,0,0,DCHG, ,
26782.6,1,1,1,1,4,16770.0,-1,11.851,-11.8,-4.65,-57.49,0,0,DCHG, ,
26787.6,1,1,1,1,4,16775.0,-1,11.851,-11.8,-4.65,-57.51,0,0,DCHG, ,
26792.6,1,1,1,1,4,16780.0,-1,11.85,-11.8,-4.66,-57.53,0,0,DCHG, ,
26797.6,1,1,1,1,4,16785.0,-1,11.85,-11.8,-4.66,-57.54,0,0,DCHG, ,
26802.6,1,1,1,1,4,16790.0,-1,11.85,-11.8,-4.66,-57.56,0,0,DCHG, ,
26807.6,1,1,1,1,4,16795.0,-1,11.85,-11.8,-4.66,-57.58,0,0,DCHG, ,
26812.6,1,1,1,1,4,16800.0,-1,11.85,-11.8,-4.66,-57.59,0,0,DCHG, ,
26817.6,1,1,1,1,4,16805.0,-1,11.849,-11.8,-4.66,-57.61,0,0,DCHG, ,
26822.6,1,1,1,1,4,16810.0,-1,11.849,-11.8,-4.66,-57.63,0,0,DCHG, ,
26827.6,1,1,1,1,4,16815.0,-1,11.848,-11.8,-4.66,-57.64,0,0,DCHG, ,
26832.6,1,1,1,1,4,16820.0,-1,11.848,-11.8,-4.67,-57.66,0,0,DCHG, ,
26837.6,1,1,1,1,4,16825.0,-1,11.847,-11.8,-4.67,-57.67,0,0,DCHG, ,
26842.6,1,1,1,1,4,16830.0,-1,11.847,-11.8,-4.67,-57.69,0,0,DCHG, ,
26847.6,1,1,1,1,4,16835.0,-1,11.847,-11.8,-4.67,-57.71,0,0,DCHG, ,
26852.6,1,1,1,1,4,16840.0,-1,11.847,-11.8,-4.67,-57.72,0,0,DCHG, ,
26857.6,1,1,1,1,4,16845.0,-1,11.846,-11.8,-4.67,-57.74,0,0,DCHG, ,
26862.6,1,1,1,1,4,16850.0,-1,11.846,-11.8,-4.67,-57.76,0,0,DCHG, ,
26867.6,1,1,1,1,4,16855.0,-1,11.845,-11.8,-4.68,-57.77,0,0,DCHG, ,
26872.6,1,1,1,1,4,16860.0,-1,11.846,-11.8,-4.68,-57.79,0,0,DCHG, ,
26877.6,1,1,1,1,4,16865.0,-1,11.845,-11.8,-4.68,-57.81,0,0,DCHG, ,
26882.6,1,1,1,1,4,16870.0,-1,11.845,-11.8,-4.68,-57.82,0,0,DCHG, ,
26887.6,1,1,1,1,4,16875.0,-1,11.844,-11.8,-4.68,-57.84,0,0,DCHG, ,
26892.6,1,1,1,1,4,16880.0,-1,11.844,-11.8,-4.68,-57.85,0,0,DCHG, ,
26897.6,1,1,1,1,4,16885.0,-1,11.844,-11.8,-4.68,-57.87,0,0,DCHG, ,
26902.6,1,1,1,1,4,16890.0,-1,11.844,-11.8,-4.69,-57.89,0,0,DCHG, ,
26907.6,1,1,1,1,4,16895.0,-1,11.844,-11.8,-4.69,-57.9,0,0,DCHG, ,
26912.6,1,1,1,1,4,16900.0,-1,11.843,-11.8,-4.69,-57.92,0,0,DCHG, ,
26917.6,1,1,1,1,4,16905.0,-1,11.843,-11.8,-4.69,-57.94,0,0,DCHG, ,
26922.6,1,1,1,1,4,16910.0,-1,11.842,-11.8,-4.69,-57.95,0,0,DCHG, ,
26927.6,1,1,1,1,4,16915.0,-1,11.842,-11.8,-4.69,-57.97,0,0,DCHG, ,
26932.6,1,1,1,1,4,16920.0,-1,11.842,-11.8,-4.69,-57.99,0,0,DCHG, ,
26937.6,1,1,1,1,4,16925.0,-1,11.841,-11.8,-4.7,-58,0,0,DCHG, ,
26942.6,1,1,1,1,4,16930.0,-1,11.841,-11.8,-4.7,-58.02,0,0,DCHG, ,
26947.6,1,1,1,1,4,16935.0,-1,11.84,-11.8,-4.7,-58.03,0,0,DCHG, ,
26952.6,1,1,1,1,4,16940.0,-1,11.84,-11.8,-4.7,-58.05,0,0,DCHG, ,
26957.6,1,1,1,1,4,16945.0,-1,11.84,-11.8,-4.7,-58.07,0,0,DCHG, ,
26962.6,1,1,1,1,4,16950.0,-1,11.839,-11.8,-4.7,-58.08,0,0,DCHG, ,
26967.6,1,1,1,1,4,16955.0,-1,11.84,-11.8,-4.7,-58.1,0,0,DCHG, ,
26972.6,1,1,1,1,4,16960.0,-1,11.839,-11.8,-4.71,-58.12,0,0,DCHG, ,
26977.6,1,1,1,1,4,16965.0,-1,11.839,-11.8,-4.71,-58.13,0,0,DCHG, ,
26982.6,1,1,1,1,4,16970.0,-1,11.839,-11.8,-4.71,-58.15,0,0,DCHG, ,
26987.6,1,1,1,1,4,16975.0,-1,11.838,-11.8,-4.71,-58.17,0,0,DCHG, ,
26992.6,1,1,1,1,4,16980.0,-1,11.838,-11.8,-4.71,-58.18,0,0,DCHG, ,
26997.6,1,1,1,1,4,16985.0,-1,11.837,-11.8,-4.71,-58.2,0,0,DCHG, ,
27002.6,1,1,1,1,4,16990.0,-1,11.837,-11.8,-4.71,-58.22,0,0,DCHG, ,
27007.6,1,1,1,1,4,16995.0,-1,11.837,-11.8,-4.71,-58.23,0,0,DCHG, ,
27012.6,1,1,1,1,4,17000.0,-1,11.837,-11.8,-4.72,-58.25,0,0,DCHG, ,
27017.6,1,1,1,1,4,17005.0,-1,11.836,-11.8,-4.72,-58.26,0,0,DCHG, ,
27022.6,1,1,1,1,4,17010.0,-1,11.836,-11.8,-4.72,-58.28,0,0,DCHG, ,
27027.6,1,1,1,1,4,17015.0,-1,11.836,-11.8,-4.72,-58.3,0,0,DCHG, ,
27032.6,1,1,1,1,4,17020.0,-1,11.835,-11.8,-4.72,-58.31,0,0,DCHG, ,
27037.6,1,1,1,1,4,17025.0,-1,11.835,-11.8,-4.72,-58.33,0,0,DCHG, ,
27042.6,1,1,1,1,4,17030.0,-1,11.834,-11.8,-4.72,-58.35,0,0,DCHG, ,
27047.6,1,1,1,1,4,17035.0,-1,11.834,-11.8,-4.73,-58.36,0,0,DCHG, ,
27052.6,1,1,1,1,4,17040.0,-1,11.834,-11.8,-4.73,-58.38,0,0,DCHG, ,
27057.6,1,1,1,1,4,17045.0,-1,11.834,-11.8,-4.73,-58.4,0,0,DCHG, ,
27062.6,1,1,1,1,4,17050.0,-1,11.833,-11.8,-4.73,-58.41,0,0,DCHG, ,
27067.6,1,1,1,1,4,17055.0,-1,11.833,-11.8,-4.73,-58.43,0,0,DCHG, ,
27072.6,1,1,1,1,4,17060.0,-1,11.833,-11.8,-4.73,-58.44,0,0,DCHG, ,
27077.6,1,1,1,1,4,17065.0,-1,11.832,-11.8,-4.73,-58.46,0,0,DCHG, ,
27082.6,1,1,1,1,4,17070.0,-1,11.832,-11.8,-4.74,-58.48,0,0,DCHG, ,
27087.6,1,1,1,1,4,17075.0,-1,11.831,-11.8,-4.74,-58.49,0,0,DCHG, ,
27092.6,1,1,1,1,4,17080.0,-1,11.831,-11.8,-4.74,-58.51,0,0,DCHG, ,
27097.6,1,1,1,1,4,17085.0,-1,11.831,-11.8,-4.74,-58.53,0,0,DCHG, ,
27102.6,1,1,1,1,4,17090.0,-1,11.83,-11.8,-4.74,-58.54,0,0,DCHG, ,
27107.6,1,1,1,1,4,17095.0,-1,11.83,-11.8,-4.74,-58.56,0,0,DCHG, ,
27112.6,1,1,1,1,4,17100.0,-1,11.83,-11.8,-4.74,-58.58,0,0,DCHG, ,
27117.6,1,1,1,1,4,17105.0,-1,11.83,-11.8,-4.75,-58.59,0,0,DCHG, ,
27122.6,1,1,1,1,4,17110.0,-1,11.83,-11.8,-4.75,-58.61,0,0,DCHG, ,
27127.6,1,1,1,1,4,17115.0,-1,11.829,-11.8,-4.75,-58.62,0,0,DCHG, ,
27132.6,1,1,1,1,4,17120.0,-1,11.828,-11.8,-4.75,-58.64,0,0,DCHG, ,
27137.6,1,1,1,1,4,17125.0,-1,11.828,-11.8,-4.75,-58.66,0,0,DCHG, ,
27142.6,1,1,1,1,4,17130.0,-1,11.828,-11.8,-4.75,-58.67,0,0,DCHG, ,
27147.6,1,1,1,1,4,17135.0,-1,11.827,-11.8,-4.75,-58.69,0,0,DCHG, ,
27152.6,1,1,1,1,4,17140.0,-1,11.827,-11.8,-4.76,-58.71,0,0,DCHG, ,
27157.6,1,1,1,1,4,17145.0,-1,11.826,-11.8,-4.76,-58.72,0,0,DCHG, ,
27162.6,1,1,1,1,4,17150.0,-1,11.826,-11.8,-4.76,-58.74,0,0,DCHG, ,
27167.6,1,1,1,1,4,17155.0,-1,11.826,-11.8,-4.76,-58.76,0,0,DCHG, ,
27172.6,1,1,1,1,4,17160.0,-1,11.826,-11.8,-4.76,-58.77,0,0,DCHG, ,
27177.6,1,1,1,1,4,17165.0,-1,11.825,-11.8,-4.76,-58.79,0,0,DCHG, ,
27182.6,1,1,1,1,4,17170.0,-1,11.825,-11.8,-4.76,-58.81,0,0,DCHG, ,
27187.6,1,1,1,1,4,17175.0,-1,11.825,-11.8,-4.76,-58.82,0,0,DCHG, ,
27192.6,1,1,1,1,4,17180.0,-1,11.825,-11.8,-4.77,-58.84,0,0,DCHG, ,
27197.6,1,1,1,1,4,17185.0,-1,11.824,-11.8,-4.77,-58.85,0,0,DCHG, ,
27202.6,1,1,1,1,4,17190.0,-1,11.824,-11.8,-4.77,-58.87,0,0,DCHG, ,
27207.6,1,1,1,1,4,17195.0,-1,11.823,-11.8,-4.77,-58.89,0,0,DCHG, ,
27212.6,1,1,1,1,4,17200.0,-1,11.823,-11.8,-4.77,-58.9,0,0,DCHG, ,
27217.6,1,1,1,1,4,17205.0,-1,11.823,-11.8,-4.77,-58.92,0,0,DCHG, ,
27222.6,1,1,1,1,4,17210.0,-1,11.822,-11.8,-4.77,-58.94,0,0,DCHG, ,
27227.6,1,1,1,1,4,17215.0,-1,11.822,-11.8,-4.78,-58.95,0,0,DCHG, ,
27232.6,1,1,1,1,4,17220.0,-1,11.822,-11.8,-4.78,-58.97,0,0,DCHG, ,
27237.6,1,1,1,1,4,17225.0,-1,11.822,-11.8,-4.78,-58.99,0,0,DCHG, ,
27242.6,1,1,1,1,4,17230.0,-1,11.822,-11.8,-4.78,-59,0,0,DCHG, ,
27247.6,1,1,1,1,4,17235.0,-1,11.821,-11.8,-4.78,-59.02,0,0,DCHG, ,
27252.6,1,1,1,1,4,17240.0,-1,11.82,-11.8,-4.78,-59.03,0,0,DCHG, ,
27257.6,1,1,1,1,4,17245.0,-1,11.82,-11.8,-4.78,-59.05,0,0,DCHG, ,
27262.6,1,1,1,1,4,17250.0,-1,11.82,-11.8,-4.79,-59.07,0,0,DCHG, ,
27267.6,1,1,1,1,4,17255.0,-1,11.82,-11.8,-4.79,-59.08,0,0,DCHG, ,
27272.6,1,1,1,1,4,17260.0,-1,11.819,-11.8,-4.79,-59.1,0,0,DCHG, ,
27277.6,1,1,1,1,4,17265.0,-1,11.819,-11.8,-4.79,-59.12,0,0,DCHG, ,
27282.6,1,1,1,1,4,17270.0,-1,11.819,-11.8,-4.79,-59.13,0,0,DCHG, ,
27287.6,1,1,1,1,4,17275.0,-1,11.818,-11.8,-4.79,-59.15,0,0,DCHG, ,
27292.6,1,1,1,1,4,17280.0,-1,11.818,-11.8,-4.79,-59.17,0,0,DCHG, ,
27297.6,1,1,1,1,4,17285.0,-1,11.817,-11.7,-4.8,-59.18,0,0,DCHG, ,
27302.6,1,1,1,1,4,17290.0,-1,11.817,-11.8,-4.8,-59.2,0,0,DCHG, ,
27307.6,1,1,1,1,4,17295.0,-1,11.817,-11.7,-4.8,-59.21,0,0,DCHG, ,
27312.6,1,1,1,1,4,17300.0,-1,11.817,-11.7,-4.8,-59.23,0,0,DCHG, ,
27317.6,1,1,1,1,4,17305.0,-1,11.816,-11.8,-4.8,-59.25,0,0,DCHG, ,
27322.6,1,1,1,1,4,17310.0,-1,11.816,-11.8,-4.8,-59.26,0,0,DCHG, ,
27327.6,1,1,1,1,4,17315.0,-1,11.816,-11.7,-4.8,-59.28,0,0,DCHG, ,
27332.6,1,1,1,1,4,17320.0,-1,11.815,-11.7,-4.81,-59.3,0,0,DCHG, ,
27337.6,1,1,1,1,4,17325.0,-1,11.815,-11.8,-4.81,-59.31,0,0,DCHG, ,
27342.6,1,1,1,1,4,17330.0,-1,11.814,-11.8,-4.81,-59.33,0,0,DCHG, ,
27347.6,1,1,1,1,4,17335.0,-1,11.814,-11.7,-4.81,-59.34,0,0,DCHG, ,
27352.6,1,1,1,1,4,17340.0,-1,11.814,-11.7,-4.81,-59.36,0,0,DCHG, ,
27357.6,1,1,1,1,4,17345.0,-1,11.813,-11.8,-4.81,-59.38,0,0,DCHG, ,
27362.6,1,1,1,1,4,17350.0,-1,11.813,-11.8,-4.81,-59.39,0,0,DCHG, ,
27367.6,1,1,1,1,4,17355.0,-1,11.813,-11.8,-4.81,-59.41,0,0,DCHG, ,
27372.6,1,1,1,1,4,17360.0,-1,11.812,-11.7,-4.82,-59.43,0,0,DCHG, ,
27377.6,1,1,1,1,4,17365.0,-1,11.812,-11.7,-4.82,-59.44,0,0,DCHG, ,
27382.6,1,1,1,1,4,17370.0,-1,11.812,-11.7,-4.82,-59.46,0,0,DCHG, ,
27387.6,1,1,1,1,4,17375.0,-1,11.812,-11.7,-4.82,-59.48,0,0,DCHG, ,
27392.6,1,1,1,1,4,17380.0,-1,11.811,-11.7,-4.82,-59.49,0,0,DCHG, ,
27397.6,1,1,1,1,4,17385.0,-1,11.811,-11.7,-4.82,-59.51,0,0,DCHG, ,
27402.6,1,1,1,1,4,17390.0,-1,11.81,-11.8,-4.82,-59.52,0,0,DCHG, ,
27407.6,1,1,1,1,4,17395.0,-1,11.81,-11.8,-4.83,-59.54,0,0,DCHG, ,
27412.6,1,1,1,1,4,17400.0,-1,11.809,-11.7,-4.83,-59.56,0,0,DCHG, ,
27417.6,1,1,1,1,4,17405.0,-1,11.809,-11.8,-4.83,-59.57,0,0,DCHG, ,
27422.6,1,1,1,1,4,17410.0,-1,11.809,-11.8,-4.83,-59.59,0,0,DCHG, ,
27427.6,1,1,1,1,4,17415.0,-1,11.808,-11.8,-4.83,-59.61,0,0,DCHG, ,
27432.6,1,1,1,1,4,17420.0,-1,11.808,-11.7,-4.83,-59.62,0,0,DCHG, ,
27437.6,1,1,1,1,4,17425.0,-1,11.808,-11.7,-4.83,-59.64,0,0,DCHG, ,
27442.6,1,1,1,1,4,17430.0,-1,11.808,-11.7,-4.84,-59.65,0,0,DCHG, ,
27447.6,1,1,1,1,4,17435.0,-1,11.807,-11.7,-4.84,-59.67,0,0,DCHG, ,
27452.6,1,1,1,1,4,17440.0,-1,11.807,-11.8,-4.84,-59.69,0,0,DCHG, ,
27457.6,1,1,1,1,4,17445.0,-1,11.807,-11.7,-4.84,-59.7,0,0,DCHG, ,
27462.6,1,1,1,1,4,17450.0,-1,11.806,-11.7,-4.84,-59.72,0,0,DCHG, ,
27467.6,1,1,1,1,4,17455.0,-1,11.806,-11.7,-4.84,-59.74,0,0,DCHG, ,
27472.6,1,1,1,1,4,17460.0,-1,11.806,-11.7,-4.84,-59.75,0,0,DCHG, ,
27477.6,1,1,1,1,4,17465.0,-1,11.805,-11.7,-4.85,-59.77,0,0,DCHG, ,
27482.6,1,1,1,1,4,17470.0,-1,11.805,-11.7,-4.85,-59.79,0,0,DCHG, ,
27487.6,1,1,1,1,4,17475.0,-1,11.805,-11.8,-4.85,-59.8,0,0,DCHG, ,
27492.6,1,1,1,1,4,17480.0,-1,11.804,-11.8,-4.85,-59.82,0,0,DCHG, ,
27497.6,1,1,1,1,4,17485.0,-1,11.804,-11.7,-4.85,-59.83,0,0,DCHG, ,
27502.6,1,1,1,1,4,17490.0,-1,11.803,-11.8,-4.85,-59.85,0,0,DCHG, ,
27507.6,1,1,1,1,4,17495.0,-1,11.803,-11.8,-4.85,-59.87,0,0,DCHG, ,
27512.6,1,1,1,1,4,17500.0,-1,11.803,-11.7,-4.86,-59.88,0,0,DCHG, ,
27517.6,1,1,1,1,4,17505.0,-1,11.803,-11.7,-4.86,-59.9,0,0,DCHG, ,
27522.6,1,1,1,1,4,17510.0,-1,11.802,-11.7,-4.86,-59.92,0,0,DCHG, ,
27527.6,1,1,1,1,4,17515.0,-1,11.801,-11.7,-4.86,-59.93,0,0,DCHG, ,
27532.6,1,1,1,1,4,17520.0,-1,11.801,-11.7,-4.86,-59.95,0,0,DCHG, ,
27537.6,1,1,1,1,4,17525.0,-1,11.801,-11.7,-4.86,-59.96,0,0,DCHG, ,
27542.6,1,1,1,1,4,17530.0,-0.99,11.801,-11.7,-4.86,-59.98,0,0,DCHG, ,
27547.6,1,1,1,1,4,17535.0,-1,11.801,-11.7,-4.86,-60,0,0,DCHG, ,
27552.6,1,1,1,1,4,17540.0,-1,11.8,-11.7,-4.87,-60.01,0,0,DCHG, ,
27557.6,1,1,1,1,4,17545.0,-1,11.8,-11.8,-4.87,-60.03,0,0,DCHG, ,
27562.6,1,1,1,1,4,17550.0,-1,11.8,-11.7,-4.87,-60.05,0,0,DCHG, ,
27567.6,1,1,1,1,4,17555.0,-1,11.799,-11.7,-4.87,-60.06,0,0,DCHG, ,
27572.6,1,1,1,1,4,17560.0,-1,11.799,-11.7,-4.87,-60.08,0,0,DCHG, ,
27577.6,1,1,1,1,4,17565.0,-1,11.798,-11.7,-4.87,-60.09,0,0,DCHG, ,
27582.6,1,1,1,1,4,17570.0,-1,11.798,-11.7,-4.87,-60.11,0,0,DCHG, ,
27587.6,1,1,1,1,4,17575.0,-1,11.798,-11.7,-4.88,-60.13,0,0,DCHG, ,
27592.6,1,1,1,1,4,17580.0,-1,11.798,-11.7,-4.88,-60.14,0,0,DCHG, ,
27597.6,1,1,1,1,4,17585.0,-1,11.797,-11.7,-4.88,-60.16,0,0,DCHG, ,
27602.6,1,1,1,1,4,17590.0,-0.99,11.797,-11.6,-4.88,-60.18,0,0,DCHG, ,
27607.6,1,1,1,1,4,17595.0,-1,11.797,-11.7,-4.88,-60.19,0,0,DCHG, ,
27612.6,1,1,1,1,4,17600.0,-1,11.796,-11.7,-4.88,-60.21,0,0,DCHG, ,
27617.6,1,1,1,1,4,17605.0,-1,11.796,-11.7,-4.88,-60.22,0,0,DCHG, ,
27622.6,1,1,1,1,4,17610.0,-1,11.795,-11.7,-4.89,-60.24,0,0,DCHG, ,
27627.6,1,1,1,1,4,17615.0,-1,11.795,-11.7,-4.89,-60.26,0,0,DCHG, ,
27632.6,1,1,1,1,4,17620.0,-1,11.795,-11.7,-4.89,-60.27,0,0,DCHG, ,
27637.6,1,1,1,1,4,17625.0,-1,11.795,-11.7,-4.89,-60.29,0,0,DCHG, ,
27642.6,1,1,1,1,4,17630.0,-1,11.795,-11.7,-4.89,-60.31,0,0,DCHG, ,
27647.6,1,1,1,1,4,17635.0,-1,11.794,-11.7,-4.89,-60.32,0,0,DCHG, ,
27652.6,1,1,1,1,4,17640.0,-1,11.793,-11.7,-4.89,-60.34,0,0,DCHG, ,
27657.6,1,1,1,1,4,17645.0,-1,11.793,-11.7,-4.9,-60.35,0,0,DCHG, ,
27662.6,1,1,1,1,4,17650.0,-1,11.793,-11.7,-4.9,-60.37,0,0,DCHG, ,
27667.6,1,1,1,1,4,17655.0,-1,11.793,-11.7,-4.9,-60.39,0,0,DCHG, ,
27672.6,1,1,1,1,4,17660.0,-1,11.792,-11.7,-4.9,-60.4,0,0,DCHG, ,
27677.6,1,1,1,1,4,17665.0,-1,11.792,-11.7,-4.9,-60.42,0,0,DCHG, ,
27682.6,1,1,1,1,4,17670.0,-1,11.791,-11.7,-4.9,-60.44,0,0,DCHG, ,
27687.6,1,1,1,1,4,17675.0,-1,11.791,-11.7,-4.9,-60.45,0,0,DCHG, ,
27692.6,1,1,1,1,4,17680.0,-1,11.791,-11.7,-4.91,-60.47,0,0,DCHG, ,
27697.6,1,1,1,1,4,17685.0,-1,11.791,-11.7,-4.91,-60.48,0,0,DCHG, ,
27702.6,1,1,1,1,4,17690.0,-1,11.79,-11.7,-4.91,-60.5,0,0,DCHG, ,
27707.6,1,1,1,1,4,17695.0,-1,11.79,-11.7,-4.91,-60.52,0,0,DCHG, ,
27712.6,1,1,1,1,4,17700.0,-1,11.79,-11.7,-4.91,-60.53,0,0,DCHG, ,
27717.6,1,1,1,1,4,17705.0,-1,11.789,-11.7,-4.91,-60.55,0,0,DCHG, ,
27722.6,1,1,1,1,4,17710.0,-1,11.789,-11.7,-4.91,-60.57,0,0,DCHG, ,
27727.6,1,1,1,1,4,17715.0,-1,11.788,-11.7,-4.91,-60.58,0,0,DCHG, ,
27732.6,1,1,1,1,4,17720.0,-1,11.787,-11.7,-4.92,-60.6,0,0,DCHG, ,
27737.6,1,1,1,1,4,17725.0,-1,11.787,-11.7,-4.92,-60.61,0,0,DCHG, ,
27742.6,1,1,1,1,4,17730.0,-1,11.787,-11.7,-4.92,-60.63,0,0,DCHG, ,
27747.6,1,1,1,1,4,17735.0,-1,11.787,-11.7,-4.92,-60.65,0,0,DCHG, ,
27752.6,1,1,1,1,4,17740.0,-1,11.787,-11.7,-4.92,-60.66,0,0,DCHG, ,
27757.6,1,1,1,1,4,17745.0,-1,11.786,-11.7,-4.92,-60.68,0,0,DCHG, ,
27762.6,1,1,1,1,4,17750.0,-1,11.786,-11.7,-4.92,-60.7,0,0,DCHG, ,
27767.6,1,1,1,1,4,17755.0,-1,11.786,-11.7,-4.93,-60.71,0,0,DCHG, ,
27772.6,1,1,1,1,4,17760.0,-1,11.786,-11.7,-4.93,-60.73,0,0,DCHG, ,
27777.6,1,1,1,1,4,17765.0,-1,11.785,-11.7,-4.93,-60.74,0,0,DCHG, ,
27782.6,1,1,1,1,4,17770.0,-1,11.785,-11.7,-4.93,-60.76,0,0,DCHG, ,
27787.6,1,1,1,1,4,17775.0,-1,11.784,-11.7,-4.93,-60.78,0,0,DCHG, ,
27792.6,1,1,1,1,4,17780.0,-1,11.784,-11.7,-4.93,-60.79,0,0,DCHG, ,
27797.6,1,1,1,1,4,17785.0,-1,11.784,-11.7,-4.93,-60.81,0,0,DCHG, ,
27802.6,1,1,1,1,4,17790.0,-1,11.783,-11.7,-4.94,-60.83,0,0,DCHG, ,
27807.6,1,1,1,1,4,17795.0,-1,11.783,-11.7,-4.94,-60.84,0,0,DCHG, ,
27812.6,1,1,1,1,4,17800.0,-1,11.783,-11.7,-4.94,-60.86,0,0,DCHG, ,
27817.6,1,1,1,1,4,17805.0,-1,11.782,-11.7,-4.94,-60.87,0,0,DCHG, ,
27822.6,1,1,1,1,4,17810.0,-1,11.782,-11.7,-4.94,-60.89,0,0,DCHG, ,
27827.6,1,1,1,1,4,17815.0,-1,11.782,-11.7,-4.94,-60.91,0,0,DCHG, ,
27832.6,1,1,1,1,4,17820.0,-1,11.781,-11.7,-4.94,-60.92,0,0,DCHG, ,
27837.6,1,1,1,1,4,17825.0,-1,11.781,-11.7,-4.95,-60.94,0,0,DCHG, ,
27842.6,1,1,1,1,4,17830.0,-1,11.78,-11.7,-4.95,-60.96,0,0,DCHG, ,
27847.6,1,1,1,1,4,17835.0,-1,11.78,-11.7,-4.95,-60.97,0,0,DCHG, ,
27852.6,1,1,1,1,4,17840.0,-1,11.78,-11.7,-4.95,-60.99,0,0,DCHG, ,
27857.6,1,1,1,1,4,17845.0,-1,11.779,-11.7,-4.95,-61,0,0,DCHG, ,
27862.6,1,1,1,1,4,17850.0,-1,11.779,-11.7,-4.95,-61.02,0,0,DCHG, ,
27867.6,1,1,1,1,4,17855.0,-1,11.778,-11.7,-4.95,-61.04,0,0,DCHG, ,
27872.6,1,1,1,1,4,17860.0,-1,11.778,-11.7,-4.96,-61.05,0,0,DCHG, ,
27877.6,1,1,1,1,4,17865.0,-1,11.777,-11.7,-4.96,-61.07,0,0,DCHG, ,
27882.6,1,1,1,1,4,17870.0,-1,11.777,-11.7,-4.96,-61.09,0,0,DCHG, ,
27887.6,1,1,1,1,4,17875.0,-1,11.777,-11.7,-4.96,-61.1,0,0,DCHG, ,
27892.6,1,1,1,1,4,17880.0,-1,11.777,-11.7,-4.96,-61.12,0,0,DCHG, ,
27897.6,1,1,1,1,4,17885.0,-1,11.776,-11.7,-4.96,-61.13,0,0,DCHG, ,
27902.6,1,1,1,1,4,17890.0,-1,11.777,-11.7,-4.96,-61.15,0,0,DCHG, ,
27907.6,1,1,1,1,4,17895.0,-1,11.776,-11.7,-4.96,-61.17,0,0,DCHG, ,
27912.6,1,1,1,1,4,17900.0,-1,11.775,-11.7,-4.97,-61.18,0,0,DCHG, ,
27917.6,1,1,1,1,4,17905.0,-1,11.775,-11.7,-4.97,-61.2,0,0,DCHG, ,
27922.6,1,1,1,1,4,17910.0,-1,11.775,-11.7,-4.97,-61.22,0,0,DCHG, ,
27927.6,1,1,1,1,4,17915.0,-1,11.774,-11.7,-4.97,-61.23,0,0,DCHG, ,
27932.6,1,1,1,1,4,17920.0,-1,11.774,-11.7,-4.97,-61.25,0,0,DCHG, ,
27937.6,1,1,1,1,4,17925.0,-1,11.773,-11.7,-4.97,-61.26,0,0,DCHG, ,
27942.6,1,1,1,1,4,17930.0,-1,11.773,-11.7,-4.97,-61.28,0,0,DCHG, ,
27947.6,1,1,1,1,4,17935.0,-1,11.773,-11.7,-4.98,-61.3,0,0,DCHG, ,
27952.6,1,1,1,1,4,17940.0,-1,11.772,-11.7,-4.98,-61.31,0,0,DCHG, ,
27957.6,1,1,1,1,4,17945.0,-1,11.772,-11.7,-4.98,-61.33,0,0,DCHG, ,
27962.6,1,1,1,1,4,17950.0,-1,11.772,-11.7,-4.98,-61.35,0,0,DCHG, ,
27967.6,1,1,1,1,4,17955.0,-1,11.772,-11.7,-4.98,-61.36,0,0,DCHG, ,
27972.6,1,1,1,1,4,17960.0,-1,11.772,-11.7,-4.98,-61.38,0,0,DCHG, ,
27977.6,1,1,1,1,4,17965.0,-1,11.771,-11.7,-4.98,-61.39,0,0,DCHG, ,
27982.6,1,1,1,1,4,17970.0,-1,11.77,-11.7,-4.99,-61.41,0,0,DCHG, ,
27987.6,1,1,1,1,4,17975.0,-1,11.77,-11.7,-4.99,-61.43,0,0,DCHG, ,
27992.6,1,1,1,1,4,17980.0,-1,11.77,-11.7,-4.99,-61.44,0,0,DCHG, ,
27997.6,1,1,1,1,4,17985.0,-1,11.77,-11.7,-4.99,-61.46,0,0,DCHG, ,
28002.6,1,1,1,1,4,17990.0,-1,11.769,-11.7,-4.99,-61.48,0,0,DCHG, ,
28007.6,1,1,1,1,4,17995.0,-1,11.769,-11.7,-4.99,-61.49,0,0,DCHG, ,
28012.6,1,1,1,1,4,18000.0,-1,11.769,-11.7,-4.99,-61.51,0,0,DCHG, ,
28017.6,1,1,1,1,4,18005.0,-1,11.768,-11.7,-5,-61.52,0,0,DCHG, ,
28022.6,1,1,1,1,4,18010.0,-1,11.768,-11.7,-5,-61.54,0,0,DCHG, ,
28027.6,1,1,1,1,4,18015.0,-1,11.767,-11.7,-5,-61.56,0,0,DCHG, ,
28032.6,1,1,1,1,4,18020.0,-1,11.767,-11.7,-5,-61.57,0,0,DCHG, ,
28037.6,1,1,1,1,4,18025.0,-1,11.767,-11.7,-5,-61.59,0,0,DCHG, ,
28042.6,1,1,1,1,4,18030.0,-1,11.767,-11.7,-5,-61.61,0,0,DCHG, ,
28047.6,1,1,1,1,4,18035.0,-1,11.766,-11.7,-5,-61.62,0,0,DCHG, ,
28052.6,1,1,1,1,4,18040.0,-1,11.766,-11.7,-5.01,-61.64,0,0,DCHG, ,
28057.6,1,1,1,1,4,18045.0,-1,11.766,-11.7,-5.01,-61.65,0,0,DCHG, ,
28062.6,1,1,1,1,4,18050.0,-1,11.765,-11.7,-5.01,-61.67,0,0,DCHG, ,
28067.6,1,1,1,1,4,18055.0,-1,11.765,-11.7,-5.01,-61.69,0,0,DCHG, ,
28072.6,1,1,1,1,4,18060.0,-1,11.765,-11.7,-5.01,-61.7,0,0,DCHG, ,
28077.6,1,1,1,1,4,18065.0,-1,11.764,-11.7,-5.01,-61.72,0,0,DCHG, ,
28082.6,1,1,1,1,4,18070.0,-1,11.764,-11.7,-5.01,-61.74,0,0,DCHG, ,
28087.6,1,1,1,1,4,18075.0,-1,11.764,-11.7,-5.01,-61.75,0,0,DCHG, ,
28092.6,1,1,1,1,4,18080.0,-1,11.763,-11.7,-5.02,-61.77,0,0,DCHG, ,
28097.6,1,1,1,1,4,18085.0,-1,11.763,-11.7,-5.02,-61.78,0,0,DCHG, ,
28102.6,1,1,1,1,4,18090.0,-1,11.762,-11.7,-5.02,-61.8,0,0,DCHG, ,
28107.6,1,1,1,1,4,18095.0,-1,11.762,-11.7,-5.02,-61.82,0,0,DCHG, ,
28112.6,1,1,1,1,4,18100.0,-1,11.762,-11.7,-5.02,-61.83,0,0,DCHG, ,
28117.6,1,1,1,1,4,18105.0,-1,11.761,-11.7,-5.02,-61.85,0,0,DCHG, ,
28122.6,1,1,1,1,4,18110.0,-1,11.761,-11.7,-5.02,-61.87,0,0,DCHG, ,
28127.6,1,1,1,1,4,18115.0,-1,11.761,-11.7,-5.03,-61.88,0,0,DCHG, ,
28132.6,1,1,1,1,4,18120.0,-1,11.76,-11.7,-5.03,-61.9,0,0,DCHG, ,
28137.6,1,1,1,1,4,18125.0,-1,11.76,-11.7,-5.03,-61.91,0,0,DCHG, ,
28142.6,1,1,1,1,4,18130.0,-1,11.759,-11.7,-5.03,-61.93,0,0,DCHG, ,
28147.6,1,1,1,1,4,18135.0,-1,11.759,-11.7,-5.03,-61.95,0,0,DCHG, ,
28152.6,1,1,1,1,4,18140.0,-1,11.759,-11.7,-5.03,-61.96,0,0,DCHG, ,
28157.6,1,1,1,1,4,18145.0,-1,11.758,-11.7,-5.03,-61.98,0,0,DCHG, ,
28162.6,1,1,1,1,4,18150.0,-1,11.758,-11.7,-5.04,-62,0,0,DCHG, ,
28167.6,1,1,1,1,4,18155.0,-1,11.758,-11.7,-5.04,-62.01,0,0,DCHG, ,
28172.6,1,1,1,1,4,18160.0,-1,11.758,-11.7,-5.04,-62.03,0,0,DCHG, ,
28177.6,1,1,1,1,4,18165.0,-1,11.756,-11.7,-5.04,-62.04,0,0,DCHG, ,
28182.6,1,1,1,1,4,18170.0,-1,11.756,-11.7,-5.04,-62.06,0,0,DCHG, ,
28187.6,1,1,1,1,4,18175.0,-1,11.756,-11.7,-5.04,-62.08,0,0,DCHG, ,
28192.6,1,1,1,1,4,18180.0,-1,11.756,-11.7,-5.04,-62.09,0,0,DCHG, ,
28197.6,1,1,1,1,4,18185.0,-1,11.755,-11.7,-5.05,-62.11,0,0,DCHG, ,
28202.6,1,1,1,1,4,18190.0,-1,11.755,-11.7,-5.05,-62.13,0,0,DCHG, ,
28207.6,1,1,1,1,4,18195.0,-1,11.755,-11.7,-5.05,-62.14,0,0,DCHG, ,
28212.6,1,1,1,1,4,18200.0,-1,11.755,-11.7,-5.05,-62.16,0,0,DCHG, ,
28217.6,1,1,1,1,4,18205.0,-1,11.754,-11.7,-5.05,-62.17,0,0,DCHG, ,
28222.6,1,1,1,1,4,18210.0,-1,11.754,-11.7,-5.05,-62.19,0,0,DCHG, ,
28227.6,1,1,1,1,4,18215.0,-1,11.753,-11.7,-5.05,-62.21,0,0,DCHG, ,
28232.6,1,1,1,1,4,18220.0,-1,11.753,-11.7,-5.06,-62.22,0,0,DCHG, ,
28237.6,1,1,1,1,4,18225.0,-1,11.753,-11.7,-5.06,-62.24,0,0,DCHG, ,
28242.6,1,1,1,1,4,18230.0,-1,11.753,-11.7,-5.06,-62.26,0,0,DCHG, ,
28247.6,1,1,1,1,4,18235.0,-1,11.752,-11.7,-5.06,-62.27,0,0,DCHG, ,
28252.6,1,1,1,1,4,18240.0,-1,11.752,-11.7,-5.06,-62.29,0,0,DCHG, ,
28257.6,1,1,1,1,4,18245.0,-1,11.752,-11.7,-5.06,-62.3,0,0,DCHG, ,
28262.6,1,1,1,1,4,18250.0,-1,11.751,-11.7,-5.06,-62.32,0,0,DCHG, ,
28267.6,1,1,1,1,4,18255.0,-1,11.75,-11.7,-5.06,-62.34,0,0,DCHG, ,
28272.6,1,1,1,1,4,18260.0,-1,11.75,-11.7,-5.07,-62.35,0,0,DCHG, ,
28277.6,1,1,1,1,4,18265.0,-1,11.75,-11.7,-5.07,-62.37,0,0,DCHG, ,
28282.6,1,1,1,1,4,18270.0,-1,11.75,-11.7,-5.07,-62.39,0,0,DCHG, ,
28287.6,1,1,1,1,4,18275.0,-1,11.749,-11.7,-5.07,-62.4,0,0,DCHG, ,
28292.6,1,1,1,1,4,18280.0,-1,11.748,-11.7,-5.07,-62.42,0,0,DCHG, ,
28297.6,1,1,1,1,4,18285.0,-1,11.748,-11.7,-5.07,-62.43,0,0,DCHG, ,
28302.6,1,1,1,1,4,18290.0,-1,11.748,-11.7,-5.07,-62.45,0,0,DCHG, ,
28307.6,1,1,1,1,4,18295.0,-1,11.747,-11.7,-5.08,-62.47,0,0,DCHG, ,
28312.6,1,1,1,1,4,18300.0,-1,11.747,-11.7,-5.08,-62.48,0,0,DCHG, ,
28317.6,1,1,1,1,4,18305.0,-1,11.747,-11.7,-5.08,-62.5,0,0,DCHG, ,
28322.6,1,1,1,1,4,18310.0,-1,11.747,-11.7,-5.08,-62.52,0,0,DCHG, ,
28327.6,1,1,1,1,4,18315.0,-1,11.746,-11.7,-5.08,-62.53,0,0,DCHG, ,
28332.6,1,1,1,1,4,18320.0,-1,11.746,-11.7,-5.08,-62.55,0,0,DCHG, ,
28337.6,1,1,1,1,4,18325.0,-0.99,11.746,-11.6,-5.08,-62.56,0,0,DCHG, ,
28342.6,1,1,1,1,4,18330.0,-1,11.745,-11.7,-5.09,-62.58,0,0,DCHG, ,
28347.6,1,1,1,1,4,18335.0,-1,11.745,-11.7,-5.09,-62.6,0,0,DCHG, ,
28352.6,1,1,1,1,4,18340.0,-1,11.745,-11.7,-5.09,-62.61,0,0,DCHG, ,
28357.6,1,1,1,1,4,18345.0,-1,11.744,-11.7,-5.09,-62.63,0,0,DCHG, ,
28362.6,1,1,1,1,4,18350.0,-1,11.744,-11.7,-5.09,-62.65,0,0,DCHG, ,
28367.6,1,1,1,1,4,18355.0,-1,11.744,-11.7,-5.09,-62.66,0,0,DCHG, ,
28372.6,1,1,1,1,4,18360.0,-1,11.743,-11.7,-5.09,-62.68,0,0,DCHG, ,
28377.6,1,1,1,1,4,18365.0,-1,11.743,-11.7,-5.1,-62.69,0,0,DCHG, ,
28382.6,1,1,1,1,4,18370.0,-1,11.742,-11.7,-5.1,-62.71,0,0,DCHG, ,
28387.6,1,1,1,1,4,18375.0,-1,11.742,-11.7,-5.1,-62.73,0,0,DCHG, ,
28392.6,1,1,1,1,4,18380.0,-1,11.742,-11.7,-5.1,-62.74,0,0,DCHG, ,
28397.6,1,1,1,1,4,18385.0,-1,11.742,-11.7,-5.1,-62.76,0,0,DCHG, ,
28402.6,1,1,1,1,4,18390.0,-1,11.741,-11.7,-5.1,-62.78,0,0,DCHG, ,
28407.6,1,1,1,1,4,18395.0,-1,11.741,-11.7,-5.1,-62.79,0,0,DCHG, ,
28412.6,1,1,1,1,4,18400.0,-1,11.74,-11.7,-5.11,-62.81,0,0,DCHG, ,
28417.6,1,1,1,1,4,18405.0,-1,11.74,-11.7,-5.11,-62.82,0,0,DCHG, ,
28422.6,1,1,1,1,4,18410.0,-1,11.74,-11.7,-5.11,-62.84,0,0,DCHG, ,
28427.6,1,1,1,1,4,18415.0,-1,11.739,-11.7,-5.11,-62.86,0,0,DCHG, ,
28432.6,1,1,1,1,4,18420.0,-1,11.739,-11.7,-5.11,-62.87,0,0,DCHG, ,
28437.6,1,1,1,1,4,18425.0,-1,11.738,-11.7,-5.11,-62.89,0,0,DCHG, ,
28442.6,1,1,1,1,4,18430.0,-1,11.738,-11.7,-5.11,-62.91,0,0,DCHG, ,
28447.6,1,1,1,1,4,18435.0,-1,11.738,-11.7,-5.11,-62.92,0,0,DCHG, ,
28452.6,1,1,1,1,4,18440.0,-1,11.738,-11.7,-5.12,-62.94,0,0,DCHG, ,
28457.6,1,1,1,1,4,18445.0,-1,11.737,-11.7,-5.12,-62.95,0,0,DCHG, ,
28462.6,1,1,1,1,4,18450.0,-1,11.737,-11.7,-5.12,-62.97,0,0,DCHG, ,
28467.6,1,1,1,1,4,18455.0,-1,11.736,-11.7,-5.12,-62.99,0,0,DCHG, ,
28472.6,1,1,1,1,4,18460.0,-1,11.736,-11.7,-5.12,-63,0,0,DCHG, ,
28477.6,1,1,1,1,4,18465.0,-1,11.735,-11.7,-5.12,-63.02,0,0,DCHG, ,
28482.6,1,1,1,1,4,18470.0,-1,11.735,-11.7,-5.12,-63.04,0,0,DCHG, ,
28487.6,1,1,1,1,4,18475.0,-1,11.735,-11.7,-5.13,-63.05,0,0,DCHG, ,
28492.6,1,1,1,1,4,18480.0,-1,11.734,-11.7,-5.13,-63.07,0,0,DCHG, ,
28497.6,1,1,1,1,4,18485.0,-1,11.734,-11.7,-5.13,-63.08,0,0,DCHG, ,
28502.6,1,1,1,1,4,18490.0,-1,11.734,-11.7,-5.13,-63.1,0,0,DCHG, ,
28507.6,1,1,1,1,4,18495.0,-1,11.733,-11.7,-5.13,-63.12,0,0,DCHG, ,
28512.6,1,1,1,1,4,18500.0,-1,11.733,-11.7,-5.13,-63.13,0,0,DCHG, ,
28517.6,1,1,1,1,4,18505.0,-1,11.733,-11.7,-5.13,-63.15,0,0,DCHG, ,
28522.6,1,1,1,1,4,18510.0,-1,11.732,-11.7,-5.14,-63.17,0,0,DCHG, ,
28527.6,1,1,1,1,4,18515.0,-1,11.732,-11.7,-5.14,-63.18,0,0,DCHG, ,
28532.6,1,1,1,1,4,18520.0,-1,11.731,-11.7,-5.14,-63.2,0,0,DCHG, ,
28537.6,1,1,1,1,4,18525.0,-1,11.731,-11.7,-5.14,-63.21,0,0,DCHG, ,
28542.6,1,1,1,1,4,18530.0,-1,11.731,-11.7,-5.14,-63.23,0,0,DCHG, ,
28547.6,1,1,1,1,4,18535.0,-1,11.73,-11.7,-5.14,-63.25,0,0,DCHG, ,
28552.6,1,1,1,1,4,18540.0,-1,11.73,-11.7,-5.14,-63.26,0,0,DCHG, ,
28557.6,1,1,1,1,4,18545.0,-1,11.73,-11.7,-5.15,-63.28,0,0,DCHG, ,
28562.6,1,1,1,1,4,18550.0,-1,11.729,-11.7,-5.15,-63.3,0,0,DCHG, ,
28567.6,1,1,1,1,4,18555.0,-0.99,11.73,-11.6,-5.15,-63.31,0,0,DCHG, ,
28572.6,1,1,1,1,4,18560.0,-1,11.728,-11.7,-5.15,-63.33,0,0,DCHG, ,
28577.6,1,1,1,1,4,18565.0,-1,11.728,-11.7,-5.15,-63.34,0,0,DCHG, ,
28582.6,1,1,1,1,4,18570.0,-1,11.728,-11.7,-5.15,-63.36,0,0,DCHG, ,
28587.6,1,1,1,1,4,18575.0,-1,11.728,-11.7,-5.15,-63.38,0,0,DCHG, ,
28592.6,1,1,1,1,4,18580.0,-1,11.727,-11.7,-5.16,-63.39,0,0,DCHG, ,
28597.6,1,1,1,1,4,18585.0,-1,11.727,-11.7,-5.16,-63.41,0,0,DCHG, ,
28602.6,1,1,1,1,4,18590.0,-1,11.727,-11.7,-5.16,-63.43,0,0,DCHG, ,
28607.6,1,1,1,1,4,18595.0,-1,11.726,-11.7,-5.16,-63.44,0,0,DCHG, ,
28612.6,1,1,1,1,4,18600.0,-1,11.726,-11.7,-5.16,-63.46,0,0,DCHG, ,
28617.6,1,1,1,1,4,18605.0,-1,11.725,-11.7,-5.16,-63.47,0,0,DCHG, ,
28622.6,1,1,1,1,4,18610.0,-1,11.725,-11.7,-5.16,-63.49,0,0,DCHG, ,
28627.6,1,1,1,1,4,18615.0,-1,11.725,-11.7,-5.16,-63.51,0,0,DCHG, ,
28632.6,1,1,1,1,4,18620.0,-1,11.725,-11.7,-5.17,-63.52,0,0,DCHG, ,
28637.6,1,1,1,1,4,18625.0,-1,11.724,-11.7,-5.17,-63.54,0,0,DCHG, ,
28642.6,1,1,1,1,4,18630.0,-1,11.723,-11.7,-5.17,-63.56,0,0,DCHG, ,
28647.6,1,1,1,1,4,18635.0,-1,11.723,-11.7,-5.17,-63.57,0,0,DCHG, ,
28652.6,1,1,1,1,4,18640.0,-1,11.723,-11.7,-5.17,-63.59,0,0,DCHG, ,
28657.6,1,1,1,1,4,18645.0,-1,11.723,-11.7,-5.17,-63.6,0,0,DCHG, ,
28662.6,1,1,1,1,4,18650.0,-1,11.722,-11.7,-5.17,-63.62,0,0,DCHG, ,
28667.6,1,1,1,1,4,18655.0,-1,11.721,-11.7,-5.18,-63.64,0,0,DCHG, ,
28672.6,1,1,1,1,4,18660.0,-1,11.721,-11.7,-5.18,-63.65,0,0,DCHG, ,
28677.6,1,1,1,1,4,18665.0,-1,11.721,-11.7,-5.18,-63.67,0,0,DCHG, ,
28682.6,1,1,1,1,4,18670.0,-1,11.721,-11.7,-5.18,-63.69,0,0,DCHG, ,
28687.6,1,1,1,1,4,18675.0,-1,11.72,-11.7,-5.18,-63.7,0,0,DCHG, ,
28692.6,1,1,1,1,4,18680.0,-1,11.72,-11.7,-5.18,-63.72,0,0,DCHG, ,
28697.6,1,1,1,1,4,18685.0,-1,11.72,-11.7,-5.18,-63.73,0,0,DCHG, ,
28702.6,1,1,1,1,4,18690.0,-1,11.719,-11.7,-5.19,-63.75,0,0,DCHG, ,
28707.6,1,1,1,1,4,18695.0,-1,11.719,-11.7,-5.19,-63.77,0,0,DCHG, ,
28712.6,1,1,1,1,4,18700.0,-1,11.718,-11.7,-5.19,-63.78,0,0,DCHG, ,
28717.6,1,1,1,1,4,18705.0,-1,11.718,-11.6,-5.19,-63.8,0,0,DCHG, ,
28722.6,1,1,1,1,4,18710.0,-1,11.718,-11.7,-5.19,-63.82,0,0,DCHG, ,
28727.6,1,1,1,1,4,18715.0,-1,11.717,-11.7,-5.19,-63.83,0,0,DCHG, ,
28732.6,1,1,1,1,4,18720.0,-1,11.717,-11.6,-5.19,-63.85,0,0,DCHG, ,
28737.6,1,1,1,1,4,18725.0,-0.99,11.717,-11.6,-5.2,-63.86,0,0,DCHG, ,
28742.6,1,1,1,1,4,18730.0,-1,11.716,-11.6,-5.2,-63.88,0,0,DCHG, ,
28747.6,1,1,1,1,4,18735.0,-1,11.716,-11.7,-5.2,-63.9,0,0,DCHG, ,
28752.6,1,1,1,1,4,18740.0,-1,11.715,-11.6,-5.2,-63.91,0,0,DCHG, ,
28757.6,1,1,1,1,4,18745.0,-1,11.715,-11.6,-5.2,-63.93,0,0,DCHG, ,
28762.6,1,1,1,1,4,18750.0,-1,11.715,-11.6,-5.2,-63.94,0,0,DCHG, ,
28767.6,1,1,1,1,4,18755.0,-1,11.715,-11.7,-5.2,-63.96,0,0,DCHG, ,
28772.6,1,1,1,1,4,18760.0,-1,11.714,-11.7,-5.21,-63.98,0,0,DCHG, ,
28777.6,1,1,1,1,4,18765.0,-1,11.714,-11.6,-5.21,-63.99,0,0,DCHG, ,
28782.6,1,1,1,1,4,18770.0,-1,11.713,-11.7,-5.21,-64.01,0,0,DCHG, ,
28787.6,1,1,1,1,4,18775.0,-1,11.713,-11.6,-5.21,-64.03,0,0,DCHG, ,
28792.6,1,1,1,1,4,18780.0,-1,11.712,-11.6,-5.21,-64.04,0,0,DCHG, ,
28797.6,1,1,1,1,4,18785.0,-1,11.713,-11.6,-5.21,-64.06,0,0,DCHG, ,
28802.6,1,1,1,1,4,18790.0,-1,11.712,-11.6,-5.21,-64.07,0,0,DCHG, ,
28807.6,1,1,1,1,4,18795.0,-1,11.711,-11.6,-5.21,-64.09,0,0,DCHG, ,
28812.6,1,1,1,1,4,18800.0,-1,11.711,-11.7,-5.22,-64.11,0,0,DCHG, ,
28817.6,1,1,1,1,4,18805.0,-1,11.711,-11.6,-5.22,-64.12,0,0,DCHG, ,
28822.6,1,1,1,1,4,18810.0,-1,11.71,-11.6,-5.22,-64.14,0,0,DCHG, ,
28827.6,1,1,1,1,4,18815.0,-1,11.71,-11.7,-5.22,-64.16,0,0,DCHG, ,
28832.6,1,1,1,1,4,18820.0,-1,11.709,-11.7,-5.22,-64.17,0,0,DCHG, ,
28837.6,1,1,1,1,4,18825.0,-1,11.709,-11.6,-5.22,-64.19,0,0,DCHG, ,
28842.6,1,1,1,1,4,18830.0,-1,11.709,-11.7,-5.22,-64.2,0,0,DCHG, ,
28847.6,1,1,1,1,4,18835.0,-1,11.708,-11.6,-5.23,-64.22,0,0,DCHG, ,
28852.6,1,1,1,1,4,18840.0,-1,11.708,-11.7,-5.23,-64.24,0,0,DCHG, ,
28857.6,1,1,1,1,4,18845.0,-1,11.708,-11.7,-5.23,-64.25,0,0,DCHG, ,
28862.6,1,1,1,1,4,18850.0,-1,11.707,-11.6,-5.23,-64.27,0,0,DCHG, ,
28867.6,1,1,1,1,4,18855.0,-1,11.707,-11.7,-5.23,-64.28,0,0,DCHG, ,
28872.6,1,1,1,1,4,18860.0,-1,11.706,-11.6,-5.23,-64.3,0,0,DCHG, ,
28877.6,1,1,1,1,4,18865.0,-1,11.706,-11.7,-5.23,-64.32,0,0,DCHG, ,
28882.6,1,1,1,1,4,18870.0,-0.99,11.706,-11.6,-5.24,-64.33,0,0,DCHG, ,
28887.6,1,1,1,1,4,18875.0,-1,11.705,-11.6,-5.24,-64.35,0,0,DCHG, ,
28892.6,1,1,1,1,4,18880.0,-0.99,11.706,-11.6,-5.24,-64.37,0,0,DCHG, ,
28897.6,1,1,1,1,4,18885.0,-1,11.705,-11.7,-5.24,-64.38,0,0,DCHG, ,
28902.6,1,1,1,1,4,18890.0,-1,11.705,-11.7,-5.24,-64.4,0,0,DCHG, ,
28907.6,1,1,1,1,4,18895.0,-1,11.704,-11.7,-5.24,-64.41,0,0,DCHG, ,
28912.6,1,1,1,1,4,18900.0,-1,11.704,-11.7,-5.24,-64.43,0,0,DCHG, ,
28917.6,1,1,1,1,4,18905.0,-1,11.703,-11.6,-5.25,-64.45,0,0,DCHG, ,
28922.6,1,1,1,1,4,18910.0,-1,11.703,-11.7,-5.25,-64.46,0,0,DCHG, ,
28927.6,1,1,1,1,4,18915.0,-1,11.703,-11.7,-5.25,-64.48,0,0,DCHG, ,
28932.6,1,1,1,1,4,18920.0,-1,11.702,-11.6,-5.25,-64.49,0,0,DCHG, ,
28937.6,1,1,1,1,4,18925.0,-1,11.702,-11.6,-5.25,-64.51,0,0,DCHG, ,
28942.6,1,1,1,1,4,18930.0,-1,11.701,-11.6,-5.25,-64.53,0,0,DCHG, ,
28947.6,1,1,1,1,4,18935.0,-1,11.701,-11.6,-5.25,-64.54,0,0,DCHG, ,
28952.6,1,1,1,1,4,18940.0,-1,11.701,-11.7,-5.26,-64.56,0,0,DCHG, ,
28957.6,1,1,1,1,4,18945.0,-1,11.7,-11.6,-5.26,-64.58,0,0,DCHG, ,
28962.6,1,1,1,1,4,18950.0,-1,11.7,-11.6,-5.26,-64.59,0,0,DCHG, ,
28967.6,1,1,1,1,4,18955.0,-1,11.7,-11.6,-5.26,-64.61,0,0,DCHG, ,
28972.6,1,1,1,1,4,18960.0,-1,11.699,-11.6,-5.26,-64.62,0,0,DCHG, ,
28977.6,1,1,1,1,4,18965.0,-1,11.699,-11.6,-5.26,-64.64,0,0,DCHG, ,
28982.6,1,1,1,1,4,18970.0,-1,11.699,-11.6,-5.26,-64.66,0,0,DCHG, ,
28987.6,1,1,1,1,4,18975.0,-1,11.698,-11.6,-5.26,-64.67,0,0,DCHG, ,
28992.6,1,1,1,1,4,18980.0,-1,11.698,-11.6,-5.27,-64.69,0,0,DCHG, ,
28997.6,1,1,1,1,4,18985.0,-1,11.698,-11.6,-5.27,-64.7,0,0,DCHG, ,
29002.6,1,1,1,1,4,18990.0,-1,11.697,-11.6,-5.27,-64.72,0,0,DCHG, ,
29007.6,1,1,1,1,4,18995.0,-1,11.697,-11.6,-5.27,-64.74,0,0,DCHG, ,
29012.6,1,1,1,1,4,19000.0,-1,11.696,-11.6,-5.27,-64.75,0,0,DCHG, ,
29017.6,1,1,1,1,4,19005.0,-1,11.696,-11.6,-5.27,-64.77,0,0,DCHG, ,
29022.6,1,1,1,1,4,19010.0,-1,11.695,-11.6,-5.27,-64.78,0,0,DCHG, ,
29027.6,1,1,1,1,4,19015.0,-1,11.695,-11.6,-5.28,-64.8,0,0,DCHG, ,
29032.6,1,1,1,1,4,19020.0,-1,11.695,-11.6,-5.28,-64.82,0,0,DCHG, ,
29037.6,1,1,1,1,4,19025.0,-1,11.694,-11.6,-5.28,-64.83,0,0,DCHG, ,
29042.6,1,1,1,1,4,19030.0,-1,11.694,-11.6,-5.28,-64.85,0,0,DCHG, ,
29047.6,1,1,1,1,4,19035.0,-1,11.694,-11.6,-5.28,-64.87,0,0,DCHG, ,
29052.6,1,1,1,1,4,19040.0,-1,11.694,-11.6,-5.28,-64.88,0,0,DCHG, ,
29057.6,1,1,1,1,4,19045.0,-1,11.692,-11.6,-5.28,-64.9,0,0,DCHG, ,
29062.6,1,1,1,1,4,19050.0,-1,11.692,-11.6,-5.29,-64.91,0,0,DCHG, ,
29067.6,1,1,1,1,4,19055.0,-1,11.692,-11.6,-5.29,-64.93,0,0,DCHG, ,
29072.6,1,1,1,1,4,19060.0,-1,11.692,-11.6,-5.29,-64.95,0,0,DCHG, ,
29077.6,1,1,1,1,4,19065.0,-1,11.691,-11.6,-5.29,-64.96,0,0,DCHG, ,
29082.6,1,1,1,1,4,19070.0,-1,11.691,-11.6,-5.29,-64.98,0,0,DCHG, ,
29087.6,1,1,1,1,4,19075.0,-1,11.691,-11.6,-5.29,-64.99,0,0,DCHG, ,
29092.6,1,1,1,1,4,19080.0,-1,11.691,-11.6,-5.29,-65.01,0,0,DCHG, ,
29097.6,1,1,1,1,4,19085.0,-1,11.69,-11.6,-5.3,-65.03,0,0,DCHG, ,
29102.6,1,1,1,1,4,19090.0,-1,11.69,-11.6,-5.3,-65.04,0,0,DCHG, ,
29107.6,1,1,1,1,4,19095.0,-1,11.689,-11.6,-5.3,-65.06,0,0,DCHG, ,
29112.6,1,1,1,1,4,19100.0,-1,11.689,-11.6,-5.3,-65.07,0,0,DCHG, ,
29117.6,1,1,1,1,4,19105.0,-1,11.689,-11.6,-5.3,-65.09,0,0,DCHG, ,
29122.6,1,1,1,1,4,19110.0,-1,11.688,-11.6,-5.3,-65.11,0,0,DCHG, ,
29127.6,1,1,1,1,4,19115.0,-1,11.688,-11.6,-5.3,-65.12,0,0,DCHG, ,
29132.6,1,1,1,1,4,19120.0,-1,11.688,-11.6,-5.31,-65.14,0,0,DCHG, ,
29137.6,1,1,1,1,4,19125.0,-1,11.687,-11.6,-5.31,-65.16,0,0,DCHG, ,
29142.6,1,1,1,1,4,19130.0,-1,11.687,-11.6,-5.31,-65.17,0,0,DCHG, ,
29147.6,1,1,1,1,4,19135.0,-1,11.686,-11.6,-5.31,-65.19,0,0,DCHG, ,
29152.6,1,1,1,1,4,19140.0,-1,11.686,-11.6,-5.31,-65.2,0,0,DCHG, ,
29157.6,1,1,1,1,4,19145.0,-1,11.686,-11.6,-5.31,-65.22,0,0,DCHG, ,
29162.6,1,1,1,1,4,19150.0,-1,11.685,-11.6,-5.31,-65.24,0,0,DCHG, ,
29167.6,1,1,1,1,4,19155.0,-1,11.685,-11.6,-5.31,-65.25,0,0,DCHG, ,
29172.6,1,1,1,1,4,19160.0,-1,11.685,-11.6,-5.32,-65.27,0,0,DCHG, ,
29177.6,1,1,1,1,4,19165.0,-1,11.684,-11.6,-5.32,-65.28,0,0,DCHG, ,
29182.6,1,1,1,1,4,19170.0,-1,11.684,-11.6,-5.32,-65.3,0,0,DCHG, ,
29187.6,1,1,1,1,4,19175.0,-1,11.683,-11.6,-5.32,-65.32,0,0,DCHG, ,
29192.6,1,1,1,1,4,19180.0,-1,11.683,-11.6,-5.32,-65.33,0,0,DCHG, ,
29197.6,1,1,1,1,4,19185.0,-1,11.682,-11.6,-5.32,-65.35,0,0,DCHG, ,
29202.6,1,1,1,1,4,19190.0,-1,11.682,-11.6,-5.32,-65.36,0,0,DCHG, ,
29207.6,1,1,1,1,4,19195.0,-1,11.681,-11.6,-5.33,-65.38,0,0,DCHG, ,
29212.6,1,1,1,1,4,19200.0,-1,11.681,-11.6,-5.33,-65.4,0,0,DCHG, ,
29217.6,1,1,1,1,4,19205.0,-1,11.681,-11.6,-5.33,-65.41,0,0,DCHG, ,
29222.6,1,1,1,1,4,19210.0,-1,11.681,-11.6,-5.33,-65.43,0,0,DCHG, ,
29227.6,1,1,1,1,4,19215.0,-1,11.68,-11.6,-5.33,-65.45,0,0,DCHG, ,
29232.6,1,1,1,1,4,19220.0,-1,11.68,-11.6,-5.33,-65.46,0,0,DCHG, ,
29237.6,1,1,1,1,4,19225.0,-1,11.679,-11.6,-5.33,-65.48,0,0,DCHG, ,
29242.6,1,1,1,1,4,19230.0,-1,11.679,-11.6,-5.34,-65.49,0,0,DCHG, ,
29247.6,1,1,1,1,4,19235.0,-1,11.679,-11.6,-5.34,-65.51,0,0,DCHG, ,
29252.6,1,1,1,1,4,19240.0,-0.99,11.678,-11.5,-5.34,-65.53,0,0,DCHG, ,
29257.6,1,1,1,1,4,19245.0,-1,11.678,-11.6,-5.34,-65.54,0,0,DCHG, ,
29262.6,1,1,1,1,4,19250.0,-1,11.678,-11.6,-5.34,-65.56,0,0,DCHG, ,
29267.6,1,1,1,1,4,19255.0,-1,11.677,-11.6,-5.34,-65.57,0,0,DCHG, ,
29272.6,1,1,1,1,4,19260.0,-1,11.677,-11.6,-5.34,-65.59,0,0,DCHG, ,
29277.6,1,1,1,1,4,19265.0,-1,11.677,-11.6,-5.35,-65.61,0,0,DCHG, ,
29282.6,1,1,1,1,4,19270.0,-1,11.676,-11.6,-5.35,-65.62,0,0,DCHG, ,
29287.6,1,1,1,1,4,19275.0,-1,11.676,-11.6,-5.35,-65.64,0,0,DCHG, ,
29292.6,1,1,1,1,4,19280.0,-1,11.675,-11.6,-5.35,-65.65,0,0,DCHG, ,
29297.6,1,1,1,1,4,19285.0,-1,11.675,-11.6,-5.35,-65.67,0,0,DCHG, ,
29302.6,1,1,1,1,4,19290.0,-1,11.675,-11.6,-5.35,-65.69,0,0,DCHG, ,
29307.6,1,1,1,1,4,19295.0,-1,11.675,-11.6,-5.35,-65.7,0,0,DCHG, ,
29312.6,1,1,1,1,4,19300.0,-1,11.674,-11.6,-5.36,-65.72,0,0,DCHG, ,
29317.6,1,1,1,1,4,19305.0,-1,11.674,-11.6,-5.36,-65.74,0,0,DCHG, ,
29322.6,1,1,1,1,4,19310.0,-1,11.674,-11.6,-5.36,-65.75,0,0,DCHG, ,
29327.6,1,1,1,1,4,19315.0,-1,11.673,-11.6,-5.36,-65.77,0,0,DCHG, ,
29332.6,1,1,1,1,4,19320.0,-1,11.672,-11.6,-5.36,-65.78,0,0,DCHG, ,
29337.6,1,1,1,1,4,19325.0,-1,11.672,-11.6,-5.36,-65.8,0,0,DCHG, ,
29342.6,1,1,1,1,4,19330.0,-1,11.672,-11.6,-5.36,-65.82,0,0,DCHG, ,
29347.6,1,1,1,1,4,19335.0,-1,11.671,-11.6,-5.36,-65.83,0,0,DCHG, ,
29352.6,1,1,1,1,4,19340.0,-1,11.671,-11.6,-5.37,-65.85,0,0,DCHG, ,
29357.6,1,1,1,1,4,19345.0,-1,11.67,-11.6,-5.37,-65.86,0,0,DCHG, ,
29362.6,1,1,1,1,4,19350.0,-1,11.67,-11.6,-5.37,-65.88,0,0,DCHG, ,
29367.6,1,1,1,1,4,19355.0,-1,11.669,-11.6,-5.37,-65.9,0,0,DCHG, ,
29372.6,1,1,1,1,4,19360.0,-1,11.669,-11.6,-5.37,-65.91,0,0,DCHG, ,
29377.6,1,1,1,1,4,19365.0,-1,11.669,-11.6,-5.37,-65.93,0,0,DCHG, ,
29382.6,1,1,1,1,4,19370.0,-1,11.669,-11.6,-5.37,-65.94,0,0,DCHG, ,
29387.6,1,1,1,1,4,19375.0,-1,11.669,-11.6,-5.38,-65.96,0,0,DCHG, ,
29392.6,1,1,1,1,4,19380.0,-1,11.668,-11.6,-5.38,-65.98,0,0,DCHG, ,
29397.6,1,1,1,1,4,19385.0,-1,11.667,-11.6,-5.38,-65.99,0,0,DCHG, ,
29402.6,1,1,1,1,4,19390.0,-1,11.667,-11.6,-5.38,-66.01,0,0,DCHG, ,
29407.6,1,1,1,1,4,19395.0,-1,11.667,-11.6,-5.38,-66.03,0,0,DCHG, ,
29412.6,1,1,1,1,4,19400.0,-1,11.666,-11.6,-5.38,-66.04,0,0,DCHG, ,
29417.6,1,1,1,1,4,19405.0,-1,11.666,-11.6,-5.38,-66.06,0,0,DCHG, ,
29422.6,1,1,1,1,4,19410.0,-1,11.666,-11.6,-5.39,-66.07,0,0,DCHG, ,
29427.6,1,1,1,1,4,19415.0,-1,11.665,-11.6,-5.39,-66.09,0,0,DCHG, ,
29432.6,1,1,1,1,4,19420.0,-1,11.665,-11.6,-5.39,-66.11,0,0,DCHG, ,
29437.6,1,1,1,1,4,19425.0,-1,11.664,-11.6,-5.39,-66.12,0,0,DCHG, ,
29442.6,1,1,1,1,4,19430.0,-1,11.664,-11.6,-5.39,-66.14,0,0,DCHG, ,
29447.6,1,1,1,1,4,19435.0,-1,11.663,-11.6,-5.39,-66.15,0,0,DCHG, ,
29452.6,1,1,1,1,4,19440.0,-1,11.663,-11.6,-5.39,-66.17,0,0,DCHG, ,
29457.6,1,1,1,1,4,19445.0,-1,11.663,-11.6,-5.4,-66.19,0,0,DCHG, ,
29462.6,1,1,1,1,4,19450.0,-1,11.662,-11.6,-5.4,-66.2,0,0,DCHG, ,
29467.6,1,1,1,1,4,19455.0,-1,11.662,-11.6,-5.4,-66.22,0,0,DCHG, ,
29472.6,1,1,1,1,4,19460.0,-1,11.661,-11.6,-5.4,-66.23,0,0,DCHG, ,
29477.6,1,1,1,1,4,19465.0,-1,11.662,-11.6,-5.4,-66.25,0,0,DCHG, ,
29482.6,1,1,1,1,4,19470.0,-1,11.661,-11.6,-5.4,-66.27,0,0,DCHG, ,
29487.6,1,1,1,1,4,19475.0,-1,11.661,-11.6,-5.4,-66.28,0,0,DCHG, ,
29492.6,1,1,1,1,4,19480.0,-1,11.66,-11.6,-5.41,-66.3,0,0,DCHG, ,
29497.6,1,1,1,1,4,19485.0,-1,11.66,-11.6,-5.41,-66.32,0,0,DCHG, ,
29502.6,1,1,1,1,4,19490.0,-1,11.66,-11.6,-5.41,-66.33,0,0,DCHG, ,
29507.6,1,1,1,1,4,19495.0,-1,11.66,-11.6,-5.41,-66.35,0,0,DCHG, ,
29512.6,1,1,1,1,4,19500.0,-1,11.659,-11.6,-5.41,-66.36,0,0,DCHG, ,
29517.6,1,1,1,1,4,19505.0,-1,11.658,-11.6,-5.41,-66.38,0,0,DCHG, ,
29522.6,1,1,1,1,4,19510.0,-1,11.658,-11.6,-5.41,-66.4,0,0,DCHG, ,
29527.6,1,1,1,1,4,19515.0,-1,11.658,-11.6,-5.41,-66.41,0,0,DCHG, ,
29532.6,1,1,1,1,4,19520.0,-1,11.657,-11.6,-5.42,-66.43,0,0,DCHG, ,
29537.6,1,1,1,1,4,19525.0,-1,11.656,-11.6,-5.42,-66.44,0,0,DCHG, ,
29542.6,1,1,1,1,4,19530.0,-1,11.656,-11.6,-5.42,-66.46,0,0,DCHG, ,
29547.6,1,1,1,1,4,19535.0,-1,11.656,-11.6,-5.42,-66.48,0,0,DCHG, ,
29552.6,1,1,1,1,4,19540.0,-1,11.655,-11.6,-5.42,-66.49,0,0,DCHG, ,
29557.6,1,1,1,1,4,19545.0,-1,11.655,-11.6,-5.42,-66.51,0,0,DCHG, ,
29562.6,1,1,1,1,4,19550.0,-1,11.655,-11.6,-5.42,-66.52,0,0,DCHG, ,
29567.6,1,1,1,1,4,19555.0,-1,11.654,-11.6,-5.43,-66.54,0,0,DCHG, ,
29572.6,1,1,1,1,4,19560.0,-0.99,11.654,-11.5,-5.43,-66.56,0,0,DCHG, ,
29577.6,1,1,1,1,4,19565.0,-1,11.654,-11.6,-5.43,-66.57,0,0,DCHG, ,
29582.6,1,1,1,1,4,19570.0,-1,11.653,-11.6,-5.43,-66.59,0,0,DCHG, ,
29587.6,1,1,1,1,4,19575.0,-1,11.653,-11.6,-5.43,-66.61,0,0,DCHG, ,
29592.6,1,1,1,1,4,19580.0,-1,11.652,-11.6,-5.43,-66.62,0,0,DCHG, ,
29597.6,1,1,1,1,4,19585.0,-1,11.652,-11.6,-5.43,-66.64,0,0,DCHG, ,
29602.6,1,1,1,1,4,19590.0,-1,11.651,-11.6,-5.44,-66.65,0,0,DCHG, ,
29607.6,1,1,1,1,4,19595.0,-1,11.651,-11.6,-5.44,-66.67,0,0,DCHG, ,
29612.6,1,1,1,1,4,19600.0,-1,11.65,-11.6,-5.44,-66.69,0,0,DCHG, ,
29617.6,1,1,1,1,4,19605.0,-1,11.65,-11.6,-5.44,-66.7,0,0,DCHG, ,
29622.6,1,1,1,1,4,19610.0,-1,11.65,-11.6,-5.44,-66.72,0,0,DCHG, ,
29627.6,1,1,1,1,4,19615.0,-1,11.65,-11.6,-5.44,-66.73,0,0,DCHG, ,
29632.6,1,1,1,1,4,19620.0,-1,11.649,-11.6,-5.44,-66.75,0,0,DCHG, ,
29637.6,1,1,1,1,4,19625.0,-0.99,11.649,-11.5,-5.45,-66.77,0,0,DCHG, ,
29642.6,1,1,1,1,4,19630.0,-1,11.648,-11.6,-5.45,-66.78,0,0,DCHG, ,
29647.6,1,1,1,1,4,19635.0,-1,11.648,-11.6,-5.45,-66.8,0,0,DCHG, ,
29652.6,1,1,1,1,4,19640.0,-1,11.648,-11.6,-5.45,-66.81,0,0,DCHG, ,
29657.6,1,1,1,1,4,19645.0,-1,11.647,-11.6,-5.45,-66.83,0,0,DCHG, ,
29662.6,1,1,1,1,4,19650.0,-1,11.647,-11.6,-5.45,-66.85,0,0,DCHG, ,
29667.6,1,1,1,1,4,19655.0,-1,11.646,-11.6,-5.45,-66.86,0,0,DCHG, ,
29672.6,1,1,1,1,4,19660.0,-1,11.646,-11.6,-5.46,-66.88,0,0,DCHG, ,
29677.6,1,1,1,1,4,19665.0,-1,11.646,-11.6,-5.46,-66.9,0,0,DCHG, ,
29682.6,1,1,1,1,4,19670.0,-1,11.645,-11.6,-5.46,-66.91,0,0,DCHG, ,
29687.6,1,1,1,1,4,19675.0,-1,11.645,-11.6,-5.46,-66.93,0,0,DCHG, ,
29692.6,1,1,1,1,4,19680.0,-1,11.644,-11.6,-5.46,-66.94,0,0,DCHG, ,
29697.6,1,1,1,1,4,19685.0,-1,11.644,-11.6,-5.46,-66.96,0,0,DCHG, ,
29702.6,1,1,1,1,4,19690.0,-1,11.644,-11.6,-5.46,-66.98,0,0,DCHG, ,
29707.6,1,1,1,1,4,19695.0,-1,11.643,-11.6,-5.46,-66.99,0,0,DCHG, ,
29712.6,1,1,1,1,4,19700.0,-1,11.643,-11.6,-5.47,-67.01,0,0,DCHG, ,
29717.6,1,1,1,1,4,19705.0,-1,11.642,-11.6,-5.47,-67.02,0,0,DCHG, ,
29722.6,1,1,1,1,4,19710.0,-1,11.642,-11.6,-5.47,-67.04,0,0,DCHG, ,
29727.6,1,1,1,1,4,19715.0,-1,11.642,-11.6,-5.47,-67.06,0,0,DCHG, ,
29732.6,1,1,1,1,4,19720.0,-1,11.641,-11.6,-5.47,-67.07,0,0,DCHG, ,
29737.6,1,1,1,1,4,19725.0,-1,11.641,-11.6,-5.47,-67.09,0,0,DCHG, ,
29742.6,1,1,1,1,4,19730.0,-1,11.641,-11.6,-5.47,-67.1,0,0,DCHG, ,
29747.6,1,1,1,1,4,19735.0,-1,11.64,-11.6,-5.48,-67.12,0,0,DCHG, ,
29752.6,1,1,1,1,4,19740.0,-1,11.64,-11.6,-5.48,-67.14,0,0,DCHG, ,
29757.6,1,1,1,1,4,19745.0,-1,11.639,-11.6,-5.48,-67.15,0,0,DCHG, ,
29762.6,1,1,1,1,4,19750.0,-1,11.639,-11.6,-5.48,-67.17,0,0,DCHG, ,
29767.6,1,1,1,1,4,19755.0,-1,11.639,-11.6,-5.48,-67.19,0,0,DCHG, ,
29772.6,1,1,1,1,4,19760.0,-1,11.638,-11.6,-5.48,-67.2,0,0,DCHG, ,
29777.6,1,1,1,1,4,19765.0,-1,11.638,-11.6,-5.48,-67.22,0,0,DCHG, ,
29782.6,1,1,1,1,4,19770.0,-1,11.638,-11.6,-5.49,-67.23,0,0,DCHG, ,
29787.6,1,1,1,1,4,19775.0,-1,11.637,-11.6,-5.49,-67.25,0,0,DCHG, ,
29792.6,1,1,1,1,4,19780.0,-1,11.637,-11.6,-5.49,-67.27,0,0,DCHG, ,
29797.6,1,1,1,1,4,19785.0,-1,11.636,-11.6,-5.49,-67.28,0,0,DCHG, ,
29802.6,1,1,1,1,4,19790.0,-1,11.636,-11.6,-5.49,-67.3,0,0,DCHG, ,
29807.6,1,1,1,1,4,19795.0,-1,11.635,-11.6,-5.49,-67.31,0,0,DCHG, ,
29812.6,1,1,1,1,4,19800.0,-1,11.635,-11.6,-5.49,-67.33,0,0,DCHG, ,
29817.6,1,1,1,1,4,19805.0,-1,11.635,-11.6,-5.5,-67.35,0,0,DCHG, ,
29822.6,1,1,1,1,4,19810.0,-1,11.635,-11.6,-5.5,-67.36,0,0,DCHG, ,
29827.6,1,1,1,1,4,19815.0,-1,11.634,-11.6,-5.5,-67.38,0,0,DCHG, ,
29832.6,1,1,1,1,4,19820.0,-1,11.633,-11.6,-5.5,-67.39,0,0,DCHG, ,
29837.6,1,1,1,1,4,19825.0,-1,11.633,-11.6,-5.5,-67.41,0,0,DCHG, ,
29842.6,1,1,1,1,4,19830.0,-1,11.633,-11.6,-5.5,-67.43,0,0,DCHG, ,
29847.6,1,1,1,1,4,19835.0,-1,11.632,-11.6,-5.5,-67.44,0,0,DCHG, ,
29852.6,1,1,1,1,4,19840.0,-1,11.632,-11.6,-5.5,-67.46,0,0,DCHG, ,
29857.6,1,1,1,1,4,19845.0,-1,11.632,-11.6,-5.51,-67.48,0,0,DCHG, ,
29862.6,1,1,1,1,4,19850.0,-1,11.632,-11.6,-5.51,-67.49,0,0,DCHG, ,
29867.6,1,1,1,1,4,19855.0,-1,11.631,-11.6,-5.51,-67.51,0,0,DCHG, ,
29872.6,1,1,1,1,4,19860.0,-1,11.631,-11.6,-5.51,-67.52,0,0,DCHG, ,
29877.6,1,1,1,1,4,19865.0,-1,11.63,-11.6,-5.51,-67.54,0,0,DCHG, ,
29882.6,1,1,1,1,4,19870.0,-1,11.63,-11.6,-5.51,-67.56,0,0,DCHG, ,
29887.6,1,1,1,1,4,19875.0,-1,11.629,-11.6,-5.51,-67.57,0,0,DCHG, ,
29892.6,1,1,1,1,4,19880.0,-1,11.628,-11.6,-5.52,-67.59,0,0,DCHG, ,
29897.6,1,1,1,1,4,19885.0,-1,11.628,-11.6,-5.52,-67.6,0,0,DCHG, ,
29902.6,1,1,1,1,4,19890.0,-1,11.628,-11.6,-5.52,-67.62,0,0,DCHG, ,
29907.6,1,1,1,1,4,19895.0,-1,11.627,-11.6,-5.52,-67.64,0,0,DCHG, ,
29912.6,1,1,1,1,4,19900.0,-1,11.627,-11.6,-5.52,-67.65,0,0,DCHG, ,
29917.6,1,1,1,1,4,19905.0,-1,11.627,-11.6,-5.52,-67.67,0,0,DCHG, ,
29922.6,1,1,1,1,4,19910.0,-1,11.627,-11.6,-5.52,-67.68,0,0,DCHG, ,
29927.6,1,1,1,1,4,19915.0,-0.99,11.626,-11.5,-5.53,-67.7,0,0,DCHG, ,
29932.6,1,1,1,1,4,19920.0,-1,11.626,-11.6,-5.53,-67.72,0,0,DCHG, ,
29937.6,1,1,1,1,4,19925.0,-1,11.625,-11.6,-5.53,-67.73,0,0,DCHG, ,
29942.6,1,1,1,1,4,19930.0,-1,11.625,-11.6,-5.53,-67.75,0,0,DCHG, ,
29947.6,1,1,1,1,4,19935.0,-1,11.624,-11.6,-5.53,-67.77,0,0,DCHG, ,
29952.6,1,1,1,1,4,19940.0,-1,11.624,-11.6,-5.53,-67.78,0,0,DCHG, ,
29957.6,1,1,1,1,4,19945.0,-1,11.624,-11.6,-5.53,-67.8,0,0,DCHG, ,
29962.6,1,1,1,1,4,19950.0,-1,11.624,-11.6,-5.54,-67.81,0,0,DCHG, ,
29967.6,1,1,1,1,4,19955.0,-0.99,11.623,-11.5,-5.54,-67.83,0,0,DCHG, ,
29972.6,1,1,1,1,4,19960.0,-1,11.623,-11.6,-5.54,-67.85,0,0,DCHG, ,
29977.6,1,1,1,1,4,19965.0,-1,11.622,-11.6,-5.54,-67.86,0,0,DCHG, ,
29982.6,1,1,1,1,4,19970.0,-1,11.622,-11.6,-5.54,-67.88,0,0,DCHG, ,
29987.6,1,1,1,1,4,19975.0,-1,11.621,-11.6,-5.54,-67.89,0,0,DCHG, ,
29992.6,1,1,1,1,4,19980.0,-1,11.621,-11.6,-5.54,-67.91,0,0,DCHG, ,
29997.6,1,1,1,1,4,19985.0,-1,11.621,-11.6,-5.55,-67.93,0,0,DCHG, ,
30002.6,1,1,1,1,4,19990.0,-1,11.62,-11.6,-5.55,-67.94,0,0,DCHG, ,
30007.6,1,1,1,1,4,19995.0,-1,11.62,-11.6,-5.55,-67.96,0,0,DCHG, ,
30012.6,1,1,1,1,4,20000.0,-1,11.619,-11.6,-5.55,-67.97,0,0,DCHG, ,
30017.6,1,1,1,1,4,20005.0,-1,11.619,-11.6,-5.55,-67.99,0,0,DCHG, ,
30022.6,1,1,1,1,4,20010.0,-1,11.618,-11.6,-5.55,-68.01,0,0,DCHG, ,
30027.6,1,1,1,1,4,20015.0,-1,11.618,-11.6,-5.55,-68.02,0,0,DCHG, ,
30032.6,1,1,1,1,4,20020.0,-1,11.618,-11.6,-5.55,-68.04,0,0,DCHG, ,
30037.6,1,1,1,1,4,20025.0,-0.99,11.617,-11.5,-5.56,-68.05,0,0,DCHG, ,
30042.6,1,1,1,1,4,20030.0,-1,11.617,-11.6,-5.56,-68.07,0,0,DCHG, ,
30047.6,1,1,1,1,4,20035.0,-1,11.616,-11.6,-5.56,-68.09,0,0,DCHG, ,
30052.6,1,1,1,1,4,20040.0,-1,11.616,-11.5,-5.56,-68.1,0,0,DCHG, ,
30057.6,1,1,1,1,4,20045.0,-1,11.616,-11.5,-5.56,-68.12,0,0,DCHG, ,
30062.6,1,1,1,1,4,20050.0,-1,11.615,-11.5,-5.56,-68.14,0,0,DCHG, ,
30067.6,1,1,1,1,4,20055.0,-1,11.614,-11.5,-5.56,-68.15,0,0,DCHG, ,
30072.6,1,1,1,1,4,20060.0,-1,11.615,-11.6,-5.57,-68.17,0,0,DCHG, ,
30077.6,1,1,1,1,4,20065.0,-1,11.614,-11.6,-5.57,-68.18,0,0,DCHG, ,
30082.6,1,1,1,1,4,20070.0,-1,11.614,-11.5,-5.57,-68.2,0,0,DCHG, ,
30087.6,1,1,1,1,4,20075.0,-1,11.613,-11.6,-5.57,-68.22,0,0,DCHG, ,
30092.6,1,1,1,1,4,20080.0,-1,11.613,-11.5,-5.57,-68.23,0,0,DCHG, ,
30097.6,1,1,1,1,4,20085.0,-1,11.613,-11.5,-5.57,-68.25,0,0,DCHG, ,
30102.6,1,1,1,1,4,20090.0,-1,11.612,-11.6,-5.57,-68.26,0,0,DCHG, ,
30107.6,1,1,1,1,4,20095.0,-1,11.611,-11.6,-5.58,-68.28,0,0,DCHG, ,
30112.6,1,1,1,1,4,20100.0,-1,11.611,-11.5,-5.58,-68.3,0,0,DCHG, ,
30117.6,1,1,1,1,4,20105.0,-1,11.611,-11.5,-5.58,-68.31,0,0,DCHG, ,
30122.6,1,1,1,1,4,20110.0,-1,11.611,-11.6,-5.58,-68.33,0,0,DCHG, ,
30127.6,1,1,1,1,4,20115.0,-1,11.61,-11.6,-5.58,-68.34,0,0,DCHG, ,
30132.6,1,1,1,1,4,20120.0,-1,11.61,-11.5,-5.58,-68.36,0,0,DCHG, ,
30137.6,1,1,1,1,4,20125.0,-1,11.61,-11.5,-5.58,-68.38,0,0,DCHG, ,
30142.6,1,1,1,1,4,20130.0,-1,11.609,-11.5,-5.59,-68.39,0,0,DCHG, ,
30147.6,1,1,1,1,4,20135.0,-1,11.608,-11.6,-5.59,-68.41,0,0,DCHG, ,
30152.6,1,1,1,1,4,20140.0,-1,11.608,-11.5,-5.59,-68.42,0,0,DCHG, ,
30157.6,1,1,1,1,4,20145.0,-1,11.607,-11.6,-5.59,-68.44,0,0,DCHG, ,
30162.6,1,1,1,1,4,20150.0,-1,11.607,-11.5,-5.59,-68.46,0,0,DCHG, ,
30167.6,1,1,1,1,4,20155.0,-1,11.607,-11.5,-5.59,-68.47,0,0,DCHG, ,
30172.6,1,1,1,1,4,20160.0,-1,11.607,-11.5,-5.59,-68.49,0,0,DCHG, ,
30177.6,1,1,1,1,4,20165.0,-1,11.606,-11.6,-5.6,-68.5,0,0,DCHG, ,
30182.6,1,1,1,1,4,20170.0,-1,11.606,-11.6,-5.6,-68.52,0,0,DCHG, ,
30187.6,1,1,1,1,4,20175.0,-1,11.605,-11.6,-5.6,-68.54,0,0,DCHG, ,
30192.6,1,1,1,1,4,20180.0,-1,11.605,-11.6,-5.6,-68.55,0,0,DCHG, ,
30197.6,1,1,1,1,4,20185.0,-1,11.605,-11.6,-5.6,-68.57,0,0,DCHG, ,
30202.6,1,1,1,1,4,20190.0,-1,11.604,-11.5,-5.6,-68.58,0,0,DCHG, ,
30207.6,1,1,1,1,4,20195.0,-1,11.604,-11.6,-5.6,-68.6,0,0,DCHG, ,
30212.6,1,1,1,1,4,20200.0,-1,11.603,-11.6,-5.6,-68.62,0,0,DCHG, ,
30217.6,1,1,1,1,4,20205.0,-1,11.603,-11.6,-5.61,-68.63,0,0,DCHG, ,
30222.6,1,1,1,1,4,20210.0,-1,11.603,-11.5,-5.61,-68.65,0,0,DCHG, ,
30227.6,1,1,1,1,4,20215.0,-1,11.602,-11.6,-5.61,-68.66,0,0,DCHG, ,
30232.6,1,1,1,1,4,20220.0,-1,11.602,-11.6,-5.61,-68.68,0,0,DCHG, ,
30237.6,1,1,1,1,4,20225.0,-1,11.601,-11.6,-5.61,-68.7,0,0,DCHG, ,
30242.6,1,1,1,1,4,20230.0,-1,11.6,-11.5,-5.61,-68.71,0,0,DCHG, ,
30247.6,1,1,1,1,4,20235.0,-1,11.6,-11.6,-5.61,-68.73,0,0,DCHG, ,
30252.6,1,1,1,1,4,20240.0,-1,11.6,-11.5,-5.62,-68.74,0,0,DCHG, ,
30257.6,1,1,1,1,4,20245.0,-1,11.599,-11.5,-5.62,-68.76,0,0,DCHG, ,
30262.6,1,1,1,1,4,20250.0,-1,11.599,-11.5,-5.62,-68.78,0,0,DCHG, ,
30267.6,1,1,1,1,4,20255.0,-1,11.599,-11.5,-5.62,-68.79,0,0,DCHG, ,
30272.6,1,1,1,1,4,20260.0,-1,11.598,-11.5,-5.62,-68.81,0,0,DCHG, ,
30277.6,1,1,1,1,4,20265.0,-1,11.598,-11.5,-5.62,-68.82,0,0,DCHG, ,
30282.6,1,1,1,1,4,20270.0,-1,11.597,-11.5,-5.62,-68.84,0,0,DCHG, ,
30287.6,1,1,1,1,4,20275.0,-1,11.597,-11.5,-5.63,-68.86,0,0,DCHG, ,
30292.6,1,1,1,1,4,20280.0,-1,11.597,-11.5,-5.63,-68.87,0,0,DCHG, ,
30297.6,1,1,1,1,4,20285.0,-1,11.596,-11.5,-5.63,-68.89,0,0,DCHG, ,
30302.6,1,1,1,1,4,20290.0,-1,11.596,-11.5,-5.63,-68.9,0,0,DCHG, ,
30307.6,1,1,1,1,4,20295.0,-1,11.596,-11.5,-5.63,-68.92,0,0,DCHG, ,
30312.6,1,1,1,1,4,20300.0,-1,11.595,-11.5,-5.63,-68.94,0,0,DCHG, ,
30317.6,1,1,1,1,4,20305.0,-1,11.594,-11.5,-5.63,-68.95,0,0,DCHG, ,
30322.6,1,1,1,1,4,20310.0,-1,11.594,-11.5,-5.64,-68.97,0,0,DCHG, ,
30327.6,1,1,1,1,4,20315.0,-1,11.594,-11.5,-5.64,-68.98,0,0,DCHG, ,
30332.6,1,1,1,1,4,20320.0,-1,11.593,-11.5,-5.64,-69,0,0,DCHG, ,
30337.6,1,1,1,1,4,20325.0,-1,11.593,-11.5,-5.64,-69.02,0,0,DCHG, ,
30342.6,1,1,1,1,4,20330.0,-1,11.593,-11.5,-5.64,-69.03,0,0,DCHG, ,
30347.6,1,1,1,1,4,20335.0,-1,11.592,-11.5,-5.64,-69.05,0,0,DCHG, ,
30352.6,1,1,1,1,4,20340.0,-1,11.592,-11.5,-5.64,-69.06,0,0,DCHG, ,
30357.6,1,1,1,1,4,20345.0,-1,11.591,-11.5,-5.65,-69.08,0,0,DCHG, ,
30362.6,1,1,1,1,4,20350.0,-1,11.591,-11.5,-5.65,-69.1,0,0,DCHG, ,
30367.6,1,1,1,1,4,20355.0,-1,11.59,-11.5,-5.65,-69.11,0,0,DCHG, ,
30372.6,1,1,1,1,4,20360.0,-0.99,11.59,-11.5,-5.65,-69.13,0,0,DCHG, ,
30377.6,1,1,1,1,4,20365.0,-1,11.589,-11.5,-5.65,-69.14,0,0,DCHG, ,
30382.6,1,1,1,1,4,20370.0,-1,11.589,-11.5,-5.65,-69.16,0,0,DCHG, ,
30387.6,1,1,1,1,4,20375.0,-1,11.589,-11.5,-5.65,-69.18,0,0,DCHG, ,
30392.6,1,1,1,1,4,20380.0,-1,11.588,-11.5,-5.65,-69.19,0,0,DCHG, ,
30397.6,1,1,1,1,4,20385.0,-1,11.588,-11.5,-5.66,-69.21,0,0,DCHG, ,
30402.6,1,1,1,1,4,20390.0,-1,11.587,-11.5,-5.66,-69.22,0,0,DCHG, ,
30407.6,1,1,1,1,4,20395.0,-1,11.587,-11.5,-5.66,-69.24,0,0,DCHG, ,
30412.6,1,1,1,1,4,20400.0,-1,11.587,-11.5,-5.66,-69.26,0,0,DCHG, ,
30417.6,1,1,1,1,4,20405.0,-1,11.586,-11.5,-5.66,-69.27,0,0,DCHG, ,
30422.6,1,1,1,1,4,20410.0,-1,11.586,-11.5,-5.66,-69.29,0,0,DCHG, ,
30427.6,1,1,1,1,4,20415.0,-1,11.586,-11.5,-5.66,-69.3,0,0,DCHG, ,
30432.6,1,1,1,1,4,20420.0,-1,11.585,-11.5,-5.67,-69.32,0,0,DCHG, ,
30437.6,1,1,1,1,4,20425.0,-1,11.585,-11.5,-5.67,-69.34,0,0,DCHG, ,
30442.6,1,1,1,1,4,20430.0,-1,11.584,-11.5,-5.67,-69.35,0,0,DCHG, ,
30447.6,1,1,1,1,4,20435.0,-1,11.584,-11.5,-5.67,-69.37,0,0,DCHG, ,
30452.6,1,1,1,1,4,20440.0,-1,11.583,-11.5,-5.67,-69.38,0,0,DCHG, ,
30457.6,1,1,1,1,4,20445.0,-1,11.583,-11.5,-5.67,-69.4,0,0,DCHG, ,
30462.6,1,1,1,1,4,20450.0,-1,11.583,-11.5,-5.67,-69.42,0,0,DCHG, ,
30467.6,1,1,1,1,4,20455.0,-1,11.582,-11.5,-5.68,-69.43,0,0,DCHG, ,
30472.6,1,1,1,1,4,20460.0,-1,11.582,-11.5,-5.68,-69.45,0,0,DCHG, ,
30477.6,1,1,1,1,4,20465.0,-1,11.582,-11.5,-5.68,-69.46,0,0,DCHG, ,
30482.6,1,1,1,1,4,20470.0,-1,11.581,-11.5,-5.68,-69.48,0,0,DCHG, ,
30487.6,1,1,1,1,4,20475.0,-1,11.58,-11.5,-5.68,-69.5,0,0,DCHG, ,
30492.6,1,1,1,1,4,20480.0,-1,11.58,-11.5,-5.68,-69.51,0,0,DCHG, ,
30497.6,1,1,1,1,4,20485.0,-1,11.58,-11.5,-5.68,-69.53,0,0,DCHG, ,
30502.6,1,1,1,1,4,20490.0,-1,11.579,-11.5,-5.69,-69.54,0,0,DCHG, ,
30507.6,1,1,1,1,4,20495.0,-1,11.579,-11.5,-5.69,-69.56,0,0,DCHG, ,
30512.6,1,1,1,1,4,20500.0,-1,11.578,-11.5,-5.69,-69.57,0,0,DCHG, ,
30517.6,1,1,1,1,4,20505.0,-1,11.578,-11.5,-5.69,-69.59,0,0,DCHG, ,
30522.6,1,1,1,1,4,20510.0,-1,11.578,-11.5,-5.69,-69.61,0,0,DCHG, ,
30527.6,1,1,1,1,4,20515.0,-1,11.577,-11.5,-5.69,-69.62,0,0,DCHG, ,
30532.6,1,1,1,1,4,20520.0,-1,11.577,-11.5,-5.69,-69.64,0,0,DCHG, ,
30537.6,1,1,1,1,4,20525.0,-1,11.576,-11.5,-5.7,-69.65,0,0,DCHG, ,
30542.6,1,1,1,1,4,20530.0,-1,11.576,-11.5,-5.7,-69.67,0,0,DCHG, ,
30547.6,1,1,1,1,4,20535.0,-1,11.576,-11.5,-5.7,-69.69,0,0,DCHG, ,
30552.6,1,1,1,1,4,20540.0,-1,11.575,-11.5,-5.7,-69.7,0,0,DCHG, ,
30557.6,1,1,1,1,4,20545.0,-1,11.575,-11.5,-5.7,-69.72,0,0,DCHG, ,
30562.6,1,1,1,1,4,20550.0,-1,11.574,-11.5,-5.7,-69.73,0,0,DCHG, ,
30567.6,1,1,1,1,4,20555.0,-1,11.574,-11.5,-5.7,-69.75,0,0,DCHG, ,
30572.6,1,1,1,1,4,20560.0,-1,11.573,-11.5,-5.7,-69.77,0,0,DCHG, ,
30577.6,1,1,1,1,4,20565.0,-1,11.573,-11.5,-5.71,-69.78,0,0,DCHG, ,
30582.6,1,1,1,1,4,20570.0,-1,11.572,-11.5,-5.71,-69.8,0,0,DCHG, ,
30587.6,1,1,1,1,4,20575.0,-1,11.572,-11.5,-5.71,-69.81,0,0,DCHG, ,
30592.6,1,1,1,1,4,20580.0,-1,11.572,-11.5,-5.71,-69.83,0,0,DCHG, ,
30597.6,1,1,1,1,4,20585.0,-1,11.572,-11.5,-5.71,-69.85,0,0,DCHG, ,
30602.6,1,1,1,1,4,20590.0,-1,11.571,-11.5,-5.71,-69.86,0,0,DCHG, ,
30607.6,1,1,1,1,4,20595.0,-1,11.571,-11.5,-5.71,-69.88,0,0,DCHG, ,
30612.6,1,1,1,1,4,20600.0,-1,11.57,-11.5,-5.72,-69.89,0,0,DCHG, ,
30617.6,1,1,1,1,4,20605.0,-1,11.569,-11.5,-5.72,-69.91,0,0,DCHG, ,
30622.6,1,1,1,1,4,20610.0,-1,11.569,-11.5,-5.72,-69.93,0,0,DCHG, ,
30627.6,1,1,1,1,4,20615.0,-1,11.569,-11.5,-5.72,-69.94,0,0,DCHG, ,
30632.6,1,1,1,1,4,20620.0,-1,11.569,-11.5,-5.72,-69.96,0,0,DCHG, ,
30637.6,1,1,1,1,4,20625.0,-1,11.568,-11.5,-5.72,-69.97,0,0,DCHG, ,
30642.6,1,1,1,1,4,20630.0,-1,11.568,-11.5,-5.72,-69.99,0,0,DCHG, ,
30647.6,1,1,1,1,4,20635.0,-1,11.567,-11.5,-5.73,-70.01,0,0,DCHG, ,
30652.6,1,1,1,1,4,20640.0,-1,11.567,-11.5,-5.73,-70.02,0,0,DCHG, ,
30657.6,1,1,1,1,4,20645.0,-1,11.566,-11.5,-5.73,-70.04,0,0,DCHG, ,
30662.6,1,1,1,1,4,20650.0,-1,11.566,-11.5,-5.73,-70.05,0,0,DCHG, ,
30667.6,1,1,1,1,4,20655.0,-1,11.565,-11.5,-5.73,-70.07,0,0,DCHG, ,
30672.6,1,1,1,1,4,20660.0,-1,11.565,-11.5,-5.73,-70.09,0,0,DCHG, ,
30677.6,1,1,1,1,4,20665.0,-1,11.564,-11.5,-5.73,-70.1,0,0,DCHG, ,
30682.6,1,1,1,1,4,20670.0,-1,11.564,-11.5,-5.74,-70.12,0,0,DCHG, ,
30687.6,1,1,1,1,4,20675.0,-0.99,11.563,-11.4,-5.74,-70.13,0,0,DCHG, ,
30692.6,1,1,1,1,4,20680.0,-1,11.563,-11.5,-5.74,-70.15,0,0,DCHG, ,
30697.6,1,1,1,1,4,20685.0,-1,11.563,-11.5,-5.74,-70.17,0,0,DCHG, ,
30702.6,1,1,1,1,4,20690.0,-1,11.563,-11.5,-5.74,-70.18,0,0,DCHG, ,
30707.6,1,1,1,1,4,20695.0,-1,11.562,-11.5,-5.74,-70.2,0,0,DCHG, ,
30712.6,1,1,1,1,4,20700.0,-1,11.561,-11.5,-5.74,-70.21,0,0,DCHG, ,
30717.6,1,1,1,1,4,20705.0,-1,11.561,-11.5,-5.75,-70.23,0,0,DCHG, ,
30722.6,1,1,1,1,4,20710.0,-1,11.561,-11.5,-5.75,-70.25,0,0,DCHG, ,
30727.6,1,1,1,1,4,20715.0,-1,11.56,-11.5,-5.75,-70.26,0,0,DCHG, ,
30732.6,1,1,1,1,4,20720.0,-1,11.56,-11.5,-5.75,-70.28,0,0,DCHG, ,
30737.6,1,1,1,1,4,20725.0,-1,11.56,-11.5,-5.75,-70.29,0,0,DCHG, ,
30742.6,1,1,1,1,4,20730.0,-1,11.559,-11.5,-5.75,-70.31,0,0,DCHG, ,
30747.6,1,1,1,1,4,20735.0,-1,11.558,-11.5,-5.75,-70.33,0,0,DCHG, ,
30752.6,1,1,1,1,4,20740.0,-1,11.558,-11.5,-5.75,-70.34,0,0,DCHG, ,
30757.6,1,1,1,1,4,20745.0,-1,11.558,-11.5,-5.76,-70.36,0,0,DCHG, ,
30762.6,1,1,1,1,4,20750.0,-1,11.557,-11.5,-5.76,-70.37,0,0,DCHG, ,
30767.6,1,1,1,1,4,20755.0,-1,11.557,-11.5,-5.76,-70.39,0,0,DCHG, ,
30772.6,1,1,1,1,4,20760.0,-1,11.557,-11.5,-5.76,-70.41,0,0,DCHG, ,
30777.6,1,1,1,1,4,20765.0,-1,11.556,-11.5,-5.76,-70.42,0,0,DCHG, ,
30782.6,1,1,1,1,4,20770.0,-1,11.555,-11.5,-5.76,-70.44,0,0,DCHG, ,
30787.6,1,1,1,1,4,20775.0,-1,11.555,-11.5,-5.76,-70.45,0,0,DCHG, ,
30792.6,1,1,1,1,4,20780.0,-1,11.555,-11.5,-5.77,-70.47,0,0,DCHG, ,
30797.6,1,1,1,1,4,20785.0,-1,11.554,-11.5,-5.77,-70.49,0,0,DCHG, ,
30802.6,1,1,1,1,4,20790.0,-1,11.553,-11.5,-5.77,-70.5,0,0,DCHG, ,
30807.6,1,1,1,1,4,20795.0,-1,11.553,-11.5,-5.77,-70.52,0,0,DCHG, ,
30812.6,1,1,1,1,4,20800.0,-1,11.553,-11.5,-5.77,-70.53,0,0,DCHG, ,
30817.6,1,1,1,1,4,20805.0,-1,11.553,-11.5,-5.77,-70.55,0,0,DCHG, ,
30822.6,1,1,1,1,4,20810.0,-1,11.552,-11.5,-5.77,-70.56,0,0,DCHG, ,
30827.6,1,1,1,1,4,20815.0,-1,11.552,-11.5,-5.78,-70.58,0,0,DCHG, ,
30832.6,1,1,1,1,4,20820.0,-1,11.551,-11.5,-5.78,-70.6,0,0,DCHG, ,
30837.6,1,1,1,1,4,20825.0,-1,11.55,-11.5,-5.78,-70.61,0,0,DCHG, ,
30842.6,1,1,1,1,4,20830.0,-1,11.55,-11.5,-5.78,-70.63,0,0,DCHG, ,
30847.6,1,1,1,1,4,20835.0,-1,11.549,-11.5,-5.78,-70.64,0,0,DCHG, ,
30852.6,1,1,1,1,4,20840.0,-1,11.549,-11.5,-5.78,-70.66,0,0,DCHG, ,
30857.6,1,1,1,1,4,20845.0,-1,11.549,-11.5,-5.78,-70.68,0,0,DCHG, ,
30862.6,1,1,1,1,4,20850.0,-1,11.548,-11.5,-5.79,-70.69,0,0,DCHG, ,
30867.6,1,1,1,1,4,20855.0,-1,11.548,-11.5,-5.79,-70.71,0,0,DCHG, ,
30872.6,1,1,1,1,4,20860.0,-1,11.547,-11.5,-5.79,-70.72,0,0,DCHG, ,
30877.6,1,1,1,1,4,20865.0,-1,11.547,-11.5,-5.79,-70.74,0,0,DCHG, ,
30882.6,1,1,1,1,4,20870.0,-1,11.547,-11.5,-5.79,-70.76,0,0,DCHG, ,
30887.6,1,1,1,1,4,20875.0,-1,11.546,-11.5,-5.79,-70.77,0,0,DCHG, ,
30892.6,1,1,1,1,4,20880.0,-1,11.546,-11.5,-5.79,-70.79,0,0,DCHG, ,
30897.6,1,1,1,1,4,20885.0,-1,11.545,-11.5,-5.8,-70.8,0,0,DCHG, ,
30902.6,1,1,1,1,4,20890.0,-1,11.545,-11.5,-5.8,-70.82,0,0,DCHG, ,
30907.6,1,1,1,1,4,20895.0,-1,11.545,-11.5,-5.8,-70.84,0,0,DCHG, ,
30912.6,1,1,1,1,4,20900.0,-1,11.544,-11.5,-5.8,-70.85,0,0,DCHG, ,
30917.6,1,1,1,1,4,20905.0,-1,11.544,-11.5,-5.8,-70.87,0,0,DCHG, ,
30922.6,1,1,1,1,4,20910.0,-1,11.543,-11.5,-5.8,-70.88,0,0,DCHG, ,
30927.6,1,1,1,1,4,20915.0,-1,11.543,-11.5,-5.8,-70.9,0,0,DCHG, ,
30932.6,1,1,1,1,4,20920.0,-1,11.543,-11.5,-5.8,-70.92,0,0,DCHG, ,
30937.6,1,1,1,1,4,20925.0,-1,11.542,-11.5,-5.81,-70.93,0,0,DCHG, ,
30942.6,1,1,1,1,4,20930.0,-1,11.541,-11.5,-5.81,-70.95,0,0,DCHG, ,
30947.6,1,1,1,1,4,20935.0,-1,11.541,-11.5,-5.81,-70.96,0,0,DCHG, ,
30952.6,1,1,1,1,4,20940.0,-1,11.541,-11.5,-5.81,-70.98,0,0,DCHG, ,
30957.6,1,1,1,1,4,20945.0,-1,11.54,-11.5,-5.81,-71,0,0,DCHG, ,
30962.6,1,1,1,1,4,20950.0,-1,11.54,-11.5,-5.81,-71.01,0,0,DCHG, ,
30967.6,1,1,1,1,4,20955.0,-1,11.539,-11.5,-5.81,-71.03,0,0,DCHG, ,
30972.6,1,1,1,1,4,20960.0,-1,11.539,-11.5,-5.82,-71.04,0,0,DCHG, ,
30977.6,1,1,1,1,4,20965.0,-1,11.539,-11.5,-5.82,-71.06,0,0,DCHG, ,
30982.6,1,1,1,1,4,20970.0,-1,11.538,-11.5,-5.82,-71.08,0,0,DCHG, ,
30987.6,1,1,1,1,4,20975.0,-1,11.538,-11.5,-5.82,-71.09,0,0,DCHG, ,
30992.6,1,1,1,1,4,20980.0,-1,11.538,-11.5,-5.82,-71.11,0,0,DCHG, ,
30997.6,1,1,1,1,4,20985.0,-1,11.536,-11.5,-5.82,-71.12,0,0,DCHG, ,
31002.6,1,1,1,1,4,20990.0,-1,11.536,-11.5,-5.82,-71.14,0,0,DCHG, ,
31007.6,1,1,1,1,4,20995.0,-1,11.536,-11.5,-5.83,-71.16,0,0,DCHG, ,
31012.6,1,1,1,1,4,21000.0,-1,11.536,-11.5,-5.83,-71.17,0,0,DCHG, ,
31017.6,1,1,1,1,4,21005.0,-1,11.535,-11.5,-5.83,-71.19,0,0,DCHG, ,
31022.6,1,1,1,1,4,21010.0,-1,11.535,-11.5,-5.83,-71.2,0,0,DCHG, ,
31027.6,1,1,1,1,4,21015.0,-1,11.534,-11.5,-5.83,-71.22,0,0,DCHG, ,
31032.6,1,1,1,1,4,21020.0,-1,11.533,-11.5,-5.83,-71.24,0,0,DCHG, ,
31037.6,1,1,1,1,4,21025.0,-1,11.533,-11.5,-5.83,-71.25,0,0,DCHG, ,
31042.6,1,1,1,1,4,21030.0,-1,11.533,-11.5,-5.84,-71.27,0,0,DCHG, ,
31047.6,1,1,1,1,4,21035.0,-1,11.532,-11.5,-5.84,-71.28,0,0,DCHG, ,
31052.6,1,1,1,1,4,21040.0,-0.99,11.532,-11.4,-5.84,-71.3,0,0,DCHG, ,
31057.6,1,1,1,1,4,21045.0,-1,11.531,-11.5,-5.84,-71.32,0,0,DCHG, ,
31062.6,1,1,1,1,4,21050.0,-1,11.531,-11.5,-5.84,-71.33,0,0,DCHG, ,
31067.6,1,1,1,1,4,21055.0,-1,11.53,-11.5,-5.84,-71.35,0,0,DCHG, ,
31072.6,1,1,1,1,4,21060.0,-1,11.53,-11.5,-5.84,-71.36,0,0,DCHG, ,
31077.6,1,1,1,1,4,21065.0,-1,11.53,-11.5,-5.85,-71.38,0,0,DCHG, ,
31082.6,1,1,1,1,4,21070.0,-1,11.529,-11.5,-5.85,-71.4,0,0,DCHG, ,
31087.6,1,1,1,1,4,21075.0,-1,11.528,-11.5,-5.85,-71.41,0,0,DCHG, ,
31092.6,1,1,1,1,4,21080.0,-1,11.528,-11.5,-5.85,-71.43,0,0,DCHG, ,
31097.6,1,1,1,1,4,21085.0,-1,11.528,-11.5,-5.85,-71.44,0,0,DCHG, ,
31102.6,1,1,1,1,4,21090.0,-1,11.527,-11.5,-5.85,-71.46,0,0,DCHG, ,
31107.6,1,1,1,1,4,21095.0,-1,11.527,-11.5,-5.85,-71.48,0,0,DCHG, ,
31112.6,1,1,1,1,4,21100.0,-1,11.526,-11.5,-5.85,-71.49,0,0,DCHG, ,
31117.6,1,1,1,1,4,21105.0,-1,11.526,-11.5,-5.86,-71.51,0,0,DCHG, ,
31122.6,1,1,1,1,4,21110.0,-1,11.526,-11.5,-5.86,-71.52,0,0,DCHG, ,
31127.6,1,1,1,1,4,21115.0,-1,11.525,-11.5,-5.86,-71.54,0,0,DCHG, ,
31132.6,1,1,1,1,4,21120.0,-1,11.525,-11.5,-5.86,-71.56,0,0,DCHG, ,
31137.6,1,1,1,1,4,21125.0,-1,11.525,-11.5,-5.86,-71.57,0,0,DCHG, ,
31142.6,1,1,1,1,4,21130.0,-1,11.524,-11.5,-5.86,-71.59,0,0,DCHG, ,
31147.6,1,1,1,1,4,21135.0,-1,11.524,-11.5,-5.86,-71.6,0,0,DCHG, ,
31152.6,1,1,1,1,4,21140.0,-1,11.523,-11.5,-5.87,-71.62,0,0,DCHG, ,
31157.6,1,1,1,1,4,21145.0,-1,11.523,-11.5,-5.87,-71.63,0,0,DCHG, ,
31162.6,1,1,1,1,4,21150.0,-1,11.522,-11.5,-5.87,-71.65,0,0,DCHG, ,
31167.6,1,1,1,1,4,21155.0,-1,11.522,-11.5,-5.87,-71.67,0,0,DCHG, ,
31172.6,1,1,1,1,4,21160.0,-1,11.521,-11.5,-5.87,-71.68,0,0,DCHG, ,
31177.6,1,1,1,1,4,21165.0,-1,11.521,-11.5,-5.87,-71.7,0,0,DCHG, ,
31182.6,1,1,1,1,4,21170.0,-1,11.52,-11.5,-5.87,-71.71,0,0,DCHG, ,
31187.6,1,1,1,1,4,21175.0,-1,11.52,-11.5,-5.88,-71.73,0,0,DCHG, ,
31192.6,1,1,1,1,4,21180.0,-1,11.519,-11.5,-5.88,-71.75,0,0,DCHG, ,
31197.6,1,1,1,1,4,21185.0,-1,11.519,-11.5,-5.88,-71.76,0,0,DCHG, ,
31202.6,1,1,1,1,4,21190.0,-1,11.519,-11.5,-5.88,-71.78,0,0,DCHG, ,
31207.6,1,1,1,1,4,21195.0,-1,11.518,-11.5,-5.88,-71.79,0,0,DCHG, ,
31212.6,1,1,1,1,4,21200.0,-1,11.518,-11.5,-5.88,-71.81,0,0,DCHG, ,
31217.6,1,1,1,1,4,21205.0,-1,11.517,-11.5,-5.88,-71.83,0,0,DCHG, ,
31222.6,1,1,1,1,4,21210.0,-1,11.516,-11.5,-5.89,-71.84,0,0,DCHG, ,
31227.6,1,1,1,1,4,21215.0,-1,11.516,-11.5,-5.89,-71.86,0,0,DCHG, ,
31232.6,1,1,1,1,4,21220.0,-1,11.516,-11.5,-5.89,-71.87,0,0,DCHG, ,
31237.6,1,1,1,1,4,21225.0,-1,11.515,-11.5,-5.89,-71.89,0,0,DCHG, ,
31242.6,1,1,1,1,4,21230.0,-1,11.515,-11.4,-5.89,-71.91,0,0,DCHG, ,
31247.6,1,1,1,1,4,21235.0,-1,11.515,-11.4,-5.89,-71.92,0,0,DCHG, ,
31252.6,1,1,1,1,4,21240.0,-1,11.514,-11.5,-5.89,-71.94,0,0,DCHG, ,
31257.6,1,1,1,1,4,21245.0,-1,11.514,-11.5,-5.9,-71.95,0,0,DCHG, ,
31262.6,1,1,1,1,4,21250.0,-1,11.513,-11.5,-5.9,-71.97,0,0,DCHG, ,
31267.6,1,1,1,1,4,21255.0,-1,11.513,-11.4,-5.9,-71.99,0,0,DCHG, ,
31272.6,1,1,1,1,4,21260.0,-1,11.512,-11.4,-5.9,-72,0,0,DCHG, ,
31277.6,1,1,1,1,4,21265.0,-1,11.512,-11.4,-5.9,-72.02,0,0,DCHG, ,
31282.6,1,1,1,1,4,21270.0,-1,11.511,-11.5,-5.9,-72.03,0,0,DCHG, ,
31287.6,1,1,1,1,4,21275.0,-1,11.511,-11.4,-5.9,-72.05,0,0,DCHG, ,
31292.6,1,1,1,1,4,21280.0,-1,11.51,-11.4,-5.9,-72.07,0,0,DCHG, ,
31297.6,1,1,1,1,4,21285.0,-1,11.51,-11.5,-5.91,-72.08,0,0,DCHG, ,
31302.6,1,1,1,1,4,21290.0,-1,11.51,-11.4,-5.91,-72.1,0,0,DCHG, ,
31307.6,1,1,1,1,4,21295.0,-1,11.509,-11.5,-5.91,-72.11,0,0,DCHG, ,
31312.6,1,1,1,1,4,21300.0,-1,11.508,-11.4,-5.91,-72.13,0,0,DCHG, ,
31317.6,1,1,1,1,4,21305.0,-1,11.508,-11.5,-5.91,-72.14,0,0,DCHG, ,
31322.6,1,1,1,1,4,21310.0,-1,11.508,-11.5,-5.91,-72.16,0,0,DCHG, ,
31327.6,1,1,1,1,4,21315.0,-1,11.507,-11.5,-5.91,-72.18,0,0,DCHG, ,
31332.6,1,1,1,1,4,21320.0,-1,11.507,-11.4,-5.92,-72.19,0,0,DCHG, ,
31337.6,1,1,1,1,4,21325.0,-1,11.507,-11.4,-5.92,-72.21,0,0,DCHG, ,
31342.6,1,1,1,1,4,21330.0,-1,11.506,-11.4,-5.92,-72.22,0,0,DCHG, ,
31347.6,1,1,1,1,4,21335.0,-1,11.505,-11.5,-5.92,-72.24,0,0,DCHG, ,
31352.6,1,1,1,1,4,21340.0,-1,11.505,-11.4,-5.92,-72.26,0,0,DCHG, ,
31357.6,1,1,1,1,4,21345.0,-1,11.505,-11.5,-5.92,-72.27,0,0,DCHG, ,
31362.6,1,1,1,1,4,21350.0,-1,11.504,-11.4,-5.92,-72.29,0,0,DCHG, ,
31367.6,1,1,1,1,4,21355.0,-1,11.504,-11.4,-5.93,-72.3,0,0,DCHG, ,
31372.6,1,1,1,1,4,21360.0,-1,11.503,-11.4,-5.93,-72.32,0,0,DCHG, ,
31377.6,1,1,1,1,4,21365.0,-1,11.503,-11.4,-5.93,-72.34,0,0,DCHG, ,
31382.6,1,1,1,1,4,21370.0,-1,11.502,-11.4,-5.93,-72.35,0,0,DCHG, ,
31387.6,1,1,1,1,4,21375.0,-1,11.502,-11.5,-5.93,-72.37,0,0,DCHG, ,
31392.6,1,1,1,1,4,21380.0,-1,11.501,-11.4,-5.93,-72.38,0,0,DCHG, ,
31397.6,1,1,1,1,4,21385.0,-1,11.501,-11.4,-5.93,-72.4,0,0,DCHG, ,
31402.6,1,1,1,1,4,21390.0,-1,11.501,-11.4,-5.94,-72.41,0,0,DCHG, ,
31407.6,1,1,1,1,4,21395.0,-1,11.5,-11.4,-5.94,-72.43,0,0,DCHG, ,
31412.6,1,1,1,1,4,21400.0,-1,11.499,-11.4,-5.94,-72.45,0,0,DCHG, ,
31417.6,1,1,1,1,4,21405.0,-1,11.499,-11.4,-5.94,-72.46,0,0,DCHG, ,
31422.6,1,1,1,1,4,21410.0,-1,11.498,-11.4,-5.94,-72.48,0,0,DCHG, ,
31427.6,1,1,1,1,4,21415.0,-1,11.498,-11.4,-5.94,-72.49,0,0,DCHG, ,
31432.6,1,1,1,1,4,21420.0,-1,11.497,-11.4,-5.94,-72.51,0,0,DCHG, ,
31437.6,1,1,1,1,4,21425.0,-1,11.497,-11.4,-5.95,-72.53,0,0,DCHG, ,
31442.6,1,1,1,1,4,21430.0,-1,11.497,-11.4,-5.95,-72.54,0,0,DCHG, ,
31447.6,1,1,1,1,4,21435.0,-1,11.496,-11.4,-5.95,-72.56,0,0,DCHG, ,
31452.6,1,1,1,1,4,21440.0,-1,11.496,-11.4,-5.95,-72.57,0,0,DCHG, ,
31457.6,1,1,1,1,4,21445.0,-1,11.495,-11.4,-5.95,-72.59,0,0,DCHG, ,
31462.6,1,1,1,1,4,21450.0,-1,11.494,-11.4,-5.95,-72.6,0,0,DCHG, ,
31467.6,1,1,1,1,4,21455.0,-1,11.494,-11.4,-5.95,-72.62,0,0,DCHG, ,
31472.6,1,1,1,1,4,21460.0,-0.99,11.494,-11.3,-5.95,-72.64,0,0,DCHG, ,
31477.6,1,1,1,1,4,21465.0,-1,11.493,-11.4,-5.96,-72.65,0,0,DCHG, ,
31482.6,1,1,1,1,4,21470.0,-1,11.493,-11.4,-5.96,-72.67,0,0,DCHG, ,
31487.6,1,1,1,1,4,21475.0,-1,11.493,-11.4,-5.96,-72.68,0,0,DCHG, ,
31492.6,1,1,1,1,4,21480.0,-1,11.492,-11.4,-5.96,-72.7,0,0,DCHG, ,
31497.6,1,1,1,1,4,21485.0,-1,11.491,-11.4,-5.96,-72.72,0,0,DCHG, ,
31502.6,1,1,1,1,4,21490.0,-1,11.491,-11.4,-5.96,-72.73,0,0,DCHG, ,
31507.6,1,1,1,1,4,21495.0,-1,11.491,-11.4,-5.96,-72.75,0,0,DCHG, ,
31512.6,1,1,1,1,4,21500.0,-1,11.49,-11.4,-5.97,-72.76,0,0,DCHG, ,
31517.6,1,1,1,1,4,21505.0,-1,11.49,-11.4,-5.97,-72.78,0,0,DCHG, ,
31522.6,1,1,1,1,4,21510.0,-1,11.489,-11.4,-5.97,-72.79,0,0,DCHG, ,
31527.6,1,1,1,1,4,21515.0,-1,11.489,-11.4,-5.97,-72.81,0,0,DCHG, ,
31532.6,1,1,1,1,4,21520.0,-1,11.488,-11.4,-5.97,-72.83,0,0,DCHG, ,
31537.6,1,1,1,1,4,21525.0,-1,11.488,-11.4,-5.97,-72.84,0,0,DCHG, ,
31542.6,1,1,1,1,4,21530.0,-1,11.488,-11.4,-5.97,-72.86,0,0,DCHG, ,
31547.6,1,1,1,1,4,21535.0,-1,11.487,-11.4,-5.98,-72.87,0,0,DCHG, ,
31552.6,1,1,1,1,4,21540.0,-1,11.486,-11.4,-5.98,-72.89,0,0,DCHG, ,
31557.6,1,1,1,1,4,21545.0,-1,11.486,-11.4,-5.98,-72.91,0,0,DCHG, ,
31562.6,1,1,1,1,4,21550.0,-1,11.485,-11.4,-5.98,-72.92,0,0,DCHG, ,
31567.6,1,1,1,1,4,21555.0,-1,11.485,-11.4,-5.98,-72.94,0,0,DCHG, ,
31572.6,1,1,1,1,4,21560.0,-1,11.484,-11.4,-5.98,-72.95,0,0,DCHG, ,
31577.6,1,1,1,1,4,21565.0,-1,11.484,-11.4,-5.98,-72.97,0,0,DCHG, ,
31582.6,1,1,1,1,4,21570.0,-1,11.483,-11.4,-5.99,-72.98,0,0,DCHG, ,
31587.6,1,1,1,1,4,21575.0,-1,11.483,-11.4,-5.99,-73,0,0,DCHG, ,
31592.6,1,1,1,1,4,21580.0,-1,11.482,-11.4,-5.99,-73.02,0,0,DCHG, ,
31597.6,1,1,1,1,4,21585.0,-1,11.482,-11.4,-5.99,-73.03,0,0,DCHG, ,
31602.6,1,1,1,1,4,21590.0,-1,11.481,-11.4,-5.99,-73.05,0,0,DCHG, ,
31607.6,1,1,1,1,4,21595.0,-1,11.481,-11.4,-5.99,-73.06,0,0,DCHG, ,
31612.6,1,1,1,1,4,21600.0,-1,11.48,-11.4,-5.99,-73.08,0,0,DCHG, ,
31617.6,1,1,1,1,4,21605.0,-1,11.48,-11.4,-6,-73.1,0,0,DCHG, ,
31622.6,1,1,1,1,4,21610.0,-1,11.48,-11.4,-6,-73.11,0,0,DCHG, ,
31627.6,1,1,1,1,4,21615.0,-1,11.479,-11.4,-6,-73.13,0,0,DCHG, ,
31632.6,1,1,1,1,4,21620.0,-1,11.479,-11.4,-6,-73.14,0,0,DCHG, ,
31637.6,1,1,1,1,4,21625.0,-1,11.479,-11.4,-6,-73.16,0,0,DCHG, ,
31642.6,1,1,1,1,4,21630.0,-1,11.478,-11.4,-6,-73.17,0,0,DCHG, ,
31647.6,1,1,1,1,4,21635.0,-1,11.477,-11.4,-6,-73.19,0,0,DCHG, ,
31652.6,1,1,1,1,4,21640.0,-1,11.477,-11.4,-6,-73.21,0,0,DCHG, ,
31657.6,1,1,1,1,4,21645.0,-1,11.476,-11.4,-6.01,-73.22,0,0,DCHG, ,
31662.6,1,1,1,1,4,21650.0,-1,11.476,-11.4,-6.01,-73.24,0,0,DCHG, ,
31667.6,1,1,1,1,4,21655.0,-1,11.475,-11.4,-6.01,-73.25,0,0,DCHG, ,
31672.6,1,1,1,1,4,21660.0,-1,11.475,-11.4,-6.01,-73.27,0,0,DCHG, ,
31677.6,1,1,1,1,4,21665.0,-0.99,11.474,-11.3,-6.01,-73.29,0,0,DCHG, ,
31682.6,1,1,1,1,4,21670.0,-1,11.474,-11.4,-6.01,-73.3,0,0,DCHG, ,
31687.6,1,1,1,1,4,21675.0,-1,11.473,-11.4,-6.01,-73.32,0,0,DCHG, ,
31692.6,1,1,1,1,4,21680.0,-1,11.473,-11.4,-6.02,-73.33,0,0,DCHG, ,
31697.6,1,1,1,1,4,21685.0,-1,11.472,-11.4,-6.02,-73.35,0,0,DCHG, ,
31702.6,1,1,1,1,4,21690.0,-1,11.472,-11.4,-6.02,-73.36,0,0,DCHG, ,
31707.6,1,1,1,1,4,21695.0,-1,11.472,-11.4,-6.02,-73.38,0,0,DCHG, ,
31712.6,1,1,1,1,4,21700.0,-1,11.471,-11.4,-6.02,-73.4,0,0,DCHG, ,
31717.6,1,1,1,1,4,21705.0,-1,11.471,-11.4,-6.02,-73.41,0,0,DCHG, ,
31722.6,1,1,1,1,4,21710.0,-1,11.47,-11.4,-6.02,-73.43,0,0,DCHG, ,
31727.6,1,1,1,1,4,21715.0,-1,11.469,-11.4,-6.03,-73.44,0,0,DCHG, ,
31732.6,1,1,1,1,4,21720.0,-0.99,11.469,-11.3,-6.03,-73.46,0,0,DCHG, ,
31737.6,1,1,1,1,4,21725.0,-1,11.468,-11.4,-6.03,-73.48,0,0,DCHG, ,
31742.6,1,1,1,1,4,21730.0,-1,11.468,-11.4,-6.03,-73.49,0,0,DCHG, ,
31747.6,1,1,1,1,4,21735.0,-1,11.468,-11.4,-6.03,-73.51,0,0,DCHG, ,
31752.6,1,1,1,1,4,21740.0,-1,11.467,-11.4,-6.03,-73.52,0,0,DCHG, ,
31757.6,1,1,1,1,4,21745.0,-1,11.467,-11.4,-6.03,-73.54,0,0,DCHG, ,
31762.6,1,1,1,1,4,21750.0,-1,11.466,-11.4,-6.04,-73.55,0,0,DCHG, ,
31767.6,1,1,1,1,4,21755.0,-1,11.466,-11.4,-6.04,-73.57,0,0,DCHG, ,
31772.6,1,1,1,1,4,21760.0,-1,11.465,-11.4,-6.04,-73.59,0,0,DCHG, ,
31777.6,1,1,1,1,4,21765.0,-1,11.465,-11.4,-6.04,-73.6,0,0,DCHG, ,
31782.6,1,1,1,1,4,21770.0,-1,11.465,-11.4,-6.04,-73.62,0,0,DCHG, ,
31787.6,1,1,1,1,4,21775.0,-1,11.464,-11.4,-6.04,-73.63,0,0,DCHG, ,
31792.6,1,1,1,1,4,21780.0,-1,11.463,-11.4,-6.04,-73.65,0,0,DCHG, ,
31797.6,1,1,1,1,4,21785.0,-1,11.463,-11.4,-6.05,-73.67,0,0,DCHG, ,
31802.6,1,1,1,1,4,21790.0,-1,11.463,-11.4,-6.05,-73.68,0,0,DCHG, ,
31807.6,1,1,1,1,4,21795.0,-1,11.462,-11.4,-6.05,-73.7,0,0,DCHG, ,
31812.6,1,1,1,1,4,21800.0,-1,11.461,-11.4,-6.05,-73.71,0,0,DCHG, ,
31817.6,1,1,1,1,4,21805.0,-1,11.461,-11.4,-6.05,-73.73,0,0,DCHG, ,
31822.6,1,1,1,1,4,21810.0,-1,11.461,-11.4,-6.05,-73.74,0,0,DCHG, ,
31827.6,1,1,1,1,4,21815.0,-0.99,11.46,-11.3,-6.05,-73.76,0,0,DCHG, ,
31832.6,1,1,1,1,4,21820.0,-1,11.459,-11.4,-6.05,-73.78,0,0,DCHG, ,
31837.6,1,1,1,1,4,21825.0,-0.99,11.459,-11.3,-6.06,-73.79,0,0,DCHG, ,
31842.6,1,1,1,1,4,21830.0,-1,11.458,-11.4,-6.06,-73.81,0,0,DCHG, ,
31847.6,1,1,1,1,4,21835.0,-1,11.458,-11.4,-6.06,-73.82,0,0,DCHG, ,
31852.6,1,1,1,1,4,21840.0,-1,11.458,-11.4,-6.06,-73.84,0,0,DCHG, ,
31857.6,1,1,1,1,4,21845.0,-1,11.457,-11.4,-6.06,-73.86,0,0,DCHG, ,
31862.6,1,1,1,1,4,21850.0,-1,11.457,-11.4,-6.06,-73.87,0,0,DCHG, ,
31867.6,1,1,1,1,4,21855.0,-1,11.456,-11.4,-6.06,-73.89,0,0,DCHG, ,
31872.6,1,1,1,1,4,21860.0,-1,11.455,-11.4,-6.07,-73.9,0,0,DCHG, ,
31877.6,1,1,1,1,4,21865.0,-1,11.455,-11.4,-6.07,-73.92,0,0,DCHG, ,
31882.6,1,1,1,1,4,21870.0,-0.99,11.455,-11.3,-6.07,-73.93,0,0,DCHG, ,
31887.6,1,1,1,1,4,21875.0,-1,11.454,-11.4,-6.07,-73.95,0,0,DCHG, ,
31892.6,1,1,1,1,4,21880.0,-1,11.453,-11.4,-6.07,-73.97,0,0,DCHG, ,
31897.6,1,1,1,1,4,21885.0,-1,11.453,-11.4,-6.07,-73.98,0,0,DCHG, ,
31902.6,1,1,1,1,4,21890.0,-1,11.452,-11.4,-6.07,-74,0,0,DCHG, ,
31907.6,1,1,1,1,4,21895.0,-1,11.452,-11.4,-6.08,-74.01,0,0,DCHG, ,
31912.6,1,1,1,1,4,21900.0,-1,11.451,-11.4,-6.08,-74.03,0,0,DCHG, ,
31917.6,1,1,1,1,4,21905.0,-1,11.451,-11.4,-6.08,-74.05,0,0,DCHG, ,
31922.6,1,1,1,1,4,21910.0,-1,11.451,-11.4,-6.08,-74.06,0,0,DCHG, ,
31927.6,1,1,1,1,4,21915.0,-1,11.45,-11.4,-6.08,-74.08,0,0,DCHG, ,
31932.6,1,1,1,1,4,21920.0,-1,11.449,-11.4,-6.08,-74.09,0,0,DCHG, ,
31937.6,1,1,1,1,4,21925.0,-1,11.449,-11.4,-6.08,-74.11,0,0,DCHG, ,
31942.6,1,1,1,1,4,21930.0,-1,11.449,-11.4,-6.09,-74.12,0,0,DCHG, ,
31947.6,1,1,1,1,4,21935.0,-1,11.448,-11.4,-6.09,-74.14,0,0,DCHG, ,
31952.6,1,1,1,1,4,21940.0,-1,11.448,-11.4,-6.09,-74.16,0,0,DCHG, ,
31957.6,1,1,1,1,4,21945.0,-1,11.447,-11.4,-6.09,-74.17,0,0,DCHG, ,
31962.6,1,1,1,1,4,21950.0,-1,11.447,-11.4,-6.09,-74.19,0,0,DCHG, ,
31967.6,1,1,1,1,4,21955.0,-1,11.446,-11.4,-6.09,-74.2,0,0,DCHG, ,
31972.6,1,1,1,1,4,21960.0,-1,11.446,-11.4,-6.09,-74.22,0,0,DCHG, ,
31977.6,1,1,1,1,4,21965.0,-1,11.445,-11.4,-6.1,-74.24,0,0,DCHG, ,
31982.6,1,1,1,1,4,21970.0,-1,11.444,-11.4,-6.1,-74.25,0,0,DCHG, ,
31987.6,1,1,1,1,4,21975.0,-1,11.444,-11.4,-6.1,-74.27,0,0,DCHG, ,
31992.6,1,1,1,1,4,21980.0,-1,11.443,-11.4,-6.1,-74.28,0,0,DCHG, ,
31997.6,1,1,1,1,4,21985.0,-1,11.443,-11.4,-6.1,-74.3,0,0,DCHG, ,
32002.6,1,1,1,1,4,21990.0,-1,11.442,-11.4,-6.1,-74.31,0,0,DCHG, ,
32007.6,1,1,1,1,4,21995.0,-1,11.442,-11.4,-6.1,-74.33,0,0,DCHG, ,
32012.6,1,1,1,1,4,22000.0,-1,11.441,-11.4,-6.1,-74.35,0,0,DCHG, ,
32017.6,1,1,1,1,4,22005.0,-1,11.441,-11.4,-6.11,-74.36,0,0,DCHG, ,
32022.6,1,1,1,1,4,22010.0,-1,11.441,-11.4,-6.11,-74.38,0,0,DCHG, ,
32027.6,1,1,1,1,4,22015.0,-1,11.44,-11.4,-6.11,-74.39,0,0,DCHG, ,
32032.6,1,1,1,1,4,22020.0,-1,11.439,-11.4,-6.11,-74.41,0,0,DCHG, ,
32037.6,1,1,1,1,4,22025.0,-1,11.438,-11.4,-6.11,-74.43,0,0,DCHG, ,
32042.6,1,1,1,1,4,22030.0,-1,11.438,-11.4,-6.11,-74.44,0,0,DCHG, ,
32047.6,1,1,1,1,4,22035.0,-1,11.438,-11.4,-6.11,-74.46,0,0,DCHG, ,
32052.6,1,1,1,1,4,22040.0,-1,11.438,-11.4,-6.12,-74.47,0,0,DCHG, ,
32057.6,1,1,1,1,4,22045.0,-1,11.437,-11.4,-6.12,-74.49,0,0,DCHG, ,
32062.6,1,1,1,1,4,22050.0,-1,11.437,-11.4,-6.12,-74.5,0,0,DCHG, ,
32067.6,1,1,1,1,4,22055.0,-1,11.436,-11.4,-6.12,-74.52,0,0,DCHG, ,
32072.6,1,1,1,1,4,22060.0,-1,11.436,-11.4,-6.12,-74.54,0,0,DCHG, ,
32077.6,1,1,1,1,4,22065.0,-1,11.435,-11.4,-6.12,-74.55,0,0,DCHG, ,
32082.6,1,1,1,1,4,22070.0,-1,11.434,-11.4,-6.12,-74.57,0,0,DCHG, ,
32087.6,1,1,1,1,4,22075.0,-0.99,11.434,-11.3,-6.13,-74.58,0,0,DCHG, ,
32092.6,1,1,1,1,4,22080.0,-1,11.433,-11.4,-6.13,-74.6,0,0,DCHG, ,
32097.6,1,1,1,1,4,22085.0,-1,11.433,-11.4,-6.13,-74.62,0,0,DCHG, ,
32102.6,1,1,1,1,4,22090.0,-1,11.433,-11.4,-6.13,-74.63,0,0,DCHG, ,
32107.6,1,1,1,1,4,22095.0,-1,11.432,-11.4,-6.13,-74.65,0,0,DCHG, ,
32112.6,1,1,1,1,4,22100.0,-1,11.431,-11.4,-6.13,-74.66,0,0,DCHG, ,
32117.6,1,1,1,1,4,22105.0,-1,11.431,-11.4,-6.13,-74.68,0,0,DCHG, ,
32122.6,1,1,1,1,4,22110.0,-1,11.43,-11.4,-6.14,-74.69,0,0,DCHG, ,
32127.6,1,1,1,1,4,22115.0,-1,11.43,-11.4,-6.14,-74.71,0,0,DCHG, ,
32132.6,1,1,1,1,4,22120.0,-1,11.429,-11.4,-6.14,-74.73,0,0,DCHG, ,
32137.6,1,1,1,1,4,22125.0,-1,11.429,-11.4,-6.14,-74.74,0,0,DCHG, ,
32142.6,1,1,1,1,4,22130.0,-1,11.428,-11.4,-6.14,-74.76,0,0,DCHG, ,
32147.6,1,1,1,1,4,22135.0,-1,11.427,-11.4,-6.14,-74.77,0,0,DCHG, ,
32152.6,1,1,1,1,4,22140.0,-1,11.427,-11.4,-6.14,-74.79,0,0,DCHG, ,
32157.6,1,1,1,1,4,22145.0,-1,11.426,-11.4,-6.15,-74.81,0,0,DCHG, ,
32162.6,1,1,1,1,4,22150.0,-1,11.426,-11.4,-6.15,-74.82,0,0,DCHG, ,
32167.6,1,1,1,1,4,22155.0,-1,11.426,-11.4,-6.15,-74.84,0,0,DCHG, ,
32172.6,1,1,1,1,4,22160.0,-1,11.425,-11.4,-6.15,-74.85,0,0,DCHG, ,
32177.6,1,1,1,1,4,22165.0,-1,11.425,-11.4,-6.15,-74.87,0,0,DCHG, ,
32182.6,1,1,1,1,4,22170.0,-1,11.424,-11.4,-6.15,-74.88,0,0,DCHG, ,
32187.6,1,1,1,1,4,22175.0,-1,11.424,-11.4,-6.15,-74.9,0,0,DCHG, ,
32192.6,1,1,1,1,4,22180.0,-1,11.423,-11.4,-6.15,-74.92,0,0,DCHG, ,
32197.6,1,1,1,1,4,22185.0,-1,11.422,-11.4,-6.16,-74.93,0,0,DCHG, ,
32202.6,1,1,1,1,4,22190.0,-1,11.422,-11.4,-6.16,-74.95,0,0,DCHG, ,
32207.6,1,1,1,1,4,22195.0,-1,11.421,-11.4,-6.16,-74.96,0,0,DCHG, ,
32212.6,1,1,1,1,4,22200.0,-1,11.421,-11.4,-6.16,-74.98,0,0,DCHG, ,
32217.6,1,1,1,1,4,22205.0,-1,11.421,-11.4,-6.16,-75,0,0,DCHG, ,
32222.6,1,1,1,1,4,22210.0,-1,11.42,-11.4,-6.16,-75.01,0,0,DCHG, ,
32227.6,1,1,1,1,4,22215.0,-1,11.419,-11.4,-6.16,-75.03,0,0,DCHG, ,
32232.6,1,1,1,1,4,22220.0,-1,11.419,-11.4,-6.17,-75.04,0,0,DCHG, ,
32237.6,1,1,1,1,4,22225.0,-1,11.418,-11.4,-6.17,-75.06,0,0,DCHG, ,
32242.6,1,1,1,1,4,22230.0,-1,11.418,-11.4,-6.17,-75.07,0,0,DCHG, ,
32247.6,1,1,1,1,4,22235.0,-1,11.417,-11.4,-6.17,-75.09,0,0,DCHG, ,
32252.6,1,1,1,1,4,22240.0,-1,11.417,-11.4,-6.17,-75.11,0,0,DCHG, ,
32257.6,1,1,1,1,4,22245.0,-1,11.416,-11.4,-6.17,-75.12,0,0,DCHG, ,
32262.6,1,1,1,1,4,22250.0,-1,11.415,-11.4,-6.17,-75.14,0,0,DCHG, ,
32267.6,1,1,1,1,4,22255.0,-1,11.415,-11.4,-6.18,-75.15,0,0,DCHG, ,
32272.6,1,1,1,1,4,22260.0,-1,11.415,-11.4,-6.18,-75.17,0,0,DCHG, ,
32277.6,1,1,1,1,4,22265.0,-1,11.414,-11.4,-6.18,-75.19,0,0,DCHG, ,
32282.6,1,1,1,1,4,22270.0,-1,11.413,-11.4,-6.18,-75.2,0,0,DCHG, ,
32287.6,1,1,1,1,4,22275.0,-1,11.413,-11.3,-6.18,-75.22,0,0,DCHG, ,
32292.6,1,1,1,1,4,22280.0,-1,11.413,-11.4,-6.18,-75.23,0,0,DCHG, ,
32297.6,1,1,1,1,4,22285.0,-1,11.412,-11.3,-6.18,-75.25,0,0,DCHG, ,
32302.6,1,1,1,1,4,22290.0,-1,11.412,-11.4,-6.19,-75.26,0,0,DCHG, ,
32307.6,1,1,1,1,4,22295.0,-1,11.411,-11.3,-6.19,-75.28,0,0,DCHG, ,
32312.6,1,1,1,1,4,22300.0,-1,11.41,-11.3,-6.19,-75.3,0,0,DCHG, ,
32317.6,1,1,1,1,4,22305.0,-1,11.41,-11.4,-6.19,-75.31,0,0,DCHG, ,
32322.6,1,1,1,1,4,22310.0,-1,11.41,-11.3,-6.19,-75.33,0,0,DCHG, ,
32327.6,1,1,1,1,4,22315.0,-1,11.409,-11.3,-6.19,-75.34,0,0,DCHG, ,
32332.6,1,1,1,1,4,22320.0,-1,11.408,-11.4,-6.19,-75.36,0,0,DCHG, ,
32337.6,1,1,1,1,4,22325.0,-1,11.408,-11.4,-6.2,-75.37,0,0,DCHG, ,
32342.6,1,1,1,1,4,22330.0,-1,11.407,-11.4,-6.2,-75.39,0,0,DCHG, ,
32347.6,1,1,1,1,4,22335.0,-1,11.407,-11.3,-6.2,-75.41,0,0,DCHG, ,
32352.6,1,1,1,1,4,22340.0,-1,11.406,-11.3,-6.2,-75.42,0,0,DCHG, ,
32357.6,1,1,1,1,4,22345.0,-1,11.405,-11.3,-6.2,-75.44,0,0,DCHG, ,
32362.6,1,1,1,1,4,22350.0,-1,11.405,-11.3,-6.2,-75.45,0,0,DCHG, ,
32367.6,1,1,1,1,4,22355.0,-1,11.405,-11.3,-6.2,-75.47,0,0,DCHG, ,
32372.6,1,1,1,1,4,22360.0,-1,11.404,-11.4,-6.2,-75.48,0,0,DCHG, ,
32377.6,1,1,1,1,4,22365.0,-1,11.404,-11.4,-6.21,-75.5,0,0,DCHG, ,
32382.6,1,1,1,1,4,22370.0,-1,11.403,-11.3,-6.21,-75.52,0,0,DCHG, ,
32387.6,1,1,1,1,4,22375.0,-1,11.402,-11.3,-6.21,-75.53,0,0,DCHG, ,
32392.6,1,1,1,1,4,22380.0,-1,11.402,-11.4,-6.21,-75.55,0,0,DCHG, ,
32397.6,1,1,1,1,4,22385.0,-1,11.401,-11.4,-6.21,-75.56,0,0,DCHG, ,
32402.6,1,1,1,1,4,22390.0,-1,11.401,-11.3,-6.21,-75.58,0,0,DCHG, ,
32407.6,1,1,1,1,4,22395.0,-1,11.4,-11.3,-6.21,-75.59,0,0,DCHG, ,
32412.6,1,1,1,1,4,22400.0,-1,11.4,-11.3,-6.22,-75.61,0,0,DCHG, ,
32417.6,1,1,1,1,4,22405.0,-1,11.399,-11.3,-6.22,-75.63,0,0,DCHG, ,
32422.6,1,1,1,1,4,22410.0,-1,11.398,-11.3,-6.22,-75.64,0,0,DCHG, ,
32427.6,1,1,1,1,4,22415.0,-1,11.398,-11.3,-6.22,-75.66,0,0,DCHG, ,
32432.6,1,1,1,1,4,22420.0,-1,11.398,-11.3,-6.22,-75.67,0,0,DCHG, ,
32437.6,1,1,1,1,4,22425.0,-0.99,11.397,-11.2,-6.22,-75.69,0,0,DCHG, ,
32442.6,1,1,1,1,4,22430.0,-1,11.396,-11.3,-6.22,-75.7,0,0,DCHG, ,
32447.6,1,1,1,1,4,22435.0,-1,11.396,-11.3,-6.23,-75.72,0,0,DCHG, ,
32452.6,1,1,1,1,4,22440.0,-1,11.395,-11.3,-6.23,-75.74,0,0,DCHG, ,
32457.6,1,1,1,1,4,22445.0,-1,11.395,-11.3,-6.23,-75.75,0,0,DCHG, ,
32462.6,1,1,1,1,4,22450.0,-1,11.394,-11.3,-6.23,-75.77,0,0,DCHG, ,
32467.6,1,1,1,1,4,22455.0,-1,11.394,-11.3,-6.23,-75.78,0,0,DCHG, ,
32472.6,1,1,1,1,4,22460.0,-1,11.393,-11.3,-6.23,-75.8,0,0,DCHG, ,
32477.6,1,1,1,1,4,22465.0,-1,11.393,-11.3,-6.23,-75.81,0,0,DCHG, ,
32482.6,1,1,1,1,4,22470.0,-1,11.392,-11.3,-6.24,-75.83,0,0,DCHG, ,
32487.6,1,1,1,1,4,22475.0,-1,11.391,-11.3,-6.24,-75.85,0,0,DCHG, ,
32492.6,1,1,1,1,4,22480.0,-1,11.391,-11.3,-6.24,-75.86,0,0,DCHG, ,
32497.6,1,1,1,1,4,22485.0,-1,11.391,-11.3,-6.24,-75.88,0,0,DCHG, ,
32502.6,1,1,1,1,4,22490.0,-1,11.39,-11.3,-6.24,-75.89,0,0,DCHG, ,
32507.6,1,1,1,1,4,22495.0,-1,11.389,-11.3,-6.24,-75.91,0,0,DCHG, ,
32512.6,1,1,1,1,4,22500.0,-1,11.389,-11.3,-6.24,-75.92,0,0,DCHG, ,
32517.6,1,1,1,1,4,22505.0,-1,11.389,-11.3,-6.25,-75.94,0,0,DCHG, ,
32522.6,1,1,1,1,4,22510.0,-1,11.388,-11.3,-6.25,-75.96,0,0,DCHG, ,
32527.6,1,1,1,1,4,22515.0,-1,11.387,-11.3,-6.25,-75.97,0,0,DCHG, ,
32532.6,1,1,1,1,4,22520.0,-1,11.387,-11.3,-6.25,-75.99,0,0,DCHG, ,
32537.6,1,1,1,1,4,22525.0,-1,11.386,-11.3,-6.25,-76,0,0,DCHG, ,
32542.6,1,1,1,1,4,22530.0,-1,11.385,-11.3,-6.25,-76.02,0,0,DCHG, ,
32547.6,1,1,1,1,4,22535.0,-1,11.385,-11.3,-6.25,-76.03,0,0,DCHG, ,
32552.6,1,1,1,1,4,22540.0,-1,11.385,-11.3,-6.25,-76.05,0,0,DCHG, ,
32557.6,1,1,1,1,4,22545.0,-1,11.384,-11.3,-6.26,-76.07,0,0,DCHG, ,
32562.6,1,1,1,1,4,22550.0,-1,11.384,-11.3,-6.26,-76.08,0,0,DCHG, ,
32567.6,1,1,1,1,4,22555.0,-1,11.383,-11.3,-6.26,-76.1,0,0,DCHG, ,
32572.6,1,1,1,1,4,22560.0,-1,11.383,-11.3,-6.26,-76.11,0,0,DCHG, ,
32577.6,1,1,1,1,4,22565.0,-1,11.382,-11.3,-6.26,-76.13,0,0,DCHG, ,
32582.6,1,1,1,1,4,22570.0,-1,11.382,-11.3,-6.26,-76.14,0,0,DCHG, ,
32587.6,1,1,1,1,4,22575.0,-1,11.381,-11.3,-6.26,-76.16,0,0,DCHG, ,
32592.6,1,1,1,1,4,22580.0,-1,11.38,-11.3,-6.27,-76.18,0,0,DCHG, ,
32597.6,1,1,1,1,4,22585.0,-1,11.379,-11.3,-6.27,-76.19,0,0,DCHG, ,
32602.6,1,1,1,1,4,22590.0,-1,11.379,-11.3,-6.27,-76.21,0,0,DCHG, ,
32607.6,1,1,1,1,4,22595.0,-1,11.378,-11.3,-6.27,-76.22,0,0,DCHG, ,
32612.6,1,1,1,1,4,22600.0,-1,11.378,-11.3,-6.27,-76.24,0,0,DCHG, ,
32617.6,1,1,1,1,4,22605.0,-1,11.377,-11.3,-6.27,-76.25,0,0,DCHG, ,
32622.6,1,1,1,1,4,22610.0,-1,11.377,-11.3,-6.27,-76.27,0,0,DCHG, ,
32627.6,1,1,1,1,4,22615.0,-1,11.376,-11.3,-6.28,-76.29,0,0,DCHG, ,
32632.6,1,1,1,1,4,22620.0,-1,11.376,-11.3,-6.28,-76.3,0,0,DCHG, ,
32637.6,1,1,1,1,4,22625.0,-1,11.375,-11.3,-6.28,-76.32,0,0,DCHG, ,
32642.6,1,1,1,1,4,22630.0,-1,11.375,-11.3,-6.28,-76.33,0,0,DCHG, ,
32647.6,1,1,1,1,4,22635.0,-1,11.374,-11.3,-6.28,-76.35,0,0,DCHG, ,
32652.6,1,1,1,1,4,22640.0,-1,11.374,-11.3,-6.28,-76.36,0,0,DCHG, ,
32657.6,1,1,1,1,4,22645.0,-1,11.373,-11.3,-6.28,-76.38,0,0,DCHG, ,
32662.6,1,1,1,1,4,22650.0,-1,11.373,-11.3,-6.29,-76.4,0,0,DCHG, ,
32667.6,1,1,1,1,4,22655.0,-0.99,11.372,-11.2,-6.29,-76.41,0,0,DCHG, ,
32672.6,1,1,1,1,4,22660.0,-1,11.372,-11.3,-6.29,-76.43,0,0,DCHG, ,
32677.6,1,1,1,1,4,22665.0,-1,11.371,-11.3,-6.29,-76.44,0,0,DCHG, ,
32682.6,1,1,1,1,4,22670.0,-1,11.37,-11.3,-6.29,-76.46,0,0,DCHG, ,
32687.6,1,1,1,1,4,22675.0,-1,11.37,-11.3,-6.29,-76.47,0,0,DCHG, ,
32692.6,1,1,1,1,4,22680.0,-1,11.369,-11.3,-6.29,-76.49,0,0,DCHG, ,
32697.6,1,1,1,1,4,22685.0,-1,11.369,-11.3,-6.3,-76.5,0,0,DCHG, ,
32702.6,1,1,1,1,4,22690.0,-1,11.368,-11.3,-6.3,-76.52,0,0,DCHG, ,
32707.6,1,1,1,1,4,22695.0,-1,11.368,-11.3,-6.3,-76.54,0,0,DCHG, ,
32712.6,1,1,1,1,4,22700.0,-1,11.367,-11.3,-6.3,-76.55,0,0,DCHG, ,
32717.6,1,1,1,1,4,22705.0,-1,11.366,-11.3,-6.3,-76.57,0,0,DCHG, ,
32722.6,1,1,1,1,4,22710.0,-1,11.366,-11.3,-6.3,-76.58,0,0,DCHG, ,
32727.6,1,1,1,1,4,22715.0,-1,11.365,-11.3,-6.3,-76.6,0,0,DCHG, ,
32732.6,1,1,1,1,4,22720.0,-1,11.365,-11.3,-6.3,-76.61,0,0,DCHG, ,
32737.6,1,1,1,1,4,22725.0,-0.99,11.364,-11.2,-6.31,-76.63,0,0,DCHG, ,
32742.6,1,1,1,1,4,22730.0,-1,11.363,-11.3,-6.31,-76.65,0,0,DCHG, ,
32747.6,1,1,1,1,4,22735.0,-1,11.363,-11.3,-6.31,-76.66,0,0,DCHG, ,
32752.6,1,1,1,1,4,22740.0,-1,11.362,-11.3,-6.31,-76.68,0,0,DCHG, ,
32757.6,1,1,1,1,4,22745.0,-1,11.362,-11.3,-6.31,-76.69,0,0,DCHG, ,
32762.6,1,1,1,1,4,22750.0,-1,11.361,-11.3,-6.31,-76.71,0,0,DCHG, ,
32767.6,1,1,1,1,4,22755.0,-1,11.361,-11.3,-6.31,-76.72,0,0,DCHG, ,
32772.6,1,1,1,1,4,22760.0,-1,11.36,-11.3,-6.32,-76.74,0,0,DCHG, ,
32777.6,1,1,1,1,4,22765.0,-1,11.359,-11.3,-6.32,-76.76,0,0,DCHG, ,
32782.6,1,1,1,1,4,22770.0,-1,11.359,-11.3,-6.32,-76.77,0,0,DCHG, ,
32787.6,1,1,1,1,4,22775.0,-1,11.358,-11.3,-6.32,-76.79,0,0,DCHG, ,
32792.6,1,1,1,1,4,22780.0,-1,11.358,-11.3,-6.32,-76.8,0,0,DCHG, ,
32797.6,1,1,1,1,4,22785.0,-1,11.357,-11.3,-6.32,-76.82,0,0,DCHG, ,
32802.6,1,1,1,1,4,22790.0,-1,11.357,-11.3,-6.32,-76.83,0,0,DCHG, ,
32807.6,1,1,1,1,4,22795.0,-1,11.356,-11.3,-6.33,-76.85,0,0,DCHG, ,
32812.6,1,1,1,1,4,22800.0,-1,11.355,-11.3,-6.33,-76.87,0,0,DCHG, ,
32817.6,1,1,1,1,4,22805.0,-1,11.354,-11.3,-6.33,-76.88,0,0,DCHG, ,
32822.6,1,1,1,1,4,22810.0,-1,11.354,-11.3,-6.33,-76.9,0,0,DCHG, ,
32827.6,1,1,1,1,4,22815.0,-1,11.354,-11.3,-6.33,-76.91,0,0,DCHG, ,
32832.6,1,1,1,1,4,22820.0,-1,11.353,-11.3,-6.33,-76.93,0,0,DCHG, ,
32837.6,1,1,1,1,4,22825.0,-1,11.352,-11.3,-6.33,-76.94,0,0,DCHG, ,
32842.6,1,1,1,1,4,22830.0,-1,11.352,-11.3,-6.34,-76.96,0,0,DCHG, ,
32847.6,1,1,1,1,4,22835.0,-1,11.351,-11.3,-6.34,-76.98,0,0,DCHG, ,
32852.6,1,1,1,1,4,22840.0,-1,11.351,-11.3,-6.34,-76.99,0,0,DCHG, ,
32857.6,1,1,1,1,4,22845.0,-1,11.35,-11.3,-6.34,-77.01,0,0,DCHG, ,
32862.6,1,1,1,1,4,22850.0,-1,11.35,-11.3,-6.34,-77.02,0,0,DCHG, ,
32867.6,1,1,1,1,4,22855.0,-1,11.349,-11.3,-6.34,-77.04,0,0,DCHG, ,
32872.6,1,1,1,1,4,22860.0,-1,11.349,-11.3,-6.34,-77.05,0,0,DCHG, ,
32877.6,1,1,1,1,4,22865.0,-1,11.348,-11.3,-6.35,-77.07,0,0,DCHG, ,
32882.6,1,1,1,1,4,22870.0,-1,11.347,-11.3,-6.35,-77.09,0,0,DCHG, ,
32887.6,1,1,1,1,4,22875.0,-1,11.346,-11.3,-6.35,-77.1,0,0,DCHG, ,
32892.6,1,1,1,1,4,22880.0,-1,11.346,-11.3,-6.35,-77.12,0,0,DCHG, ,
32897.6,1,1,1,1,4,22885.0,-1,11.345,-11.3,-6.35,-77.13,0,0,DCHG, ,
32902.6,1,1,1,1,4,22890.0,-1,11.345,-11.3,-6.35,-77.15,0,0,DCHG, ,
32907.6,1,1,1,1,4,22895.0,-1,11.344,-11.3,-6.35,-77.16,0,0,DCHG, ,
32912.6,1,1,1,1,4,22900.0,-1,11.344,-11.3,-6.35,-77.18,0,0,DCHG, ,
32917.6,1,1,1,1,4,22905.0,-1,11.343,-11.3,-6.36,-77.2,0,0,DCHG, ,
32922.6,1,1,1,1,4,22910.0,-1,11.342,-11.3,-6.36,-77.21,0,0,DCHG, ,
32927.6,1,1,1,1,4,22915.0,-1,11.342,-11.3,-6.36,-77.23,0,0,DCHG, ,
32932.6,1,1,1,1,4,22920.0,-1,11.341,-11.3,-6.36,-77.24,0,0,DCHG, ,
32937.6,1,1,1,1,4,22925.0,-1,11.341,-11.3,-6.36,-77.26,0,0,DCHG, ,
32942.6,1,1,1,1,4,22930.0,-1,11.34,-11.3,-6.36,-77.27,0,0,DCHG, ,
32947.6,1,1,1,1,4,22935.0,-1,11.34,-11.3,-6.36,-77.29,0,0,DCHG, ,
32952.6,1,1,1,1,4,22940.0,-1,11.338,-11.3,-6.37,-77.31,0,0,DCHG, ,
32957.6,1,1,1,1,4,22945.0,-1,11.338,-11.3,-6.37,-77.32,0,0,DCHG, ,
32962.6,1,1,1,1,4,22950.0,-1,11.337,-11.3,-6.37,-77.34,0,0,DCHG, ,
32967.6,1,1,1,1,4,22955.0,-1,11.337,-11.3,-6.37,-77.35,0,0,DCHG, ,
32972.6,1,1,1,1,4,22960.0,-1,11.336,-11.3,-6.37,-77.37,0,0,DCHG, ,
32977.6,1,1,1,1,4,22965.0,-1,11.336,-11.3,-6.37,-77.38,0,0,DCHG, ,
32982.6,1,1,1,1,4,22970.0,-1,11.335,-11.3,-6.37,-77.4,0,0,DCHG, ,
32987.6,1,1,1,1,4,22975.0,-1,11.335,-11.3,-6.38,-77.42,0,0,DCHG, ,
32992.6,1,1,1,1,4,22980.0,-1,11.334,-11.3,-6.38,-77.43,0,0,DCHG, ,
32997.6,1,1,1,1,4,22985.0,-1,11.333,-11.3,-6.38,-77.45,0,0,DCHG, ,
33002.6,1,1,1,1,4,22990.0,-1,11.333,-11.3,-6.38,-77.46,0,0,DCHG, ,
33007.6,1,1,1,1,4,22995.0,-1,11.332,-11.3,-6.38,-77.48,0,0,DCHG, ,
33012.6,1,1,1,1,4,23000.0,-1,11.332,-11.3,-6.38,-77.49,0,0,DCHG, ,
33017.6,1,1,1,1,4,23005.0,-1,11.331,-11.3,-6.38,-77.51,0,0,DCHG, ,
33022.6,1,1,1,1,4,23010.0,-1,11.33,-11.3,-6.39,-77.52,0,0,DCHG, ,
33027.6,1,1,1,1,4,23015.0,-0.99,11.33,-11.2,-6.39,-77.54,0,0,DCHG, ,
33032.6,1,1,1,1,4,23020.0,-1,11.329,-11.3,-6.39,-77.56,0,0,DCHG, ,
33037.6,1,1,1,1,4,23025.0,-1,11.329,-11.3,-6.39,-77.57,0,0,DCHG, ,
33042.6,1,1,1,1,4,23030.0,-1,11.328,-11.3,-6.39,-77.59,0,0,DCHG, ,
33047.6,1,1,1,1,4,23035.0,-1,11.327,-11.3,-6.39,-77.6,0,0,DCHG, ,
33052.6,1,1,1,1,4,23040.0,-1,11.327,-11.3,-6.39,-77.62,0,0,DCHG, ,
33057.6,1,1,1,1,4,23045.0,-1,11.326,-11.3,-6.4,-77.63,0,0,DCHG, ,
33062.6,1,1,1,1,4,23050.0,-1,11.326,-11.3,-6.4,-77.65,0,0,DCHG, ,
33067.6,1,1,1,1,4,23055.0,-1,11.325,-11.3,-6.4,-77.67,0,0,DCHG, ,
33072.6,1,1,1,1,4,23060.0,-1,11.325,-11.3,-6.4,-77.68,0,0,DCHG, ,
33077.6,1,1,1,1,4,23065.0,-1,11.324,-11.3,-6.4,-77.7,0,0,DCHG, ,
33082.6,1,1,1,1,4,23070.0,-1,11.323,-11.3,-6.4,-77.71,0,0,DCHG, ,
33087.6,1,1,1,1,4,23075.0,-1,11.323,-11.3,-6.4,-77.73,0,0,DCHG, ,
33092.6,1,1,1,1,4,23080.0,-1,11.322,-11.3,-6.4,-77.74,0,0,DCHG, ,
33097.6,1,1,1,1,4,23085.0,-1,11.322,-11.3,-6.41,-77.76,0,0,DCHG, ,
33102.6,1,1,1,1,4,23090.0,-1,11.321,-11.3,-6.41,-77.78,0,0,DCHG, ,
33107.6,1,1,1,1,4,23095.0,-1,11.32,-11.3,-6.41,-77.79,0,0,DCHG, ,
33112.6,1,1,1,1,4,23100.0,-1,11.32,-11.3,-6.41,-77.81,0,0,DCHG, ,
33117.6,1,1,1,1,4,23105.0,-1,11.319,-11.3,-6.41,-77.82,0,0,DCHG, ,
33122.6,1,1,1,1,4,23110.0,-1,11.318,-11.3,-6.41,-77.84,0,0,DCHG, ,
33127.6,1,1,1,1,4,23115.0,-1,11.318,-11.3,-6.41,-77.85,0,0,DCHG, ,
33132.6,1,1,1,1,4,23120.0,-1,11.317,-11.3,-6.42,-77.87,0,0,DCHG, ,
33137.6,1,1,1,1,4,23125.0,-1,11.317,-11.3,-6.42,-77.89,0,0,DCHG, ,
33142.6,1,1,1,1,4,23130.0,-1,11.316,-11.3,-6.42,-77.9,0,0,DCHG, ,
33147.6,1,1,1,1,4,23135.0,-1,11.315,-11.3,-6.42,-77.92,0,0,DCHG, ,
33152.6,1,1,1,1,4,23140.0,-1,11.315,-11.3,-6.42,-77.93,0,0,DCHG, ,
33157.6,1,1,1,1,4,23145.0,-1,11.315,-11.3,-6.42,-77.95,0,0,DCHG, ,
33162.6,1,1,1,1,4,23150.0,-1,11.313,-11.2,-6.42,-77.96,0,0,DCHG, ,
33167.6,1,1,1,1,4,23155.0,-1,11.312,-11.2,-6.43,-77.98,0,0,DCHG, ,
33172.6,1,1,1,1,4,23160.0,-1,11.312,-11.3,-6.43,-78,0,0,DCHG, ,
33177.6,1,1,1,1,4,23165.0,-1,11.312,-11.2,-6.43,-78.01,0,0,DCHG, ,
33182.6,1,1,1,1,4,23170.0,-1,11.311,-11.2,-6.43,-78.03,0,0,DCHG, ,
33187.6,1,1,1,1,4,23175.0,-1,11.31,-11.2,-6.43,-78.04,0,0,DCHG, ,
33192.6,1,1,1,1,4,23180.0,-1,11.309,-11.2,-6.43,-78.06,0,0,DCHG, ,
33197.6,1,1,1,1,4,23185.0,-1,11.309,-11.2,-6.43,-78.07,0,0,DCHG, ,
33202.6,1,1,1,1,4,23190.0,-1,11.308,-11.3,-6.44,-78.09,0,0,DCHG, ,
33207.6,1,1,1,1,4,23195.0,-1,11.307,-11.2,-6.44,-78.1,0,0,DCHG, ,
33212.6,1,1,1,1,4,23200.0,-1,11.307,-11.3,-6.44,-78.12,0,0,DCHG, ,
33217.6,1,1,1,1,4,23205.0,-1,11.306,-11.3,-6.44,-78.14,0,0,DCHG, ,
33222.6,1,1,1,1,4,23210.0,-1,11.306,-11.3,-6.44,-78.15,0,0,DCHG, ,
33227.6,1,1,1,1,4,23215.0,-1,11.306,-11.3,-6.44,-78.17,0,0,DCHG, ,
33232.6,1,1,1,1,4,23220.0,-1,11.304,-11.2,-6.44,-78.18,0,0,DCHG, ,
33237.6,1,1,1,1,4,23225.0,-1,11.304,-11.3,-6.45,-78.2,0,0,DCHG, ,
33242.6,1,1,1,1,4,23230.0,-1,11.303,-11.2,-6.45,-78.21,0,0,DCHG, ,
33247.6,1,1,1,1,4,23235.0,-1,11.302,-11.3,-6.45,-78.23,0,0,DCHG, ,
33252.6,1,1,1,1,4,23240.0,-1,11.301,-11.3,-6.45,-78.25,0,0,DCHG, ,
33257.6,1,1,1,1,4,23245.0,-1,11.301,-11.2,-6.45,-78.26,0,0,DCHG, ,
33262.6,1,1,1,1,4,23250.0,-1,11.3,-11.3,-6.45,-78.28,0,0,DCHG, ,
33267.6,1,1,1,1,4,23255.0,-1,11.3,-11.2,-6.45,-78.29,0,0,DCHG, ,
33272.6,1,1,1,1,4,23260.0,-1,11.299,-11.2,-6.45,-78.31,0,0,DCHG, ,
33277.6,1,1,1,1,4,23265.0,-1,11.299,-11.2,-6.46,-78.32,0,0,DCHG, ,
33282.6,1,1,1,1,4,23270.0,-1,11.298,-11.2,-6.46,-78.34,0,0,DCHG, ,
33287.6,1,1,1,1,4,23275.0,-1,11.297,-11.2,-6.46,-78.35,0,0,DCHG, ,
33292.6,1,1,1,1,4,23280.0,-1,11.297,-11.2,-6.46,-78.37,0,0,DCHG, ,
33297.6,1,1,1,1,4,23285.0,-1,11.296,-11.2,-6.46,-78.39,0,0,DCHG, ,
33302.6,1,1,1,1,4,23290.0,-1,11.295,-11.2,-6.46,-78.4,0,0,DCHG, ,
33307.6,1,1,1,1,4,23295.0,-1,11.295,-11.2,-6.46,-78.42,0,0,DCHG, ,
33312.6,1,1,1,1,4,23300.0,-1,11.294,-11.2,-6.47,-78.43,0,0,DCHG, ,
33317.6,1,1,1,1,4,23305.0,-1,11.293,-11.2,-6.47,-78.45,0,0,DCHG, ,
33322.6,1,1,1,1,4,23310.0,-1,11.292,-11.2,-6.47,-78.46,0,0,DCHG, ,
33327.6,1,1,1,1,4,23315.0,-1,11.292,-11.2,-6.47,-78.48,0,0,DCHG, ,
33332.6,1,1,1,1,4,23320.0,-1,11.292,-11.2,-6.47,-78.49,0,0,DCHG, ,
33337.6,1,1,1,1,4,23325.0,-1,11.291,-11.2,-6.47,-78.51,0,0,DCHG, ,
33342.6,1,1,1,1,4,23330.0,-1,11.29,-11.2,-6.47,-78.53,0,0,DCHG, ,
33347.6,1,1,1,1,4,23335.0,-1,11.289,-11.2,-6.48,-78.54,0,0,DCHG, ,
33352.6,1,1,1,1,4,23340.0,-0.99,11.288,-11.1,-6.48,-78.56,0,0,DCHG, ,
33357.6,1,1,1,1,4,23345.0,-1,11.288,-11.2,-6.48,-78.57,0,0,DCHG, ,
33362.6,1,1,1,1,4,23350.0,-1,11.288,-11.2,-6.48,-78.59,0,0,DCHG, ,
33367.6,1,1,1,1,4,23355.0,-1,11.287,-11.2,-6.48,-78.6,0,0,DCHG, ,
33372.6,1,1,1,1,4,23360.0,-1,11.286,-11.2,-6.48,-78.62,0,0,DCHG, ,
33377.6,1,1,1,1,4,23365.0,-1,11.285,-11.2,-6.48,-78.63,0,0,DCHG, ,
33382.6,1,1,1,1,4,23370.0,-1,11.285,-11.2,-6.49,-78.65,0,0,DCHG, ,
33387.6,1,1,1,1,4,23375.0,-1,11.284,-11.2,-6.49,-78.67,0,0,DCHG, ,
33392.6,1,1,1,1,4,23380.0,-1,11.284,-11.2,-6.49,-78.68,0,0,DCHG, ,
33397.6,1,1,1,1,4,23385.0,-1,11.283,-11.2,-6.49,-78.7,0,0,DCHG, ,
33402.6,1,1,1,1,4,23390.0,-1,11.282,-11.2,-6.49,-78.71,0,0,DCHG, ,
33407.6,1,1,1,1,4,23395.0,-1,11.282,-11.2,-6.49,-78.73,0,0,DCHG, ,
33412.6,1,1,1,1,4,23400.0,-1,11.281,-11.2,-6.49,-78.74,0,0,DCHG, ,
33417.6,1,1,1,1,4,23405.0,-1,11.28,-11.2,-6.5,-78.76,0,0,DCHG, ,
33422.6,1,1,1,1,4,23410.0,-1,11.28,-11.2,-6.5,-78.77,0,0,DCHG, ,
33427.6,1,1,1,1,4,23415.0,-1,11.279,-11.2,-6.5,-78.79,0,0,DCHG, ,
33432.6,1,1,1,1,4,23420.0,-1,11.279,-11.2,-6.5,-78.81,0,0,DCHG, ,
33437.6,1,1,1,1,4,23425.0,-1,11.278,-11.2,-6.5,-78.82,0,0,DCHG, ,
33442.6,1,1,1,1,4,23430.0,-1,11.277,-11.2,-6.5,-78.84,0,0,DCHG, ,
33447.6,1,1,1,1,4,23435.0,-1,11.276,-11.2,-6.5,-78.85,0,0,DCHG, ,
33452.6,1,1,1,1,4,23440.0,-1,11.276,-11.2,-6.5,-78.87,0,0,DCHG, ,
33457.6,1,1,1,1,4,23445.0,-1,11.275,-11.2,-6.51,-78.88,0,0,DCHG, ,
33462.6,1,1,1,1,4,23450.0,-1,11.274,-11.2,-6.51,-78.9,0,0,DCHG, ,
33467.6,1,1,1,1,4,23455.0,-1,11.274,-11.2,-6.51,-78.91,0,0,DCHG, ,
33472.6,1,1,1,1,4,23460.0,-1,11.273,-11.2,-6.51,-78.93,0,0,DCHG, ,
33477.6,1,1,1,1,4,23465.0,-1,11.272,-11.2,-6.51,-78.95,0,0,DCHG, ,
33482.6,1,1,1,1,4,23470.0,-1,11.272,-11.2,-6.51,-78.96,0,0,DCHG, ,
33487.6,1,1,1,1,4,23475.0,-1,11.271,-11.2,-6.51,-78.98,0,0,DCHG, ,
33492.6,1,1,1,1,4,23480.0,-1,11.27,-11.2,-6.52,-78.99,0,0,DCHG, ,
33497.6,1,1,1,1,4,23485.0,-1,11.27,-11.2,-6.52,-79.01,0,0,DCHG, ,
33502.6,1,1,1,1,4,23490.0,-1,11.269,-11.2,-6.52,-79.02,0,0,DCHG, ,
33507.6,1,1,1,1,4,23495.0,-1,11.268,-11.2,-6.52,-79.04,0,0,DCHG, ,
33512.6,1,1,1,1,4,23500.0,-1,11.268,-11.2,-6.52,-79.05,0,0,DCHG, ,
33517.6,1,1,1,1,4,23505.0,-1,11.267,-11.2,-6.52,-79.07,0,0,DCHG, ,
33522.6,1,1,1,1,4,23510.0,-1,11.266,-11.2,-6.52,-79.09,0,0,DCHG, ,
33527.6,1,1,1,1,4,23515.0,-1,11.266,-11.2,-6.53,-79.1,0,0,DCHG, ,
33532.6,1,1,1,1,4,23520.0,-1,11.265,-11.2,-6.53,-79.12,0,0,DCHG, ,
33537.6,1,1,1,1,4,23525.0,-1,11.265,-11.2,-6.53,-79.13,0,0,DCHG, ,
33542.6,1,1,1,1,4,23530.0,-1,11.263,-11.2,-6.53,-79.15,0,0,DCHG, ,
33547.6,1,1,1,1,4,23535.0,-1,11.263,-11.2,-6.53,-79.16,0,0,DCHG, ,
33552.6,1,1,1,1,4,23540.0,-1,11.262,-11.2,-6.53,-79.18,0,0,DCHG, ,
33557.6,1,1,1,1,4,23545.0,-1,11.262,-11.2,-6.53,-79.19,0,0,DCHG, ,
33562.6,1,1,1,1,4,23550.0,-1,11.261,-11.2,-6.54,-79.21,0,0,DCHG, ,
33567.6,1,1,1,1,4,23555.0,-1,11.26,-11.2,-6.54,-79.23,0,0,DCHG, ,
33572.6,1,1,1,1,4,23560.0,-1,11.259,-11.2,-6.54,-79.24,0,0,DCHG, ,
33577.6,1,1,1,1,4,23565.0,-1,11.259,-11.2,-6.54,-79.26,0,0,DCHG, ,
33582.6,1,1,1,1,4,23570.0,-1,11.257,-11.2,-6.54,-79.27,0,0,DCHG, ,
33587.6,1,1,1,1,4,23575.0,-1,11.257,-11.2,-6.54,-79.29,0,0,DCHG, ,
33592.6,1,1,1,1,4,23580.0,-1,11.256,-11.2,-6.54,-79.3,0,0,DCHG, ,
33597.6,1,1,1,1,4,23585.0,-1,11.256,-11.2,-6.55,-79.32,0,0,DCHG, ,
33602.6,1,1,1,1,4,23590.0,-1,11.255,-11.2,-6.55,-79.33,0,0,DCHG, ,
33607.6,1,1,1,1,4,23595.0,-1,11.254,-11.2,-6.55,-79.35,0,0,DCHG, ,
33612.6,1,1,1,1,4,23600.0,-1,11.254,-11.2,-6.55,-79.37,0,0,DCHG, ,
33617.6,1,1,1,1,4,23605.0,-1,11.253,-11.2,-6.55,-79.38,0,0,DCHG, ,
33622.6,1,1,1,1,4,23610.0,-1,11.252,-11.2,-6.55,-79.4,0,0,DCHG, ,
33627.6,1,1,1,1,4,23615.0,-1,11.252,-11.2,-6.55,-79.41,0,0,DCHG, ,
33632.6,1,1,1,1,4,23620.0,-1,11.251,-11.2,-6.55,-79.43,0,0,DCHG, ,
33637.6,1,1,1,1,4,23625.0,-1,11.25,-11.2,-6.56,-79.44,0,0,DCHG, ,
33642.6,1,1,1,1,4,23630.0,-1,11.25,-11.2,-6.56,-79.46,0,0,DCHG, ,
33647.6,1,1,1,1,4,23635.0,-1,11.249,-11.2,-6.56,-79.47,0,0,DCHG, ,
33652.6,1,1,1,1,4,23640.0,-1,11.248,-11.2,-6.56,-79.49,0,0,DCHG, ,
33657.6,1,1,1,1,4,23645.0,-1,11.247,-11.2,-6.56,-79.51,0,0,DCHG, ,
33662.6,1,1,1,1,4,23650.0,-1,11.246,-11.2,-6.56,-79.52,0,0,DCHG, ,
33667.6,1,1,1,1,4,23655.0,-1,11.246,-11.2,-6.56,-79.54,0,0,DCHG, ,
33672.6,1,1,1,1,4,23660.0,-1,11.245,-11.2,-6.57,-79.55,0,0,DCHG, ,
33677.6,1,1,1,1,4,23665.0,-1,11.244,-11.2,-6.57,-79.57,0,0,DCHG, ,
33682.6,1,1,1,1,4,23670.0,-1,11.243,-11.2,-6.57,-79.58,0,0,DCHG, ,
33687.6,1,1,1,1,4,23675.0,-1,11.243,-11.2,-6.57,-79.6,0,0,DCHG, ,
33692.6,1,1,1,1,4,23680.0,-1,11.242,-11.2,-6.57,-79.61,0,0,DCHG, ,
33697.6,1,1,1,1,4,23685.0,-1,11.242,-11.2,-6.57,-79.63,0,0,DCHG, ,
33702.6,1,1,1,1,4,23690.0,-1,11.24,-11.2,-6.57,-79.65,0,0,DCHG, ,
33707.6,1,1,1,1,4,23695.0,-1,11.24,-11.2,-6.58,-79.66,0,0,DCHG, ,
33712.6,1,1,1,1,4,23700.0,-1,11.239,-11.2,-6.58,-79.68,0,0,DCHG, ,
33717.6,1,1,1,1,4,23705.0,-1,11.238,-11.2,-6.58,-79.69,0,0,DCHG, ,
33722.6,1,1,1,1,4,23710.0,-1,11.238,-11.2,-6.58,-79.71,0,0,DCHG, ,
33727.6,1,1,1,1,4,23715.0,-1,11.237,-11.2,-6.58,-79.72,0,0,DCHG, ,
33732.6,1,1,1,1,4,23720.0,-1,11.237,-11.2,-6.58,-79.74,0,0,DCHG, ,
33737.6,1,1,1,1,4,23725.0,-1,11.236,-11.2,-6.58,-79.75,0,0,DCHG, ,
33742.6,1,1,1,1,4,23730.0,-1,11.235,-11.2,-6.59,-79.77,0,0,DCHG, ,
33747.6,1,1,1,1,4,23735.0,-1,11.234,-11.2,-6.59,-79.79,0,0,DCHG, ,
33752.6,1,1,1,1,4,23740.0,-1,11.234,-11.2,-6.59,-79.8,0,0,DCHG, ,
33757.6,1,1,1,1,4,23745.0,-1,11.233,-11.2,-6.59,-79.82,0,0,DCHG, ,
33762.6,1,1,1,1,4,23750.0,-1,11.232,-11.2,-6.59,-79.83,0,0,DCHG, ,
33767.6,1,1,1,1,4,23755.0,-1,11.232,-11.2,-6.59,-79.85,0,0,DCHG, ,
33772.6,1,1,1,1,4,23760.0,-1,11.231,-11.2,-6.59,-79.86,0,0,DCHG, ,
33777.6,1,1,1,1,4,23765.0,-1,11.23,-11.2,-6.6,-79.88,0,0,DCHG, ,
33782.6,1,1,1,1,4,23770.0,-1,11.229,-11.2,-6.6,-79.89,0,0,DCHG, ,
33787.6,1,1,1,1,4,23775.0,-1,11.228,-11.2,-6.6,-79.91,0,0,DCHG, ,
33792.6,1,1,1,1,4,23780.0,-1,11.228,-11.2,-6.6,-79.93,0,0,DCHG, ,
33797.6,1,1,1,1,4,23785.0,-1,11.228,-11.2,-6.6,-79.94,0,0,DCHG, ,
33802.6,1,1,1,1,4,23790.0,-1,11.226,-11.2,-6.6,-79.96,0,0,DCHG, ,
33807.6,1,1,1,1,4,23795.0,-1,11.226,-11.2,-6.6,-79.97,0,0,DCHG, ,
33812.6,1,1,1,1,4,23800.0,-1,11.225,-11.2,-6.6,-79.99,0,0,DCHG, ,
33817.6,1,1,1,1,4,23805.0,-1,11.224,-11.2,-6.61,-80,0,0,DCHG, ,
33822.6,1,1,1,1,4,23810.0,-1,11.224,-11.2,-6.61,-80.02,0,0,DCHG, ,
33827.6,1,1,1,1,4,23815.0,-1,11.223,-11.2,-6.61,-80.03,0,0,DCHG, ,
33832.6,1,1,1,1,4,23820.0,-0.99,11.222,-11.1,-6.61,-80.05,0,0,DCHG, ,
33837.6,1,1,1,1,4,23825.0,-1,11.221,-11.2,-6.61,-80.07,0,0,DCHG, ,
33842.6,1,1,1,1,4,23830.0,-1,11.221,-11.2,-6.61,-80.08,0,0,DCHG, ,
33847.6,1,1,1,1,4,23835.0,-1,11.22,-11.2,-6.61,-80.1,0,0,DCHG, ,
33852.6,1,1,1,1,4,23840.0,-1,11.219,-11.2,-6.62,-80.11,0,0,DCHG, ,
33857.6,1,1,1,1,4,23845.0,-1,11.218,-11.2,-6.62,-80.13,0,0,DCHG, ,
33862.6,1,1,1,1,4,23850.0,-1,11.217,-11.2,-6.62,-80.14,0,0,DCHG, ,
33867.6,1,1,1,1,4,23855.0,-1,11.217,-11.2,-6.62,-80.16,0,0,DCHG, ,
33872.6,1,1,1,1,4,23860.0,-1,11.216,-11.2,-6.62,-80.17,0,0,DCHG, ,
33877.6,1,1,1,1,4,23865.0,-1,11.215,-11.2,-6.62,-80.19,0,0,DCHG, ,
33882.6,1,1,1,1,4,23870.0,-1,11.214,-11.2,-6.62,-80.21,0,0,DCHG, ,
33887.6,1,1,1,1,4,23875.0,-1,11.214,-11.2,-6.63,-80.22,0,0,DCHG, ,
33892.6,1,1,1,1,4,23880.0,-1,11.213,-11.2,-6.63,-80.24,0,0,DCHG, ,
33897.6,1,1,1,1,4,23885.0,-1,11.212,-11.1,-6.63,-80.25,0,0,DCHG, ,
33902.6,1,1,1,1,4,23890.0,-1,11.211,-11.2,-6.63,-80.27,0,0,DCHG, ,
33907.6,1,1,1,1,4,23895.0,-1,11.211,-11.1,-6.63,-80.28,0,0,DCHG, ,
33912.6,1,1,1,1,4,23900.0,-1,11.21,-11.1,-6.63,-80.3,0,0,DCHG, ,
33917.6,1,1,1,1,4,23905.0,-1,11.209,-11.2,-6.63,-80.31,0,0,DCHG, ,
33922.6,1,1,1,1,4,23910.0,-1,11.208,-11.1,-6.64,-80.33,0,0,DCHG, ,
33927.6,1,1,1,1,4,23915.0,-1,11.207,-11.2,-6.64,-80.34,0,0,DCHG, ,
33932.6,1,1,1,1,4,23920.0,-1,11.207,-11.1,-6.64,-80.36,0,0,DCHG, ,
33937.6,1,1,1,1,4,23925.0,-1,11.206,-11.2,-6.64,-80.38,0,0,DCHG, ,
33942.6,1,1,1,1,4,23930.0,-1,11.205,-11.2,-6.64,-80.39,0,0,DCHG, ,
33947.6,1,1,1,1,4,23935.0,-1,11.204,-11.2,-6.64,-80.41,0,0,DCHG, ,
33952.6,1,1,1,1,4,23940.0,-1,11.204,-11.1,-6.64,-80.42,0,0,DCHG, ,
33957.6,1,1,1,1,4,23945.0,-1,11.203,-11.2,-6.65,-80.44,0,0,DCHG, ,
33962.6,1,1,1,1,4,23950.0,-1,11.202,-11.1,-6.65,-80.45,0,0,DCHG, ,
33967.6,1,1,1,1,4,23955.0,-1,11.201,-11.2,-6.65,-80.47,0,0,DCHG, ,
33972.6,1,1,1,1,4,23960.0,-1,11.2,-11.1,-6.65,-80.48,0,0,DCHG, ,
33977.6,1,1,1,1,4,23965.0,-1,11.2,-11.1,-6.65,-80.5,0,0,DCHG, ,
33982.6,1,1,1,1,4,23970.0,-1,11.199,-11.1,-6.65,-80.51,0,0,DCHG, ,
33987.6,1,1,1,1,4,23975.0,-1,11.198,-11.1,-6.65,-80.53,0,0,DCHG, ,
33992.6,1,1,1,1,4,23980.0,-1,11.197,-11.1,-6.65,-80.55,0,0,DCHG, ,
33997.6,1,1,1,1,4,23985.0,-1,11.196,-11.1,-6.66,-80.56,0,0,DCHG, ,
34002.6,1,1,1,1,4,23990.0,-1,11.195,-11.1,-6.66,-80.58,0,0,DCHG, ,
34007.6,1,1,1,1,4,23995.0,-1,11.195,-11.1,-6.66,-80.59,0,0,DCHG, ,
34012.6,1,1,1,1,4,24000.0,-1,11.194,-11.1,-6.66,-80.61,0,0,DCHG, ,
34017.6,1,1,1,1,4,24005.0,-1,11.193,-11.1,-6.66,-80.62,0,0,DCHG, ,
34022.6,1,1,1,1,4,24010.0,-1,11.193,-11.1,-6.66,-80.64,0,0,DCHG, ,
34027.6,1,1,1,1,4,24015.0,-1,11.192,-11.1,-6.66,-80.65,0,0,DCHG, ,
34032.6,1,1,1,1,4,24020.0,-1,11.191,-11.1,-6.67,-80.67,0,0,DCHG, ,
34037.6,1,1,1,1,4,24025.0,-1,11.19,-11.1,-6.67,-80.68,0,0,DCHG, ,
34042.6,1,1,1,1,4,24030.0,-1,11.189,-11.1,-6.67,-80.7,0,0,DCHG, ,
34047.6,1,1,1,1,4,24035.0,-1,11.189,-11.1,-6.67,-80.72,0,0,DCHG, ,
34052.6,1,1,1,1,4,24040.0,-1,11.188,-11.1,-6.67,-80.73,0,0,DCHG, ,
34057.6,1,1,1,1,4,24045.0,-1,11.187,-11.1,-6.67,-80.75,0,0,DCHG, ,
34062.6,1,1,1,1,4,24050.0,-1,11.186,-11.1,-6.67,-80.76,0,0,DCHG, ,
34067.6,1,1,1,1,4,24055.0,-1,11.185,-11.1,-6.68,-80.78,0,0,DCHG, ,
34072.6,1,1,1,1,4,24060.0,-1,11.185,-11.1,-6.68,-80.79,0,0,DCHG, ,
34077.6,1,1,1,1,4,24065.0,-1,11.184,-11.1,-6.68,-80.81,0,0,DCHG, ,
34082.6,1,1,1,1,4,24070.0,-1,11.183,-11.1,-6.68,-80.82,0,0,DCHG, ,
34087.6,1,1,1,1,4,24075.0,-1,11.182,-11.1,-6.68,-80.84,0,0,DCHG, ,
34092.6,1,1,1,1,4,24080.0,-1,11.182,-11.1,-6.68,-80.85,0,0,DCHG, ,
34097.6,1,1,1,1,4,24085.0,-1,11.181,-11.1,-6.68,-80.87,0,0,DCHG, ,
34102.6,1,1,1,1,4,24090.0,-1,11.179,-11.1,-6.69,-80.88,0,0,DCHG, ,
34107.6,1,1,1,1,4,24095.0,-1,11.179,-11.1,-6.69,-80.9,0,0,DCHG, ,
34112.6,1,1,1,1,4,24100.0,-1,11.178,-11.1,-6.69,-80.92,0,0,DCHG, ,
34117.6,1,1,1,1,4,24105.0,-1,11.177,-11.1,-6.69,-80.93,0,0,DCHG, ,
34122.6,1,1,1,1,4,24110.0,-1,11.176,-11.1,-6.69,-80.95,0,0,DCHG, ,
34127.6,1,1,1,1,4,24115.0,-1,11.175,-11.1,-6.69,-80.96,0,0,DCHG, ,
34132.6,1,1,1,1,4,24120.0,-1,11.175,-11.1,-6.69,-80.98,0,0,DCHG, ,
34137.6,1,1,1,1,4,24125.0,-1,11.174,-11.1,-6.7,-80.99,0,0,DCHG, ,
34142.6,1,1,1,1,4,24130.0,-1,11.173,-11.1,-6.7,-81.01,0,0,DCHG, ,
34147.6,1,1,1,1,4,24135.0,-1,11.172,-11.1,-6.7,-81.02,0,0,DCHG, ,
34152.6,1,1,1,1,4,24140.0,-1,11.171,-11.1,-6.7,-81.04,0,0,DCHG, ,
34157.6,1,1,1,1,4,24145.0,-1,11.171,-11.1,-6.7,-81.05,0,0,DCHG, ,
34162.6,1,1,1,1,4,24150.0,-1,11.17,-11.1,-6.7,-81.07,0,0,DCHG, ,
34167.6,1,1,1,1,4,24155.0,-1,11.169,-11.1,-6.7,-81.09,0,0,DCHG, ,
34172.6,1,1,1,1,4,24160.0,-1,11.168,-11.1,-6.7,-81.1,0,0,DCHG, ,
34177.6,1,1,1,1,4,24165.0,-1,11.167,-11.1,-6.71,-81.12,0,0,DCHG, ,
34182.6,1,1,1,1,4,24170.0,-1,11.166,-11.1,-6.71,-81.13,0,0,DCHG, ,
34187.6,1,1,1,1,4,24175.0,-1,11.165,-11.1,-6.71,-81.15,0,0,DCHG, ,
34192.6,1,1,1,1,4,24180.0,-1,11.164,-11.1,-6.71,-81.16,0,0,DCHG, ,
34197.6,1,1,1,1,4,24185.0,-1,11.164,-11.1,-6.71,-81.18,0,0,DCHG, ,
34202.6,1,1,1,1,4,24190.0,-1,11.163,-11.1,-6.71,-81.19,0,0,DCHG, ,
34207.6,1,1,1,1,4,24195.0,-1,11.162,-11.1,-6.71,-81.21,0,0,DCHG, ,
34212.6,1,1,1,1,4,24200.0,-1,11.161,-11.1,-6.72,-81.22,0,0,DCHG, ,
34217.6,1,1,1,1,4,24205.0,-1,11.161,-11.1,-6.72,-81.24,0,0,DCHG, ,
34222.6,1,1,1,1,4,24210.0,-1,11.159,-11.1,-6.72,-81.25,0,0,DCHG, ,
34227.6,1,1,1,1,4,24215.0,-1,11.159,-11.1,-6.72,-81.27,0,0,DCHG, ,
34232.6,1,1,1,1,4,24220.0,-1,11.158,-11.1,-6.72,-81.29,0,0,DCHG, ,
34237.6,1,1,1,1,4,24225.0,-1,11.157,-11.1,-6.72,-81.3,0,0,DCHG, ,
34242.6,1,1,1,1,4,24230.0,-1,11.156,-11.1,-6.72,-81.32,0,0,DCHG, ,
34247.6,1,1,1,1,4,24235.0,-1,11.155,-11.1,-6.73,-81.33,0,0,DCHG, ,
34252.6,1,1,1,1,4,24240.0,-1,11.154,-11.1,-6.73,-81.35,0,0,DCHG, ,
34257.6,1,1,1,1,4,24245.0,-1,11.154,-11.1,-6.73,-81.36,0,0,DCHG, ,
34262.6,1,1,1,1,4,24250.0,-1,11.153,-11.1,-6.73,-81.38,0,0,DCHG, ,
34267.6,1,1,1,1,4,24255.0,-1,11.152,-11.1,-6.73,-81.39,0,0,DCHG, ,
34272.6,1,1,1,1,4,24260.0,-1,11.151,-11.1,-6.73,-81.41,0,0,DCHG, ,
34277.6,1,1,1,1,4,24265.0,-1,11.15,-11.1,-6.73,-81.42,0,0,DCHG, ,
34282.6,1,1,1,1,4,24270.0,-1,11.149,-11.1,-6.74,-81.44,0,0,DCHG, ,
34287.6,1,1,1,1,4,24275.0,-1,11.148,-11.1,-6.74,-81.46,0,0,DCHG, ,
34292.6,1,1,1,1,4,24280.0,-1,11.147,-11.1,-6.74,-81.47,0,0,DCHG, ,
34297.6,1,1,1,1,4,24285.0,-1,11.146,-11.1,-6.74,-81.49,0,0,DCHG, ,
34302.6,1,1,1,1,4,24290.0,-1,11.146,-11.1,-6.74,-81.5,0,0,DCHG, ,
34307.6,1,1,1,1,4,24295.0,-1,11.145,-11.1,-6.74,-81.52,0,0,DCHG, ,
34312.6,1,1,1,1,4,24300.0,-1,11.144,-11.1,-6.74,-81.53,0,0,DCHG, ,
34317.6,1,1,1,1,4,24305.0,-1,11.143,-11.1,-6.75,-81.55,0,0,DCHG, ,
34322.6,1,1,1,1,4,24310.0,-1,11.141,-11.1,-6.75,-81.56,0,0,DCHG, ,
34327.6,1,1,1,1,4,24315.0,-1,11.14,-11.1,-6.75,-81.58,0,0,DCHG, ,
34332.6,1,1,1,1,4,24320.0,-1,11.14,-11.1,-6.75,-81.59,0,0,DCHG, ,
34337.6,1,1,1,1,4,24325.0,-1,11.139,-11.1,-6.75,-81.61,0,0,DCHG, ,
34342.6,1,1,1,1,4,24330.0,-1,11.138,-11.1,-6.75,-81.62,0,0,DCHG, ,
34347.6,1,1,1,1,4,24335.0,-1,11.137,-11.1,-6.75,-81.64,0,0,DCHG, ,
34352.6,1,1,1,1,4,24340.0,-1,11.136,-11.1,-6.75,-81.66,0,0,DCHG, ,
34357.6,1,1,1,1,4,24345.0,-1,11.136,-11.1,-6.76,-81.67,0,0,DCHG, ,
34362.6,1,1,1,1,4,24350.0,-1,11.135,-11.1,-6.76,-81.69,0,0,DCHG, ,
34367.6,1,1,1,1,4,24355.0,-1,11.134,-11.1,-6.76,-81.7,0,0,DCHG, ,
34372.6,1,1,1,1,4,24360.0,-1,11.133,-11.1,-6.76,-81.72,0,0,DCHG, ,
34377.6,1,1,1,1,4,24365.0,-1,11.132,-11.1,-6.76,-81.73,0,0,DCHG, ,
34382.6,1,1,1,1,4,24370.0,-1,11.131,-11.1,-6.76,-81.75,0,0,DCHG, ,
34387.6,1,1,1,1,4,24375.0,-1,11.13,-11.1,-6.76,-81.76,0,0,DCHG, ,
34392.6,1,1,1,1,4,24380.0,-1,11.129,-11.1,-6.77,-81.78,0,0,DCHG, ,
34397.6,1,1,1,1,4,24385.0,-1,11.128,-11.1,-6.77,-81.79,0,0,DCHG, ,
34402.6,1,1,1,1,4,24390.0,-1,11.128,-11.1,-6.77,-81.81,0,0,DCHG, ,
34407.6,1,1,1,1,4,24395.0,-1,11.126,-11.1,-6.77,-81.83,0,0,DCHG, ,
34412.6,1,1,1,1,4,24400.0,-1,11.125,-11.1,-6.77,-81.84,0,0,DCHG, ,
34417.6,1,1,1,1,4,24405.0,-1,11.125,-11.1,-6.77,-81.86,0,0,DCHG, ,
34422.6,1,1,1,1,4,24410.0,-1,11.124,-11.1,-6.77,-81.87,0,0,DCHG, ,
34427.6,1,1,1,1,4,24415.0,-1,11.123,-11.1,-6.78,-81.89,0,0,DCHG, ,
34432.6,1,1,1,1,4,24420.0,-1,11.122,-11.1,-6.78,-81.9,0,0,DCHG, ,
34437.6,1,1,1,1,4,24425.0,-1,11.121,-11.1,-6.78,-81.92,0,0,DCHG, ,
34442.6,1,1,1,1,4,24430.0,-1,11.12,-11.1,-6.78,-81.93,0,0,DCHG, ,
34447.6,1,1,1,1,4,24435.0,-1,11.119,-11.1,-6.78,-81.95,0,0,DCHG, ,
34452.6,1,1,1,1,4,24440.0,-1,11.118,-11.1,-6.78,-81.96,0,0,DCHG, ,
34457.6,1,1,1,1,4,24445.0,-1,11.117,-11.1,-6.78,-81.98,0,0,DCHG, ,
34462.6,1,1,1,1,4,24450.0,-1,11.116,-11.1,-6.79,-81.99,0,0,DCHG, ,
34467.6,1,1,1,1,4,24455.0,-1,11.115,-11.1,-6.79,-82.01,0,0,DCHG, ,
34472.6,1,1,1,1,4,24460.0,-1,11.114,-11.1,-6.79,-82.03,0,0,DCHG, ,
34477.6,1,1,1,1,4,24465.0,-1,11.113,-11.1,-6.79,-82.04,0,0,DCHG, ,
34482.6,1,1,1,1,4,24470.0,-1,11.112,-11.1,-6.79,-82.06,0,0,DCHG, ,
34487.6,1,1,1,1,4,24475.0,-1,11.111,-11,-6.79,-82.07,0,0,DCHG, ,
34492.6,1,1,1,1,4,24480.0,-1,11.11,-11,-6.79,-82.09,0,0,DCHG, ,
34497.6,1,1,1,1,4,24485.0,-1,11.109,-11,-6.8,-82.1,0,0,DCHG, ,
34502.6,1,1,1,1,4,24490.0,-1,11.109,-11.1,-6.8,-82.12,0,0,DCHG, ,
34507.6,1,1,1,1,4,24495.0,-1,11.107,-11,-6.8,-82.13,0,0,DCHG, ,
34512.6,1,1,1,1,4,24500.0,-1,11.106,-11,-6.8,-82.15,0,0,DCHG, ,
34517.6,1,1,1,1,4,24505.0,-0.99,11.106,-11,-6.8,-82.16,0,0,DCHG, ,
34522.6,1,1,1,1,4,24510.0,-1,11.104,-11.1,-6.8,-82.18,0,0,DCHG, ,
34527.6,1,1,1,1,4,24515.0,-1,11.104,-11,-6.8,-82.19,0,0,DCHG, ,
34532.6,1,1,1,1,4,24520.0,-1,11.103,-11,-6.8,-82.21,0,0,DCHG, ,
34537.6,1,1,1,1,4,24525.0,-1,11.102,-11,-6.81,-82.22,0,0,DCHG, ,
34542.6,1,1,1,1,4,24530.0,-1,11.1,-11.1,-6.81,-82.24,0,0,DCHG, ,
34547.6,1,1,1,1,4,24535.0,-1,11.099,-11,-6.81,-82.26,0,0,DCHG, ,
34552.6,1,1,1,1,4,24540.0,-1,11.098,-11,-6.81,-82.27,0,0,DCHG, ,
34557.6,1,1,1,1,4,24545.0,-1,11.098,-11,-6.81,-82.29,0,0,DCHG, ,
34562.6,1,1,1,1,4,24550.0,-1,11.097,-11,-6.81,-82.3,0,0,DCHG, ,
34567.6,1,1,1,1,4,24555.0,-1,11.096,-11,-6.81,-82.32,0,0,DCHG, ,
34572.6,1,1,1,1,4,24560.0,-1,11.094,-11,-6.82,-82.33,0,0,DCHG, ,
34577.6,1,1,1,1,4,24565.0,-1,11.094,-11,-6.82,-82.35,0,0,DCHG, ,
34582.6,1,1,1,1,4,24570.0,-1,11.092,-11,-6.82,-82.36,0,0,DCHG, ,
34587.6,1,1,1,1,4,24575.0,-1,11.092,-11,-6.82,-82.38,0,0,DCHG, ,
34592.6,1,1,1,1,4,24580.0,-0.99,11.09,-11,-6.82,-82.39,0,0,DCHG, ,
34597.6,1,1,1,1,4,24585.0,-1,11.09,-11,-6.82,-82.41,0,0,DCHG, ,
34602.6,1,1,1,1,4,24590.0,-1,11.089,-11,-6.82,-82.42,0,0,DCHG, ,
34607.6,1,1,1,1,4,24595.0,-1,11.087,-11,-6.83,-82.44,0,0,DCHG, ,
34612.6,1,1,1,1,4,24600.0,-1,11.086,-11,-6.83,-82.45,0,0,DCHG, ,
34617.6,1,1,1,1,4,24605.0,-1,11.086,-11,-6.83,-82.47,0,0,DCHG, ,
34622.6,1,1,1,1,4,24610.0,-1,11.084,-11,-6.83,-82.48,0,0,DCHG, ,
34627.6,1,1,1,1,4,24615.0,-1,11.084,-11,-6.83,-82.5,0,0,DCHG, ,
34632.6,1,1,1,1,4,24620.0,-1,11.083,-11,-6.83,-82.52,0,0,DCHG, ,
34637.6,1,1,1,1,4,24625.0,-1,11.081,-11,-6.83,-82.53,0,0,DCHG, ,
34642.6,1,1,1,1,4,24630.0,-1,11.08,-11,-6.84,-82.55,0,0,DCHG, ,
34647.6,1,1,1,1,4,24635.0,-1,11.079,-11,-6.84,-82.56,0,0,DCHG, ,
34652.6,1,1,1,1,4,24640.0,-1,11.078,-11,-6.84,-82.58,0,0,DCHG, ,
34657.6,1,1,1,1,4,24645.0,-1,11.077,-11,-6.84,-82.59,0,0,DCHG, ,
34662.6,1,1,1,1,4,24650.0,-1,11.076,-11,-6.84,-82.61,0,0,DCHG, ,
34667.6,1,1,1,1,4,24655.0,-1,11.075,-11,-6.84,-82.62,0,0,DCHG, ,
34672.6,1,1,1,1,4,24660.0,-0.99,11.074,-10.9,-6.84,-82.64,0,0,DCHG, ,
34677.6,1,1,1,1,4,24665.0,-1,11.073,-11,-6.85,-82.65,0,0,DCHG, ,
34682.6,1,1,1,1,4,24670.0,-1,11.072,-11,-6.85,-82.67,0,0,DCHG, ,
34687.6,1,1,1,1,4,24675.0,-1,11.071,-11,-6.85,-82.68,0,0,DCHG, ,
34692.6,1,1,1,1,4,24680.0,-1,11.07,-11,-6.85,-82.7,0,0,DCHG, ,
34697.6,1,1,1,1,4,24685.0,-1,11.069,-11,-6.85,-82.71,0,0,DCHG, ,
34702.6,1,1,1,1,4,24690.0,-1,11.067,-11,-6.85,-82.73,0,0,DCHG, ,
34707.6,1,1,1,1,4,24695.0,-1,11.066,-11,-6.85,-82.74,0,0,DCHG, ,
34712.6,1,1,1,1,4,24700.0,-1,11.066,-11,-6.85,-82.76,0,0,DCHG, ,
34717.6,1,1,1,1,4,24705.0,-1,11.065,-11,-6.86,-82.78,0,0,DCHG, ,
34722.6,1,1,1,1,4,24710.0,-1,11.064,-11,-6.86,-82.79,0,0,DCHG, ,
34727.6,1,1,1,1,4,24715.0,-1,11.062,-11,-6.86,-82.81,0,0,DCHG, ,
34732.6,1,1,1,1,4,24720.0,-1,11.061,-11,-6.86,-82.82,0,0,DCHG, ,
34737.6,1,1,1,1,4,24725.0,-1,11.06,-11,-6.86,-82.84,0,0,DCHG, ,
34742.6,1,1,1,1,4,24730.0,-1,11.059,-11,-6.86,-82.85,0,0,DCHG, ,
34747.6,1,1,1,1,4,24735.0,-1,11.058,-11,-6.86,-82.87,0,0,DCHG, ,
34752.6,1,1,1,1,4,24740.0,-1,11.056,-11,-6.87,-82.88,0,0,DCHG, ,
34757.6,1,1,1,1,4,24745.0,-1,11.056,-11,-6.87,-82.9,0,0,DCHG, ,
34762.6,1,1,1,1,4,24750.0,-1,11.054,-11,-6.87,-82.91,0,0,DCHG, ,
34767.6,1,1,1,1,4,24755.0,-1,11.053,-11,-6.87,-82.93,0,0,DCHG, ,
34772.6,1,1,1,1,4,24760.0,-1,11.052,-11,-6.87,-82.94,0,0,DCHG, ,
34777.6,1,1,1,1,4,24765.0,-1,11.051,-11,-6.87,-82.96,0,0,DCHG, ,
34782.6,1,1,1,1,4,24770.0,-1,11.05,-11,-6.87,-82.97,0,0,DCHG, ,
34787.6,1,1,1,1,4,24775.0,-1,11.049,-11,-6.88,-82.99,0,0,DCHG, ,
34792.6,1,1,1,1,4,24780.0,-1,11.048,-11,-6.88,-83,0,0,DCHG, ,
34797.6,1,1,1,1,4,24785.0,-1,11.047,-11,-6.88,-83.02,0,0,DCHG, ,
34802.6,1,1,1,1,4,24790.0,-1,11.046,-11,-6.88,-83.03,0,0,DCHG, ,
34807.6,1,1,1,1,4,24795.0,-1,11.045,-11,-6.88,-83.05,0,0,DCHG, ,
34812.6,1,1,1,1,4,24800.0,-1,11.044,-11,-6.88,-83.07,0,0,DCHG, ,
34817.6,1,1,1,1,4,24805.0,-1,11.042,-11,-6.88,-83.08,0,0,DCHG, ,
34822.6,1,1,1,1,4,24810.0,-1,11.041,-11,-6.89,-83.1,0,0,DCHG, ,
34827.6,1,1,1,1,4,24815.0,-1,11.04,-11,-6.89,-83.11,0,0,DCHG, ,
34832.6,1,1,1,1,4,24820.0,-1,11.039,-11,-6.89,-83.13,0,0,DCHG, ,
34837.6,1,1,1,1,4,24825.0,-1,11.037,-11,-6.89,-83.14,0,0,DCHG, ,
34842.6,1,1,1,1,4,24830.0,-1,11.036,-11,-6.89,-83.16,0,0,DCHG, ,
34847.6,1,1,1,1,4,24835.0,-0.99,11.035,-10.9,-6.89,-83.17,0,0,DCHG, ,
34852.6,1,1,1,1,4,24840.0,-1,11.034,-11,-6.89,-83.19,0,0,DCHG, ,
34857.6,1,1,1,1,4,24845.0,-1,11.033,-11,-6.9,-83.2,0,0,DCHG, ,
34862.6,1,1,1,1,4,24850.0,-1,11.032,-11,-6.9,-83.22,0,0,DCHG, ,
34867.6,1,1,1,1,4,24855.0,-0.99,11.031,-10.9,-6.9,-83.23,0,0,DCHG, ,
34872.6,1,1,1,1,4,24860.0,-1,11.029,-11,-6.9,-83.25,0,0,DCHG, ,
34877.6,1,1,1,1,4,24865.0,-1,11.028,-11,-6.9,-83.26,0,0,DCHG, ,
34882.6,1,1,1,1,4,24870.0,-1,11.027,-11,-6.9,-83.28,0,0,DCHG, ,
34887.6,1,1,1,1,4,24875.0,-1,11.026,-11,-6.9,-83.29,0,0,DCHG, ,
34892.6,1,1,1,1,4,24880.0,-1,11.025,-11,-6.9,-83.31,0,0,DCHG, ,
34897.6,1,1,1,1,4,24885.0,-1,11.023,-11,-6.91,-83.32,0,0,DCHG, ,
34902.6,1,1,1,1,4,24890.0,-1,11.022,-11,-6.91,-83.34,0,0,DCHG, ,
34907.6,1,1,1,1,4,24895.0,-1,11.021,-11,-6.91,-83.36,0,0,DCHG, ,
34912.6,1,1,1,1,4,24900.0,-1,11.02,-11,-6.91,-83.37,0,0,DCHG, ,
34917.6,1,1,1,1,4,24905.0,-1,11.019,-11,-6.91,-83.39,0,0,DCHG, ,
34922.6,1,1,1,1,4,24910.0,-1,11.017,-11,-6.91,-83.4,0,0,DCHG, ,
34927.6,1,1,1,1,4,24915.0,-1,11.016,-11,-6.91,-83.42,0,0,DCHG, ,
34932.6,1,1,1,1,4,24920.0,-1,11.014,-11,-6.92,-83.43,0,0,DCHG, ,
34937.6,1,1,1,1,4,24925.0,-1,11.013,-11,-6.92,-83.45,0,0,DCHG, ,
34942.6,1,1,1,1,4,24930.0,-1,11.012,-11,-6.92,-83.46,0,0,DCHG, ,
34947.6,1,1,1,1,4,24935.0,-1,11.011,-11,-6.92,-83.48,0,0,DCHG, ,
34952.6,1,1,1,1,4,24940.0,-1,11.01,-11,-6.92,-83.49,0,0,DCHG, ,
34957.6,1,1,1,1,4,24945.0,-1,11.008,-10.9,-6.92,-83.51,0,0,DCHG, ,
34962.6,1,1,1,1,4,24950.0,-1,11.008,-10.9,-6.92,-83.52,0,0,DCHG, ,
34967.6,1,1,1,1,4,24955.0,-1,11.006,-11,-6.93,-83.54,0,0,DCHG, ,
34972.6,1,1,1,1,4,24960.0,-1,11.005,-11,-6.93,-83.55,0,0,DCHG, ,
34977.6,1,1,1,1,4,24965.0,-1,11.004,-10.9,-6.93,-83.57,0,0,DCHG, ,
34982.6,1,1,1,1,4,24970.0,-1,11.003,-10.9,-6.93,-83.58,0,0,DCHG, ,
34987.6,1,1,1,1,4,24975.0,-1,11.001,-10.9,-6.93,-83.6,0,0,DCHG, ,
34992.6,1,1,1,1,4,24980.0,-1,11,-11,-6.93,-83.61,0,0,DCHG, ,
34997.6,1,1,1,1,4,24985.0,-1,10.998,-10.9,-6.93,-83.63,0,0,DCHG, ,
35002.6,1,1,1,1,4,24990.0,-1,10.997,-10.9,-6.94,-83.64,0,0,DCHG, ,
35007.6,1,1,1,1,4,24995.0,-1,10.996,-10.9,-6.94,-83.66,0,0,DCHG, ,
35012.6,1,1,1,1,4,25000.0,-1,10.995,-10.9,-6.94,-83.68,0,0,DCHG, ,
35017.6,1,1,1,1,4,25005.0,-1,10.994,-10.9,-6.94,-83.69,0,0,DCHG, ,
35022.6,1,1,1,1,4,25010.0,-1,10.992,-10.9,-6.94,-83.71,0,0,DCHG, ,
35027.6,1,1,1,1,4,25015.0,-1,10.992,-10.9,-6.94,-83.72,0,0,DCHG, ,
35032.6,1,1,1,1,4,25020.0,-1,10.989,-10.9,-6.94,-83.74,0,0,DCHG, ,
35037.6,1,1,1,1,4,25025.0,-1,10.989,-10.9,-6.95,-83.75,0,0,DCHG, ,
35042.6,1,1,1,1,4,25030.0,-1,10.987,-10.9,-6.95,-83.77,0,0,DCHG, ,
35047.6,1,1,1,1,4,25035.0,-1,10.986,-10.9,-6.95,-83.78,0,0,DCHG, ,
35052.6,1,1,1,1,4,25040.0,-1,10.984,-10.9,-6.95,-83.8,0,0,DCHG, ,
35057.6,1,1,1,1,4,25045.0,-1,10.983,-10.9,-6.95,-83.81,0,0,DCHG, ,
35062.6,1,1,1,1,4,25050.0,-1,10.982,-10.9,-6.95,-83.83,0,0,DCHG, ,
35067.6,1,1,1,1,4,25055.0,-1,10.981,-10.9,-6.95,-83.84,0,0,DCHG, ,
35072.6,1,1,1,1,4,25060.0,-1,10.98,-10.9,-6.95,-83.86,0,0,DCHG, ,
35077.6,1,1,1,1,4,25065.0,-1,10.978,-10.9,-6.96,-83.87,0,0,DCHG, ,
35082.6,1,1,1,1,4,25070.0,-1,10.977,-10.9,-6.96,-83.89,0,0,DCHG, ,
35087.6,1,1,1,1,4,25075.0,-1,10.976,-10.9,-6.96,-83.9,0,0,DCHG, ,
35092.6,1,1,1,1,4,25080.0,-1,10.974,-10.9,-6.96,-83.92,0,0,DCHG, ,
35097.6,1,1,1,1,4,25085.0,-1,10.973,-10.9,-6.96,-83.93,0,0,DCHG, ,
35102.6,1,1,1,1,4,25090.0,-1,10.971,-10.9,-6.96,-83.95,0,0,DCHG, ,
35107.6,1,1,1,1,4,25095.0,-1,10.97,-10.9,-6.96,-83.96,0,0,DCHG, ,
35112.6,1,1,1,1,4,25100.0,-1,10.969,-10.9,-6.97,-83.98,0,0,DCHG, ,
35117.6,1,1,1,1,4,25105.0,-1,10.967,-10.9,-6.97,-83.99,0,0,DCHG, ,
35122.6,1,1,1,1,4,25110.0,-1,10.966,-10.9,-6.97,-84.01,0,0,DCHG, ,
35127.6,1,1,1,1,4,25115.0,-1,10.964,-10.9,-6.97,-84.02,0,0,DCHG, ,
35132.6,1,1,1,1,4,25120.0,-1,10.963,-10.9,-6.97,-84.04,0,0,DCHG, ,
35137.6,1,1,1,1,4,25125.0,-1,10.962,-10.9,-6.97,-84.05,0,0,DCHG, ,
35142.6,1,1,1,1,4,25130.0,-1,10.96,-10.9,-6.97,-84.07,0,0,DCHG, ,
35147.6,1,1,1,1,4,25135.0,-1,10.959,-10.9,-6.98,-84.08,0,0,DCHG, ,
35152.6,1,1,1,1,4,25140.0,-1,10.958,-10.9,-6.98,-84.1,0,0,DCHG, ,
35157.6,1,1,1,1,4,25145.0,-1,10.956,-10.9,-6.98,-84.11,0,0,DCHG, ,
35162.6,1,1,1,1,4,25150.0,-1,10.955,-10.9,-6.98,-84.13,0,0,DCHG, ,
35167.6,1,1,1,1,4,25155.0,-1,10.953,-10.9,-6.98,-84.14,0,0,DCHG, ,
35172.6,1,1,1,1,4,25160.0,-1,10.952,-10.9,-6.98,-84.16,0,0,DCHG, ,
35177.6,1,1,1,1,4,25165.0,-1,10.95,-10.9,-6.98,-84.17,0,0,DCHG, ,
35182.6,1,1,1,1,4,25170.0,-1,10.949,-10.9,-6.99,-84.19,0,0,DCHG, ,
35187.6,1,1,1,1,4,25175.0,-1,10.947,-10.9,-6.99,-84.2,0,0,DCHG, ,
35192.6,1,1,1,1,4,25180.0,-1,10.946,-10.9,-6.99,-84.22,0,0,DCHG, ,
35197.6,1,1,1,1,4,25185.0,-1,10.944,-10.9,-6.99,-84.24,0,0,DCHG, ,
35202.6,1,1,1,1,4,25190.0,-1,10.943,-10.9,-6.99,-84.25,0,0,DCHG, ,
35207.6,1,1,1,1,4,25195.0,-1,10.941,-10.9,-6.99,-84.27,0,0,DCHG, ,
35212.6,1,1,1,1,4,25200.0,-1,10.94,-10.9,-6.99,-84.28,0,0,DCHG, ,
35217.6,1,1,1,1,4,25205.0,-1,10.938,-10.9,-6.99,-84.3,0,0,DCHG, ,
35222.6,1,1,1,1,4,25210.0,-1,10.937,-10.9,-7,-84.31,0,0,DCHG, ,
35227.6,1,1,1,1,4,25215.0,-1,10.936,-10.9,-7,-84.33,0,0,DCHG, ,
35232.6,1,1,1,1,4,25220.0,-1,10.934,-10.9,-7,-84.34,0,0,DCHG, ,
35237.6,1,1,1,1,4,25225.0,-1,10.932,-10.9,-7,-84.36,0,0,DCHG, ,
35242.6,1,1,1,1,4,25230.0,-1,10.931,-10.9,-7,-84.37,0,0,DCHG, ,
35247.6,1,1,1,1,4,25235.0,-1,10.93,-10.9,-7,-84.39,0,0,DCHG, ,
35252.6,1,1,1,1,4,25240.0,-1,10.928,-10.9,-7,-84.4,0,0,DCHG, ,
35257.6,1,1,1,1,4,25245.0,-1,10.927,-10.9,-7.01,-84.42,0,0,DCHG, ,
35262.6,1,1,1,1,4,25250.0,-1,10.925,-10.9,-7.01,-84.43,0,0,DCHG, ,
35267.6,1,1,1,1,4,25255.0,-1,10.923,-10.9,-7.01,-84.45,0,0,DCHG, ,
35272.6,1,1,1,1,4,25260.0,-1,10.922,-10.9,-7.01,-84.46,0,0,DCHG, ,
35277.6,1,1,1,1,4,25265.0,-1,10.92,-10.9,-7.01,-84.48,0,0,DCHG, ,
35282.6,1,1,1,1,4,25270.0,-1,10.919,-10.9,-7.01,-84.49,0,0,DCHG, ,
35287.6,1,1,1,1,4,25275.0,-1,10.917,-10.9,-7.01,-84.51,0,0,DCHG, ,
35292.6,1,1,1,1,4,25280.0,-1,10.915,-10.9,-7.02,-84.52,0,0,DCHG, ,
35297.6,1,1,1,1,4,25285.0,-1,10.914,-10.9,-7.02,-84.54,0,0,DCHG, ,
35302.6,1,1,1,1,4,25290.0,-1,10.913,-10.9,-7.02,-84.55,0,0,DCHG, ,
35307.6,1,1,1,1,4,25295.0,-1,10.911,-10.9,-7.02,-84.57,0,0,DCHG, ,
35312.6,1,1,1,1,4,25300.0,-1,10.909,-10.8,-7.02,-84.58,0,0,DCHG, ,
35317.6,1,1,1,1,4,25305.0,-1,10.907,-10.8,-7.02,-84.6,0,0,DCHG, ,
35322.6,1,1,1,1,4,25310.0,-1,10.906,-10.8,-7.02,-84.61,0,0,DCHG, ,
35327.6,1,1,1,1,4,25315.0,-1,10.904,-10.9,-7.03,-84.63,0,0,DCHG, ,
35332.6,1,1,1,1,4,25320.0,-0.99,10.903,-10.8,-7.03,-84.64,0,0,DCHG, ,
35337.6,1,1,1,1,4,25325.0,-1,10.901,-10.9,-7.03,-84.66,0,0,DCHG, ,
35342.6,1,1,1,1,4,25330.0,-1,10.9,-10.8,-7.03,-84.67,0,0,DCHG, ,
35347.6,1,1,1,1,4,25335.0,-1,10.898,-10.8,-7.03,-84.69,0,0,DCHG, ,
35352.6,1,1,1,1,4,25340.0,-1,10.896,-10.8,-7.03,-84.7,0,0,DCHG, ,
35357.6,1,1,1,1,4,25345.0,-1,10.894,-10.8,-7.03,-84.72,0,0,DCHG, ,
35362.6,1,1,1,1,4,25350.0,-1,10.892,-10.8,-7.04,-84.73,0,0,DCHG, ,
35367.6,1,1,1,1,4,25355.0,-1,10.891,-10.8,-7.04,-84.75,0,0,DCHG, ,
35372.6,1,1,1,1,4,25360.0,-1,10.889,-10.8,-7.04,-84.76,0,0,DCHG, ,
35377.6,1,1,1,1,4,25365.0,-1,10.888,-10.8,-7.04,-84.78,0,0,DCHG, ,
35382.6,1,1,1,1,4,25370.0,-1,10.886,-10.8,-7.04,-84.79,0,0,DCHG, ,
35387.6,1,1,1,1,4,25375.0,-1,10.884,-10.8,-7.04,-84.81,0,0,DCHG, ,
35392.6,1,1,1,1,4,25380.0,-1,10.883,-10.8,-7.04,-84.82,0,0,DCHG, ,
35397.6,1,1,1,1,4,25385.0,-1,10.881,-10.8,-7.04,-84.84,0,0,DCHG, ,
35402.6,1,1,1,1,4,25390.0,-1,10.878,-10.8,-7.05,-84.85,0,0,DCHG, ,
35407.6,1,1,1,1,4,25395.0,-1,10.877,-10.8,-7.05,-84.87,0,0,DCHG, ,
35412.6,1,1,1,1,4,25400.0,-1,10.875,-10.8,-7.05,-84.88,0,0,DCHG, ,
35417.6,1,1,1,1,4,25405.0,-1,10.874,-10.8,-7.05,-84.9,0,0,DCHG, ,
35422.6,1,1,1,1,4,25410.0,-1,10.872,-10.8,-7.05,-84.91,0,0,DCHG, ,
35427.6,1,1,1,1,4,25415.0,-1,10.87,-10.8,-7.05,-84.93,0,0,DCHG, ,
35432.6,1,1,1,1,4,25420.0,-1,10.868,-10.8,-7.05,-84.94,0,0,DCHG, ,
35437.6,1,1,1,1,4,25425.0,-1,10.866,-10.8,-7.06,-84.96,0,0,DCHG, ,
35442.6,1,1,1,1,4,25430.0,-1,10.864,-10.8,-7.06,-84.97,0,0,DCHG, ,
35447.6,1,1,1,1,4,25435.0,-1,10.862,-10.8,-7.06,-84.99,0,0,DCHG, ,
35452.6,1,1,1,1,4,25440.0,-1,10.861,-10.8,-7.06,-85,0,0,DCHG, ,
35457.6,1,1,1,1,4,25445.0,-1,10.858,-10.8,-7.06,-85.02,0,0,DCHG, ,
35462.6,1,1,1,1,4,25450.0,-1,10.857,-10.8,-7.06,-85.03,0,0,DCHG, ,
35467.6,1,1,1,1,4,25455.0,-1,10.855,-10.8,-7.06,-85.05,0,0,DCHG, ,
35472.6,1,1,1,1,4,25460.0,-1,10.853,-10.8,-7.07,-85.06,0,0,DCHG, ,
35477.6,1,1,1,1,4,25465.0,-1,10.852,-10.8,-7.07,-85.08,0,0,DCHG, ,
35482.6,1,1,1,1,4,25470.0,-1,10.85,-10.8,-7.07,-85.09,0,0,DCHG, ,
35487.6,1,1,1,1,4,25475.0,-1,10.848,-10.8,-7.07,-85.11,0,0,DCHG, ,
35492.6,1,1,1,1,4,25480.0,-1,10.846,-10.8,-7.07,-85.12,0,0,DCHG, ,
35497.6,1,1,1,1,4,25485.0,-1,10.844,-10.8,-7.07,-85.14,0,0,DCHG, ,
35502.6,1,1,1,1,4,25490.0,-1,10.842,-10.8,-7.07,-85.15,0,0,DCHG, ,
35507.6,1,1,1,1,4,25495.0,-1,10.84,-10.8,-7.08,-85.17,0,0,DCHG, ,
35512.6,1,1,1,1,4,25500.0,-1,10.838,-10.8,-7.08,-85.18,0,0,DCHG, ,
35517.6,1,1,1,1,4,25505.0,-0.99,10.836,-10.7,-7.08,-85.2,0,0,DCHG, ,
35522.6,1,1,1,1,4,25510.0,-1,10.834,-10.8,-7.08,-85.21,0,0,DCHG, ,
35527.6,1,1,1,1,4,25515.0,-1,10.832,-10.8,-7.08,-85.23,0,0,DCHG, ,
35532.6,1,1,1,1,4,25520.0,-1,10.83,-10.8,-7.08,-85.24,0,0,DCHG, ,
35537.6,1,1,1,1,4,25525.0,-1,10.829,-10.8,-7.08,-85.26,0,0,DCHG, ,
35542.6,1,1,1,1,4,25530.0,-1,10.826,-10.8,-7.09,-85.27,0,0,DCHG, ,
35547.6,1,1,1,1,4,25535.0,-1,10.824,-10.8,-7.09,-85.29,0,0,DCHG, ,
35552.6,1,1,1,1,4,25540.0,-1,10.822,-10.8,-7.09,-85.3,0,0,DCHG, ,
35557.6,1,1,1,1,4,25545.0,-1,10.82,-10.8,-7.09,-85.32,0,0,DCHG, ,
35562.6,1,1,1,1,4,25550.0,-1,10.818,-10.8,-7.09,-85.33,0,0,DCHG, ,
35567.6,1,1,1,1,4,25555.0,-1,10.816,-10.8,-7.09,-85.35,0,0,DCHG, ,
35572.6,1,1,1,1,4,25560.0,-1,10.814,-10.8,-7.09,-85.36,0,0,DCHG, ,
35577.6,1,1,1,1,4,25565.0,-1,10.812,-10.8,-7.09,-85.38,0,0,DCHG, ,
35582.6,1,1,1,1,4,25570.0,-1,10.81,-10.8,-7.1,-85.39,0,0,DCHG, ,
35587.6,1,1,1,1,4,25575.0,-1,10.808,-10.7,-7.1,-85.41,0,0,DCHG, ,
35592.6,1,1,1,1,4,25580.0,-1,10.806,-10.7,-7.1,-85.42,0,0,DCHG, ,
35597.6,1,1,1,1,4,25585.0,-1,10.804,-10.8,-7.1,-85.44,0,0,DCHG, ,
35602.6,1,1,1,1,4,25590.0,-1,10.801,-10.7,-7.1,-85.45,0,0,DCHG, ,
35607.6,1,1,1,1,4,25595.0,-1,10.799,-10.7,-7.1,-85.47,0,0,DCHG, ,
35612.6,1,1,1,1,4,25600.0,-1,10.797,-10.7,-7.1,-85.48,0,0,DCHG, ,
35617.6,1,1,1,1,4,25605.0,-1,10.795,-10.7,-7.11,-85.5,0,0,DCHG, ,
35622.6,1,1,1,1,4,25610.0,-1,10.792,-10.7,-7.11,-85.51,0,0,DCHG, ,
35627.6,1,1,1,1,4,25615.0,-1,10.79,-10.7,-7.11,-85.53,0,0,DCHG, ,
35632.6,1,1,1,1,4,25620.0,-1,10.788,-10.7,-7.11,-85.54,0,0,DCHG, ,
35637.6,1,1,1,1,4,25625.0,-1,10.786,-10.7,-7.11,-85.56,0,0,DCHG, ,
35642.6,1,1,1,1,4,25630.0,-1,10.783,-10.7,-7.11,-85.57,0,0,DCHG, ,
35647.6,1,1,1,1,4,25635.0,-1,10.782,-10.7,-7.11,-85.59,0,0,DCHG, ,
35652.6,1,1,1,1,4,25640.0,-1,10.779,-10.7,-7.12,-85.6,0,0,DCHG, ,
35657.6,1,1,1,1,4,25645.0,-1,10.777,-10.7,-7.12,-85.62,0,0,DCHG, ,
35662.6,1,1,1,1,4,25650.0,-1,10.774,-10.7,-7.12,-85.63,0,0,DCHG, ,
35667.6,1,1,1,1,4,25655.0,-1,10.772,-10.7,-7.12,-85.65,0,0,DCHG, ,
35672.6,1,1,1,1,4,25660.0,-1,10.769,-10.7,-7.12,-85.66,0,0,DCHG, ,
35677.6,1,1,1,1,4,25665.0,-0.99,10.767,-10.6,-7.12,-85.68,0,0,DCHG, ,
35682.6,1,1,1,1,4,25670.0,-1,10.764,-10.7,-7.12,-85.69,0,0,DCHG, ,
35687.6,1,1,1,1,4,25675.0,-1,10.762,-10.7,-7.13,-85.71,0,0,DCHG, ,
35692.6,1,1,1,1,4,25680.0,-1,10.76,-10.7,-7.13,-85.72,0,0,DCHG, ,
35697.6,1,1,1,1,4,25685.0,-1,10.757,-10.7,-7.13,-85.74,0,0,DCHG, ,
35702.6,1,1,1,1,4,25690.0,-1,10.755,-10.7,-7.13,-85.75,0,0,DCHG, ,
35707.6,1,1,1,1,4,25695.0,-1,10.753,-10.7,-7.13,-85.77,0,0,DCHG, ,
35712.6,1,1,1,1,4,25700.0,-1,10.749,-10.7,-7.13,-85.78,0,0,DCHG, ,
35717.6,1,1,1,1,4,25705.0,-1,10.747,-10.7,-7.13,-85.8,0,0,DCHG, ,
35722.6,1,1,1,1,4,25710.0,-1,10.744,-10.7,-7.14,-85.81,0,0,DCHG, ,
35727.6,1,1,1,1,4,25715.0,-1,10.743,-10.7,-7.14,-85.82,0,0,DCHG, ,
35732.6,1,1,1,1,4,25720.0,-1,10.74,-10.7,-7.14,-85.84,0,0,DCHG, ,
35737.6,1,1,1,1,4,25725.0,-1,10.737,-10.7,-7.14,-85.85,0,0,DCHG, ,
35742.6,1,1,1,1,4,25730.0,-1,10.734,-10.7,-7.14,-85.87,0,0,DCHG, ,
35747.6,1,1,1,1,4,25735.0,-1,10.732,-10.7,-7.14,-85.88,0,0,DCHG, ,
35752.6,1,1,1,1,4,25740.0,-1,10.729,-10.7,-7.14,-85.9,0,0,DCHG, ,
35757.6,1,1,1,1,4,25745.0,-1,10.726,-10.7,-7.14,-85.91,0,0,DCHG, ,
35762.6,1,1,1,1,4,25750.0,-1,10.724,-10.7,-7.15,-85.93,0,0,DCHG, ,
35767.6,1,1,1,1,4,25755.0,-1,10.72,-10.7,-7.15,-85.94,0,0,DCHG, ,
35772.6,1,1,1,1,4,25760.0,-1,10.718,-10.7,-7.15,-85.96,0,0,DCHG, ,
35777.6,1,1,1,1,4,25765.0,-1,10.715,-10.7,-7.15,-85.97,0,0,DCHG, ,
35782.6,1,1,1,1,4,25770.0,-1,10.712,-10.7,-7.15,-85.99,0,0,DCHG, ,
35787.6,1,1,1,1,4,25775.0,-1,10.709,-10.7,-7.15,-86,0,0,DCHG, ,
35792.6,1,1,1,1,4,25780.0,-1,10.707,-10.6,-7.15,-86.02,0,0,DCHG, ,
35797.6,1,1,1,1,4,25785.0,-1,10.704,-10.6,-7.16,-86.03,0,0,DCHG, ,
35802.6,1,1,1,1,4,25790.0,-1,10.701,-10.6,-7.16,-86.05,0,0,DCHG, ,
35807.6,1,1,1,1,4,25795.0,-1,10.698,-10.6,-7.16,-86.06,0,0,DCHG, ,
35812.6,1,1,1,1,4,25800.0,-1,10.695,-10.6,-7.16,-86.08,0,0,DCHG, ,
35817.6,1,1,1,1,4,25805.0,-1,10.692,-10.6,-7.16,-86.09,0,0,DCHG, ,
35822.6,1,1,1,1,4,25810.0,-1,10.689,-10.6,-7.16,-86.11,0,0,DCHG, ,
35827.6,1,1,1,1,4,25815.0,-1,10.686,-10.6,-7.16,-86.12,0,0,DCHG, ,
35832.6,1,1,1,1,4,25820.0,-1,10.683,-10.6,-7.17,-86.14,0,0,DCHG, ,
35837.6,1,1,1,1,4,25825.0,-1,10.679,-10.6,-7.17,-86.15,0,0,DCHG, ,
35842.6,1,1,1,1,4,25830.0,-1,10.676,-10.6,-7.17,-86.17,0,0,DCHG, ,
35847.6,1,1,1,1,4,25835.0,-1,10.673,-10.6,-7.17,-86.18,0,0,DCHG, ,
35852.6,1,1,1,1,4,25840.0,-1,10.67,-10.6,-7.17,-86.19,0,0,DCHG, ,
35857.6,1,1,1,1,4,25845.0,-1,10.667,-10.6,-7.17,-86.21,0,0,DCHG, ,
35862.6,1,1,1,1,4,25850.0,-1,10.664,-10.6,-7.17,-86.22,0,0,DCHG, ,
35867.6,1,1,1,1,4,25855.0,-1,10.66,-10.6,-7.18,-86.24,0,0,DCHG, ,
35872.6,1,1,1,1,4,25860.0,-1,10.657,-10.6,-7.18,-86.25,0,0,DCHG, ,
35877.6,1,1,1,1,4,25865.0,-1,10.653,-10.6,-7.18,-86.27,0,0,DCHG, ,
35882.6,1,1,1,1,4,25870.0,-1,10.65,-10.6,-7.18,-86.28,0,0,DCHG, ,
35887.6,1,1,1,1,4,25875.0,-1,10.646,-10.6,-7.18,-86.3,0,0,DCHG, ,
35892.6,1,1,1,1,4,25880.0,-1,10.643,-10.6,-7.18,-86.31,0,0,DCHG, ,
35897.6,1,1,1,1,4,25885.0,-1,10.64,-10.6,-7.18,-86.33,0,0,DCHG, ,
35902.6,1,1,1,1,4,25890.0,-1,10.636,-10.6,-7.19,-86.34,0,0,DCHG, ,
35907.6,1,1,1,1,4,25895.0,-1,10.632,-10.6,-7.19,-86.36,0,0,DCHG, ,
35912.6,1,1,1,1,4,25900.0,-1,10.629,-10.6,-7.19,-86.37,0,0,DCHG, ,
35917.6,1,1,1,1,4,25905.0,-1,10.626,-10.6,-7.19,-86.39,0,0,DCHG, ,
35922.6,1,1,1,1,4,25910.0,-1,10.621,-10.6,-7.19,-86.4,0,0,DCHG, ,
35927.6,1,1,1,1,4,25915.0,-1,10.618,-10.6,-7.19,-86.42,0,0,DCHG, ,
35932.6,1,1,1,1,4,25920.0,-1,10.614,-10.6,-7.19,-86.43,0,0,DCHG, ,
35937.6,1,1,1,1,4,25925.0,-1,10.61,-10.6,-7.19,-86.44,0,0,DCHG, ,
35942.6,1,1,1,1,4,25930.0,-1,10.606,-10.5,-7.2,-86.46,0,0,DCHG, ,
35947.6,1,1,1,1,4,25935.0,-1,10.602,-10.5,-7.2,-86.47,0,0,DCHG, ,
35952.6,1,1,1,1,4,25940.0,-1,10.598,-10.5,-7.2,-86.49,0,0,DCHG, ,
35957.6,1,1,1,1,4,25945.0,-1,10.594,-10.5,-7.2,-86.5,0,0,DCHG, ,
35962.6,1,1,1,1,4,25950.0,-1,10.59,-10.5,-7.2,-86.52,0,0,DCHG, ,
35967.6,1,1,1,1,4,25955.0,-1,10.586,-10.5,-7.2,-86.53,0,0,DCHG, ,
35972.6,1,1,1,1,4,25960.0,-1,10.581,-10.5,-7.2,-86.55,0,0,DCHG, ,
35977.6,1,1,1,1,4,25965.0,-1,10.577,-10.5,-7.21,-86.56,0,0,DCHG, ,
35982.6,1,1,1,1,4,25970.0,-1,10.573,-10.5,-7.21,-86.58,0,0,DCHG, ,
35987.6,1,1,1,1,4,25975.0,-1,10.568,-10.5,-7.21,-86.59,0,0,DCHG, ,
35992.6,1,1,1,1,4,25980.0,-1,10.564,-10.5,-7.21,-86.61,0,0,DCHG, ,
35997.6,1,1,1,1,4,25985.0,-1,10.559,-10.5,-7.21,-86.62,0,0,DCHG, ,
36002.6,1,1,1,1,4,25990.0,-1,10.555,-10.5,-7.21,-86.63,0,0,DCHG, ,
36007.6,1,1,1,1,4,25995.0,-1,10.55,-10.5,-7.21,-86.65,0,0,DCHG, ,
36012.6,1,1,1,1,4,26000.0,-0.99,10.546,-10.4,-7.22,-86.66,0,0,DCHG, ,
36017.6,1,1,1,1,4,26005.0,-1,10.541,-10.5,-7.22,-86.68,0,0,DCHG, ,
36022.6,1,1,1,1,4,26010.0,-1,10.536,-10.5,-7.22,-86.69,0,0,DCHG, ,
36027.6,1,1,1,1,4,26015.0,-1,10.531,-10.5,-7.22,-86.71,0,0,DCHG, ,
36032.6,1,1,1,1,4,26020.0,-1,10.527,-10.5,-7.22,-86.72,0,0,DCHG, ,
36037.6,1,1,1,1,4,26025.0,-1,10.521,-10.5,-7.22,-86.74,0,0,DCHG, ,
36042.6,1,1,1,1,4,26030.0,-1,10.516,-10.5,-7.22,-86.75,0,0,DCHG, ,
36047.6,1,1,1,1,4,26035.0,-1,10.511,-10.5,-7.23,-86.77,0,0,DCHG, ,
36052.6,1,1,1,1,4,26040.0,-1,10.506,-10.5,-7.23,-86.78,0,0,DCHG, ,
36057.4,1,1,1,1,4,26044.8,-1,10.5,-10.4,-7.23,-86.79,0,0,DCHG,A,
Total Number of Data Lines in the Database: 0000007215