Test Name, UCT_AST_9AH_B3_CYCLE
Test Date, 2024/03/08 02:03:10 PM
Operator ID, Uyilo
, 
Program Name, UCT_AST9AH_CYCLE_50
Program Description, 50-Repetition Bulk-Absorptiin_Float-Discharge Cycling program for 12V AGM
Program Database, C:\VisuaLCN\Programs\Standard tests.mdb
, 
Module Type, fj
Module Description, LCV 16-100-12
Address, Port: 1, Sys Controller: 1  Circuit: 12
Name, Channel 12
Device ID, Unknown
, 
Notes,   5.21b, MDB 9.542024/03/08 02:03:06 PM - Started by Masa
Editable Notes, 

Total Time,Cycle,Loop Counter #1,Loop Counter #2,Loop Counter #3,Step,Step time,Current,Voltage,Power,Amp-Hours,Watt-Hours,Unassigned A1,Unassigned A2,Mode,Data Acquisition Flag,
5.0,1,1,1,1,1,5.0,1.5,12.849,19.2,0,0.02,0,0,CHRG, ,
10.0,1,1,1,1,1,10.0,1.5,12.935,19.3,0,0.05,0,0,CHRG, ,
15.0,1,1,1,1,1,15.0,1.5,13.003,19.5,0,0.07,0,0,CHRG, ,
20.0,1,1,1,1,1,20.0,1.5,13.059,19.5,0,0.1,0,0,CHRG, ,
25.0,1,1,1,1,1,25.0,1.5,13.106,19.6,0.01,0.13,0,0,CHRG, ,
30.0,1,1,1,1,1,30.0,1.5,13.146,19.7,0.01,0.16,0,0,CHRG, ,
35.0,1,1,1,1,1,35.0,1.5,13.18,19.7,0.01,0.18,0,0,CHRG, ,
40.0,1,1,1,1,1,40.0,1.5,13.208,19.7,0.01,0.21,0,0,CHRG, ,
45.0,1,1,1,1,1,45.0,1.5,13.232,19.8,0.01,0.24,0,0,CHRG, ,
50.0,1,1,1,1,1,50.0,1.5,13.251,19.8,0.02,0.27,0,0,CHRG, ,
55.0,1,1,1,1,1,55.0,1.5,13.267,19.8,0.02,0.29,0,0,CHRG, ,
60.0,1,1,1,1,1,60.0,1.5,13.281,19.9,0.02,0.32,0,0,CHRG, ,
65.0,1,1,1,1,1,65.0,1.49,13.293,19.8,0.02,0.35,0,0,CHRG, ,
70.0,1,1,1,1,1,70.0,1.49,13.303,19.8,0.02,0.38,0,0,CHRG, ,
75.0,1,1,1,1,1,75.0,1.5,13.313,19.9,0.03,0.4,0,0,CHRG, ,
80.0,1,1,1,1,1,80.0,1.5,13.321,19.9,0.03,0.43,0,0,CHRG, ,
85.0,1,1,1,1,1,85.0,1.5,13.328,19.9,0.03,0.46,0,0,CHRG, ,
90.0,1,1,1,1,1,90.0,1.5,13.335,19.9,0.03,0.49,0,0,CHRG, ,
95.0,1,1,1,1,1,95.0,1.5,13.341,20,0.03,0.51,0,0,CHRG, ,
100.0,1,1,1,1,1,100.0,1.5,13.347,19.9,0.04,0.54,0,0,CHRG, ,
105.0,1,1,1,1,1,105.0,1.5,13.353,19.9,0.04,0.57,0,0,CHRG, ,
110.0,1,1,1,1,1,110.0,1.5,13.358,20,0.04,0.6,0,0,CHRG, ,
115.0,1,1,1,1,1,115.0,1.5,13.363,20,0.04,0.63,0,0,CHRG, ,
120.0,1,1,1,1,1,120.0,1.5,13.369,20,0.04,0.65,0,0,CHRG, ,
125.0,1,1,1,1,1,125.0,1.5,13.374,20,0.05,0.68,0,0,CHRG, ,
130.0,1,1,1,1,1,130.0,1.5,13.379,20,0.05,0.71,0,0,CHRG, ,
135.0,1,1,1,1,1,135.0,1.5,13.384,20,0.05,0.74,0,0,CHRG, ,
140.0,1,1,1,1,1,140.0,1.5,13.389,20,0.05,0.76,0,0,CHRG, ,
145.0,1,1,1,1,1,145.0,1.5,13.393,20,0.06,0.79,0,0,CHRG, ,
150.0,1,1,1,1,1,150.0,1.5,13.397,20,0.06,0.82,0,0,CHRG, ,
155.0,1,1,1,1,1,155.0,1.5,13.401,20,0.06,0.85,0,0,CHRG, ,
160.0,1,1,1,1,1,160.0,1.5,13.406,20,0.06,0.88,0,0,CHRG, ,
165.0,1,1,1,1,1,165.0,1.5,13.409,20,0.06,0.9,0,0,CHRG, ,
170.0,1,1,1,1,1,170.0,1.5,13.414,20,0.07,0.93,0,0,CHRG, ,
175.0,1,1,1,1,1,175.0,1.5,13.418,20,0.07,0.96,0,0,CHRG, ,
180.0,1,1,1,1,1,180.0,1.5,13.421,20.1,0.07,0.99,0,0,CHRG, ,
185.0,1,1,1,1,1,185.0,1.5,13.425,20.1,0.07,1.01,0,0,CHRG, ,
190.0,1,1,1,1,1,190.0,1.5,13.428,20.1,0.07,1.04,0,0,CHRG, ,
195.0,1,1,1,1,1,195.0,1.5,13.432,20.1,0.08,1.07,0,0,CHRG, ,
200.0,1,1,1,1,1,200.0,1.5,13.436,20.1,0.08,1.1,0,0,CHRG, ,
205.0,1,1,1,1,1,205.0,1.5,13.439,20.1,0.08,1.13,0,0,CHRG, ,
210.0,1,1,1,1,1,210.0,1.5,13.442,20.1,0.08,1.15,0,0,CHRG, ,
215.0,1,1,1,1,1,215.0,1.5,13.445,20.1,0.08,1.18,0,0,CHRG, ,
220.0,1,1,1,1,1,220.0,1.5,13.448,20.1,0.09,1.21,0,0,CHRG, ,
225.0,1,1,1,1,1,225.0,1.5,13.451,20.1,0.09,1.24,0,0,CHRG, ,
230.0,1,1,1,1,1,230.0,1.5,13.454,20.1,0.09,1.27,0,0,CHRG, ,
235.0,1,1,1,1,1,235.0,1.5,13.457,20.1,0.09,1.29,0,0,CHRG, ,
240.0,1,1,1,1,1,240.0,1.5,13.46,20.1,0.09,1.32,0,0,CHRG, ,
245.0,1,1,1,1,1,245.0,1.5,13.462,20.1,0.1,1.35,0,0,CHRG, ,
250.0,1,1,1,1,1,250.0,1.5,13.466,20.1,0.1,1.38,0,0,CHRG, ,
255.0,1,1,1,1,1,255.0,1.5,13.468,20.1,0.1,1.41,0,0,CHRG, ,
260.0,1,1,1,1,1,260.0,1.5,13.47,20.1,0.1,1.43,0,0,CHRG, ,
265.0,1,1,1,1,1,265.0,1.5,13.473,20.1,0.11,1.46,0,0,CHRG, ,
270.0,1,1,1,1,1,270.0,1.5,13.475,20.1,0.11,1.49,0,0,CHRG, ,
275.0,1,1,1,1,1,275.0,1.5,13.477,20.1,0.11,1.52,0,0,CHRG, ,
280.0,1,1,1,1,1,280.0,1.5,13.48,20.1,0.11,1.54,0,0,CHRG, ,
285.0,1,1,1,1,1,285.0,1.5,13.482,20.1,0.11,1.57,0,0,CHRG, ,
290.0,1,1,1,1,1,290.0,1.5,13.485,20.1,0.12,1.6,0,0,CHRG, ,
295.0,1,1,1,1,1,295.0,1.5,13.487,20.1,0.12,1.63,0,0,CHRG, ,
300.0,1,1,1,1,1,300.0,1.5,13.489,20.2,0.12,1.66,0,0,CHRG, ,
305.0,1,1,1,1,1,305.0,1.5,13.492,20.2,0.12,1.68,0,0,CHRG, ,
310.0,1,1,1,1,1,310.0,1.5,13.494,20.2,0.12,1.71,0,0,CHRG, ,
315.0,1,1,1,1,1,315.0,1.5,13.496,20.2,0.13,1.74,0,0,CHRG, ,
320.0,1,1,1,1,1,320.0,1.5,13.497,20.2,0.13,1.77,0,0,CHRG, ,
325.0,1,1,1,1,1,325.0,1.5,13.5,20.2,0.13,1.8,0,0,CHRG, ,
330.0,1,1,1,1,1,330.0,1.49,13.502,20.1,0.13,1.82,0,0,CHRG, ,
335.0,1,1,1,1,1,335.0,1.5,13.505,20.2,0.13,1.85,0,0,CHRG, ,
340.0,1,1,1,1,1,340.0,1.5,13.507,20.2,0.14,1.88,0,0,CHRG, ,
345.0,1,1,1,1,1,345.0,1.5,13.509,20.2,0.14,1.91,0,0,CHRG, ,
350.0,1,1,1,1,1,350.0,1.5,13.51,20.2,0.14,1.94,0,0,CHRG, ,
355.0,1,1,1,1,1,355.0,1.5,13.512,20.2,0.14,1.97,0,0,CHRG, ,
360.0,1,1,1,1,1,360.0,1.5,13.514,20.2,0.14,1.99,0,0,CHRG, ,
365.0,1,1,1,1,1,365.0,1.5,13.516,20.2,0.15,2.02,0,0,CHRG, ,
370.0,1,1,1,1,1,370.0,1.5,13.518,20.2,0.15,2.05,0,0,CHRG, ,
375.0,1,1,1,1,1,375.0,1.5,13.521,20.2,0.15,2.08,0,0,CHRG, ,
380.0,1,1,1,1,1,380.0,1.5,13.522,20.2,0.15,2.11,0,0,CHRG, ,
385.0,1,1,1,1,1,385.0,1.49,13.524,20.1,0.16,2.13,0,0,CHRG, ,
390.0,1,1,1,1,1,390.0,1.5,13.526,20.2,0.16,2.16,0,0,CHRG, ,
395.0,1,1,1,1,1,395.0,1.5,13.529,20.2,0.16,2.19,0,0,CHRG, ,
400.0,1,1,1,1,1,400.0,1.5,13.531,20.2,0.16,2.22,0,0,CHRG, ,
405.0,1,1,1,1,1,405.0,1.5,13.533,20.2,0.16,2.25,0,0,CHRG, ,
410.0,1,1,1,1,1,410.0,1.49,13.535,20.2,0.17,2.27,0,0,CHRG, ,
415.0,1,1,1,1,1,415.0,1.5,13.537,20.2,0.17,2.3,0,0,CHRG, ,
420.0,1,1,1,1,1,420.0,1.5,13.539,20.2,0.17,2.33,0,0,CHRG, ,
425.0,1,1,1,1,1,425.0,1.5,13.541,20.3,0.17,2.36,0,0,CHRG, ,
430.0,1,1,1,1,1,430.0,1.5,13.543,20.2,0.17,2.39,0,0,CHRG, ,
435.0,1,1,1,1,1,435.0,1.5,13.545,20.2,0.18,2.41,0,0,CHRG, ,
440.0,1,1,1,1,1,440.0,1.5,13.547,20.2,0.18,2.44,0,0,CHRG, ,
445.0,1,1,1,1,1,445.0,1.5,13.549,20.2,0.18,2.47,0,0,CHRG, ,
450.0,1,1,1,1,1,450.0,1.5,13.551,20.2,0.18,2.5,0,0,CHRG, ,
455.0,1,1,1,1,1,455.0,1.5,13.552,20.2,0.18,2.53,0,0,CHRG, ,
460.0,1,1,1,1,1,460.0,1.5,13.555,20.2,0.19,2.55,0,0,CHRG, ,
465.0,1,1,1,1,1,465.0,1.5,13.556,20.2,0.19,2.58,0,0,CHRG, ,
470.0,1,1,1,1,1,470.0,1.5,13.559,20.3,0.19,2.61,0,0,CHRG, ,
475.0,1,1,1,1,1,475.0,1.5,13.56,20.3,0.19,2.64,0,0,CHRG, ,
480.0,1,1,1,1,1,480.0,1.5,13.563,20.3,0.19,2.67,0,0,CHRG, ,
485.0,1,1,1,1,1,485.0,1.5,13.564,20.3,0.2,2.7,0,0,CHRG, ,
490.0,1,1,1,1,1,490.0,1.5,13.566,20.3,0.2,2.72,0,0,CHRG, ,
495.0,1,1,1,1,1,495.0,1.5,13.568,20.3,0.2,2.75,0,0,CHRG, ,
500.0,1,1,1,1,1,500.0,1.5,13.57,20.3,0.2,2.78,0,0,CHRG, ,
505.0,1,1,1,1,1,505.0,1.5,13.572,20.3,0.21,2.81,0,0,CHRG, ,
510.0,1,1,1,1,1,510.0,1.5,13.574,20.3,0.21,2.84,0,0,CHRG, ,
515.0,1,1,1,1,1,515.0,1.5,13.576,20.3,0.21,2.86,0,0,CHRG, ,
520.0,1,1,1,1,1,520.0,1.5,13.578,20.3,0.21,2.89,0,0,CHRG, ,
525.0,1,1,1,1,1,525.0,1.5,13.58,20.3,0.21,2.92,0,0,CHRG, ,
530.0,1,1,1,1,1,530.0,1.5,13.582,20.3,0.22,2.95,0,0,CHRG, ,
535.0,1,1,1,1,1,535.0,1.5,13.584,20.3,0.22,2.98,0,0,CHRG, ,
540.0,1,1,1,1,1,540.0,1.5,13.586,20.3,0.22,3.01,0,0,CHRG, ,
545.0,1,1,1,1,1,545.0,1.5,13.588,20.3,0.22,3.03,0,0,CHRG, ,
550.0,1,1,1,1,1,550.0,1.5,13.59,20.3,0.22,3.06,0,0,CHRG, ,
555.0,1,1,1,1,1,555.0,1.5,13.592,20.3,0.23,3.09,0,0,CHRG, ,
560.0,1,1,1,1,1,560.0,1.5,13.594,20.3,0.23,3.12,0,0,CHRG, ,
565.0,1,1,1,1,1,565.0,1.5,13.596,20.3,0.23,3.15,0,0,CHRG, ,
570.0,1,1,1,1,1,570.0,1.5,13.598,20.3,0.23,3.17,0,0,CHRG, ,
575.0,1,1,1,1,1,575.0,1.5,13.599,20.3,0.23,3.2,0,0,CHRG, ,
580.0,1,1,1,1,1,580.0,1.5,13.602,20.3,0.24,3.23,0,0,CHRG, ,
585.0,1,1,1,1,1,585.0,1.5,13.604,20.3,0.24,3.26,0,0,CHRG, ,
590.0,1,1,1,1,1,590.0,1.5,13.605,20.3,0.24,3.29,0,0,CHRG, ,
595.0,1,1,1,1,1,595.0,1.5,13.608,20.3,0.24,3.32,0,0,CHRG, ,
600.0,1,1,1,1,1,600.0,1.5,13.609,20.4,0.24,3.34,0,0,CHRG, ,
605.0,1,1,1,1,1,605.0,1.5,13.612,20.3,0.25,3.37,0,0,CHRG, ,
610.0,1,1,1,1,1,610.0,1.5,13.614,20.4,0.25,3.4,0,0,CHRG, ,
615.0,1,1,1,1,1,615.0,1.5,13.615,20.3,0.25,3.43,0,0,CHRG, ,
620.0,1,1,1,1,1,620.0,1.5,13.618,20.3,0.25,3.46,0,0,CHRG, ,
625.0,1,1,1,1,1,625.0,1.5,13.619,20.4,0.26,3.49,0,0,CHRG, ,
630.0,1,1,1,1,1,630.0,1.5,13.621,20.4,0.26,3.51,0,0,CHRG, ,
635.0,1,1,1,1,1,635.0,1.5,13.623,20.4,0.26,3.54,0,0,CHRG, ,
640.0,1,1,1,1,1,640.0,1.5,13.626,20.4,0.26,3.57,0,0,CHRG, ,
645.0,1,1,1,1,1,645.0,1.5,13.627,20.4,0.26,3.6,0,0,CHRG, ,
650.0,1,1,1,1,1,650.0,1.5,13.63,20.4,0.27,3.63,0,0,CHRG, ,
655.0,1,1,1,1,1,655.0,1.5,13.631,20.4,0.27,3.65,0,0,CHRG, ,
660.0,1,1,1,1,1,660.0,1.5,13.633,20.4,0.27,3.68,0,0,CHRG, ,
665.0,1,1,1,1,1,665.0,1.5,13.635,20.4,0.27,3.71,0,0,CHRG, ,
670.0,1,1,1,1,1,670.0,1.5,13.637,20.4,0.27,3.74,0,0,CHRG, ,
675.0,1,1,1,1,1,675.0,1.5,13.639,20.4,0.28,3.77,0,0,CHRG, ,
680.0,1,1,1,1,1,680.0,1.5,13.641,20.4,0.28,3.8,0,0,CHRG, ,
685.0,1,1,1,1,1,685.0,1.5,13.643,20.4,0.28,3.82,0,0,CHRG, ,
690.0,1,1,1,1,1,690.0,1.5,13.644,20.4,0.28,3.85,0,0,CHRG, ,
695.0,1,1,1,1,1,695.0,1.5,13.646,20.4,0.28,3.88,0,0,CHRG, ,
700.0,1,1,1,1,1,700.0,1.5,13.649,20.4,0.29,3.91,0,0,CHRG, ,
705.0,1,1,1,1,1,705.0,1.5,13.65,20.4,0.29,3.94,0,0,CHRG, ,
710.0,1,1,1,1,1,710.0,1.5,13.652,20.4,0.29,3.97,0,0,CHRG, ,
715.0,1,1,1,1,1,715.0,1.5,13.654,20.4,0.29,3.99,0,0,CHRG, ,
720.0,1,1,1,1,1,720.0,1.5,13.656,20.4,0.29,4.02,0,0,CHRG, ,
725.0,1,1,1,1,1,725.0,1.5,13.659,20.4,0.3,4.05,0,0,CHRG, ,
730.0,1,1,1,1,1,730.0,1.5,13.661,20.4,0.3,4.08,0,0,CHRG, ,
735.0,1,1,1,1,1,735.0,1.5,13.662,20.4,0.3,4.11,0,0,CHRG, ,
740.0,1,1,1,1,1,740.0,1.5,13.664,20.4,0.3,4.14,0,0,CHRG, ,
745.0,1,1,1,1,1,745.0,1.5,13.666,20.4,0.31,4.16,0,0,CHRG, ,
750.0,1,1,1,1,1,750.0,1.5,13.668,20.4,0.31,4.19,0,0,CHRG, ,
755.0,1,1,1,1,1,755.0,1.5,13.671,20.4,0.31,4.22,0,0,CHRG, ,
760.0,1,1,1,1,1,760.0,1.49,13.672,20.4,0.31,4.25,0,0,CHRG, ,
765.0,1,1,1,1,1,765.0,1.5,13.674,20.4,0.31,4.28,0,0,CHRG, ,
770.0,1,1,1,1,1,770.0,1.5,13.675,20.4,0.32,4.31,0,0,CHRG, ,
775.0,1,1,1,1,1,775.0,1.5,13.678,20.4,0.32,4.33,0,0,CHRG, ,
780.0,1,1,1,1,1,780.0,1.5,13.68,20.5,0.32,4.36,0,0,CHRG, ,
785.0,1,1,1,1,1,785.0,1.5,13.682,20.4,0.32,4.39,0,0,CHRG, ,
790.0,1,1,1,1,1,790.0,1.5,13.683,20.4,0.32,4.42,0,0,CHRG, ,
795.0,1,1,1,1,1,795.0,1.5,13.686,20.4,0.33,4.45,0,0,CHRG, ,
800.0,1,1,1,1,1,800.0,1.5,13.687,20.4,0.33,4.48,0,0,CHRG, ,
805.0,1,1,1,1,1,805.0,1.5,13.69,20.4,0.33,4.51,0,0,CHRG, ,
810.0,1,1,1,1,1,810.0,1.5,13.691,20.5,0.33,4.53,0,0,CHRG, ,
815.0,1,1,1,1,1,815.0,1.5,13.693,20.5,0.33,4.56,0,0,CHRG, ,
820.0,1,1,1,1,1,820.0,1.5,13.695,20.5,0.34,4.59,0,0,CHRG, ,
825.0,1,1,1,1,1,825.0,1.5,13.698,20.5,0.34,4.62,0,0,CHRG, ,
830.0,1,1,1,1,1,830.0,1.5,13.7,20.5,0.34,4.65,0,0,CHRG, ,
835.0,1,1,1,1,1,835.0,1.5,13.701,20.4,0.34,4.68,0,0,CHRG, ,
840.0,1,1,1,1,1,840.0,1.5,13.704,20.5,0.34,4.7,0,0,CHRG, ,
845.0,1,1,1,1,1,845.0,1.5,13.705,20.5,0.35,4.73,0,0,CHRG, ,
850.0,1,1,1,1,1,850.0,1.5,13.707,20.5,0.35,4.76,0,0,CHRG, ,
855.0,1,1,1,1,1,855.0,1.5,13.709,20.5,0.35,4.79,0,0,CHRG, ,
860.0,1,1,1,1,1,860.0,1.5,13.711,20.5,0.35,4.82,0,0,CHRG, ,
865.0,1,1,1,1,1,865.0,1.5,13.713,20.5,0.36,4.85,0,0,CHRG, ,
870.0,1,1,1,1,1,870.0,1.5,13.715,20.5,0.36,4.88,0,0,CHRG, ,
875.0,1,1,1,1,1,875.0,1.5,13.717,20.5,0.36,4.9,0,0,CHRG, ,
880.0,1,1,1,1,1,880.0,1.5,13.719,20.5,0.36,4.93,0,0,CHRG, ,
885.0,1,1,1,1,1,885.0,1.5,13.72,20.5,0.36,4.96,0,0,CHRG, ,
890.0,1,1,1,1,1,890.0,1.5,13.723,20.5,0.37,4.99,0,0,CHRG, ,
895.0,1,1,1,1,1,895.0,1.5,13.724,20.5,0.37,5.02,0,0,CHRG, ,
900.0,1,1,1,1,1,900.0,1.5,13.726,20.5,0.37,5.05,0,0,CHRG, ,
905.0,1,1,1,1,1,905.0,1.5,13.728,20.5,0.37,5.07,0,0,CHRG, ,
910.0,1,1,1,1,1,910.0,1.5,13.73,20.5,0.37,5.1,0,0,CHRG, ,
915.0,1,1,1,1,1,915.0,1.5,13.732,20.5,0.38,5.13,0,0,CHRG, ,
920.0,1,1,1,1,1,920.0,1.5,13.735,20.6,0.38,5.16,0,0,CHRG, ,
925.0,1,1,1,1,1,925.0,1.5,13.736,20.6,0.38,5.19,0,0,CHRG, ,
930.0,1,1,1,1,1,930.0,1.5,13.738,20.5,0.38,5.22,0,0,CHRG, ,
935.0,1,1,1,1,1,935.0,1.5,13.74,20.5,0.38,5.25,0,0,CHRG, ,
940.0,1,1,1,1,1,940.0,1.5,13.742,20.5,0.39,5.27,0,0,CHRG, ,
945.0,1,1,1,1,1,945.0,1.5,13.744,20.5,0.39,5.3,0,0,CHRG, ,
950.0,1,1,1,1,1,950.0,1.5,13.746,20.6,0.39,5.33,0,0,CHRG, ,
955.0,1,1,1,1,1,955.0,1.5,13.748,20.5,0.39,5.36,0,0,CHRG, ,
960.0,1,1,1,1,1,960.0,1.5,13.75,20.5,0.39,5.39,0,0,CHRG, ,
965.0,1,1,1,1,1,965.0,1.5,13.751,20.5,0.4,5.42,0,0,CHRG, ,
970.0,1,1,1,1,1,970.0,1.5,13.753,20.5,0.4,5.45,0,0,CHRG, ,
975.0,1,1,1,1,1,975.0,1.5,13.755,20.5,0.4,5.47,0,0,CHRG, ,
980.0,1,1,1,1,1,980.0,1.5,13.757,20.5,0.4,5.5,0,0,CHRG, ,
985.0,1,1,1,1,1,985.0,1.5,13.759,20.5,0.41,5.53,0,0,CHRG, ,
990.0,1,1,1,1,1,990.0,1.5,13.76,20.6,0.41,5.56,0,0,CHRG, ,
995.0,1,1,1,1,1,995.0,1.5,13.762,20.6,0.41,5.59,0,0,CHRG, ,
1000.0,1,1,1,1,1,1000.0,1.5,13.764,20.6,0.41,5.62,0,0,CHRG, ,
1005.0,1,1,1,1,1,1005.0,1.5,13.766,20.6,0.41,5.65,0,0,CHRG, ,
1010.0,1,1,1,1,1,1010.0,1.5,13.768,20.6,0.42,5.67,0,0,CHRG, ,
1015.0,1,1,1,1,1,1015.0,1.5,13.769,20.6,0.42,5.7,0,0,CHRG, ,
1020.0,1,1,1,1,1,1020.0,1.5,13.771,20.6,0.42,5.73,0,0,CHRG, ,
1025.0,1,1,1,1,1,1025.0,1.5,13.773,20.6,0.42,5.76,0,0,CHRG, ,
1030.0,1,1,1,1,1,1030.0,1.5,13.775,20.6,0.42,5.79,0,0,CHRG, ,
1035.0,1,1,1,1,1,1035.0,1.5,13.777,20.6,0.43,5.82,0,0,CHRG, ,
1040.0,1,1,1,1,1,1040.0,1.5,13.779,20.6,0.43,5.85,0,0,CHRG, ,
1045.0,1,1,1,1,1,1045.0,1.5,13.78,20.6,0.43,5.87,0,0,CHRG, ,
1050.0,1,1,1,1,1,1050.0,1.5,13.783,20.6,0.43,5.9,0,0,CHRG, ,
1055.0,1,1,1,1,1,1055.0,1.5,13.785,20.6,0.43,5.93,0,0,CHRG, ,
1060.0,1,1,1,1,1,1060.0,1.5,13.786,20.6,0.44,5.96,0,0,CHRG, ,
1065.0,1,1,1,1,1,1065.0,1.5,13.788,20.6,0.44,5.99,0,0,CHRG, ,
1070.0,1,1,1,1,1,1070.0,1.5,13.79,20.6,0.44,6.02,0,0,CHRG, ,
1075.0,1,1,1,1,1,1075.0,1.5,13.791,20.6,0.44,6.05,0,0,CHRG, ,
1080.0,1,1,1,1,1,1080.0,1.5,13.795,20.6,0.44,6.07,0,0,CHRG, ,
1085.0,1,1,1,1,1,1085.0,1.5,13.795,20.6,0.45,6.1,0,0,CHRG, ,
1090.0,1,1,1,1,1,1090.0,1.5,13.797,20.6,0.45,6.13,0,0,CHRG, ,
1095.0,1,1,1,1,1,1095.0,1.5,13.799,20.6,0.45,6.16,0,0,CHRG, ,
1100.0,1,1,1,1,1,1100.0,1.5,13.801,20.6,0.45,6.19,0,0,CHRG, ,
1105.0,1,1,1,1,1,1105.0,1.5,13.803,20.6,0.46,6.22,0,0,CHRG, ,
1110.0,1,1,1,1,1,1110.0,1.5,13.805,20.6,0.46,6.25,0,0,CHRG, ,
1115.0,1,1,1,1,1,1115.0,1.5,13.807,20.7,0.46,6.27,0,0,CHRG, ,
1120.0,1,1,1,1,1,1120.0,1.5,13.81,20.6,0.46,6.3,0,0,CHRG, ,
1125.0,1,1,1,1,1,1125.0,1.5,13.81,20.7,0.46,6.33,0,0,CHRG, ,
1130.0,1,1,1,1,1,1130.0,1.5,13.813,20.7,0.47,6.36,0,0,CHRG, ,
1135.0,1,1,1,1,1,1135.0,1.5,13.814,20.7,0.47,6.39,0,0,CHRG, ,
1140.0,1,1,1,1,1,1140.0,1.5,13.816,20.7,0.47,6.42,0,0,CHRG, ,
1145.0,1,1,1,1,1,1145.0,1.5,13.818,20.7,0.47,6.45,0,0,CHRG, ,
1150.0,1,1,1,1,1,1150.0,1.5,13.819,20.7,0.47,6.48,0,0,CHRG, ,
1155.0,1,1,1,1,1,1155.0,1.5,13.822,20.6,0.48,6.5,0,0,CHRG, ,
1160.0,1,1,1,1,1,1160.0,1.49,13.824,20.6,0.48,6.53,0,0,CHRG, ,
1165.0,1,1,1,1,1,1165.0,1.5,13.825,20.7,0.48,6.56,0,0,CHRG, ,
1170.0,1,1,1,1,1,1170.0,1.5,13.827,20.7,0.48,6.59,0,0,CHRG, ,
1175.0,1,1,1,1,1,1175.0,1.5,13.829,20.7,0.48,6.62,0,0,CHRG, ,
1180.0,1,1,1,1,1,1180.0,1.5,13.83,20.7,0.49,6.65,0,0,CHRG, ,
1185.0,1,1,1,1,1,1185.0,1.5,13.833,20.7,0.49,6.68,0,0,CHRG, ,
1190.0,1,1,1,1,1,1190.0,1.5,13.834,20.7,0.49,6.7,0,0,CHRG, ,
1195.0,1,1,1,1,1,1195.0,1.5,13.836,20.7,0.49,6.73,0,0,CHRG, ,
1200.0,1,1,1,1,1,1200.0,1.5,13.837,20.7,0.49,6.76,0,0,CHRG, ,
1205.0,1,1,1,1,1,1205.0,1.5,13.839,20.7,0.5,6.79,0,0,CHRG, ,
1210.0,1,1,1,1,1,1210.0,1.5,13.841,20.7,0.5,6.82,0,0,CHRG, ,
1215.0,1,1,1,1,1,1215.0,1.5,13.843,20.7,0.5,6.85,0,0,CHRG, ,
1220.0,1,1,1,1,1,1220.0,1.5,13.846,20.7,0.5,6.88,0,0,CHRG, ,
1225.0,1,1,1,1,1,1225.0,1.5,13.847,20.7,0.51,6.91,0,0,CHRG, ,
1230.0,1,1,1,1,1,1230.0,1.5,13.848,20.7,0.51,6.93,0,0,CHRG, ,
1235.0,1,1,1,1,1,1235.0,1.5,13.851,20.7,0.51,6.96,0,0,CHRG, ,
1240.0,1,1,1,1,1,1240.0,1.5,13.852,20.7,0.51,6.99,0,0,CHRG, ,
1245.0,1,1,1,1,1,1245.0,1.5,13.854,20.7,0.51,7.02,0,0,CHRG, ,
1250.0,1,1,1,1,1,1250.0,1.5,13.856,20.7,0.52,7.05,0,0,CHRG, ,
1255.0,1,1,1,1,1,1255.0,1.5,13.858,20.7,0.52,7.08,0,0,CHRG, ,
1260.0,1,1,1,1,1,1260.0,1.5,13.86,20.7,0.52,7.11,0,0,CHRG, ,
1265.0,1,1,1,1,1,1265.0,1.5,13.861,20.7,0.52,7.14,0,0,CHRG, ,
1270.0,1,1,1,1,1,1270.0,1.5,13.863,20.7,0.52,7.16,0,0,CHRG, ,
1275.0,1,1,1,1,1,1275.0,1.5,13.864,20.7,0.53,7.19,0,0,CHRG, ,
1280.0,1,1,1,1,1,1280.0,1.5,13.866,20.7,0.53,7.22,0,0,CHRG, ,
1285.0,1,1,1,1,1,1285.0,1.5,13.868,20.8,0.53,7.25,0,0,CHRG, ,
1290.0,1,1,1,1,1,1290.0,1.5,13.87,20.7,0.53,7.28,0,0,CHRG, ,
1295.0,1,1,1,1,1,1295.0,1.5,13.871,20.8,0.53,7.31,0,0,CHRG, ,
1300.0,1,1,1,1,1,1300.0,1.5,13.872,20.8,0.54,7.34,0,0,CHRG, ,
1305.0,1,1,1,1,1,1305.0,1.5,13.875,20.7,0.54,7.37,0,0,CHRG, ,
1310.0,1,1,1,1,1,1310.0,1.5,13.877,20.7,0.54,7.39,0,0,CHRG, ,
1315.0,1,1,1,1,1,1315.0,1.5,13.879,20.7,0.54,7.42,0,0,CHRG, ,
1320.0,1,1,1,1,1,1320.0,1.5,13.88,20.7,0.54,7.45,0,0,CHRG, ,
1325.0,1,1,1,1,1,1325.0,1.5,13.883,20.7,0.55,7.48,0,0,CHRG, ,
1330.0,1,1,1,1,1,1330.0,1.5,13.884,20.7,0.55,7.51,0,0,CHRG, ,
1335.0,1,1,1,1,1,1335.0,1.5,13.886,20.8,0.55,7.54,0,0,CHRG, ,
1340.0,1,1,1,1,1,1340.0,1.5,13.888,20.7,0.55,7.57,0,0,CHRG, ,
1345.0,1,1,1,1,1,1345.0,1.5,13.889,20.7,0.56,7.6,0,0,CHRG, ,
1350.0,1,1,1,1,1,1350.0,1.5,13.891,20.7,0.56,7.63,0,0,CHRG, ,
1355.0,1,1,1,1,1,1355.0,1.5,13.893,20.8,0.56,7.65,0,0,CHRG, ,
1360.0,1,1,1,1,1,1360.0,1.5,13.895,20.8,0.56,7.68,0,0,CHRG, ,
1365.0,1,1,1,1,1,1365.0,1.5,13.896,20.8,0.56,7.71,0,0,CHRG, ,
1370.0,1,1,1,1,1,1370.0,1.5,13.898,20.8,0.57,7.74,0,0,CHRG, ,
1375.0,1,1,1,1,1,1375.0,1.5,13.899,20.8,0.57,7.77,0,0,CHRG, ,
1380.0,1,1,1,1,1,1380.0,1.5,13.902,20.8,0.57,7.8,0,0,CHRG, ,
1385.0,1,1,1,1,1,1385.0,1.5,13.902,20.8,0.57,7.83,0,0,CHRG, ,
1390.0,1,1,1,1,1,1390.0,1.5,13.904,20.8,0.57,7.86,0,0,CHRG, ,
1395.0,1,1,1,1,1,1395.0,1.5,13.908,20.8,0.58,7.89,0,0,CHRG, ,
1400.0,1,1,1,1,1,1400.0,1.49,13.91,20.7,0.58,7.91,0,0,CHRG, ,
1405.0,1,1,1,1,1,1405.0,1.5,13.912,20.8,0.58,7.94,0,0,CHRG, ,
1410.0,1,1,1,1,1,1410.0,1.5,13.914,20.8,0.58,7.97,0,0,CHRG, ,
1415.0,1,1,1,1,1,1415.0,1.5,13.915,20.8,0.58,8,0,0,CHRG, ,
1420.0,1,1,1,1,1,1420.0,1.5,13.918,20.8,0.59,8.03,0,0,CHRG, ,
1425.0,1,1,1,1,1,1425.0,1.5,13.919,20.8,0.59,8.06,0,0,CHRG, ,
1430.0,1,1,1,1,1,1430.0,1.5,13.921,20.8,0.59,8.09,0,0,CHRG, ,
1435.0,1,1,1,1,1,1435.0,1.5,13.923,20.8,0.59,8.12,0,0,CHRG, ,
1440.0,1,1,1,1,1,1440.0,1.5,13.925,20.8,0.59,8.15,0,0,CHRG, ,
1445.0,1,1,1,1,1,1445.0,1.5,13.927,20.8,0.6,8.17,0,0,CHRG, ,
1450.0,1,1,1,1,1,1450.0,1.49,13.929,20.7,0.6,8.2,0,0,CHRG, ,
1455.0,1,1,1,1,1,1455.0,1.5,13.93,20.8,0.6,8.23,0,0,CHRG, ,
1460.0,1,1,1,1,1,1460.0,1.5,13.932,20.8,0.6,8.26,0,0,CHRG, ,
1465.0,1,1,1,1,1,1465.0,1.5,13.935,20.8,0.61,8.29,0,0,CHRG, ,
1470.0,1,1,1,1,1,1470.0,1.5,13.936,20.9,0.61,8.32,0,0,CHRG, ,
1475.0,1,1,1,1,1,1475.0,1.5,13.938,20.9,0.61,8.35,0,0,CHRG, ,
1480.0,1,1,1,1,1,1480.0,1.5,13.94,20.9,0.61,8.38,0,0,CHRG, ,
1485.0,1,1,1,1,1,1485.0,1.5,13.941,20.8,0.61,8.41,0,0,CHRG, ,
1490.0,1,1,1,1,1,1490.0,1.5,13.943,20.8,0.62,8.43,0,0,CHRG, ,
1495.0,1,1,1,1,1,1495.0,1.5,13.945,20.8,0.62,8.46,0,0,CHRG, ,
1500.0,1,1,1,1,1,1500.0,1.5,13.947,20.9,0.62,8.49,0,0,CHRG, ,
1505.0,1,1,1,1,1,1505.0,1.5,13.949,20.9,0.62,8.52,0,0,CHRG, ,
1510.0,1,1,1,1,1,1510.0,1.5,13.951,20.8,0.62,8.55,0,0,CHRG, ,
1515.0,1,1,1,1,1,1515.0,1.49,13.953,20.8,0.63,8.58,0,0,CHRG, ,
1520.0,1,1,1,1,1,1520.0,1.5,13.955,20.8,0.63,8.61,0,0,CHRG, ,
1525.0,1,1,1,1,1,1525.0,1.5,13.957,20.8,0.63,8.64,0,0,CHRG, ,
1530.0,1,1,1,1,1,1530.0,1.49,13.959,20.8,0.63,8.67,0,0,CHRG, ,
1535.0,1,1,1,1,1,1535.0,1.5,13.961,20.9,0.63,8.69,0,0,CHRG, ,
1540.0,1,1,1,1,1,1540.0,1.5,13.962,20.9,0.64,8.72,0,0,CHRG, ,
1545.0,1,1,1,1,1,1545.0,1.5,13.964,20.9,0.64,8.75,0,0,CHRG, ,
1550.0,1,1,1,1,1,1550.0,1.5,13.965,20.9,0.64,8.78,0,0,CHRG, ,
1555.0,1,1,1,1,1,1555.0,1.5,13.967,20.9,0.64,8.81,0,0,CHRG, ,
1560.0,1,1,1,1,1,1560.0,1.5,13.968,20.9,0.64,8.84,0,0,CHRG, ,
1565.0,1,1,1,1,1,1565.0,1.5,13.97,20.9,0.65,8.87,0,0,CHRG, ,
1570.0,1,1,1,1,1,1570.0,1.5,13.972,20.9,0.65,8.9,0,0,CHRG, ,
1575.0,1,1,1,1,1,1575.0,1.5,13.973,20.9,0.65,8.93,0,0,CHRG, ,
1580.0,1,1,1,1,1,1580.0,1.5,13.977,20.9,0.65,8.96,0,0,CHRG, ,
1585.0,1,1,1,1,1,1585.0,1.49,13.978,20.8,0.66,8.98,0,0,CHRG, ,
1590.0,1,1,1,1,1,1590.0,1.5,13.979,20.9,0.66,9.01,0,0,CHRG, ,
1595.0,1,1,1,1,1,1595.0,1.5,13.981,20.9,0.66,9.04,0,0,CHRG, ,
1600.0,1,1,1,1,1,1600.0,1.5,13.982,20.9,0.66,9.07,0,0,CHRG, ,
1605.0,1,1,1,1,1,1605.0,1.5,13.984,20.9,0.66,9.1,0,0,CHRG, ,
1610.0,1,1,1,1,1,1610.0,1.5,13.987,20.9,0.67,9.13,0,0,CHRG, ,
1615.0,1,1,1,1,1,1615.0,1.5,13.989,20.9,0.67,9.16,0,0,CHRG, ,
1620.0,1,1,1,1,1,1620.0,1.5,13.991,20.9,0.67,9.19,0,0,CHRG, ,
1625.0,1,1,1,1,1,1625.0,1.5,13.992,20.9,0.67,9.22,0,0,CHRG, ,
1630.0,1,1,1,1,1,1630.0,1.5,13.995,20.9,0.67,9.25,0,0,CHRG, ,
1635.0,1,1,1,1,1,1635.0,1.5,13.995,20.9,0.68,9.27,0,0,CHRG, ,
1640.0,1,1,1,1,1,1640.0,1.5,13.997,20.9,0.68,9.3,0,0,CHRG, ,
1645.0,1,1,1,1,1,1645.0,1.5,13.999,20.9,0.68,9.33,0,0,CHRG, ,
1650.0,1,1,1,1,1,1650.0,1.5,14.001,20.9,0.68,9.36,0,0,CHRG, ,
1655.0,1,1,1,1,1,1655.0,1.5,14.003,20.9,0.68,9.39,0,0,CHRG, ,
1660.0,1,1,1,1,1,1660.0,1.5,14.005,20.9,0.69,9.42,0,0,CHRG, ,
1665.0,1,1,1,1,1,1665.0,1.5,14.007,20.9,0.69,9.45,0,0,CHRG, ,
1670.0,1,1,1,1,1,1670.0,1.5,14.01,20.9,0.69,9.48,0,0,CHRG, ,
1675.0,1,1,1,1,1,1675.0,1.5,14.011,20.9,0.69,9.51,0,0,CHRG, ,
1680.0,1,1,1,1,1,1680.0,1.5,14.013,21,0.69,9.54,0,0,CHRG, ,
1685.0,1,1,1,1,1,1685.0,1.5,14.015,20.9,0.7,9.57,0,0,CHRG, ,
1690.0,1,1,1,1,1,1690.0,1.5,14.017,20.9,0.7,9.59,0,0,CHRG, ,
1695.0,1,1,1,1,1,1695.0,1.5,14.019,20.9,0.7,9.62,0,0,CHRG, ,
1700.0,1,1,1,1,1,1700.0,1.5,14.022,21,0.7,9.65,0,0,CHRG, ,
1705.0,1,1,1,1,1,1705.0,1.5,14.024,20.9,0.71,9.68,0,0,CHRG, ,
1710.0,1,1,1,1,1,1710.0,1.5,14.025,20.9,0.71,9.71,0,0,CHRG, ,
1715.0,1,1,1,1,1,1715.0,1.5,14.027,21,0.71,9.74,0,0,CHRG, ,
1720.0,1,1,1,1,1,1720.0,1.5,14.028,21,0.71,9.77,0,0,CHRG, ,
1725.0,1,1,1,1,1,1725.0,1.5,14.029,21,0.71,9.8,0,0,CHRG, ,
1730.0,1,1,1,1,1,1730.0,1.5,14.032,21,0.72,9.83,0,0,CHRG, ,
1735.0,1,1,1,1,1,1735.0,1.49,14.033,20.9,0.72,9.86,0,0,CHRG, ,
1740.0,1,1,1,1,1,1740.0,1.5,14.035,21,0.72,9.89,0,0,CHRG, ,
1745.0,1,1,1,1,1,1745.0,1.5,14.038,21,0.72,9.91,0,0,CHRG, ,
1750.0,1,1,1,1,1,1750.0,1.5,14.039,21,0.72,9.94,0,0,CHRG, ,
1755.0,1,1,1,1,1,1755.0,1.5,14.042,21,0.73,9.97,0,0,CHRG, ,
1760.0,1,1,1,1,1,1760.0,1.5,14.042,21,0.73,10,0,0,CHRG, ,
1765.0,1,1,1,1,1,1765.0,1.5,14.044,21,0.73,10.03,0,0,CHRG, ,
1770.0,1,1,1,1,1,1770.0,1.5,14.046,21,0.73,10.06,0,0,CHRG, ,
1775.0,1,1,1,1,1,1775.0,1.5,14.049,21,0.73,10.09,0,0,CHRG, ,
1780.0,1,1,1,1,1,1780.0,1.5,14.05,21,0.74,10.12,0,0,CHRG, ,
1785.0,1,1,1,1,1,1785.0,1.5,14.052,21,0.74,10.15,0,0,CHRG, ,
1790.0,1,1,1,1,1,1790.0,1.5,14.054,21,0.74,10.18,0,0,CHRG, ,
1795.0,1,1,1,1,1,1795.0,1.5,14.057,21,0.74,10.21,0,0,CHRG, ,
1800.0,1,1,1,1,1,1800.0,1.5,14.059,21,0.74,10.24,0,0,CHRG, ,
1805.0,1,1,1,1,1,1805.0,1.5,14.061,21,0.75,10.26,0,0,CHRG, ,
1810.0,1,1,1,1,1,1810.0,1.5,14.063,21,0.75,10.29,0,0,CHRG, ,
1815.0,1,1,1,1,1,1815.0,1.49,14.064,20.9,0.75,10.32,0,0,CHRG, ,
1820.0,1,1,1,1,1,1820.0,1.5,14.066,21,0.75,10.35,0,0,CHRG, ,
1825.0,1,1,1,1,1,1825.0,1.5,14.068,21,0.76,10.38,0,0,CHRG, ,
1830.0,1,1,1,1,1,1830.0,1.5,14.069,21,0.76,10.41,0,0,CHRG, ,
1835.0,1,1,1,1,1,1835.0,1.5,14.072,21.1,0.76,10.44,0,0,CHRG, ,
1840.0,1,1,1,1,1,1840.0,1.5,14.075,21,0.76,10.47,0,0,CHRG, ,
1845.0,1,1,1,1,1,1845.0,1.5,14.077,21.1,0.76,10.5,0,0,CHRG, ,
1850.0,1,1,1,1,1,1850.0,1.49,14.079,21,0.77,10.53,0,0,CHRG, ,
1855.0,1,1,1,1,1,1855.0,1.5,14.081,21.1,0.77,10.56,0,0,CHRG, ,
1860.0,1,1,1,1,1,1860.0,1.5,14.083,21.1,0.77,10.59,0,0,CHRG, ,
1865.0,1,1,1,1,1,1865.0,1.5,14.085,21,0.77,10.62,0,0,CHRG, ,
1870.0,1,1,1,1,1,1870.0,1.5,14.086,21,0.77,10.64,0,0,CHRG, ,
1875.0,1,1,1,1,1,1875.0,1.5,14.089,21.1,0.78,10.67,0,0,CHRG, ,
1880.0,1,1,1,1,1,1880.0,1.5,14.09,21.1,0.78,10.7,0,0,CHRG, ,
1885.0,1,1,1,1,1,1885.0,1.5,14.092,21,0.78,10.73,0,0,CHRG, ,
1890.0,1,1,1,1,1,1890.0,1.5,14.094,21.1,0.78,10.76,0,0,CHRG, ,
1895.0,1,1,1,1,1,1895.0,1.5,14.097,21.1,0.78,10.79,0,0,CHRG, ,
1900.0,1,1,1,1,1,1900.0,1.5,14.099,21.1,0.79,10.82,0,0,CHRG, ,
1905.0,1,1,1,1,1,1905.0,1.5,14.101,21.1,0.79,10.85,0,0,CHRG, ,
1910.0,1,1,1,1,1,1910.0,1.5,14.103,21.1,0.79,10.88,0,0,CHRG, ,
1915.0,1,1,1,1,1,1915.0,1.49,14.105,21,0.79,10.91,0,0,CHRG, ,
1920.0,1,1,1,1,1,1920.0,1.5,14.107,21.1,0.79,10.94,0,0,CHRG, ,
1925.0,1,1,1,1,1,1925.0,1.5,14.109,21.1,0.8,10.97,0,0,CHRG, ,
1930.0,1,1,1,1,1,1930.0,1.5,14.112,21.1,0.8,11,0,0,CHRG, ,
1935.0,1,1,1,1,1,1935.0,1.5,14.114,21.1,0.8,11.02,0,0,CHRG, ,
1940.0,1,1,1,1,1,1940.0,1.5,14.115,21.1,0.8,11.05,0,0,CHRG, ,
1945.0,1,1,1,1,1,1945.0,1.5,14.118,21.1,0.81,11.08,0,0,CHRG, ,
1950.0,1,1,1,1,1,1950.0,1.5,14.119,21.1,0.81,11.11,0,0,CHRG, ,
1955.0,1,1,1,1,1,1955.0,1.5,14.121,21.1,0.81,11.14,0,0,CHRG, ,
1960.0,1,1,1,1,1,1960.0,1.5,14.123,21.1,0.81,11.17,0,0,CHRG, ,
1965.0,1,1,1,1,1,1965.0,1.5,14.126,21.1,0.81,11.2,0,0,CHRG, ,
1970.0,1,1,1,1,1,1970.0,1.5,14.128,21.1,0.82,11.23,0,0,CHRG, ,
1975.0,1,1,1,1,1,1975.0,1.5,14.13,21.1,0.82,11.26,0,0,CHRG, ,
1980.0,1,1,1,1,1,1980.0,1.5,14.133,21.1,0.82,11.29,0,0,CHRG, ,
1985.0,1,1,1,1,1,1985.0,1.5,14.134,21.1,0.82,11.32,0,0,CHRG, ,
1990.0,1,1,1,1,1,1990.0,1.5,14.137,21.1,0.82,11.35,0,0,CHRG, ,
1995.0,1,1,1,1,1,1995.0,1.5,14.139,21.1,0.83,11.38,0,0,CHRG, ,
2000.0,1,1,1,1,1,2000.0,1.5,14.141,21.2,0.83,11.41,0,0,CHRG, ,
2005.0,1,1,1,1,1,2005.0,1.5,14.142,21.1,0.83,11.44,0,0,CHRG, ,
2010.0,1,1,1,1,1,2010.0,1.5,14.146,21.1,0.83,11.46,0,0,CHRG, ,
2015.0,1,1,1,1,1,2015.0,1.5,14.147,21.1,0.83,11.49,0,0,CHRG, ,
2020.0,1,1,1,1,1,2020.0,1.5,14.149,21.2,0.84,11.52,0,0,CHRG, ,
2025.0,1,1,1,1,1,2025.0,1.5,14.152,21.1,0.84,11.55,0,0,CHRG, ,
2030.0,1,1,1,1,1,2030.0,1.5,14.154,21.1,0.84,11.58,0,0,CHRG, ,
2035.0,1,1,1,1,1,2035.0,1.49,14.155,21.1,0.84,11.61,0,0,CHRG, ,
2040.0,1,1,1,1,1,2040.0,1.5,14.158,21.1,0.84,11.64,0,0,CHRG, ,
2045.0,1,1,1,1,1,2045.0,1.5,14.161,21.2,0.85,11.67,0,0,CHRG, ,
2050.0,1,1,1,1,1,2050.0,1.5,14.162,21.2,0.85,11.7,0,0,CHRG, ,
2055.0,1,1,1,1,1,2055.0,1.5,14.166,21.2,0.85,11.73,0,0,CHRG, ,
2060.0,1,1,1,1,1,2060.0,1.5,14.167,21.2,0.85,11.76,0,0,CHRG, ,
2065.0,1,1,1,1,1,2065.0,1.49,14.169,21.1,0.86,11.79,0,0,CHRG, ,
2070.0,1,1,1,1,1,2070.0,1.5,14.172,21.2,0.86,11.82,0,0,CHRG, ,
2075.0,1,1,1,1,1,2075.0,1.5,14.175,21.2,0.86,11.85,0,0,CHRG, ,
2080.0,1,1,1,1,1,2080.0,1.5,14.176,21.2,0.86,11.88,0,0,CHRG, ,
2085.0,1,1,1,1,1,2085.0,1.5,14.179,21.2,0.86,11.91,0,0,CHRG, ,
2090.0,1,1,1,1,1,2090.0,1.5,14.18,21.2,0.87,11.93,0,0,CHRG, ,
2095.0,1,1,1,1,1,2095.0,1.5,14.182,21.2,0.87,11.96,0,0,CHRG, ,
2100.0,1,1,1,1,1,2100.0,1.49,14.184,21.1,0.87,11.99,0,0,CHRG, ,
2105.0,1,1,1,1,1,2105.0,1.5,14.186,21.2,0.87,12.02,0,0,CHRG, ,
2110.0,1,1,1,1,1,2110.0,1.5,14.188,21.2,0.87,12.05,0,0,CHRG, ,
2115.0,1,1,1,1,1,2115.0,1.5,14.191,21.2,0.88,12.08,0,0,CHRG, ,
2120.0,1,1,1,1,1,2120.0,1.5,14.193,21.2,0.88,12.11,0,0,CHRG, ,
2125.0,1,1,1,1,1,2125.0,1.5,14.195,21.2,0.88,12.14,0,0,CHRG, ,
2130.0,1,1,1,1,1,2130.0,1.5,14.198,21.2,0.88,12.17,0,0,CHRG, ,
2135.0,1,1,1,1,1,2135.0,1.5,14.2,21.2,0.88,12.2,0,0,CHRG, ,
2140.0,1,1,1,1,1,2140.0,1.5,14.203,21.3,0.89,12.23,0,0,CHRG, ,
2145.0,1,1,1,1,1,2145.0,1.5,14.206,21.2,0.89,12.26,0,0,CHRG, ,
2150.0,1,1,1,1,1,2150.0,1.5,14.208,21.3,0.89,12.29,0,0,CHRG, ,
2155.0,1,1,1,1,1,2155.0,1.5,14.21,21.2,0.89,12.32,0,0,CHRG, ,
2160.0,1,1,1,1,1,2160.0,1.5,14.213,21.2,0.89,12.35,0,0,CHRG, ,
2165.0,1,1,1,1,1,2165.0,1.5,14.216,21.3,0.9,12.38,0,0,CHRG, ,
2170.0,1,1,1,1,1,2170.0,1.5,14.218,21.3,0.9,12.41,0,0,CHRG, ,
2175.0,1,1,1,1,1,2175.0,1.5,14.219,21.3,0.9,12.44,0,0,CHRG, ,
2180.0,1,1,1,1,1,2180.0,1.5,14.221,21.3,0.9,12.47,0,0,CHRG, ,
2185.0,1,1,1,1,1,2185.0,1.5,14.224,21.2,0.91,12.49,0,0,CHRG, ,
2190.0,1,1,1,1,1,2190.0,1.5,14.227,21.2,0.91,12.52,0,0,CHRG, ,
2195.0,1,1,1,1,1,2195.0,1.5,14.23,21.3,0.91,12.55,0,0,CHRG, ,
2200.0,1,1,1,1,1,2200.0,1.5,14.232,21.3,0.91,12.58,0,0,CHRG, ,
2205.0,1,1,1,1,1,2205.0,1.5,14.235,21.3,0.91,12.61,0,0,CHRG, ,
2210.0,1,1,1,1,1,2210.0,1.5,14.237,21.3,0.92,12.64,0,0,CHRG, ,
2215.0,1,1,1,1,1,2215.0,1.5,14.239,21.3,0.92,12.67,0,0,CHRG, ,
2220.0,1,1,1,1,1,2220.0,1.5,14.242,21.3,0.92,12.7,0,0,CHRG, ,
2225.0,1,1,1,1,1,2225.0,1.5,14.244,21.3,0.92,12.73,0,0,CHRG, ,
2230.0,1,1,1,1,1,2230.0,1.5,14.247,21.3,0.92,12.76,0,0,CHRG, ,
2235.0,1,1,1,1,1,2235.0,1.5,14.25,21.3,0.93,12.79,0,0,CHRG, ,
2240.0,1,1,1,1,1,2240.0,1.5,14.252,21.3,0.93,12.82,0,0,CHRG, ,
2245.0,1,1,1,1,1,2245.0,1.5,14.255,21.3,0.93,12.85,0,0,CHRG, ,
2250.0,1,1,1,1,1,2250.0,1.5,14.257,21.3,0.93,12.88,0,0,CHRG, ,
2255.0,1,1,1,1,1,2255.0,1.5,14.26,21.3,0.93,12.91,0,0,CHRG, ,
2260.0,1,1,1,1,1,2260.0,1.49,14.263,21.2,0.94,12.94,0,0,CHRG, ,
2265.0,1,1,1,1,1,2265.0,1.5,14.266,21.3,0.94,12.97,0,0,CHRG, ,
2270.0,1,1,1,1,1,2270.0,1.49,14.268,21.3,0.94,13,0,0,CHRG, ,
2275.0,1,1,1,1,1,2275.0,1.5,14.271,21.4,0.94,13.03,0,0,CHRG, ,
2280.0,1,1,1,1,1,2280.0,1.5,14.274,21.3,0.94,13.06,0,0,CHRG, ,
2285.0,1,1,1,1,1,2285.0,1.5,14.277,21.3,0.95,13.09,0,0,CHRG, ,
2290.0,1,1,1,1,1,2290.0,1.5,14.277,21.3,0.95,13.12,0,0,CHRG, ,
2295.0,1,1,1,1,1,2295.0,1.5,14.281,21.3,0.95,13.15,0,0,CHRG, ,
2300.0,1,1,1,1,1,2300.0,1.5,14.284,21.4,0.95,13.18,0,0,CHRG, ,
2305.0,1,1,1,1,1,2305.0,1.5,14.287,21.3,0.96,13.2,0,0,CHRG, ,
2310.0,1,1,1,1,1,2310.0,1.5,14.29,21.3,0.96,13.23,0,0,CHRG, ,
2315.0,1,1,1,1,1,2315.0,1.5,14.293,21.4,0.96,13.26,0,0,CHRG, ,
2320.0,1,1,1,1,1,2320.0,1.5,14.295,21.4,0.96,13.29,0,0,CHRG, ,
2325.0,1,1,1,1,1,2325.0,1.5,14.298,21.4,0.96,13.32,0,0,CHRG, ,
2330.0,1,1,1,1,1,2330.0,1.5,14.301,21.4,0.97,13.35,0,0,CHRG, ,
2335.0,1,1,1,1,1,2335.0,1.5,14.304,21.4,0.97,13.38,0,0,CHRG, ,
2340.0,1,1,1,1,1,2340.0,1.5,14.307,21.4,0.97,13.41,0,0,CHRG, ,
2345.0,1,1,1,1,1,2345.0,1.5,14.311,21.4,0.97,13.44,0,0,CHRG, ,
2350.0,1,1,1,1,1,2350.0,1.5,14.314,21.4,0.97,13.47,0,0,CHRG, ,
2355.0,1,1,1,1,1,2355.0,1.5,14.317,21.4,0.98,13.5,0,0,CHRG, ,
2360.0,1,1,1,1,1,2360.0,1.5,14.32,21.4,0.98,13.53,0,0,CHRG, ,
2365.0,1,1,1,1,1,2365.0,1.5,14.322,21.4,0.98,13.56,0,0,CHRG, ,
2370.0,1,1,1,1,1,2370.0,1.5,14.325,21.4,0.98,13.59,0,0,CHRG, ,
2375.0,1,1,1,1,1,2375.0,1.49,14.329,21.3,0.98,13.62,0,0,CHRG, ,
2380.0,1,1,1,1,1,2380.0,1.5,14.331,21.4,0.99,13.65,0,0,CHRG, ,
2385.0,1,1,1,1,1,2385.0,1.5,14.334,21.4,0.99,13.68,0,0,CHRG, ,
2390.0,1,1,1,1,1,2390.0,1.5,14.337,21.4,0.99,13.71,0,0,CHRG, ,
2395.0,1,1,1,1,1,2395.0,1.5,14.34,21.5,0.99,13.74,0,0,CHRG, ,
2400.0,1,1,1,1,1,2400.0,1.5,14.342,21.5,0.99,13.77,0,0,CHRG, ,
2405.0,1,1,1,1,1,2405.0,1.5,14.346,21.4,1,13.8,0,0,CHRG, ,
2410.0,1,1,1,1,1,2410.0,1.5,14.349,21.4,1,13.83,0,0,CHRG, ,
2415.0,1,1,1,1,1,2415.0,1.5,14.353,21.4,1,13.86,0,0,CHRG, ,
2420.0,1,1,1,1,1,2420.0,1.5,14.356,21.5,1,13.89,0,0,CHRG, ,
2425.0,1,1,1,1,1,2425.0,1.5,14.358,21.5,1,13.92,0,0,CHRG, ,
2430.0,1,1,1,1,1,2430.0,1.5,14.362,21.5,1.01,13.95,0,0,CHRG, ,
2435.0,1,1,1,1,1,2435.0,1.5,14.365,21.5,1.01,13.98,0,0,CHRG, ,
2440.0,1,1,1,1,1,2440.0,1.5,14.368,21.5,1.01,14.01,0,0,CHRG, ,
2445.0,1,1,1,1,1,2445.0,1.5,14.372,21.5,1.01,14.04,0,0,CHRG, ,
2450.0,1,1,1,1,1,2450.0,1.5,14.376,21.5,1.02,14.07,0,0,CHRG, ,
2455.0,1,1,1,1,1,2455.0,1.5,14.379,21.5,1.02,14.1,0,0,CHRG, ,
2460.0,1,1,1,1,1,2460.0,1.5,14.382,21.5,1.02,14.13,0,0,CHRG, ,
2465.0,1,1,1,1,1,2465.0,1.5,14.386,21.5,1.02,14.16,0,0,CHRG, ,
2470.0,1,1,1,1,1,2470.0,1.5,14.388,21.5,1.02,14.19,0,0,CHRG, ,
2475.0,1,1,1,1,1,2475.0,1.5,14.39,21.5,1.03,14.22,0,0,CHRG, ,
2480.0,1,1,1,1,1,2480.0,1.49,14.395,21.4,1.03,14.25,0,0,CHRG, ,
2485.0,1,1,1,1,1,2485.0,1.5,14.398,21.5,1.03,14.28,0,0,CHRG, ,
2488.2,1,1,1,1,1,2488.2,1.5,14.4,21.5,1.03,14.3,0,0,CHRG,S,
2493.2,1,1,1,1,2,5.0,1.4,14.2,19.8,0,0.02,0,0,CHRG, ,
2498.2,1,1,1,1,2,10.0,1.39,14.199,19.6,0,0.05,0,0,CHRG, ,
2503.2,1,1,1,1,2,15.0,1.4,14.2,19.8,0,0.08,0,0,CHRG, ,
2508.2,1,1,1,1,2,20.0,1.39,14.2,19.6,0,0.1,0,0,CHRG, ,
2513.2,1,1,1,1,2,25.0,1.39,14.199,19.7,0,0.13,0,0,CHRG, ,
2518.2,1,1,1,1,2,30.0,1.4,14.199,19.8,0.01,0.16,0,0,CHRG, ,
2523.2,1,1,1,1,2,35.0,1.4,14.2,19.8,0.01,0.19,0,0,CHRG, ,
2528.2,1,1,1,1,2,40.0,1.4,14.2,19.8,0.01,0.21,0,0,CHRG, ,
2533.2,1,1,1,1,2,45.0,1.4,14.2,19.8,0.01,0.24,0,0,CHRG, ,
2538.2,1,1,1,1,2,50.0,1.38,14.199,19.6,0.01,0.27,0,0,CHRG, ,
2543.2,1,1,1,1,2,55.0,1.39,14.199,19.7,0.02,0.3,0,0,CHRG, ,
2548.2,1,1,1,1,2,60.0,1.38,14.2,19.6,0.02,0.32,0,0,CHRG, ,
2553.2,1,1,1,1,2,65.0,1.39,14.2,19.7,0.02,0.35,0,0,CHRG, ,
2558.2,1,1,1,1,2,70.0,1.4,14.2,19.8,0.02,0.38,0,0,CHRG, ,
2563.2,1,1,1,1,2,75.0,1.39,14.2,19.7,0.02,0.41,0,0,CHRG, ,
2568.2,1,1,1,1,2,80.0,1.38,14.2,19.5,0.03,0.43,0,0,CHRG, ,
2573.2,1,1,1,1,2,85.0,1.38,14.199,19.5,0.03,0.46,0,0,CHRG, ,
2578.2,1,1,1,1,2,90.0,1.38,14.2,19.6,0.03,0.49,0,0,CHRG, ,
2583.2,1,1,1,1,2,95.0,1.39,14.2,19.7,0.03,0.51,0,0,CHRG, ,
2588.2,1,1,1,1,2,100.0,1.38,14.201,19.6,0.03,0.54,0,0,CHRG, ,
2593.2,1,1,1,1,2,105.0,1.37,14.199,19.4,0.04,0.57,0,0,CHRG, ,
2598.2,1,1,1,1,2,110.0,1.39,14.2,19.6,0.04,0.6,0,0,CHRG, ,
2603.2,1,1,1,1,2,115.0,1.38,14.2,19.5,0.04,0.62,0,0,CHRG, ,
2608.2,1,1,1,1,2,120.0,1.38,14.2,19.5,0.04,0.65,0,0,CHRG, ,
2613.2,1,1,1,1,2,125.0,1.37,14.199,19.4,0.04,0.68,0,0,CHRG, ,
2618.2,1,1,1,1,2,130.0,1.37,14.199,19.4,0.05,0.7,0,0,CHRG, ,
2623.2,1,1,1,1,2,135.0,1.37,14.199,19.4,0.05,0.73,0,0,CHRG, ,
2628.2,1,1,1,1,2,140.0,1.38,14.199,19.5,0.05,0.76,0,0,CHRG, ,
2633.2,1,1,1,1,2,145.0,1.37,14.2,19.4,0.05,0.78,0,0,CHRG, ,
2638.2,1,1,1,1,2,150.0,1.38,14.2,19.5,0.05,0.81,0,0,CHRG, ,
2643.2,1,1,1,1,2,155.0,1.37,14.2,19.4,0.05,0.84,0,0,CHRG, ,
2648.2,1,1,1,1,2,160.0,1.37,14.201,19.4,0.06,0.87,0,0,CHRG, ,
2653.2,1,1,1,1,2,165.0,1.36,14.2,19.3,0.06,0.89,0,0,CHRG, ,
2658.2,1,1,1,1,2,170.0,1.37,14.2,19.4,0.06,0.92,0,0,CHRG, ,
2663.2,1,1,1,1,2,175.0,1.36,14.199,19.3,0.06,0.95,0,0,CHRG, ,
2668.2,1,1,1,1,2,180.0,1.37,14.2,19.4,0.06,0.97,0,0,CHRG, ,
2673.2,1,1,1,1,2,185.0,1.36,14.199,19.2,0.07,1,0,0,CHRG, ,
2678.2,1,1,1,1,2,190.0,1.35,14.2,19.2,0.07,1.03,0,0,CHRG, ,
2683.2,1,1,1,1,2,195.0,1.36,14.2,19.2,0.07,1.05,0,0,CHRG, ,
2688.2,1,1,1,1,2,200.0,1.35,14.199,19.1,0.07,1.08,0,0,CHRG, ,
2693.2,1,1,1,1,2,205.0,1.36,14.2,19.2,0.07,1.11,0,0,CHRG, ,
2698.2,1,1,1,1,2,210.0,1.36,14.201,19.3,0.08,1.13,0,0,CHRG, ,
2703.2,1,1,1,1,2,215.0,1.35,14.2,19.2,0.08,1.16,0,0,CHRG, ,
2708.2,1,1,1,1,2,220.0,1.35,14.198,19.1,0.08,1.19,0,0,CHRG, ,
2713.2,1,1,1,1,2,225.0,1.35,14.2,19.2,0.08,1.21,0,0,CHRG, ,
2718.2,1,1,1,1,2,230.0,1.35,14.201,19.1,0.08,1.24,0,0,CHRG, ,
2723.2,1,1,1,1,2,235.0,1.35,14.2,19.1,0.08,1.27,0,0,CHRG, ,
2728.2,1,1,1,1,2,240.0,1.35,14.2,19.1,0.09,1.29,0,0,CHRG, ,
2733.2,1,1,1,1,2,245.0,1.35,14.199,19.1,0.09,1.32,0,0,CHRG, ,
2738.2,1,1,1,1,2,250.0,1.35,14.2,19.1,0.09,1.35,0,0,CHRG, ,
2743.2,1,1,1,1,2,255.0,1.34,14.199,18.9,0.09,1.37,0,0,CHRG, ,
2748.2,1,1,1,1,2,260.0,1.34,14.2,19,0.09,1.4,0,0,CHRG, ,
2753.2,1,1,1,1,2,265.0,1.34,14.2,19,0.1,1.42,0,0,CHRG, ,
2758.2,1,1,1,1,2,270.0,1.34,14.2,19,0.1,1.45,0,0,CHRG, ,
2763.2,1,1,1,1,2,275.0,1.34,14.2,19,0.1,1.48,0,0,CHRG, ,
2768.2,1,1,1,1,2,280.0,1.33,14.2,18.9,0.1,1.5,0,0,CHRG, ,
2773.2,1,1,1,1,2,285.0,1.33,14.2,18.9,0.1,1.53,0,0,CHRG, ,
2778.2,1,1,1,1,2,290.0,1.33,14.2,18.8,0.11,1.56,0,0,CHRG, ,
2783.2,1,1,1,1,2,295.0,1.33,14.199,18.8,0.11,1.58,0,0,CHRG, ,
2788.2,1,1,1,1,2,300.0,1.34,14.2,19,0.11,1.61,0,0,CHRG, ,
2793.2,1,1,1,1,2,305.0,1.32,14.2,18.7,0.11,1.63,0,0,CHRG, ,
2798.2,1,1,1,1,2,310.0,1.33,14.2,18.8,0.11,1.66,0,0,CHRG, ,
2803.2,1,1,1,1,2,315.0,1.32,14.2,18.7,0.11,1.69,0,0,CHRG, ,
2808.2,1,1,1,1,2,320.0,1.31,14.2,18.6,0.12,1.71,0,0,CHRG, ,
2813.2,1,1,1,1,2,325.0,1.33,14.2,18.8,0.12,1.74,0,0,CHRG, ,
2818.2,1,1,1,1,2,330.0,1.32,14.2,18.7,0.12,1.76,0,0,CHRG, ,
2823.2,1,1,1,1,2,335.0,1.32,14.2,18.7,0.12,1.79,0,0,CHRG, ,
2828.2,1,1,1,1,2,340.0,1.32,14.2,18.7,0.12,1.82,0,0,CHRG, ,
2833.2,1,1,1,1,2,345.0,1.32,14.199,18.7,0.13,1.84,0,0,CHRG, ,
2838.2,1,1,1,1,2,350.0,1.32,14.199,18.7,0.13,1.87,0,0,CHRG, ,
2843.2,1,1,1,1,2,355.0,1.31,14.199,18.6,0.13,1.89,0,0,CHRG, ,
2848.2,1,1,1,1,2,360.0,1.32,14.199,18.7,0.13,1.92,0,0,CHRG, ,
2853.2,1,1,1,1,2,365.0,1.31,14.2,18.5,0.13,1.95,0,0,CHRG, ,
2858.2,1,1,1,1,2,370.0,1.31,14.199,18.6,0.13,1.97,0,0,CHRG, ,
2863.2,1,1,1,1,2,375.0,1.31,14.2,18.6,0.14,2,0,0,CHRG, ,
2868.2,1,1,1,1,2,380.0,1.3,14.2,18.4,0.14,2.02,0,0,CHRG, ,
2873.2,1,1,1,1,2,385.0,1.31,14.201,18.6,0.14,2.05,0,0,CHRG, ,
2878.2,1,1,1,1,2,390.0,1.3,14.2,18.4,0.14,2.08,0,0,CHRG, ,
2883.2,1,1,1,1,2,395.0,1.31,14.2,18.6,0.14,2.1,0,0,CHRG, ,
2888.2,1,1,1,1,2,400.0,1.31,14.199,18.6,0.15,2.13,0,0,CHRG, ,
2893.2,1,1,1,1,2,405.0,1.29,14.199,18.3,0.15,2.15,0,0,CHRG, ,
2898.2,1,1,1,1,2,410.0,1.31,14.201,18.5,0.15,2.18,0,0,CHRG, ,
2903.2,1,1,1,1,2,415.0,1.3,14.2,18.5,0.15,2.2,0,0,CHRG, ,
2908.2,1,1,1,1,2,420.0,1.31,14.2,18.5,0.15,2.23,0,0,CHRG, ,
2913.2,1,1,1,1,2,425.0,1.29,14.201,18.3,0.15,2.25,0,0,CHRG, ,
2918.2,1,1,1,1,2,430.0,1.29,14.2,18.3,0.16,2.28,0,0,CHRG, ,
2923.2,1,1,1,1,2,435.0,1.3,14.2,18.4,0.16,2.31,0,0,CHRG, ,
2928.2,1,1,1,1,2,440.0,1.29,14.199,18.3,0.16,2.33,0,0,CHRG, ,
2933.2,1,1,1,1,2,445.0,1.29,14.2,18.2,0.16,2.36,0,0,CHRG, ,
2938.2,1,1,1,1,2,450.0,1.29,14.2,18.3,0.16,2.38,0,0,CHRG, ,
2943.2,1,1,1,1,2,455.0,1.29,14.2,18.3,0.17,2.41,0,0,CHRG, ,
2948.2,1,1,1,1,2,460.0,1.29,14.199,18.2,0.17,2.43,0,0,CHRG, ,
2953.2,1,1,1,1,2,465.0,1.29,14.2,18.2,0.17,2.46,0,0,CHRG, ,
2958.2,1,1,1,1,2,470.0,1.28,14.2,18.2,0.17,2.48,0,0,CHRG, ,
2963.2,1,1,1,1,2,475.0,1.28,14.2,18.1,0.17,2.51,0,0,CHRG, ,
2968.2,1,1,1,1,2,480.0,1.28,14.2,18.1,0.17,2.53,0,0,CHRG, ,
2973.2,1,1,1,1,2,485.0,1.27,14.2,18,0.18,2.56,0,0,CHRG, ,
2978.2,1,1,1,1,2,490.0,1.28,14.2,18.2,0.18,2.58,0,0,CHRG, ,
2983.2,1,1,1,1,2,495.0,1.28,14.199,18.1,0.18,2.61,0,0,CHRG, ,
2988.2,1,1,1,1,2,500.0,1.28,14.201,18.2,0.18,2.63,0,0,CHRG, ,
2993.2,1,1,1,1,2,505.0,1.28,14.199,18.1,0.18,2.66,0,0,CHRG, ,
2998.2,1,1,1,1,2,510.0,1.27,14.199,18,0.18,2.68,0,0,CHRG, ,
3003.2,1,1,1,1,2,515.0,1.27,14.2,18,0.19,2.71,0,0,CHRG, ,
3008.2,1,1,1,1,2,520.0,1.27,14.2,18,0.19,2.73,0,0,CHRG, ,
3013.2,1,1,1,1,2,525.0,1.27,14.199,18,0.19,2.76,0,0,CHRG, ,
3018.2,1,1,1,1,2,530.0,1.26,14.199,17.8,0.19,2.78,0,0,CHRG, ,
3023.2,1,1,1,1,2,535.0,1.27,14.199,18,0.19,2.81,0,0,CHRG, ,
3028.2,1,1,1,1,2,540.0,1.27,14.199,18,0.2,2.83,0,0,CHRG, ,
3033.2,1,1,1,1,2,545.0,1.27,14.199,18,0.2,2.86,0,0,CHRG, ,
3038.2,1,1,1,1,2,550.0,1.26,14.2,17.8,0.2,2.88,0,0,CHRG, ,
3043.2,1,1,1,1,2,555.0,1.27,14.2,17.9,0.2,2.91,0,0,CHRG, ,
3048.2,1,1,1,1,2,560.0,1.26,14.2,17.9,0.2,2.93,0,0,CHRG, ,
3053.2,1,1,1,1,2,565.0,1.26,14.199,17.8,0.2,2.96,0,0,CHRG, ,
3058.2,1,1,1,1,2,570.0,1.27,14.2,18,0.21,2.98,0,0,CHRG, ,
3063.2,1,1,1,1,2,575.0,1.26,14.199,17.8,0.21,3.01,0,0,CHRG, ,
3068.2,1,1,1,1,2,580.0,1.25,14.2,17.7,0.21,3.03,0,0,CHRG, ,
3073.2,1,1,1,1,2,585.0,1.26,14.199,17.8,0.21,3.06,0,0,CHRG, ,
3078.2,1,1,1,1,2,590.0,1.25,14.199,17.7,0.21,3.08,0,0,CHRG, ,
3083.2,1,1,1,1,2,595.0,1.26,14.2,17.8,0.21,3.11,0,0,CHRG, ,
3088.2,1,1,1,1,2,600.0,1.25,14.2,17.7,0.22,3.13,0,0,CHRG, ,
3093.2,1,1,1,1,2,605.0,1.25,14.199,17.7,0.22,3.16,0,0,CHRG, ,
3098.2,1,1,1,1,2,610.0,1.25,14.2,17.7,0.22,3.18,0,0,CHRG, ,
3103.2,1,1,1,1,2,615.0,1.25,14.2,17.7,0.22,3.21,0,0,CHRG, ,
3108.2,1,1,1,1,2,620.0,1.25,14.2,17.7,0.22,3.23,0,0,CHRG, ,
3113.2,1,1,1,1,2,625.0,1.24,14.201,17.6,0.23,3.25,0,0,CHRG, ,
3118.2,1,1,1,1,2,630.0,1.25,14.199,17.7,0.23,3.28,0,0,CHRG, ,
3123.2,1,1,1,1,2,635.0,1.25,14.2,17.7,0.23,3.3,0,0,CHRG, ,
3128.2,1,1,1,1,2,640.0,1.24,14.199,17.5,0.23,3.33,0,0,CHRG, ,
3133.2,1,1,1,1,2,645.0,1.25,14.199,17.7,0.23,3.35,0,0,CHRG, ,
3138.2,1,1,1,1,2,650.0,1.24,14.199,17.6,0.23,3.38,0,0,CHRG, ,
3143.2,1,1,1,1,2,655.0,1.23,14.2,17.4,0.24,3.4,0,0,CHRG, ,
3148.2,1,1,1,1,2,660.0,1.23,14.2,17.4,0.24,3.43,0,0,CHRG, ,
3153.2,1,1,1,1,2,665.0,1.23,14.2,17.5,0.24,3.45,0,0,CHRG, ,
3158.2,1,1,1,1,2,670.0,1.23,14.2,17.4,0.24,3.47,0,0,CHRG, ,
3163.2,1,1,1,1,2,675.0,1.23,14.2,17.4,0.24,3.5,0,0,CHRG, ,
3168.2,1,1,1,1,2,680.0,1.24,14.199,17.5,0.24,3.52,0,0,CHRG, ,
3173.2,1,1,1,1,2,685.0,1.22,14.2,17.3,0.25,3.55,0,0,CHRG, ,
3178.2,1,1,1,1,2,690.0,1.22,14.2,17.3,0.25,3.57,0,0,CHRG, ,
3183.2,1,1,1,1,2,695.0,1.23,14.2,17.4,0.25,3.59,0,0,CHRG, ,
3188.2,1,1,1,1,2,700.0,1.23,14.2,17.4,0.25,3.62,0,0,CHRG, ,
3193.2,1,1,1,1,2,705.0,1.23,14.2,17.4,0.25,3.64,0,0,CHRG, ,
3198.2,1,1,1,1,2,710.0,1.21,14.2,17.2,0.25,3.67,0,0,CHRG, ,
3203.2,1,1,1,1,2,715.0,1.22,14.2,17.3,0.26,3.69,0,0,CHRG, ,
3208.2,1,1,1,1,2,720.0,1.22,14.201,17.2,0.26,3.72,0,0,CHRG, ,
3213.2,1,1,1,1,2,725.0,1.22,14.199,17.3,0.26,3.74,0,0,CHRG, ,
3218.2,1,1,1,1,2,730.0,1.22,14.2,17.2,0.26,3.76,0,0,CHRG, ,
3223.2,1,1,1,1,2,735.0,1.21,14.2,17.1,0.26,3.79,0,0,CHRG, ,
3228.2,1,1,1,1,2,740.0,1.21,14.199,17.2,0.26,3.81,0,0,CHRG, ,
3233.2,1,1,1,1,2,745.0,1.21,14.199,17.2,0.27,3.83,0,0,CHRG, ,
3238.2,1,1,1,1,2,750.0,1.22,14.2,17.2,0.27,3.86,0,0,CHRG, ,
3243.2,1,1,1,1,2,755.0,1.21,14.2,17.1,0.27,3.88,0,0,CHRG, ,
3248.2,1,1,1,1,2,760.0,1.21,14.2,17.1,0.27,3.91,0,0,CHRG, ,
3253.2,1,1,1,1,2,765.0,1.2,14.199,17,0.27,3.93,0,0,CHRG, ,
3258.2,1,1,1,1,2,770.0,1.21,14.2,17.1,0.27,3.95,0,0,CHRG, ,
3263.2,1,1,1,1,2,775.0,1.22,14.201,17.2,0.28,3.98,0,0,CHRG, ,
3268.2,1,1,1,1,2,780.0,1.2,14.199,17,0.28,4,0,0,CHRG, ,
3273.2,1,1,1,1,2,785.0,1.21,14.2,17.1,0.28,4.02,0,0,CHRG, ,
3278.2,1,1,1,1,2,790.0,1.2,14.2,17,0.28,4.05,0,0,CHRG, ,
3283.2,1,1,1,1,2,795.0,1.2,14.2,17,0.28,4.07,0,0,CHRG, ,
3288.2,1,1,1,1,2,800.0,1.2,14.201,17,0.28,4.1,0,0,CHRG, ,
3293.2,1,1,1,1,2,805.0,1.19,14.2,16.9,0.29,4.12,0,0,CHRG, ,
3298.2,1,1,1,1,2,810.0,1.2,14.2,17,0.29,4.14,0,0,CHRG, ,
3303.2,1,1,1,1,2,815.0,1.21,14.2,17.1,0.29,4.17,0,0,CHRG, ,
3308.2,1,1,1,1,2,820.0,1.19,14.199,16.8,0.29,4.19,0,0,CHRG, ,
3313.2,1,1,1,1,2,825.0,1.2,14.2,16.9,0.29,4.21,0,0,CHRG, ,
3318.2,1,1,1,1,2,830.0,1.2,14.2,17,0.29,4.24,0,0,CHRG, ,
3323.2,1,1,1,1,2,835.0,1.19,14.199,16.8,0.3,4.26,0,0,CHRG, ,
3328.2,1,1,1,1,2,840.0,1.19,14.2,16.8,0.3,4.28,0,0,CHRG, ,
3333.2,1,1,1,1,2,845.0,1.2,14.2,17,0.3,4.31,0,0,CHRG, ,
3338.2,1,1,1,1,2,850.0,1.19,14.199,16.8,0.3,4.33,0,0,CHRG, ,
3343.2,1,1,1,1,2,855.0,1.19,14.2,16.8,0.3,4.35,0,0,CHRG, ,
3348.2,1,1,1,1,2,860.0,1.18,14.199,16.7,0.3,4.38,0,0,CHRG, ,
3353.2,1,1,1,1,2,865.0,1.19,14.2,16.8,0.31,4.4,0,0,CHRG, ,
3358.2,1,1,1,1,2,870.0,1.19,14.2,16.8,0.31,4.42,0,0,CHRG, ,
3363.2,1,1,1,1,2,875.0,1.18,14.2,16.7,0.31,4.45,0,0,CHRG, ,
3368.2,1,1,1,1,2,880.0,1.18,14.2,16.7,0.31,4.47,0,0,CHRG, ,
3373.2,1,1,1,1,2,885.0,1.17,14.199,16.6,0.31,4.49,0,0,CHRG, ,
3378.2,1,1,1,1,2,890.0,1.18,14.2,16.7,0.31,4.52,0,0,CHRG, ,
3383.2,1,1,1,1,2,895.0,1.18,14.2,16.7,0.32,4.54,0,0,CHRG, ,
3388.2,1,1,1,1,2,900.0,1.17,14.2,16.5,0.32,4.56,0,0,CHRG, ,
3393.2,1,1,1,1,2,905.0,1.17,14.199,16.6,0.32,4.58,0,0,CHRG, ,
3398.2,1,1,1,1,2,910.0,1.18,14.2,16.7,0.32,4.61,0,0,CHRG, ,
3403.2,1,1,1,1,2,915.0,1.18,14.2,16.7,0.32,4.63,0,0,CHRG, ,
3408.2,1,1,1,1,2,920.0,1.18,14.201,16.7,0.32,4.65,0,0,CHRG, ,
3413.2,1,1,1,1,2,925.0,1.18,14.2,16.7,0.33,4.68,0,0,CHRG, ,
3418.2,1,1,1,1,2,930.0,1.17,14.2,16.6,0.33,4.7,0,0,CHRG, ,
3423.2,1,1,1,1,2,935.0,1.17,14.2,16.6,0.33,4.72,0,0,CHRG, ,
3428.2,1,1,1,1,2,940.0,1.17,14.2,16.5,0.33,4.75,0,0,CHRG, ,
3433.2,1,1,1,1,2,945.0,1.16,14.2,16.5,0.33,4.77,0,0,CHRG, ,
3438.2,1,1,1,1,2,950.0,1.16,14.201,16.4,0.33,4.79,0,0,CHRG, ,
3443.2,1,1,1,1,2,955.0,1.15,14.199,16.3,0.34,4.81,0,0,CHRG, ,
3448.2,1,1,1,1,2,960.0,1.15,14.2,16.3,0.34,4.84,0,0,CHRG, ,
3453.2,1,1,1,1,2,965.0,1.16,14.2,16.4,0.34,4.86,0,0,CHRG, ,
3458.2,1,1,1,1,2,970.0,1.16,14.2,16.4,0.34,4.88,0,0,CHRG, ,
3463.2,1,1,1,1,2,975.0,1.15,14.2,16.3,0.34,4.9,0,0,CHRG, ,
3468.2,1,1,1,1,2,980.0,1.15,14.2,16.3,0.34,4.93,0,0,CHRG, ,
3473.2,1,1,1,1,2,985.0,1.15,14.2,16.3,0.34,4.95,0,0,CHRG, ,
3478.2,1,1,1,1,2,990.0,1.15,14.2,16.3,0.35,4.97,0,0,CHRG, ,
3483.2,1,1,1,1,2,995.0,1.15,14.199,16.3,0.35,5,0,0,CHRG, ,
3488.2,1,1,1,1,2,1000.0,1.15,14.2,16.3,0.35,5.02,0,0,CHRG, ,
3493.2,1,1,1,1,2,1005.0,1.15,14.2,16.2,0.35,5.04,0,0,CHRG, ,
3498.2,1,1,1,1,2,1010.0,1.15,14.2,16.2,0.35,5.06,0,0,CHRG, ,
3503.2,1,1,1,1,2,1015.0,1.15,14.2,16.2,0.35,5.09,0,0,CHRG, ,
3508.2,1,1,1,1,2,1020.0,1.15,14.2,16.3,0.36,5.11,0,0,CHRG, ,
3513.2,1,1,1,1,2,1025.0,1.14,14.2,16.2,0.36,5.13,0,0,CHRG, ,
3518.2,1,1,1,1,2,1030.0,1.14,14.2,16.1,0.36,5.15,0,0,CHRG, ,
3523.2,1,1,1,1,2,1035.0,1.14,14.2,16.1,0.36,5.18,0,0,CHRG, ,
3528.2,1,1,1,1,2,1040.0,1.14,14.199,16.1,0.36,5.2,0,0,CHRG, ,
3533.2,1,1,1,1,2,1045.0,1.14,14.2,16.1,0.36,5.22,0,0,CHRG, ,
3538.2,1,1,1,1,2,1050.0,1.13,14.199,16,0.37,5.24,0,0,CHRG, ,
3543.2,1,1,1,1,2,1055.0,1.13,14.2,16,0.37,5.26,0,0,CHRG, ,
3548.2,1,1,1,1,2,1060.0,1.14,14.199,16.1,0.37,5.29,0,0,CHRG, ,
3553.2,1,1,1,1,2,1065.0,1.13,14.2,16,0.37,5.31,0,0,CHRG, ,
3558.2,1,1,1,1,2,1070.0,1.13,14.199,16,0.37,5.33,0,0,CHRG, ,
3563.2,1,1,1,1,2,1075.0,1.13,14.2,16,0.37,5.35,0,0,CHRG, ,
3568.2,1,1,1,1,2,1080.0,1.13,14.2,16,0.38,5.38,0,0,CHRG, ,
3573.2,1,1,1,1,2,1085.0,1.13,14.2,16,0.38,5.4,0,0,CHRG, ,
3578.2,1,1,1,1,2,1090.0,1.13,14.2,16,0.38,5.42,0,0,CHRG, ,
3583.2,1,1,1,1,2,1095.0,1.13,14.199,16,0.38,5.44,0,0,CHRG, ,
3588.2,1,1,1,1,2,1100.0,1.12,14.2,15.9,0.38,5.46,0,0,CHRG, ,
3593.2,1,1,1,1,2,1105.0,1.12,14.2,15.9,0.38,5.49,0,0,CHRG, ,
3598.2,1,1,1,1,2,1110.0,1.12,14.2,15.8,0.38,5.51,0,0,CHRG, ,
3603.2,1,1,1,1,2,1115.0,1.12,14.2,15.9,0.39,5.53,0,0,CHRG, ,
3608.2,1,1,1,1,2,1120.0,1.12,14.2,15.8,0.39,5.55,0,0,CHRG, ,
3613.2,1,1,1,1,2,1125.0,1.12,14.2,15.8,0.39,5.57,0,0,CHRG, ,
3618.2,1,1,1,1,2,1130.0,1.12,14.199,15.8,0.39,5.6,0,0,CHRG, ,
3623.2,1,1,1,1,2,1135.0,1.11,14.2,15.8,0.39,5.62,0,0,CHRG, ,
3628.2,1,1,1,1,2,1140.0,1.11,14.2,15.8,0.39,5.64,0,0,CHRG, ,
3633.2,1,1,1,1,2,1145.0,1.12,14.2,15.8,0.4,5.66,0,0,CHRG, ,
3638.2,1,1,1,1,2,1150.0,1.11,14.2,15.8,0.4,5.68,0,0,CHRG, ,
3643.2,1,1,1,1,2,1155.0,1.11,14.199,15.7,0.4,5.71,0,0,CHRG, ,
3648.2,1,1,1,1,2,1160.0,1.09,14.199,15.4,0.4,5.73,0,0,CHRG, ,
3653.2,1,1,1,1,2,1165.0,1.1,14.2,15.6,0.4,5.75,0,0,CHRG, ,
3658.2,1,1,1,1,2,1170.0,1.11,14.2,15.7,0.4,5.77,0,0,CHRG, ,
3663.2,1,1,1,1,2,1175.0,1.11,14.199,15.7,0.4,5.79,0,0,CHRG, ,
3668.2,1,1,1,1,2,1180.0,1.11,14.2,15.7,0.41,5.82,0,0,CHRG, ,
3673.2,1,1,1,1,2,1185.0,1.1,14.2,15.6,0.41,5.84,0,0,CHRG, ,
3678.2,1,1,1,1,2,1190.0,1.1,14.2,15.5,0.41,5.86,0,0,CHRG, ,
3683.2,1,1,1,1,2,1195.0,1.09,14.2,15.4,0.41,5.88,0,0,CHRG, ,
3688.2,1,1,1,1,2,1200.0,1.11,14.2,15.7,0.41,5.9,0,0,CHRG, ,
3693.2,1,1,1,1,2,1205.0,1.1,14.2,15.5,0.41,5.92,0,0,CHRG, ,
3698.2,1,1,1,1,2,1210.0,1.09,14.199,15.4,0.42,5.95,0,0,CHRG, ,
3703.2,1,1,1,1,2,1215.0,1.09,14.199,15.5,0.42,5.97,0,0,CHRG, ,
3708.2,1,1,1,1,2,1220.0,1.09,14.2,15.5,0.42,5.99,0,0,CHRG, ,
3713.2,1,1,1,1,2,1225.0,1.09,14.2,15.5,0.42,6.01,0,0,CHRG, ,
3718.2,1,1,1,1,2,1230.0,1.08,14.199,15.3,0.42,6.03,0,0,CHRG, ,
3723.2,1,1,1,1,2,1235.0,1.1,14.2,15.5,0.42,6.05,0,0,CHRG, ,
3728.2,1,1,1,1,2,1240.0,1.09,14.2,15.4,0.42,6.07,0,0,CHRG, ,
3733.2,1,1,1,1,2,1245.0,1.09,14.199,15.4,0.43,6.1,0,0,CHRG, ,
3738.2,1,1,1,1,2,1250.0,1.08,14.2,15.2,0.43,6.12,0,0,CHRG, ,
3743.2,1,1,1,1,2,1255.0,1.08,14.2,15.3,0.43,6.14,0,0,CHRG, ,
3748.2,1,1,1,1,2,1260.0,1.08,14.2,15.3,0.43,6.16,0,0,CHRG, ,
3753.2,1,1,1,1,2,1265.0,1.09,14.2,15.4,0.43,6.18,0,0,CHRG, ,
3758.2,1,1,1,1,2,1270.0,1.08,14.2,15.3,0.43,6.2,0,0,CHRG, ,
3763.2,1,1,1,1,2,1275.0,1.08,14.2,15.2,0.43,6.22,0,0,CHRG, ,
3768.2,1,1,1,1,2,1280.0,1.07,14.199,15.2,0.44,6.24,0,0,CHRG, ,
3773.2,1,1,1,1,2,1285.0,1.07,14.2,15.2,0.44,6.27,0,0,CHRG, ,
3778.2,1,1,1,1,2,1290.0,1.08,14.2,15.3,0.44,6.29,0,0,CHRG, ,
3783.2,1,1,1,1,2,1295.0,1.08,14.2,15.3,0.44,6.31,0,0,CHRG, ,
3788.2,1,1,1,1,2,1300.0,1.08,14.201,15.2,0.44,6.33,0,0,CHRG, ,
3793.2,1,1,1,1,2,1305.0,1.07,14.199,15.1,0.44,6.35,0,0,CHRG, ,
3798.2,1,1,1,1,2,1310.0,1.07,14.199,15.1,0.45,6.37,0,0,CHRG, ,
3803.2,1,1,1,1,2,1315.0,1.07,14.2,15.1,0.45,6.39,0,0,CHRG, ,
3808.2,1,1,1,1,2,1320.0,1.07,14.2,15.1,0.45,6.41,0,0,CHRG, ,
3813.2,1,1,1,1,2,1325.0,1.07,14.2,15.1,0.45,6.43,0,0,CHRG, ,
3818.2,1,1,1,1,2,1330.0,1.07,14.2,15.2,0.45,6.46,0,0,CHRG, ,
3823.2,1,1,1,1,2,1335.0,1.06,14.199,15,0.45,6.48,0,0,CHRG, ,
3828.2,1,1,1,1,2,1340.0,1.05,14.2,14.9,0.45,6.5,0,0,CHRG, ,
3833.2,1,1,1,1,2,1345.0,1.06,14.2,15,0.46,6.52,0,0,CHRG, ,
3838.2,1,1,1,1,2,1350.0,1.07,14.2,15.1,0.46,6.54,0,0,CHRG, ,
3843.2,1,1,1,1,2,1355.0,1.07,14.2,15.1,0.46,6.56,0,0,CHRG, ,
3848.2,1,1,1,1,2,1360.0,1.07,14.199,15.1,0.46,6.58,0,0,CHRG, ,
3853.2,1,1,1,1,2,1365.0,1.06,14.2,15,0.46,6.6,0,0,CHRG, ,
3858.2,1,1,1,1,2,1370.0,1.06,14.2,15,0.46,6.62,0,0,CHRG, ,
3863.2,1,1,1,1,2,1375.0,1.05,14.2,14.9,0.46,6.64,0,0,CHRG, ,
3868.2,1,1,1,1,2,1380.0,1.06,14.2,15,0.47,6.66,0,0,CHRG, ,
3873.2,1,1,1,1,2,1385.0,1.05,14.2,14.9,0.47,6.69,0,0,CHRG, ,
3878.2,1,1,1,1,2,1390.0,1.06,14.2,15,0.47,6.71,0,0,CHRG, ,
3883.2,1,1,1,1,2,1395.0,1.06,14.2,15,0.47,6.73,0,0,CHRG, ,
3888.2,1,1,1,1,2,1400.0,1.05,14.199,14.9,0.47,6.75,0,0,CHRG, ,
3893.2,1,1,1,1,2,1405.0,1.05,14.2,14.9,0.47,6.77,0,0,CHRG, ,
3898.2,1,1,1,1,2,1410.0,1.05,14.2,14.9,0.47,6.79,0,0,CHRG, ,
3903.2,1,1,1,1,2,1415.0,1.05,14.199,14.9,0.48,6.81,0,0,CHRG, ,
3908.2,1,1,1,1,2,1420.0,1.04,14.199,14.7,0.48,6.83,0,0,CHRG, ,
3913.2,1,1,1,1,2,1425.0,1.04,14.2,14.8,0.48,6.85,0,0,CHRG, ,
3918.2,1,1,1,1,2,1430.0,1.04,14.2,14.8,0.48,6.87,0,0,CHRG, ,
3923.2,1,1,1,1,2,1435.0,1.04,14.199,14.7,0.48,6.89,0,0,CHRG, ,
3928.2,1,1,1,1,2,1440.0,1.04,14.2,14.7,0.48,6.91,0,0,CHRG, ,
3933.2,1,1,1,1,2,1445.0,1.04,14.2,14.7,0.49,6.93,0,0,CHRG, ,
3938.2,1,1,1,1,2,1450.0,1.05,14.2,14.8,0.49,6.95,0,0,CHRG, ,
3943.2,1,1,1,1,2,1455.0,1.04,14.199,14.7,0.49,6.97,0,0,CHRG, ,
3948.2,1,1,1,1,2,1460.0,1.04,14.199,14.8,0.49,6.99,0,0,CHRG, ,
3953.2,1,1,1,1,2,1465.0,1.04,14.201,14.8,0.49,7.01,0,0,CHRG, ,
3958.2,1,1,1,1,2,1470.0,1.03,14.2,14.6,0.49,7.03,0,0,CHRG, ,
3963.2,1,1,1,1,2,1475.0,1.04,14.2,14.7,0.49,7.06,0,0,CHRG, ,
3968.2,1,1,1,1,2,1480.0,1.03,14.2,14.5,0.5,7.08,0,0,CHRG, ,
3973.2,1,1,1,1,2,1485.0,1.04,14.199,14.7,0.5,7.1,0,0,CHRG, ,
3978.2,1,1,1,1,2,1490.0,1.03,14.2,14.6,0.5,7.12,0,0,CHRG, ,
3983.2,1,1,1,1,2,1495.0,1.02,14.2,14.4,0.5,7.14,0,0,CHRG, ,
3988.2,1,1,1,1,2,1500.0,1.03,14.2,14.5,0.5,7.16,0,0,CHRG, ,
3993.2,1,1,1,1,2,1505.0,1.03,14.2,14.5,0.5,7.18,0,0,CHRG, ,
3998.2,1,1,1,1,2,1510.0,1.03,14.2,14.5,0.5,7.2,0,0,CHRG, ,
4003.2,1,1,1,1,2,1515.0,1.03,14.2,14.5,0.51,7.22,0,0,CHRG, ,
4008.2,1,1,1,1,2,1520.0,1.02,14.2,14.4,0.51,7.24,0,0,CHRG, ,
4013.2,1,1,1,1,2,1525.0,1.02,14.199,14.5,0.51,7.26,0,0,CHRG, ,
4018.2,1,1,1,1,2,1530.0,1.02,14.2,14.4,0.51,7.28,0,0,CHRG, ,
4023.2,1,1,1,1,2,1535.0,1.02,14.199,14.4,0.51,7.3,0,0,CHRG, ,
4028.2,1,1,1,1,2,1540.0,1.02,14.201,14.4,0.51,7.32,0,0,CHRG, ,
4033.2,1,1,1,1,2,1545.0,1.02,14.2,14.4,0.51,7.34,0,0,CHRG, ,
4038.2,1,1,1,1,2,1550.0,1.02,14.2,14.4,0.52,7.36,0,0,CHRG, ,
4043.2,1,1,1,1,2,1555.0,1.02,14.199,14.4,0.52,7.38,0,0,CHRG, ,
4048.2,1,1,1,1,2,1560.0,1.01,14.2,14.2,0.52,7.4,0,0,CHRG, ,
4053.2,1,1,1,1,2,1565.0,1.02,14.2,14.4,0.52,7.42,0,0,CHRG, ,
4058.2,1,1,1,1,2,1570.0,1.01,14.2,14.2,0.52,7.44,0,0,CHRG, ,
4063.2,1,1,1,1,2,1575.0,1.01,14.2,14.3,0.52,7.46,0,0,CHRG, ,
4068.2,1,1,1,1,2,1580.0,1,14.199,14.1,0.52,7.48,0,0,CHRG, ,
4073.2,1,1,1,1,2,1585.0,1.01,14.2,14.3,0.52,7.5,0,0,CHRG, ,
4078.2,1,1,1,1,2,1590.0,1.01,14.2,14.3,0.53,7.52,0,0,CHRG, ,
4083.2,1,1,1,1,2,1595.0,1.01,14.199,14.3,0.53,7.54,0,0,CHRG, ,
4088.2,1,1,1,1,2,1600.0,1,14.199,14.1,0.53,7.56,0,0,CHRG, ,
4093.2,1,1,1,1,2,1605.0,1,14.2,14.2,0.53,7.58,0,0,CHRG, ,
4098.2,1,1,1,1,2,1610.0,1.01,14.2,14.3,0.53,7.6,0,0,CHRG, ,
4103.2,1,1,1,1,2,1615.0,1,14.199,14.2,0.53,7.62,0,0,CHRG, ,
4108.2,1,1,1,1,2,1620.0,1.01,14.2,14.2,0.53,7.63,0,0,CHRG, ,
4113.2,1,1,1,1,2,1625.0,1.01,14.201,14.3,0.54,7.65,0,0,CHRG, ,
4118.2,1,1,1,1,2,1630.0,1,14.2,14.2,0.54,7.67,0,0,CHRG, ,
4123.2,1,1,1,1,2,1635.0,1,14.199,14.1,0.54,7.69,0,0,CHRG, ,
4128.2,1,1,1,1,2,1640.0,0.99,14.2,14,0.54,7.71,0,0,CHRG, ,
4133.2,1,1,1,1,2,1645.0,1,14.2,14.2,0.54,7.73,0,0,CHRG, ,
4138.2,1,1,1,1,2,1650.0,1,14.2,14.1,0.54,7.75,0,0,CHRG, ,
4143.2,1,1,1,1,2,1655.0,0.99,14.199,14,0.54,7.77,0,0,CHRG, ,
4148.2,1,1,1,1,2,1660.0,0.99,14.2,14,0.55,7.79,0,0,CHRG, ,
4153.2,1,1,1,1,2,1665.0,0.99,14.2,14,0.55,7.81,0,0,CHRG, ,
4158.2,1,1,1,1,2,1670.0,1,14.2,14.1,0.55,7.83,0,0,CHRG, ,
4163.2,1,1,1,1,2,1675.0,0.98,14.2,13.9,0.55,7.85,0,0,CHRG, ,
4168.2,1,1,1,1,2,1680.0,0.99,14.2,14,0.55,7.87,0,0,CHRG, ,
4173.2,1,1,1,1,2,1685.0,0.99,14.2,14,0.55,7.89,0,0,CHRG, ,
4178.2,1,1,1,1,2,1690.0,0.99,14.199,14,0.55,7.91,0,0,CHRG, ,
4183.2,1,1,1,1,2,1695.0,0.99,14.2,14,0.56,7.93,0,0,CHRG, ,
4188.2,1,1,1,1,2,1700.0,0.99,14.2,14,0.56,7.95,0,0,CHRG, ,
4193.2,1,1,1,1,2,1705.0,0.99,14.2,14,0.56,7.97,0,0,CHRG, ,
4198.2,1,1,1,1,2,1710.0,0.98,14.2,13.9,0.56,7.99,0,0,CHRG, ,
4203.2,1,1,1,1,2,1715.0,0.98,14.2,13.8,0.56,8.01,0,0,CHRG, ,
4208.2,1,1,1,1,2,1720.0,0.99,14.2,14,0.56,8.02,0,0,CHRG, ,
4213.2,1,1,1,1,2,1725.0,0.98,14.2,13.9,0.56,8.04,0,0,CHRG, ,
4218.2,1,1,1,1,2,1730.0,0.98,14.199,13.9,0.56,8.06,0,0,CHRG, ,
4223.2,1,1,1,1,2,1735.0,0.97,14.2,13.8,0.57,8.08,0,0,CHRG, ,
4228.2,1,1,1,1,2,1740.0,0.98,14.2,13.8,0.57,8.1,0,0,CHRG, ,
4233.2,1,1,1,1,2,1745.0,0.98,14.2,13.9,0.57,8.12,0,0,CHRG, ,
4238.2,1,1,1,1,2,1750.0,0.97,14.2,13.7,0.57,8.14,0,0,CHRG, ,
4243.2,1,1,1,1,2,1755.0,0.97,14.2,13.7,0.57,8.16,0,0,CHRG, ,
4248.2,1,1,1,1,2,1760.0,0.98,14.2,13.8,0.57,8.18,0,0,CHRG, ,
4253.2,1,1,1,1,2,1765.0,0.97,14.2,13.7,0.57,8.2,0,0,CHRG, ,
4258.2,1,1,1,1,2,1770.0,0.97,14.199,13.7,0.58,8.22,0,0,CHRG, ,
4263.2,1,1,1,1,2,1775.0,0.97,14.2,13.7,0.58,8.24,0,0,CHRG, ,
4268.2,1,1,1,1,2,1780.0,0.97,14.2,13.8,0.58,8.25,0,0,CHRG, ,
4273.2,1,1,1,1,2,1785.0,0.97,14.2,13.7,0.58,8.27,0,0,CHRG, ,
4278.2,1,1,1,1,2,1790.0,0.97,14.2,13.7,0.58,8.29,0,0,CHRG, ,
4283.2,1,1,1,1,2,1795.0,0.97,14.2,13.7,0.58,8.31,0,0,CHRG, ,
4288.2,1,1,1,1,2,1800.0,0.96,14.201,13.6,0.58,8.33,0,0,CHRG, ,
4293.2,1,1,1,1,2,1805.0,0.97,14.199,13.7,0.59,8.35,0,0,CHRG, ,
4298.2,1,1,1,1,2,1810.0,0.96,14.2,13.6,0.59,8.37,0,0,CHRG, ,
4303.2,1,1,1,1,2,1815.0,0.97,14.2,13.7,0.59,8.39,0,0,CHRG, ,
4308.2,1,1,1,1,2,1820.0,0.96,14.2,13.6,0.59,8.41,0,0,CHRG, ,
4313.2,1,1,1,1,2,1825.0,0.95,14.2,13.4,0.59,8.43,0,0,CHRG, ,
4318.2,1,1,1,1,2,1830.0,0.96,14.199,13.6,0.59,8.44,0,0,CHRG, ,
4323.2,1,1,1,1,2,1835.0,0.96,14.2,13.5,0.59,8.46,0,0,CHRG, ,
4328.2,1,1,1,1,2,1840.0,0.95,14.199,13.4,0.59,8.48,0,0,CHRG, ,
4333.2,1,1,1,1,2,1845.0,0.95,14.2,13.4,0.6,8.5,0,0,CHRG, ,
4338.2,1,1,1,1,2,1850.0,0.96,14.2,13.6,0.6,8.52,0,0,CHRG, ,
4343.2,1,1,1,1,2,1855.0,0.95,14.2,13.5,0.6,8.54,0,0,CHRG, ,
4348.2,1,1,1,1,2,1860.0,0.96,14.201,13.6,0.6,8.56,0,0,CHRG, ,
4353.2,1,1,1,1,2,1865.0,0.95,14.2,13.5,0.6,8.57,0,0,CHRG, ,
4358.2,1,1,1,1,2,1870.0,0.94,14.2,13.3,0.6,8.59,0,0,CHRG, ,
4363.2,1,1,1,1,2,1875.0,0.95,14.2,13.4,0.6,8.61,0,0,CHRG, ,
4368.2,1,1,1,1,2,1880.0,0.94,14.2,13.3,0.61,8.63,0,0,CHRG, ,
4373.2,1,1,1,1,2,1885.0,0.95,14.2,13.4,0.61,8.65,0,0,CHRG, ,
4378.2,1,1,1,1,2,1890.0,0.95,14.2,13.4,0.61,8.67,0,0,CHRG, ,
4383.2,1,1,1,1,2,1895.0,0.94,14.2,13.3,0.61,8.69,0,0,CHRG, ,
4388.2,1,1,1,1,2,1900.0,0.93,14.199,13.2,0.61,8.7,0,0,CHRG, ,
4393.2,1,1,1,1,2,1905.0,0.94,14.2,13.3,0.61,8.72,0,0,CHRG, ,
4398.2,1,1,1,1,2,1910.0,0.94,14.201,13.3,0.61,8.74,0,0,CHRG, ,
4403.2,1,1,1,1,2,1915.0,0.94,14.2,13.3,0.61,8.76,0,0,CHRG, ,
4408.2,1,1,1,1,2,1920.0,0.93,14.2,13.2,0.62,8.78,0,0,CHRG, ,
4413.2,1,1,1,1,2,1925.0,0.93,14.2,13.2,0.62,8.8,0,0,CHRG, ,
4418.2,1,1,1,1,2,1930.0,0.94,14.2,13.3,0.62,8.82,0,0,CHRG, ,
4423.2,1,1,1,1,2,1935.0,0.93,14.2,13.2,0.62,8.83,0,0,CHRG, ,
4428.2,1,1,1,1,2,1940.0,0.93,14.2,13.1,0.62,8.85,0,0,CHRG, ,
4433.2,1,1,1,1,2,1945.0,0.94,14.2,13.3,0.62,8.87,0,0,CHRG, ,
4438.2,1,1,1,1,2,1950.0,0.93,14.2,13.2,0.62,8.89,0,0,CHRG, ,
4443.2,1,1,1,1,2,1955.0,0.93,14.199,13.2,0.62,8.91,0,0,CHRG, ,
4448.2,1,1,1,1,2,1960.0,0.94,14.2,13.3,0.63,8.93,0,0,CHRG, ,
4453.2,1,1,1,1,2,1965.0,0.93,14.2,13.2,0.63,8.94,0,0,CHRG, ,
4458.2,1,1,1,1,2,1970.0,0.93,14.201,13.2,0.63,8.96,0,0,CHRG, ,
4463.2,1,1,1,1,2,1975.0,0.92,14.199,13.1,0.63,8.98,0,0,CHRG, ,
4468.2,1,1,1,1,2,1980.0,0.93,14.2,13.2,0.63,9,0,0,CHRG, ,
4473.2,1,1,1,1,2,1985.0,0.92,14.2,13.1,0.63,9.02,0,0,CHRG, ,
4478.2,1,1,1,1,2,1990.0,0.92,14.199,13,0.63,9.03,0,0,CHRG, ,
4483.2,1,1,1,1,2,1995.0,0.92,14.2,13,0.63,9.05,0,0,CHRG, ,
4488.2,1,1,1,1,2,2000.0,0.92,14.2,13.1,0.64,9.07,0,0,CHRG, ,
4493.2,1,1,1,1,2,2005.0,0.92,14.2,13,0.64,9.09,0,0,CHRG, ,
4498.2,1,1,1,1,2,2010.0,0.92,14.2,13.1,0.64,9.11,0,0,CHRG, ,
4503.2,1,1,1,1,2,2015.0,0.92,14.199,13,0.64,9.13,0,0,CHRG, ,
4508.2,1,1,1,1,2,2020.0,0.92,14.2,13,0.64,9.14,0,0,CHRG, ,
4513.2,1,1,1,1,2,2025.0,0.92,14.2,13.1,0.64,9.16,0,0,CHRG, ,
4518.2,1,1,1,1,2,2030.0,0.92,14.2,13,0.64,9.18,0,0,CHRG, ,
4523.2,1,1,1,1,2,2035.0,0.92,14.199,13,0.65,9.2,0,0,CHRG, ,
4528.2,1,1,1,1,2,2040.0,0.92,14.2,13.1,0.65,9.22,0,0,CHRG, ,
4533.2,1,1,1,1,2,2045.0,0.91,14.2,12.9,0.65,9.23,0,0,CHRG, ,
4538.2,1,1,1,1,2,2050.0,0.9,14.199,12.7,0.65,9.25,0,0,CHRG, ,
4543.2,1,1,1,1,2,2055.0,0.91,14.2,12.9,0.65,9.27,0,0,CHRG, ,
4548.2,1,1,1,1,2,2060.0,0.91,14.2,12.8,0.65,9.29,0,0,CHRG, ,
4553.2,1,1,1,1,2,2065.0,0.91,14.2,12.9,0.65,9.31,0,0,CHRG, ,
4558.2,1,1,1,1,2,2070.0,0.91,14.2,12.9,0.65,9.32,0,0,CHRG, ,
4563.2,1,1,1,1,2,2075.0,0.91,14.199,12.9,0.66,9.34,0,0,CHRG, ,
4568.2,1,1,1,1,2,2080.0,0.9,14.2,12.7,0.66,9.36,0,0,CHRG, ,
4573.2,1,1,1,1,2,2085.0,0.91,14.199,12.9,0.66,9.38,0,0,CHRG, ,
4578.2,1,1,1,1,2,2090.0,0.91,14.2,12.9,0.66,9.39,0,0,CHRG, ,
4583.2,1,1,1,1,2,2095.0,0.9,14.2,12.7,0.66,9.41,0,0,CHRG, ,
4588.2,1,1,1,1,2,2100.0,0.9,14.199,12.8,0.66,9.43,0,0,CHRG, ,
4593.2,1,1,1,1,2,2105.0,0.9,14.199,12.7,0.66,9.45,0,0,CHRG, ,
4598.2,1,1,1,1,2,2110.0,0.9,14.2,12.7,0.66,9.47,0,0,CHRG, ,
4603.2,1,1,1,1,2,2115.0,0.9,14.2,12.7,0.67,9.48,0,0,CHRG, ,
4608.2,1,1,1,1,2,2120.0,0.9,14.2,12.7,0.67,9.5,0,0,CHRG, ,
4613.2,1,1,1,1,2,2125.0,0.91,14.2,12.9,0.67,9.52,0,0,CHRG, ,
4618.2,1,1,1,1,2,2130.0,0.89,14.2,12.6,0.67,9.54,0,0,CHRG, ,
4623.2,1,1,1,1,2,2135.0,0.89,14.2,12.5,0.67,9.55,0,0,CHRG, ,
4628.2,1,1,1,1,2,2140.0,0.9,14.2,12.7,0.67,9.57,0,0,CHRG, ,
4633.2,1,1,1,1,2,2145.0,0.88,14.2,12.4,0.67,9.59,0,0,CHRG, ,
4638.2,1,1,1,1,2,2150.0,0.89,14.199,12.5,0.67,9.61,0,0,CHRG, ,
4643.2,1,1,1,1,2,2155.0,0.89,14.2,12.6,0.68,9.62,0,0,CHRG, ,
4648.2,1,1,1,1,2,2160.0,0.89,14.2,12.5,0.68,9.64,0,0,CHRG, ,
4653.2,1,1,1,1,2,2165.0,0.88,14.2,12.5,0.68,9.66,0,0,CHRG, ,
4658.2,1,1,1,1,2,2170.0,0.88,14.2,12.4,0.68,9.68,0,0,CHRG, ,
4663.2,1,1,1,1,2,2175.0,0.88,14.199,12.4,0.68,9.69,0,0,CHRG, ,
4668.2,1,1,1,1,2,2180.0,0.88,14.199,12.5,0.68,9.71,0,0,CHRG, ,
4673.2,1,1,1,1,2,2185.0,0.88,14.2,12.4,0.68,9.73,0,0,CHRG, ,
4678.2,1,1,1,1,2,2190.0,0.88,14.2,12.4,0.68,9.75,0,0,CHRG, ,
4683.2,1,1,1,1,2,2195.0,0.89,14.2,12.6,0.69,9.76,0,0,CHRG, ,
4688.2,1,1,1,1,2,2200.0,0.88,14.2,12.4,0.69,9.78,0,0,CHRG, ,
4693.2,1,1,1,1,2,2205.0,0.88,14.2,12.4,0.69,9.8,0,0,CHRG, ,
4698.2,1,1,1,1,2,2210.0,0.88,14.199,12.4,0.69,9.82,0,0,CHRG, ,
4703.2,1,1,1,1,2,2215.0,0.89,14.201,12.5,0.69,9.83,0,0,CHRG, ,
4708.2,1,1,1,1,2,2220.0,0.88,14.2,12.4,0.69,9.85,0,0,CHRG, ,
4713.2,1,1,1,1,2,2225.0,0.88,14.2,12.4,0.69,9.87,0,0,CHRG, ,
4718.2,1,1,1,1,2,2230.0,0.89,14.2,12.6,0.69,9.88,0,0,CHRG, ,
4723.2,1,1,1,1,2,2235.0,0.87,14.199,12.3,0.69,9.9,0,0,CHRG, ,
4728.2,1,1,1,1,2,2240.0,0.87,14.2,12.3,0.7,9.92,0,0,CHRG, ,
4733.2,1,1,1,1,2,2245.0,0.88,14.2,12.4,0.7,9.94,0,0,CHRG, ,
4738.2,1,1,1,1,2,2250.0,0.87,14.199,12.3,0.7,9.95,0,0,CHRG, ,
4743.2,1,1,1,1,2,2255.0,0.87,14.2,12.3,0.7,9.97,0,0,CHRG, ,
4748.2,1,1,1,1,2,2260.0,0.88,14.2,12.4,0.7,9.99,0,0,CHRG, ,
4753.2,1,1,1,1,2,2265.0,0.88,14.2,12.4,0.7,10,0,0,CHRG, ,
4758.2,1,1,1,1,2,2270.0,0.87,14.2,12.3,0.7,10.02,0,0,CHRG, ,
4763.2,1,1,1,1,2,2275.0,0.87,14.199,12.3,0.7,10.04,0,0,CHRG, ,
4768.2,1,1,1,1,2,2280.0,0.87,14.2,12.3,0.71,10.06,0,0,CHRG, ,
4773.2,1,1,1,1,2,2285.0,0.87,14.2,12.3,0.71,10.07,0,0,CHRG, ,
4778.2,1,1,1,1,2,2290.0,0.87,14.2,12.3,0.71,10.09,0,0,CHRG, ,
4783.2,1,1,1,1,2,2295.0,0.86,14.2,12.2,0.71,10.11,0,0,CHRG, ,
4788.2,1,1,1,1,2,2300.0,0.87,14.2,12.3,0.71,10.12,0,0,CHRG, ,
4793.2,1,1,1,1,2,2305.0,0.86,14.2,12.2,0.71,10.14,0,0,CHRG, ,
4798.2,1,1,1,1,2,2310.0,0.86,14.199,12.2,0.71,10.16,0,0,CHRG, ,
4803.2,1,1,1,1,2,2315.0,0.87,14.2,12.3,0.71,10.17,0,0,CHRG, ,
4808.2,1,1,1,1,2,2320.0,0.86,14.2,12.2,0.72,10.19,0,0,CHRG, ,
4813.2,1,1,1,1,2,2325.0,0.87,14.2,12.3,0.72,10.21,0,0,CHRG, ,
4818.2,1,1,1,1,2,2330.0,0.85,14.2,12,0.72,10.23,0,0,CHRG, ,
4823.2,1,1,1,1,2,2335.0,0.87,14.2,12.3,0.72,10.24,0,0,CHRG, ,
4828.2,1,1,1,1,2,2340.0,0.86,14.2,12.2,0.72,10.26,0,0,CHRG, ,
4833.2,1,1,1,1,2,2345.0,0.85,14.2,12.1,0.72,10.28,0,0,CHRG, ,
4838.2,1,1,1,1,2,2350.0,0.86,14.2,12.1,0.72,10.29,0,0,CHRG, ,
4843.2,1,1,1,1,2,2355.0,0.86,14.2,12.2,0.72,10.31,0,0,CHRG, ,
4848.2,1,1,1,1,2,2360.0,0.85,14.2,12,0.72,10.33,0,0,CHRG, ,
4853.2,1,1,1,1,2,2365.0,0.86,14.2,12.2,0.73,10.34,0,0,CHRG, ,
4858.2,1,1,1,1,2,2370.0,0.85,14.2,12,0.73,10.36,0,0,CHRG, ,
4863.2,1,1,1,1,2,2375.0,0.84,14.2,11.9,0.73,10.38,0,0,CHRG, ,
4868.2,1,1,1,1,2,2380.0,0.85,14.2,12,0.73,10.39,0,0,CHRG, ,
4873.2,1,1,1,1,2,2385.0,0.85,14.199,12,0.73,10.41,0,0,CHRG, ,
4878.2,1,1,1,1,2,2390.0,0.84,14.199,11.9,0.73,10.43,0,0,CHRG, ,
4883.2,1,1,1,1,2,2395.0,0.85,14.2,12,0.73,10.44,0,0,CHRG, ,
4888.2,1,1,1,1,2,2400.0,0.84,14.2,11.9,0.73,10.46,0,0,CHRG, ,
4893.2,1,1,1,1,2,2405.0,0.85,14.2,12,0.74,10.48,0,0,CHRG, ,
4898.2,1,1,1,1,2,2410.0,0.84,14.199,11.9,0.74,10.49,0,0,CHRG, ,
4903.2,1,1,1,1,2,2415.0,0.84,14.2,11.9,0.74,10.51,0,0,CHRG, ,
4908.2,1,1,1,1,2,2420.0,0.85,14.2,12,0.74,10.53,0,0,CHRG, ,
4913.2,1,1,1,1,2,2425.0,0.84,14.2,11.9,0.74,10.54,0,0,CHRG, ,
4918.2,1,1,1,1,2,2430.0,0.84,14.2,11.9,0.74,10.56,0,0,CHRG, ,
4923.2,1,1,1,1,2,2435.0,0.84,14.2,11.9,0.74,10.58,0,0,CHRG, ,
4928.2,1,1,1,1,2,2440.0,0.84,14.2,11.8,0.74,10.59,0,0,CHRG, ,
4933.2,1,1,1,1,2,2445.0,0.84,14.2,11.9,0.74,10.61,0,0,CHRG, ,
4938.2,1,1,1,1,2,2450.0,0.84,14.2,11.9,0.75,10.63,0,0,CHRG, ,
4943.2,1,1,1,1,2,2455.0,0.85,14.2,12,0.75,10.64,0,0,CHRG, ,
4948.2,1,1,1,1,2,2460.0,0.84,14.2,11.9,0.75,10.66,0,0,CHRG, ,
4953.2,1,1,1,1,2,2465.0,0.84,14.2,11.9,0.75,10.68,0,0,CHRG, ,
4958.2,1,1,1,1,2,2470.0,0.83,14.199,11.8,0.75,10.69,0,0,CHRG, ,
4963.2,1,1,1,1,2,2475.0,0.83,14.199,11.8,0.75,10.71,0,0,CHRG, ,
4968.2,1,1,1,1,2,2480.0,0.84,14.2,11.9,0.75,10.72,0,0,CHRG, ,
4973.2,1,1,1,1,2,2485.0,0.83,14.2,11.8,0.75,10.74,0,0,CHRG, ,
4978.2,1,1,1,1,2,2490.0,0.83,14.2,11.7,0.76,10.76,0,0,CHRG, ,
4983.2,1,1,1,1,2,2495.0,0.84,14.2,11.8,0.76,10.77,0,0,CHRG, ,
4988.2,1,1,1,1,2,2500.0,0.83,14.2,11.7,0.76,10.79,0,0,CHRG, ,
4993.2,1,1,1,1,2,2505.0,0.83,14.201,11.8,0.76,10.81,0,0,CHRG, ,
4998.2,1,1,1,1,2,2510.0,0.83,14.2,11.7,0.76,10.82,0,0,CHRG, ,
5003.2,1,1,1,1,2,2515.0,0.83,14.199,11.7,0.76,10.84,0,0,CHRG, ,
5008.2,1,1,1,1,2,2520.0,0.83,14.2,11.7,0.76,10.85,0,0,CHRG, ,
5013.2,1,1,1,1,2,2525.0,0.83,14.2,11.7,0.76,10.87,0,0,CHRG, ,
5018.2,1,1,1,1,2,2530.0,0.82,14.199,11.6,0.76,10.89,0,0,CHRG, ,
5023.2,1,1,1,1,2,2535.0,0.82,14.199,11.6,0.77,10.9,0,0,CHRG, ,
5028.2,1,1,1,1,2,2540.0,0.82,14.2,11.6,0.77,10.92,0,0,CHRG, ,
5033.2,1,1,1,1,2,2545.0,0.83,14.199,11.8,0.77,10.94,0,0,CHRG, ,
5038.2,1,1,1,1,2,2550.0,0.83,14.2,11.7,0.77,10.95,0,0,CHRG, ,
5043.2,1,1,1,1,2,2555.0,0.82,14.199,11.6,0.77,10.97,0,0,CHRG, ,
5048.2,1,1,1,1,2,2560.0,0.81,14.199,11.5,0.77,10.98,0,0,CHRG, ,
5053.2,1,1,1,1,2,2565.0,0.81,14.2,11.5,0.77,11,0,0,CHRG, ,
5058.2,1,1,1,1,2,2570.0,0.82,14.199,11.6,0.77,11.02,0,0,CHRG, ,
5063.2,1,1,1,1,2,2575.0,0.82,14.2,11.6,0.77,11.03,0,0,CHRG, ,
5068.2,1,1,1,1,2,2580.0,0.82,14.201,11.6,0.78,11.05,0,0,CHRG, ,
5073.2,1,1,1,1,2,2585.0,0.8,14.2,11.4,0.78,11.06,0,0,CHRG, ,
5078.2,1,1,1,1,2,2590.0,0.81,14.2,11.5,0.78,11.08,0,0,CHRG, ,
5083.2,1,1,1,1,2,2595.0,0.81,14.2,11.5,0.78,11.1,0,0,CHRG, ,
5088.2,1,1,1,1,2,2600.0,0.81,14.199,11.5,0.78,11.11,0,0,CHRG, ,
5093.2,1,1,1,1,2,2605.0,0.82,14.2,11.6,0.78,11.13,0,0,CHRG, ,
5098.2,1,1,1,1,2,2610.0,0.81,14.2,11.5,0.78,11.14,0,0,CHRG, ,
5103.2,1,1,1,1,2,2615.0,0.81,14.2,11.5,0.78,11.16,0,0,CHRG, ,
5108.2,1,1,1,1,2,2620.0,0.82,14.2,11.6,0.79,11.18,0,0,CHRG, ,
5113.2,1,1,1,1,2,2625.0,0.81,14.2,11.4,0.79,11.19,0,0,CHRG, ,
5118.2,1,1,1,1,2,2630.0,0.81,14.2,11.5,0.79,11.21,0,0,CHRG, ,
5123.2,1,1,1,1,2,2635.0,0.81,14.2,11.5,0.79,11.22,0,0,CHRG, ,
5128.2,1,1,1,1,2,2640.0,0.81,14.2,11.5,0.79,11.24,0,0,CHRG, ,
5133.2,1,1,1,1,2,2645.0,0.8,14.2,11.3,0.79,11.26,0,0,CHRG, ,
5138.2,1,1,1,1,2,2650.0,0.81,14.2,11.4,0.79,11.27,0,0,CHRG, ,
5143.2,1,1,1,1,2,2655.0,0.81,14.199,11.5,0.79,11.29,0,0,CHRG, ,
5148.2,1,1,1,1,2,2660.0,0.8,14.2,11.4,0.79,11.3,0,0,CHRG, ,
5153.2,1,1,1,1,2,2665.0,0.8,14.2,11.3,0.8,11.32,0,0,CHRG, ,
5158.2,1,1,1,1,2,2670.0,0.81,14.199,11.5,0.8,11.33,0,0,CHRG, ,
5163.2,1,1,1,1,2,2675.0,0.8,14.2,11.3,0.8,11.35,0,0,CHRG, ,
5168.2,1,1,1,1,2,2680.0,0.8,14.2,11.3,0.8,11.37,0,0,CHRG, ,
5173.2,1,1,1,1,2,2685.0,0.8,14.2,11.3,0.8,11.38,0,0,CHRG, ,
5178.2,1,1,1,1,2,2690.0,0.8,14.2,11.3,0.8,11.4,0,0,CHRG, ,
5183.2,1,1,1,1,2,2695.0,0.79,14.2,11.2,0.8,11.41,0,0,CHRG, ,
5188.2,1,1,1,1,2,2700.0,0.8,14.201,11.3,0.8,11.43,0,0,CHRG, ,
5193.2,1,1,1,1,2,2705.0,0.79,14.2,11.2,0.8,11.44,0,0,CHRG, ,
5198.2,1,1,1,1,2,2710.0,0.79,14.2,11.2,0.81,11.46,0,0,CHRG, ,
5203.2,1,1,1,1,2,2715.0,0.79,14.199,11.2,0.81,11.48,0,0,CHRG, ,
5208.2,1,1,1,1,2,2720.0,0.8,14.2,11.3,0.81,11.49,0,0,CHRG, ,
5213.2,1,1,1,1,2,2725.0,0.8,14.2,11.3,0.81,11.51,0,0,CHRG, ,
5218.2,1,1,1,1,2,2730.0,0.8,14.2,11.4,0.81,11.52,0,0,CHRG, ,
5223.2,1,1,1,1,2,2735.0,0.79,14.2,11.2,0.81,11.54,0,0,CHRG, ,
5228.2,1,1,1,1,2,2740.0,0.78,14.2,11,0.81,11.55,0,0,CHRG, ,
5233.2,1,1,1,1,2,2745.0,0.78,14.2,11.1,0.81,11.57,0,0,CHRG, ,
5238.2,1,1,1,1,2,2750.0,0.79,14.2,11.2,0.81,11.58,0,0,CHRG, ,
5243.2,1,1,1,1,2,2755.0,0.79,14.2,11.1,0.81,11.6,0,0,CHRG, ,
5248.2,1,1,1,1,2,2760.0,0.79,14.199,11.1,0.82,11.62,0,0,CHRG, ,
5253.2,1,1,1,1,2,2765.0,0.78,14.199,11,0.82,11.63,0,0,CHRG, ,
5258.2,1,1,1,1,2,2770.0,0.79,14.199,11.2,0.82,11.65,0,0,CHRG, ,
5263.2,1,1,1,1,2,2775.0,0.79,14.2,11.2,0.82,11.66,0,0,CHRG, ,
5268.2,1,1,1,1,2,2780.0,0.78,14.2,11,0.82,11.68,0,0,CHRG, ,
5273.2,1,1,1,1,2,2785.0,0.78,14.2,11,0.82,11.69,0,0,CHRG, ,
5278.2,1,1,1,1,2,2790.0,0.79,14.201,11.2,0.82,11.71,0,0,CHRG, ,
5283.2,1,1,1,1,2,2795.0,0.78,14.199,11,0.82,11.72,0,0,CHRG, ,
5288.2,1,1,1,1,2,2800.0,0.78,14.2,11,0.82,11.74,0,0,CHRG, ,
5293.2,1,1,1,1,2,2805.0,0.78,14.2,11,0.83,11.75,0,0,CHRG, ,
5298.2,1,1,1,1,2,2810.0,0.77,14.2,10.9,0.83,11.77,0,0,CHRG, ,
5303.2,1,1,1,1,2,2815.0,0.78,14.2,11,0.83,11.78,0,0,CHRG, ,
5308.2,1,1,1,1,2,2820.0,0.78,14.201,11,0.83,11.8,0,0,CHRG, ,
5313.2,1,1,1,1,2,2825.0,0.78,14.2,11,0.83,11.81,0,0,CHRG, ,
5318.2,1,1,1,1,2,2830.0,0.78,14.2,11,0.83,11.83,0,0,CHRG, ,
5323.2,1,1,1,1,2,2835.0,0.78,14.2,11,0.83,11.84,0,0,CHRG, ,
5328.2,1,1,1,1,2,2840.0,0.77,14.2,10.9,0.83,11.86,0,0,CHRG, ,
5333.2,1,1,1,1,2,2845.0,0.77,14.2,10.9,0.83,11.88,0,0,CHRG, ,
5338.2,1,1,1,1,2,2850.0,0.77,14.2,10.8,0.84,11.89,0,0,CHRG, ,
5343.2,1,1,1,1,2,2855.0,0.77,14.199,10.8,0.84,11.91,0,0,CHRG, ,
5348.2,1,1,1,1,2,2860.0,0.78,14.2,11,0.84,11.92,0,0,CHRG, ,
5353.2,1,1,1,1,2,2865.0,0.77,14.2,10.9,0.84,11.94,0,0,CHRG, ,
5358.2,1,1,1,1,2,2870.0,0.78,14.2,11,0.84,11.95,0,0,CHRG, ,
5363.2,1,1,1,1,2,2875.0,0.78,14.2,11,0.84,11.97,0,0,CHRG, ,
5368.2,1,1,1,1,2,2880.0,0.77,14.199,10.9,0.84,11.98,0,0,CHRG, ,
5373.2,1,1,1,1,2,2885.0,0.76,14.199,10.7,0.84,12,0,0,CHRG, ,
5378.2,1,1,1,1,2,2890.0,0.77,14.2,10.8,0.84,12.01,0,0,CHRG, ,
5383.2,1,1,1,1,2,2895.0,0.77,14.199,10.9,0.85,12.03,0,0,CHRG, ,
5388.2,1,1,1,1,2,2900.0,0.77,14.2,10.9,0.85,12.04,0,0,CHRG, ,
5393.2,1,1,1,1,2,2905.0,0.76,14.199,10.7,0.85,12.06,0,0,CHRG, ,
5398.2,1,1,1,1,2,2910.0,0.76,14.2,10.7,0.85,12.07,0,0,CHRG, ,
5403.2,1,1,1,1,2,2915.0,0.76,14.2,10.7,0.85,12.09,0,0,CHRG, ,
5408.2,1,1,1,1,2,2920.0,0.76,14.2,10.7,0.85,12.1,0,0,CHRG, ,
5413.2,1,1,1,1,2,2925.0,0.76,14.2,10.8,0.85,12.12,0,0,CHRG, ,
5418.2,1,1,1,1,2,2930.0,0.77,14.2,10.8,0.85,12.13,0,0,CHRG, ,
5423.2,1,1,1,1,2,2935.0,0.76,14.199,10.7,0.85,12.15,0,0,CHRG, ,
5428.2,1,1,1,1,2,2940.0,0.76,14.2,10.7,0.85,12.16,0,0,CHRG, ,
5433.2,1,1,1,1,2,2945.0,0.77,14.2,10.8,0.86,12.18,0,0,CHRG, ,
5438.2,1,1,1,1,2,2950.0,0.75,14.2,10.6,0.86,12.19,0,0,CHRG, ,
5443.2,1,1,1,1,2,2955.0,0.75,14.2,10.6,0.86,12.21,0,0,CHRG, ,
5448.2,1,1,1,1,2,2960.0,0.76,14.2,10.7,0.86,12.22,0,0,CHRG, ,
5453.2,1,1,1,1,2,2965.0,0.76,14.2,10.7,0.86,12.24,0,0,CHRG, ,
5458.2,1,1,1,1,2,2970.0,0.75,14.199,10.6,0.86,12.25,0,0,CHRG, ,
5463.2,1,1,1,1,2,2975.0,0.75,14.2,10.6,0.86,12.26,0,0,CHRG, ,
5468.2,1,1,1,1,2,2980.0,0.76,14.2,10.7,0.86,12.28,0,0,CHRG, ,
5473.2,1,1,1,1,2,2985.0,0.75,14.2,10.6,0.86,12.29,0,0,CHRG, ,
5478.2,1,1,1,1,2,2990.0,0.75,14.2,10.6,0.87,12.31,0,0,CHRG, ,
5483.2,1,1,1,1,2,2995.0,0.75,14.2,10.6,0.87,12.32,0,0,CHRG, ,
5488.2,1,1,1,1,2,3000.0,0.74,14.2,10.5,0.87,12.34,0,0,CHRG, ,
5493.2,1,1,1,1,2,3005.0,0.74,14.2,10.5,0.87,12.35,0,0,CHRG, ,
5498.2,1,1,1,1,2,3010.0,0.75,14.2,10.6,0.87,12.37,0,0,CHRG, ,
5503.2,1,1,1,1,2,3015.0,0.75,14.2,10.6,0.87,12.38,0,0,CHRG, ,
5508.2,1,1,1,1,2,3020.0,0.75,14.2,10.6,0.87,12.4,0,0,CHRG, ,
5513.2,1,1,1,1,2,3025.0,0.75,14.2,10.6,0.87,12.41,0,0,CHRG, ,
5518.2,1,1,1,1,2,3030.0,0.74,14.2,10.5,0.87,12.43,0,0,CHRG, ,
5523.2,1,1,1,1,2,3035.0,0.74,14.2,10.5,0.87,12.44,0,0,CHRG, ,
5528.2,1,1,1,1,2,3040.0,0.74,14.199,10.5,0.88,12.46,0,0,CHRG, ,
5533.2,1,1,1,1,2,3045.0,0.74,14.199,10.5,0.88,12.47,0,0,CHRG, ,
5538.2,1,1,1,1,2,3050.0,0.73,14.2,10.4,0.88,12.48,0,0,CHRG, ,
5543.2,1,1,1,1,2,3055.0,0.74,14.2,10.5,0.88,12.5,0,0,CHRG, ,
5548.2,1,1,1,1,2,3060.0,0.74,14.2,10.4,0.88,12.51,0,0,CHRG, ,
5553.2,1,1,1,1,2,3065.0,0.74,14.2,10.5,0.88,12.53,0,0,CHRG, ,
5558.2,1,1,1,1,2,3070.0,0.74,14.2,10.5,0.88,12.54,0,0,CHRG, ,
5563.2,1,1,1,1,2,3075.0,0.74,14.2,10.5,0.88,12.56,0,0,CHRG, ,
5568.2,1,1,1,1,2,3080.0,0.73,14.199,10.4,0.88,12.57,0,0,CHRG, ,
5573.2,1,1,1,1,2,3085.0,0.74,14.199,10.4,0.88,12.59,0,0,CHRG, ,
5578.2,1,1,1,1,2,3090.0,0.74,14.199,10.5,0.89,12.6,0,0,CHRG, ,
5583.2,1,1,1,1,2,3095.0,0.74,14.199,10.5,0.89,12.62,0,0,CHRG, ,
5588.2,1,1,1,1,2,3100.0,0.73,14.199,10.3,0.89,12.63,0,0,CHRG, ,
5593.2,1,1,1,1,2,3105.0,0.73,14.2,10.3,0.89,12.64,0,0,CHRG, ,
5598.2,1,1,1,1,2,3110.0,0.74,14.2,10.4,0.89,12.66,0,0,CHRG, ,
5603.2,1,1,1,1,2,3115.0,0.73,14.2,10.3,0.89,12.67,0,0,CHRG, ,
5608.2,1,1,1,1,2,3120.0,0.73,14.199,10.3,0.89,12.69,0,0,CHRG, ,
5613.2,1,1,1,1,2,3125.0,0.73,14.2,10.3,0.89,12.7,0,0,CHRG, ,
5618.2,1,1,1,1,2,3130.0,0.73,14.2,10.3,0.89,12.72,0,0,CHRG, ,
5623.2,1,1,1,1,2,3135.0,0.73,14.2,10.3,0.89,12.73,0,0,CHRG, ,
5628.2,1,1,1,1,2,3140.0,0.73,14.2,10.3,0.9,12.74,0,0,CHRG, ,
5633.2,1,1,1,1,2,3145.0,0.73,14.2,10.3,0.9,12.76,0,0,CHRG, ,
5638.2,1,1,1,1,2,3150.0,0.73,14.2,10.3,0.9,12.77,0,0,CHRG, ,
5643.2,1,1,1,1,2,3155.0,0.72,14.199,10.2,0.9,12.79,0,0,CHRG, ,
5648.2,1,1,1,1,2,3160.0,0.73,14.2,10.3,0.9,12.8,0,0,CHRG, ,
5653.2,1,1,1,1,2,3165.0,0.72,14.2,10.2,0.9,12.82,0,0,CHRG, ,
5658.2,1,1,1,1,2,3170.0,0.73,14.2,10.3,0.9,12.83,0,0,CHRG, ,
5663.2,1,1,1,1,2,3175.0,0.72,14.2,10.2,0.9,12.84,0,0,CHRG, ,
5668.2,1,1,1,1,2,3180.0,0.73,14.2,10.3,0.9,12.86,0,0,CHRG, ,
5673.2,1,1,1,1,2,3185.0,0.72,14.2,10.2,0.91,12.87,0,0,CHRG, ,
5678.2,1,1,1,1,2,3190.0,0.72,14.2,10.2,0.91,12.89,0,0,CHRG, ,
5683.2,1,1,1,1,2,3195.0,0.72,14.199,10.2,0.91,12.9,0,0,CHRG, ,
5688.2,1,1,1,1,2,3200.0,0.72,14.199,10.1,0.91,12.92,0,0,CHRG, ,
5693.2,1,1,1,1,2,3205.0,0.72,14.2,10.2,0.91,12.93,0,0,CHRG, ,
5698.2,1,1,1,1,2,3210.0,0.72,14.2,10.2,0.91,12.94,0,0,CHRG, ,
5703.2,1,1,1,1,2,3215.0,0.72,14.2,10.2,0.91,12.96,0,0,CHRG, ,
5708.2,1,1,1,1,2,3220.0,0.72,14.2,10.2,0.91,12.97,0,0,CHRG, ,
5713.2,1,1,1,1,2,3225.0,0.72,14.2,10.2,0.91,12.99,0,0,CHRG, ,
5718.2,1,1,1,1,2,3230.0,0.72,14.2,10.1,0.91,13,0,0,CHRG, ,
5723.2,1,1,1,1,2,3235.0,0.72,14.2,10.1,0.92,13.01,0,0,CHRG, ,
5728.2,1,1,1,1,2,3240.0,0.71,14.2,10,0.92,13.03,0,0,CHRG, ,
5733.2,1,1,1,1,2,3245.0,0.71,14.199,10,0.92,13.04,0,0,CHRG, ,
5738.2,1,1,1,1,2,3250.0,0.71,14.2,10,0.92,13.06,0,0,CHRG, ,
5743.2,1,1,1,1,2,3255.0,0.72,14.2,10.1,0.92,13.07,0,0,CHRG, ,
5748.2,1,1,1,1,2,3260.0,0.71,14.199,10,0.92,13.08,0,0,CHRG, ,
5753.2,1,1,1,1,2,3265.0,0.71,14.2,10,0.92,13.1,0,0,CHRG, ,
5758.2,1,1,1,1,2,3270.0,0.71,14.2,10,0.92,13.11,0,0,CHRG, ,
5763.2,1,1,1,1,2,3275.0,0.71,14.2,10,0.92,13.13,0,0,CHRG, ,
5768.2,1,1,1,1,2,3280.0,0.71,14.2,10,0.92,13.14,0,0,CHRG, ,
5773.2,1,1,1,1,2,3285.0,0.71,14.199,10,0.92,13.15,0,0,CHRG, ,
5778.2,1,1,1,1,2,3290.0,0.7,14.2,9.9,0.93,13.17,0,0,CHRG, ,
5783.2,1,1,1,1,2,3295.0,0.71,14.199,10,0.93,13.18,0,0,CHRG, ,
5788.2,1,1,1,1,2,3300.0,0.71,14.2,10,0.93,13.2,0,0,CHRG, ,
5793.2,1,1,1,1,2,3305.0,0.71,14.2,10,0.93,13.21,0,0,CHRG, ,
5798.2,1,1,1,1,2,3310.0,0.7,14.199,9.9,0.93,13.22,0,0,CHRG, ,
5803.2,1,1,1,1,2,3315.0,0.71,14.199,10,0.93,13.24,0,0,CHRG, ,
5808.2,1,1,1,1,2,3320.0,0.7,14.2,9.9,0.93,13.25,0,0,CHRG, ,
5813.2,1,1,1,1,2,3325.0,0.7,14.2,9.9,0.93,13.26,0,0,CHRG, ,
5818.2,1,1,1,1,2,3330.0,0.7,14.2,9.9,0.93,13.28,0,0,CHRG, ,
5823.2,1,1,1,1,2,3335.0,0.7,14.2,9.9,0.93,13.29,0,0,CHRG, ,
5828.2,1,1,1,1,2,3340.0,0.71,14.2,10,0.94,13.31,0,0,CHRG, ,
5833.2,1,1,1,1,2,3345.0,0.71,14.2,10,0.94,13.32,0,0,CHRG, ,
5838.2,1,1,1,1,2,3350.0,0.7,14.2,9.9,0.94,13.33,0,0,CHRG, ,
5843.2,1,1,1,1,2,3355.0,0.71,14.2,10,0.94,13.35,0,0,CHRG, ,
5848.2,1,1,1,1,2,3360.0,0.7,14.199,9.9,0.94,13.36,0,0,CHRG, ,
5853.2,1,1,1,1,2,3365.0,0.7,14.199,9.8,0.94,13.37,0,0,CHRG, ,
5858.2,1,1,1,1,2,3370.0,0.7,14.2,9.9,0.94,13.39,0,0,CHRG, ,
5863.2,1,1,1,1,2,3375.0,0.69,14.2,9.7,0.94,13.4,0,0,CHRG, ,
5868.2,1,1,1,1,2,3380.0,0.7,14.2,9.9,0.94,13.42,0,0,CHRG, ,
5873.2,1,1,1,1,2,3385.0,0.7,14.2,9.9,0.94,13.43,0,0,CHRG, ,
5878.2,1,1,1,1,2,3390.0,0.7,14.2,9.9,0.95,13.44,0,0,CHRG, ,
5883.2,1,1,1,1,2,3395.0,0.7,14.2,9.9,0.95,13.46,0,0,CHRG, ,
5888.2,1,1,1,1,2,3400.0,0.69,14.2,9.7,0.95,13.47,0,0,CHRG, ,
5893.2,1,1,1,1,2,3405.0,0.69,14.2,9.8,0.95,13.48,0,0,CHRG, ,
5898.2,1,1,1,1,2,3410.0,0.69,14.199,9.8,0.95,13.5,0,0,CHRG, ,
5903.2,1,1,1,1,2,3415.0,0.69,14.199,9.7,0.95,13.51,0,0,CHRG, ,
5908.2,1,1,1,1,2,3420.0,0.69,14.2,9.7,0.95,13.52,0,0,CHRG, ,
5913.2,1,1,1,1,2,3425.0,0.7,14.2,9.8,0.95,13.54,0,0,CHRG, ,
5918.2,1,1,1,1,2,3430.0,0.69,14.199,9.7,0.95,13.55,0,0,CHRG, ,
5923.2,1,1,1,1,2,3435.0,0.69,14.2,9.7,0.95,13.56,0,0,CHRG, ,
5928.2,1,1,1,1,2,3440.0,0.69,14.199,9.7,0.95,13.58,0,0,CHRG, ,
5933.2,1,1,1,1,2,3445.0,0.69,14.2,9.7,0.96,13.59,0,0,CHRG, ,
5938.2,1,1,1,1,2,3450.0,0.69,14.2,9.7,0.96,13.6,0,0,CHRG, ,
5943.2,1,1,1,1,2,3455.0,0.69,14.2,9.7,0.96,13.62,0,0,CHRG, ,
5948.2,1,1,1,1,2,3460.0,0.69,14.199,9.8,0.96,13.63,0,0,CHRG, ,
5953.2,1,1,1,1,2,3465.0,0.69,14.199,9.7,0.96,13.64,0,0,CHRG, ,
5958.2,1,1,1,1,2,3470.0,0.68,14.2,9.6,0.96,13.66,0,0,CHRG, ,
5963.2,1,1,1,1,2,3475.0,0.67,14.2,9.5,0.96,13.67,0,0,CHRG, ,
5968.2,1,1,1,1,2,3480.0,0.68,14.2,9.6,0.96,13.69,0,0,CHRG, ,
5973.2,1,1,1,1,2,3485.0,0.68,14.2,9.6,0.96,13.7,0,0,CHRG, ,
5978.2,1,1,1,1,2,3490.0,0.68,14.2,9.6,0.96,13.71,0,0,CHRG, ,
5983.2,1,1,1,1,2,3495.0,0.68,14.2,9.6,0.97,13.73,0,0,CHRG, ,
5988.2,1,1,1,1,2,3500.0,0.68,14.2,9.6,0.97,13.74,0,0,CHRG, ,
5993.2,1,1,1,1,2,3505.0,0.67,14.199,9.5,0.97,13.75,0,0,CHRG, ,
5998.2,1,1,1,1,2,3510.0,0.68,14.2,9.6,0.97,13.77,0,0,CHRG, ,
6003.2,1,1,1,1,2,3515.0,0.67,14.2,9.5,0.97,13.78,0,0,CHRG, ,
6008.2,1,1,1,1,2,3520.0,0.67,14.2,9.5,0.97,13.79,0,0,CHRG, ,
6013.2,1,1,1,1,2,3525.0,0.68,14.2,9.6,0.97,13.8,0,0,CHRG, ,
6018.2,1,1,1,1,2,3530.0,0.68,14.2,9.6,0.97,13.82,0,0,CHRG, ,
6023.2,1,1,1,1,2,3535.0,0.67,14.2,9.4,0.97,13.83,0,0,CHRG, ,
6028.2,1,1,1,1,2,3540.0,0.67,14.2,9.5,0.97,13.84,0,0,CHRG, ,
6033.2,1,1,1,1,2,3545.0,0.67,14.2,9.5,0.97,13.86,0,0,CHRG, ,
6038.2,1,1,1,1,2,3550.0,0.67,14.2,9.5,0.98,13.87,0,0,CHRG, ,
6043.2,1,1,1,1,2,3555.0,0.68,14.199,9.6,0.98,13.88,0,0,CHRG, ,
6048.2,1,1,1,1,2,3560.0,0.67,14.199,9.5,0.98,13.9,0,0,CHRG, ,
6053.2,1,1,1,1,2,3565.0,0.67,14.2,9.5,0.98,13.91,0,0,CHRG, ,
6058.2,1,1,1,1,2,3570.0,0.68,14.2,9.6,0.98,13.92,0,0,CHRG, ,
6063.2,1,1,1,1,2,3575.0,0.67,14.2,9.5,0.98,13.94,0,0,CHRG, ,
6068.2,1,1,1,1,2,3580.0,0.67,14.2,9.4,0.98,13.95,0,0,CHRG, ,
6073.2,1,1,1,1,2,3585.0,0.67,14.2,9.5,0.98,13.96,0,0,CHRG, ,
6078.2,1,1,1,1,2,3590.0,0.67,14.2,9.5,0.98,13.98,0,0,CHRG, ,
6083.2,1,1,1,1,2,3595.0,0.67,14.2,9.4,0.98,13.99,0,0,CHRG, ,
6088.2,1,1,1,1,2,3600.0,0.67,14.2,9.4,0.99,14,0,0,CHRG, ,
6093.2,1,1,1,1,2,3605.0,0.67,14.2,9.5,0.99,14.02,0,0,CHRG, ,
6098.2,1,1,1,1,2,3610.0,0.67,14.199,9.4,0.99,14.03,0,0,CHRG, ,
6103.2,1,1,1,1,2,3615.0,0.66,14.2,9.3,0.99,14.04,0,0,CHRG, ,
6108.2,1,1,1,1,2,3620.0,0.66,14.199,9.3,0.99,14.05,0,0,CHRG, ,
6113.2,1,1,1,1,2,3625.0,0.66,14.199,9.3,0.99,14.07,0,0,CHRG, ,
6118.2,1,1,1,1,2,3630.0,0.67,14.2,9.4,0.99,14.08,0,0,CHRG, ,
6123.2,1,1,1,1,2,3635.0,0.66,14.199,9.3,0.99,14.09,0,0,CHRG, ,
6128.2,1,1,1,1,2,3640.0,0.66,14.2,9.3,0.99,14.11,0,0,CHRG, ,
6133.2,1,1,1,1,2,3645.0,0.66,14.2,9.3,0.99,14.12,0,0,CHRG, ,
6138.2,1,1,1,1,2,3650.0,0.66,14.2,9.3,0.99,14.13,0,0,CHRG, ,
6143.2,1,1,1,1,2,3655.0,0.65,14.199,9.2,1,14.15,0,0,CHRG, ,
6148.2,1,1,1,1,2,3660.0,0.66,14.2,9.3,1,14.16,0,0,CHRG, ,
6153.2,1,1,1,1,2,3665.0,0.67,14.2,9.4,1,14.17,0,0,CHRG, ,
6158.2,1,1,1,1,2,3670.0,0.66,14.2,9.3,1,14.18,0,0,CHRG, ,
6163.2,1,1,1,1,2,3675.0,0.66,14.2,9.3,1,14.2,0,0,CHRG, ,
6168.2,1,1,1,1,2,3680.0,0.66,14.2,9.3,1,14.21,0,0,CHRG, ,
6173.2,1,1,1,1,2,3685.0,0.65,14.2,9.2,1,14.22,0,0,CHRG, ,
6178.2,1,1,1,1,2,3690.0,0.65,14.2,9.2,1,14.24,0,0,CHRG, ,
6183.2,1,1,1,1,2,3695.0,0.65,14.2,9.2,1,14.25,0,0,CHRG, ,
6188.2,1,1,1,1,2,3700.0,0.65,14.2,9.2,1,14.26,0,0,CHRG, ,
6193.2,1,1,1,1,2,3705.0,0.66,14.199,9.3,1,14.27,0,0,CHRG, ,
6198.2,1,1,1,1,2,3710.0,0.65,14.2,9.2,1.01,14.29,0,0,CHRG, ,
6203.2,1,1,1,1,2,3715.0,0.65,14.2,9.2,1.01,14.3,0,0,CHRG, ,
6208.2,1,1,1,1,2,3720.0,0.65,14.2,9.2,1.01,14.31,0,0,CHRG, ,
6213.2,1,1,1,1,2,3725.0,0.64,14.2,9.1,1.01,14.33,0,0,CHRG, ,
6218.2,1,1,1,1,2,3730.0,0.65,14.199,9.2,1.01,14.34,0,0,CHRG, ,
6223.2,1,1,1,1,2,3735.0,0.65,14.2,9.2,1.01,14.35,0,0,CHRG, ,
6228.2,1,1,1,1,2,3740.0,0.65,14.2,9.2,1.01,14.36,0,0,CHRG, ,
6233.2,1,1,1,1,2,3745.0,0.65,14.199,9.2,1.01,14.38,0,0,CHRG, ,
6238.2,1,1,1,1,2,3750.0,0.65,14.2,9.1,1.01,14.39,0,0,CHRG, ,
6243.2,1,1,1,1,2,3755.0,0.64,14.199,9.1,1.01,14.4,0,0,CHRG, ,
6248.2,1,1,1,1,2,3760.0,0.65,14.2,9.2,1.01,14.41,0,0,CHRG, ,
6253.2,1,1,1,1,2,3765.0,0.65,14.2,9.1,1.02,14.43,0,0,CHRG, ,
6258.2,1,1,1,1,2,3770.0,0.65,14.199,9.2,1.02,14.44,0,0,CHRG, ,
6263.2,1,1,1,1,2,3775.0,0.65,14.2,9.2,1.02,14.45,0,0,CHRG, ,
6268.2,1,1,1,1,2,3780.0,0.64,14.2,9,1.02,14.47,0,0,CHRG, ,
6273.2,1,1,1,1,2,3785.0,0.64,14.2,9,1.02,14.48,0,0,CHRG, ,
6278.2,1,1,1,1,2,3790.0,0.64,14.2,9,1.02,14.49,0,0,CHRG, ,
6283.2,1,1,1,1,2,3795.0,0.65,14.2,9.1,1.02,14.5,0,0,CHRG, ,
6288.2,1,1,1,1,2,3800.0,0.64,14.2,9,1.02,14.52,0,0,CHRG, ,
6293.2,1,1,1,1,2,3805.0,0.64,14.2,9,1.02,14.53,0,0,CHRG, ,
6298.2,1,1,1,1,2,3810.0,0.64,14.2,9,1.02,14.54,0,0,CHRG, ,
6303.2,1,1,1,1,2,3815.0,0.64,14.199,9,1.02,14.55,0,0,CHRG, ,
6308.2,1,1,1,1,2,3820.0,0.64,14.199,9,1.02,14.57,0,0,CHRG, ,
6313.2,1,1,1,1,2,3825.0,0.64,14.199,9,1.03,14.58,0,0,CHRG, ,
6318.2,1,1,1,1,2,3830.0,0.64,14.2,9,1.03,14.59,0,0,CHRG, ,
6323.2,1,1,1,1,2,3835.0,0.64,14.2,9,1.03,14.6,0,0,CHRG, ,
6328.2,1,1,1,1,2,3840.0,0.64,14.2,9,1.03,14.62,0,0,CHRG, ,
6333.2,1,1,1,1,2,3845.0,0.63,14.199,8.9,1.03,14.63,0,0,CHRG, ,
6338.2,1,1,1,1,2,3850.0,0.63,14.2,8.9,1.03,14.64,0,0,CHRG, ,
6343.2,1,1,1,1,2,3855.0,0.64,14.199,9,1.03,14.65,0,0,CHRG, ,
6348.2,1,1,1,1,2,3860.0,0.63,14.2,8.9,1.03,14.67,0,0,CHRG, ,
6353.2,1,1,1,1,2,3865.0,0.63,14.2,8.9,1.03,14.68,0,0,CHRG, ,
6358.2,1,1,1,1,2,3870.0,0.64,14.2,9.1,1.03,14.69,0,0,CHRG, ,
6363.2,1,1,1,1,2,3875.0,0.64,14.2,9,1.03,14.7,0,0,CHRG, ,
6368.2,1,1,1,1,2,3880.0,0.63,14.2,8.9,1.04,14.72,0,0,CHRG, ,
6373.2,1,1,1,1,2,3885.0,0.63,14.2,8.9,1.04,14.73,0,0,CHRG, ,
6378.2,1,1,1,1,2,3890.0,0.64,14.201,9.1,1.04,14.74,0,0,CHRG, ,
6383.2,1,1,1,1,2,3895.0,0.63,14.199,8.9,1.04,14.75,0,0,CHRG, ,
6388.2,1,1,1,1,2,3900.0,0.63,14.2,8.9,1.04,14.76,0,0,CHRG, ,
6393.2,1,1,1,1,2,3905.0,0.64,14.2,9,1.04,14.78,0,0,CHRG, ,
6398.2,1,1,1,1,2,3910.0,0.63,14.2,8.9,1.04,14.79,0,0,CHRG, ,
6403.2,1,1,1,1,2,3915.0,0.63,14.199,8.9,1.04,14.8,0,0,CHRG, ,
6408.2,1,1,1,1,2,3920.0,0.63,14.2,8.9,1.04,14.81,0,0,CHRG, ,
6413.2,1,1,1,1,2,3925.0,0.63,14.2,8.9,1.04,14.83,0,0,CHRG, ,
6418.2,1,1,1,1,2,3930.0,0.63,14.199,8.9,1.04,14.84,0,0,CHRG, ,
6423.2,1,1,1,1,2,3935.0,0.63,14.2,8.9,1.05,14.85,0,0,CHRG, ,
6428.2,1,1,1,1,2,3940.0,0.63,14.199,8.9,1.05,14.86,0,0,CHRG, ,
6433.2,1,1,1,1,2,3945.0,0.63,14.2,8.9,1.05,14.88,0,0,CHRG, ,
6438.2,1,1,1,1,2,3950.0,0.62,14.2,8.8,1.05,14.89,0,0,CHRG, ,
6443.2,1,1,1,1,2,3955.0,0.62,14.2,8.8,1.05,14.9,0,0,CHRG, ,
6448.2,1,1,1,1,2,3960.0,0.63,14.2,8.9,1.05,14.91,0,0,CHRG, ,
6453.2,1,1,1,1,2,3965.0,0.62,14.201,8.8,1.05,14.92,0,0,CHRG, ,
6458.2,1,1,1,1,2,3970.0,0.62,14.2,8.8,1.05,14.94,0,0,CHRG, ,
6463.2,1,1,1,1,2,3975.0,0.63,14.2,8.9,1.05,14.95,0,0,CHRG, ,
6468.2,1,1,1,1,2,3980.0,0.62,14.2,8.8,1.05,14.96,0,0,CHRG, ,
6473.2,1,1,1,1,2,3985.0,0.62,14.2,8.8,1.05,14.97,0,0,CHRG, ,
6478.2,1,1,1,1,2,3990.0,0.62,14.2,8.8,1.05,14.99,0,0,CHRG, ,
6483.2,1,1,1,1,2,3995.0,0.61,14.2,8.6,1.06,15,0,0,CHRG, ,
6488.2,1,1,1,1,2,4000.0,0.62,14.2,8.7,1.06,15.01,0,0,CHRG, ,
6493.2,1,1,1,1,2,4005.0,0.61,14.2,8.7,1.06,15.02,0,0,CHRG, ,
6498.2,1,1,1,1,2,4010.0,0.61,14.199,8.6,1.06,15.03,0,0,CHRG, ,
6503.2,1,1,1,1,2,4015.0,0.62,14.2,8.7,1.06,15.05,0,0,CHRG, ,
6508.2,1,1,1,1,2,4020.0,0.62,14.2,8.7,1.06,15.06,0,0,CHRG, ,
6513.2,1,1,1,1,2,4025.0,0.62,14.2,8.8,1.06,15.07,0,0,CHRG, ,
6518.2,1,1,1,1,2,4030.0,0.62,14.2,8.8,1.06,15.08,0,0,CHRG, ,
6523.2,1,1,1,1,2,4035.0,0.61,14.199,8.6,1.06,15.09,0,0,CHRG, ,
6528.2,1,1,1,1,2,4040.0,0.61,14.2,8.6,1.06,15.11,0,0,CHRG, ,
6533.2,1,1,1,1,2,4045.0,0.61,14.2,8.7,1.06,15.12,0,0,CHRG, ,
6538.2,1,1,1,1,2,4050.0,0.62,14.2,8.7,1.06,15.13,0,0,CHRG, ,
6543.2,1,1,1,1,2,4055.0,0.61,14.2,8.5,1.07,15.14,0,0,CHRG, ,
6548.2,1,1,1,1,2,4060.0,0.61,14.2,8.7,1.07,15.15,0,0,CHRG, ,
6553.2,1,1,1,1,2,4065.0,0.61,14.2,8.6,1.07,15.17,0,0,CHRG, ,
6558.2,1,1,1,1,2,4070.0,0.61,14.2,8.6,1.07,15.18,0,0,CHRG, ,
6563.2,1,1,1,1,2,4075.0,0.61,14.2,8.6,1.07,15.19,0,0,CHRG, ,
6568.2,1,1,1,1,2,4080.0,0.61,14.2,8.6,1.07,15.2,0,0,CHRG, ,
6573.2,1,1,1,1,2,4085.0,0.61,14.2,8.6,1.07,15.21,0,0,CHRG, ,
6578.2,1,1,1,1,2,4090.0,0.6,14.2,8.5,1.07,15.23,0,0,CHRG, ,
6583.2,1,1,1,1,2,4095.0,0.61,14.2,8.7,1.07,15.24,0,0,CHRG, ,
6588.2,1,1,1,1,2,4100.0,0.61,14.2,8.6,1.07,15.25,0,0,CHRG, ,
6593.2,1,1,1,1,2,4105.0,0.61,14.199,8.6,1.07,15.26,0,0,CHRG, ,
6598.2,1,1,1,1,2,4110.0,0.6,14.2,8.5,1.08,15.27,0,0,CHRG, ,
6603.2,1,1,1,1,2,4115.0,0.6,14.2,8.5,1.08,15.29,0,0,CHRG, ,
6608.2,1,1,1,1,2,4120.0,0.6,14.2,8.5,1.08,15.3,0,0,CHRG, ,
6613.2,1,1,1,1,2,4125.0,0.61,14.2,8.6,1.08,15.31,0,0,CHRG, ,
6618.2,1,1,1,1,2,4130.0,0.6,14.199,8.5,1.08,15.32,0,0,CHRG, ,
6623.2,1,1,1,1,2,4135.0,0.6,14.2,8.5,1.08,15.33,0,0,CHRG, ,
6628.2,1,1,1,1,2,4140.0,0.6,14.199,8.5,1.08,15.34,0,0,CHRG, ,
6633.2,1,1,1,1,2,4145.0,0.6,14.201,8.5,1.08,15.36,0,0,CHRG, ,
6638.2,1,1,1,1,2,4150.0,0.6,14.2,8.5,1.08,15.37,0,0,CHRG, ,
6643.2,1,1,1,1,2,4155.0,0.6,14.2,8.5,1.08,15.38,0,0,CHRG, ,
6648.2,1,1,1,1,2,4160.0,0.6,14.2,8.4,1.08,15.39,0,0,CHRG, ,
6653.2,1,1,1,1,2,4165.0,0.6,14.2,8.4,1.08,15.4,0,0,CHRG, ,
6658.2,1,1,1,1,2,4170.0,0.6,14.2,8.5,1.09,15.42,0,0,CHRG, ,
6663.2,1,1,1,1,2,4175.0,0.6,14.2,8.5,1.09,15.43,0,0,CHRG, ,
6668.2,1,1,1,1,2,4180.0,0.59,14.2,8.4,1.09,15.44,0,0,CHRG, ,
6673.2,1,1,1,1,2,4185.0,0.6,14.2,8.4,1.09,15.45,0,0,CHRG, ,
6678.2,1,1,1,1,2,4190.0,0.59,14.2,8.4,1.09,15.46,0,0,CHRG, ,
6683.2,1,1,1,1,2,4195.0,0.59,14.2,8.3,1.09,15.47,0,0,CHRG, ,
6688.2,1,1,1,1,2,4200.0,0.59,14.2,8.3,1.09,15.49,0,0,CHRG, ,
6693.2,1,1,1,1,2,4205.0,0.6,14.2,8.4,1.09,15.5,0,0,CHRG, ,
6698.2,1,1,1,1,2,4210.0,0.59,14.2,8.3,1.09,15.51,0,0,CHRG, ,
6703.2,1,1,1,1,2,4215.0,0.6,14.2,8.5,1.09,15.52,0,0,CHRG, ,
6708.2,1,1,1,1,2,4220.0,0.59,14.199,8.4,1.09,15.53,0,0,CHRG, ,
6713.2,1,1,1,1,2,4225.0,0.6,14.2,8.4,1.09,15.54,0,0,CHRG, ,
6718.2,1,1,1,1,2,4230.0,0.6,14.2,8.5,1.1,15.56,0,0,CHRG, ,
6723.2,1,1,1,1,2,4235.0,0.59,14.2,8.3,1.1,15.57,0,0,CHRG, ,
6728.2,1,1,1,1,2,4240.0,0.59,14.2,8.3,1.1,15.58,0,0,CHRG, ,
6733.2,1,1,1,1,2,4245.0,0.59,14.2,8.4,1.1,15.59,0,0,CHRG, ,
6738.2,1,1,1,1,2,4250.0,0.59,14.2,8.3,1.1,15.6,0,0,CHRG, ,
6743.2,1,1,1,1,2,4255.0,0.59,14.201,8.3,1.1,15.61,0,0,CHRG, ,
6748.2,1,1,1,1,2,4260.0,0.59,14.2,8.3,1.1,15.63,0,0,CHRG, ,
6753.2,1,1,1,1,2,4265.0,0.59,14.2,8.3,1.1,15.64,0,0,CHRG, ,
6758.2,1,1,1,1,2,4270.0,0.59,14.2,8.3,1.1,15.65,0,0,CHRG, ,
6763.2,1,1,1,1,2,4275.0,0.59,14.2,8.3,1.1,15.66,0,0,CHRG, ,
6768.2,1,1,1,1,2,4280.0,0.59,14.2,8.3,1.1,15.67,0,0,CHRG, ,
6773.2,1,1,1,1,2,4285.0,0.58,14.199,8.2,1.1,15.68,0,0,CHRG, ,
6778.2,1,1,1,1,2,4290.0,0.59,14.2,8.3,1.1,15.69,0,0,CHRG, ,
6783.2,1,1,1,1,2,4295.0,0.59,14.2,8.3,1.11,15.71,0,0,CHRG, ,
6788.2,1,1,1,1,2,4300.0,0.59,14.2,8.3,1.11,15.72,0,0,CHRG, ,
6793.2,1,1,1,1,2,4305.0,0.59,14.2,8.3,1.11,15.73,0,0,CHRG, ,
6798.2,1,1,1,1,2,4310.0,0.59,14.2,8.3,1.11,15.74,0,0,CHRG, ,
6803.2,1,1,1,1,2,4315.0,0.59,14.2,8.3,1.11,15.75,0,0,CHRG, ,
6808.2,1,1,1,1,2,4320.0,0.59,14.2,8.3,1.11,15.76,0,0,CHRG, ,
6813.2,1,1,1,1,2,4325.0,0.59,14.2,8.3,1.11,15.77,0,0,CHRG, ,
6818.2,1,1,1,1,2,4330.0,0.59,14.2,8.3,1.11,15.79,0,0,CHRG, ,
6823.2,1,1,1,1,2,4335.0,0.58,14.199,8.2,1.11,15.8,0,0,CHRG, ,
6828.2,1,1,1,1,2,4340.0,0.58,14.199,8.2,1.11,15.81,0,0,CHRG, ,
6833.2,1,1,1,1,2,4345.0,0.59,14.201,8.3,1.11,15.82,0,0,CHRG, ,
6838.2,1,1,1,1,2,4350.0,0.58,14.2,8.2,1.11,15.83,0,0,CHRG, ,
6843.2,1,1,1,1,2,4355.0,0.58,14.199,8.2,1.12,15.84,0,0,CHRG, ,
6848.2,1,1,1,1,2,4360.0,0.58,14.2,8.2,1.12,15.85,0,0,CHRG, ,
6853.2,1,1,1,1,2,4365.0,0.58,14.2,8.2,1.12,15.87,0,0,CHRG, ,
6858.2,1,1,1,1,2,4370.0,0.58,14.199,8.1,1.12,15.88,0,0,CHRG, ,
6863.2,1,1,1,1,2,4375.0,0.58,14.2,8.2,1.12,15.89,0,0,CHRG, ,
6868.2,1,1,1,1,2,4380.0,0.57,14.2,8,1.12,15.9,0,0,CHRG, ,
6873.2,1,1,1,1,2,4385.0,0.58,14.2,8.2,1.12,15.91,0,0,CHRG, ,
6878.2,1,1,1,1,2,4390.0,0.58,14.2,8.1,1.12,15.92,0,0,CHRG, ,
6883.2,1,1,1,1,2,4395.0,0.58,14.2,8.2,1.12,15.93,0,0,CHRG, ,
6888.2,1,1,1,1,2,4400.0,0.58,14.2,8.1,1.12,15.94,0,0,CHRG, ,
6893.2,1,1,1,1,2,4405.0,0.57,14.2,8,1.12,15.96,0,0,CHRG, ,
6898.2,1,1,1,1,2,4410.0,0.58,14.2,8.2,1.12,15.97,0,0,CHRG, ,
6903.2,1,1,1,1,2,4415.0,0.57,14.199,8,1.12,15.98,0,0,CHRG, ,
6908.2,1,1,1,1,2,4420.0,0.57,14.199,8,1.13,15.99,0,0,CHRG, ,
6913.2,1,1,1,1,2,4425.0,0.58,14.2,8.1,1.13,16,0,0,CHRG, ,
6918.2,1,1,1,1,2,4430.0,0.57,14.199,8,1.13,16.01,0,0,CHRG, ,
6923.2,1,1,1,1,2,4435.0,0.57,14.2,8,1.13,16.02,0,0,CHRG, ,
6928.2,1,1,1,1,2,4440.0,0.57,14.199,8,1.13,16.03,0,0,CHRG, ,
6933.2,1,1,1,1,2,4445.0,0.57,14.2,8.1,1.13,16.05,0,0,CHRG, ,
6938.2,1,1,1,1,2,4450.0,0.57,14.2,8.1,1.13,16.06,0,0,CHRG, ,
6943.2,1,1,1,1,2,4455.0,0.57,14.2,8,1.13,16.07,0,0,CHRG, ,
6948.2,1,1,1,1,2,4460.0,0.57,14.2,8,1.13,16.08,0,0,CHRG, ,
6953.2,1,1,1,1,2,4465.0,0.57,14.2,8,1.13,16.09,0,0,CHRG, ,
6958.2,1,1,1,1,2,4470.0,0.57,14.2,8,1.13,16.1,0,0,CHRG, ,
6963.2,1,1,1,1,2,4475.0,0.57,14.201,8,1.13,16.11,0,0,CHRG, ,
6968.2,1,1,1,1,2,4480.0,0.57,14.2,8,1.14,16.12,0,0,CHRG, ,
6973.2,1,1,1,1,2,4485.0,0.57,14.2,8,1.14,16.13,0,0,CHRG, ,
6978.2,1,1,1,1,2,4490.0,0.57,14.2,8,1.14,16.15,0,0,CHRG, ,
6983.2,1,1,1,1,2,4495.0,0.56,14.199,7.9,1.14,16.16,0,0,CHRG, ,
6988.2,1,1,1,1,2,4500.0,0.57,14.2,8,1.14,16.17,0,0,CHRG, ,
6993.2,1,1,1,1,2,4505.0,0.57,14.2,8,1.14,16.18,0,0,CHRG, ,
6998.2,1,1,1,1,2,4510.0,0.57,14.2,8,1.14,16.19,0,0,CHRG, ,
7003.2,1,1,1,1,2,4515.0,0.56,14.2,7.9,1.14,16.2,0,0,CHRG, ,
7008.2,1,1,1,1,2,4520.0,0.57,14.2,8,1.14,16.21,0,0,CHRG, ,
7013.2,1,1,1,1,2,4525.0,0.56,14.2,7.9,1.14,16.22,0,0,CHRG, ,
7018.2,1,1,1,1,2,4530.0,0.56,14.2,7.9,1.14,16.23,0,0,CHRG, ,
7023.2,1,1,1,1,2,4535.0,0.56,14.2,7.9,1.14,16.24,0,0,CHRG, ,
7028.2,1,1,1,1,2,4540.0,0.56,14.2,7.9,1.14,16.26,0,0,CHRG, ,
7033.2,1,1,1,1,2,4545.0,0.57,14.2,8,1.15,16.27,0,0,CHRG, ,
7038.2,1,1,1,1,2,4550.0,0.56,14.199,7.9,1.15,16.28,0,0,CHRG, ,
7043.2,1,1,1,1,2,4555.0,0.56,14.2,7.9,1.15,16.29,0,0,CHRG, ,
7048.2,1,1,1,1,2,4560.0,0.56,14.199,7.9,1.15,16.3,0,0,CHRG, ,
7053.2,1,1,1,1,2,4565.0,0.56,14.2,7.9,1.15,16.31,0,0,CHRG, ,
7058.2,1,1,1,1,2,4570.0,0.56,14.2,7.9,1.15,16.32,0,0,CHRG, ,
7063.2,1,1,1,1,2,4575.0,0.56,14.199,7.9,1.15,16.33,0,0,CHRG, ,
7068.2,1,1,1,1,2,4580.0,0.56,14.2,7.9,1.15,16.34,0,0,CHRG, ,
7073.2,1,1,1,1,2,4585.0,0.56,14.2,7.9,1.15,16.35,0,0,CHRG, ,
7078.2,1,1,1,1,2,4590.0,0.56,14.2,7.9,1.15,16.37,0,0,CHRG, ,
7083.2,1,1,1,1,2,4595.0,0.56,14.2,7.9,1.15,16.38,0,0,CHRG, ,
7088.2,1,1,1,1,2,4600.0,0.56,14.2,7.9,1.15,16.39,0,0,CHRG, ,
7093.2,1,1,1,1,2,4605.0,0.56,14.2,7.9,1.15,16.4,0,0,CHRG, ,
7098.2,1,1,1,1,2,4610.0,0.55,14.199,7.8,1.16,16.41,0,0,CHRG, ,
7103.2,1,1,1,1,2,4615.0,0.56,14.2,7.9,1.16,16.42,0,0,CHRG, ,
7108.2,1,1,1,1,2,4620.0,0.55,14.2,7.8,1.16,16.43,0,0,CHRG, ,
7113.2,1,1,1,1,2,4625.0,0.55,14.2,7.8,1.16,16.44,0,0,CHRG, ,
7118.2,1,1,1,1,2,4630.0,0.55,14.2,7.8,1.16,16.45,0,0,CHRG, ,
7123.2,1,1,1,1,2,4635.0,0.56,14.2,7.9,1.16,16.46,0,0,CHRG, ,
7128.2,1,1,1,1,2,4640.0,0.55,14.2,7.8,1.16,16.47,0,0,CHRG, ,
7133.2,1,1,1,1,2,4645.0,0.56,14.2,7.9,1.16,16.48,0,0,CHRG, ,
7137.6,1,1,1,1,2,4649.4,-0.15,13.63,2,1.16,16.49,0,0,CHRG,Z,
7138.2,1,1,1,1,2,4650.0,1.5,13.923,20.8,1.16,16.5,0,0,CHRG, ,
7143.2,1,1,1,1,2,4655.0,0.63,14.2,8.9,1.16,16.51,0,0,CHRG, ,
7148.2,1,1,1,1,2,4660.0,0.63,14.2,8.9,1.16,16.53,0,0,CHRG, ,
7153.2,1,1,1,1,2,4665.0,0.61,14.2,8.7,1.16,16.54,0,0,CHRG, ,
7158.2,1,1,1,1,2,4670.0,0.61,14.199,8.7,1.17,16.55,0,0,CHRG, ,
7163.2,1,1,1,1,2,4675.0,0.6,14.2,8.5,1.17,16.56,0,0,CHRG, ,
7168.2,1,1,1,1,2,4680.0,0.6,14.2,8.5,1.17,16.57,0,0,CHRG, ,
7173.2,1,1,1,1,2,4685.0,0.6,14.2,8.5,1.17,16.59,0,0,CHRG, ,
7178.2,1,1,1,1,2,4690.0,0.59,14.2,8.4,1.17,16.6,0,0,CHRG, ,
7183.2,1,1,1,1,2,4695.0,0.59,14.2,8.3,1.17,16.61,0,0,CHRG, ,
7188.2,1,1,1,1,2,4700.0,0.59,14.201,8.3,1.17,16.62,0,0,CHRG, ,
7193.2,1,1,1,1,2,4705.0,0.58,14.199,8.2,1.17,16.63,0,0,CHRG, ,
7198.2,1,1,1,1,2,4710.0,0.58,14.199,8.2,1.17,16.64,0,0,CHRG, ,
7203.2,1,1,1,1,2,4715.0,0.58,14.199,8.2,1.17,16.65,0,0,CHRG, ,
7208.2,1,1,1,1,2,4720.0,0.57,14.2,8,1.17,16.67,0,0,CHRG, ,
7213.2,1,1,1,1,2,4725.0,0.58,14.2,8.2,1.17,16.68,0,0,CHRG, ,
7218.2,1,1,1,1,2,4730.0,0.57,14.199,8,1.18,16.69,0,0,CHRG, ,
7223.2,1,1,1,1,2,4735.0,0.57,14.2,8,1.18,16.7,0,0,CHRG, ,
7228.2,1,1,1,1,2,4740.0,0.56,14.199,7.9,1.18,16.71,0,0,CHRG, ,
7233.2,1,1,1,1,2,4745.0,0.56,14.199,7.9,1.18,16.72,0,0,CHRG, ,
7238.2,1,1,1,1,2,4750.0,0.56,14.2,7.9,1.18,16.73,0,0,CHRG, ,
7243.2,1,1,1,1,2,4755.0,0.55,14.2,7.8,1.18,16.74,0,0,CHRG, ,
7248.2,1,1,1,1,2,4760.0,0.56,14.2,7.9,1.18,16.75,0,0,CHRG, ,
7253.2,1,1,1,1,2,4765.0,0.56,14.2,7.9,1.18,16.76,0,0,CHRG, ,
7258.2,1,1,1,1,2,4770.0,0.55,14.2,7.8,1.18,16.78,0,0,CHRG, ,
7263.2,1,1,1,1,2,4775.0,0.55,14.2,7.8,1.18,16.79,0,0,CHRG, ,
7268.2,1,1,1,1,2,4780.0,0.54,14.2,7.7,1.18,16.8,0,0,CHRG, ,
7273.2,1,1,1,1,2,4785.0,0.55,14.2,7.8,1.18,16.81,0,0,CHRG, ,
7278.2,1,1,1,1,2,4790.0,0.55,14.199,7.8,1.18,16.82,0,0,CHRG, ,
7283.2,1,1,1,1,2,4795.0,0.55,14.2,7.7,1.19,16.83,0,0,CHRG, ,
7288.2,1,1,1,1,2,4800.0,0.54,14.199,7.7,1.19,16.84,0,0,CHRG, ,
7293.2,1,1,1,1,2,4805.0,0.54,14.2,7.6,1.19,16.85,0,0,CHRG, ,
7298.2,1,1,1,1,2,4810.0,0.54,14.2,7.6,1.19,16.86,0,0,CHRG, ,
7303.2,1,1,1,1,2,4815.0,0.54,14.199,7.6,1.19,16.87,0,0,CHRG, ,
7308.2,1,1,1,1,2,4820.0,0.54,14.2,7.7,1.19,16.88,0,0,CHRG, ,
7313.2,1,1,1,1,2,4825.0,0.54,14.199,7.6,1.19,16.89,0,0,CHRG, ,
7318.2,1,1,1,1,2,4830.0,0.54,14.2,7.7,1.19,16.9,0,0,CHRG, ,
7323.2,1,1,1,1,2,4835.0,0.54,14.2,7.6,1.19,16.91,0,0,CHRG, ,
7328.2,1,1,1,1,2,4840.0,0.54,14.2,7.7,1.19,16.93,0,0,CHRG, ,
7333.2,1,1,1,1,2,4845.0,0.54,14.2,7.6,1.19,16.94,0,0,CHRG, ,
7338.2,1,1,1,1,2,4850.0,0.54,14.199,7.6,1.19,16.95,0,0,CHRG, ,
7343.2,1,1,1,1,2,4855.0,0.54,14.2,7.6,1.19,16.96,0,0,CHRG, ,
7348.2,1,1,1,1,2,4860.0,0.53,14.2,7.5,1.2,16.97,0,0,CHRG, ,
7353.2,1,1,1,1,2,4865.0,0.54,14.2,7.6,1.2,16.98,0,0,CHRG, ,
7358.2,1,1,1,1,2,4870.0,0.54,14.2,7.6,1.2,16.99,0,0,CHRG, ,
7363.2,1,1,1,1,2,4875.0,0.54,14.2,7.6,1.2,17,0,0,CHRG, ,
7368.2,1,1,1,1,2,4880.0,0.54,14.2,7.6,1.2,17.01,0,0,CHRG, ,
7373.2,1,1,1,1,2,4885.0,0.53,14.2,7.5,1.2,17.02,0,0,CHRG, ,
7378.2,1,1,1,1,2,4890.0,0.54,14.2,7.6,1.2,17.03,0,0,CHRG, ,
7383.2,1,1,1,1,2,4895.0,0.54,14.201,7.6,1.2,17.04,0,0,CHRG, ,
7388.2,1,1,1,1,2,4900.0,0.54,14.2,7.6,1.2,17.05,0,0,CHRG, ,
7393.2,1,1,1,1,2,4905.0,0.53,14.2,7.4,1.2,17.06,0,0,CHRG, ,
7398.2,1,1,1,1,2,4910.0,0.53,14.2,7.5,1.2,17.07,0,0,CHRG, ,
7403.2,1,1,1,1,2,4915.0,0.53,14.2,7.5,1.2,17.08,0,0,CHRG, ,
7408.2,1,1,1,1,2,4920.0,0.53,14.2,7.5,1.2,17.09,0,0,CHRG, ,
7413.2,1,1,1,1,2,4925.0,0.53,14.2,7.5,1.2,17.1,0,0,CHRG, ,
7418.2,1,1,1,1,2,4930.0,0.53,14.2,7.4,1.21,17.11,0,0,CHRG, ,
7423.2,1,1,1,1,2,4935.0,0.53,14.2,7.4,1.21,17.12,0,0,CHRG, ,
7428.2,1,1,1,1,2,4940.0,0.53,14.2,7.5,1.21,17.13,0,0,CHRG, ,
7433.2,1,1,1,1,2,4945.0,0.52,14.199,7.4,1.21,17.14,0,0,CHRG, ,
7438.2,1,1,1,1,2,4950.0,0.52,14.199,7.4,1.21,17.15,0,0,CHRG, ,
7443.2,1,1,1,1,2,4955.0,0.52,14.2,7.4,1.21,17.17,0,0,CHRG, ,
7448.2,1,1,1,1,2,4960.0,0.53,14.2,7.4,1.21,17.18,0,0,CHRG, ,
7453.2,1,1,1,1,2,4965.0,0.52,14.199,7.3,1.21,17.19,0,0,CHRG, ,
7458.2,1,1,1,1,2,4970.0,0.52,14.2,7.3,1.21,17.2,0,0,CHRG, ,
7463.2,1,1,1,1,2,4975.0,0.53,14.199,7.4,1.21,17.21,0,0,CHRG, ,
7468.2,1,1,1,1,2,4980.0,0.53,14.2,7.4,1.21,17.22,0,0,CHRG, ,
7473.2,1,1,1,1,2,4985.0,0.52,14.199,7.3,1.21,17.23,0,0,CHRG, ,
7478.2,1,1,1,1,2,4990.0,0.53,14.2,7.5,1.21,17.24,0,0,CHRG, ,
7483.2,1,1,1,1,2,4995.0,0.52,14.2,7.3,1.21,17.25,0,0,CHRG, ,
7488.2,1,1,1,1,2,5000.0,0.52,14.199,7.3,1.22,17.26,0,0,CHRG, ,
7493.2,1,1,1,1,2,5005.0,0.51,14.199,7.2,1.22,17.27,0,0,CHRG, ,
7498.2,1,1,1,1,2,5010.0,0.53,14.201,7.5,1.22,17.28,0,0,CHRG, ,
7503.2,1,1,1,1,2,5015.0,0.52,14.199,7.3,1.22,17.29,0,0,CHRG, ,
7508.2,1,1,1,1,2,5020.0,0.52,14.2,7.3,1.22,17.3,0,0,CHRG, ,
7513.2,1,1,1,1,2,5025.0,0.51,14.2,7.2,1.22,17.31,0,0,CHRG, ,
7518.2,1,1,1,1,2,5030.0,0.52,14.2,7.3,1.22,17.32,0,0,CHRG, ,
7523.2,1,1,1,1,2,5035.0,0.52,14.2,7.3,1.22,17.33,0,0,CHRG, ,
7528.2,1,1,1,1,2,5040.0,0.52,14.199,7.3,1.22,17.34,0,0,CHRG, ,
7533.2,1,1,1,1,2,5045.0,0.52,14.2,7.3,1.22,17.35,0,0,CHRG, ,
7538.2,1,1,1,1,2,5050.0,0.52,14.2,7.3,1.22,17.36,0,0,CHRG, ,
7543.2,1,1,1,1,2,5055.0,0.52,14.2,7.3,1.22,17.37,0,0,CHRG, ,
7548.2,1,1,1,1,2,5060.0,0.52,14.199,7.3,1.22,17.38,0,0,CHRG, ,
7553.2,1,1,1,1,2,5065.0,0.52,14.2,7.3,1.23,17.39,0,0,CHRG, ,
7558.2,1,1,1,1,2,5070.0,0.52,14.2,7.3,1.23,17.4,0,0,CHRG, ,
7563.2,1,1,1,1,2,5075.0,0.51,14.2,7.2,1.23,17.41,0,0,CHRG, ,
7564.4,1,1,1,1,2,5076.2,0.5,14.199,7.1,1.23,17.41,0,0,CHRG,S,
7569.4,1,1,1,1,3,5.0,-0.02,13.879,0.2,0,0,0,0,CHRG, ,
7574.4,1,1,1,1,3,10.0,-0.02,13.835,0.2,0,0,0,0,CHRG, ,
7579.4,1,1,1,1,3,15.0,-0.01,13.8,0.2,0,0,0,0,CHRG, ,
7584.4,1,1,1,1,3,20.0,-0.02,13.77,0.2,0,0,0,0,CHRG, ,
7589.4,1,1,1,1,3,25.0,-0.01,13.744,0.2,0,0,0,0,CHRG, ,
7594.4,1,1,1,1,3,30.0,-0.01,13.721,0.2,0,0,0,0,CHRG, ,
7599.4,1,1,1,1,3,35.0,-0.01,13.7,0.2,0,0,0,0,CHRG, ,
7604.4,1,1,1,1,3,40.0,0.06,13.7,0.8,0,0,0,0,CHRG, ,
7609.4,1,1,1,1,3,45.0,0.09,13.701,1.1,0,0,0,0,CHRG, ,
7614.4,1,1,1,1,3,50.0,0.1,13.7,1.3,0,0,0,0,CHRG, ,
7619.4,1,1,1,1,3,55.0,0.11,13.7,1.5,0,0,0,0,CHRG, ,
7624.4,1,1,1,1,3,60.0,0.12,13.7,1.6,0,0,0,0,CHRG, ,
7629.4,1,1,1,1,3,65.0,0.13,13.7,1.8,0,0.01,0,0,CHRG, ,
7634.4,1,1,1,1,3,70.0,0.14,13.699,1.9,0,0.01,0,0,CHRG, ,
7639.4,1,1,1,1,3,75.0,0.15,13.7,2,0,0.01,0,0,CHRG, ,
7644.4,1,1,1,1,3,80.0,0.16,13.7,2.1,0,0.02,0,0,CHRG, ,
7649.4,1,1,1,1,3,85.0,0.16,13.7,2.1,0,0.02,0,0,CHRG, ,
7654.4,1,1,1,1,3,90.0,0.17,13.7,2.3,0,0.02,0,0,CHRG, ,
7659.4,1,1,1,1,3,95.0,0.17,13.7,2.2,0,0.02,0,0,CHRG, ,
7664.4,1,1,1,1,3,100.0,0.17,13.7,2.3,0,0.03,0,0,CHRG, ,
7669.4,1,1,1,1,3,105.0,0.17,13.7,2.3,0,0.03,0,0,CHRG, ,
7674.4,1,1,1,1,3,110.0,0.18,13.7,2.4,0,0.03,0,0,CHRG, ,
7679.4,1,1,1,1,3,115.0,0.18,13.7,2.4,0,0.04,0,0,CHRG, ,
7684.4,1,1,1,1,3,120.0,0.17,13.7,2.3,0,0.04,0,0,CHRG, ,
7689.4,1,1,1,1,3,125.0,0.18,13.7,2.4,0,0.04,0,0,CHRG, ,
7694.4,1,1,1,1,3,130.0,0.18,13.7,2.4,0,0.05,0,0,CHRG, ,
7699.4,1,1,1,1,3,135.0,0.18,13.7,2.4,0,0.05,0,0,CHRG, ,
7704.4,1,1,1,1,3,140.0,0.18,13.699,2.4,0,0.05,0,0,CHRG, ,
7709.4,1,1,1,1,3,145.0,0.18,13.7,2.4,0,0.06,0,0,CHRG, ,
7714.4,1,1,1,1,3,150.0,0.18,13.7,2.4,0,0.06,0,0,CHRG, ,
7719.4,1,1,1,1,3,155.0,0.18,13.7,2.5,0,0.06,0,0,CHRG, ,
7724.4,1,1,1,1,3,160.0,0.18,13.7,2.4,0,0.07,0,0,CHRG, ,
7729.4,1,1,1,1,3,165.0,0.18,13.701,2.5,0,0.07,0,0,CHRG, ,
7734.4,1,1,1,1,3,170.0,0.19,13.7,2.5,0,0.07,0,0,CHRG, ,
7739.4,1,1,1,1,3,175.0,0.18,13.7,2.4,0,0.08,0,0,CHRG, ,
7744.4,1,1,1,1,3,180.0,0.19,13.7,2.6,0,0.08,0,0,CHRG, ,
7749.4,1,1,1,1,3,185.0,0.18,13.7,2.4,0,0.08,0,0,CHRG, ,
7754.4,1,1,1,1,3,190.0,0.18,13.7,2.5,0,0.09,0,0,CHRG, ,
7759.4,1,1,1,1,3,195.0,0.19,13.7,2.5,0,0.09,0,0,CHRG, ,
7764.4,1,1,1,1,3,200.0,0.19,13.7,2.5,0,0.09,0,0,CHRG, ,
7769.4,1,1,1,1,3,205.0,0.18,13.7,2.5,0,0.1,0,0,CHRG, ,
7774.4,1,1,1,1,3,210.0,0.18,13.7,2.4,0,0.1,0,0,CHRG, ,
7779.4,1,1,1,1,3,215.0,0.18,13.699,2.4,0,0.1,0,0,CHRG, ,
7784.4,1,1,1,1,3,220.0,0.18,13.7,2.4,0,0.11,0,0,CHRG, ,
7789.4,1,1,1,1,3,225.0,0.18,13.7,2.4,0,0.11,0,0,CHRG, ,
7794.4,1,1,1,1,3,230.0,0.18,13.7,2.4,0,0.11,0,0,CHRG, ,
7799.4,1,1,1,1,3,235.0,0.19,13.7,2.5,0,0.12,0,0,CHRG, ,
7804.4,1,1,1,1,3,240.0,0.18,13.7,2.5,0,0.12,0,0,CHRG, ,
7809.4,1,1,1,1,3,245.0,0.18,13.7,2.4,0,0.12,0,0,CHRG, ,
7814.4,1,1,1,1,3,250.0,0.18,13.7,2.4,0,0.13,0,0,CHRG, ,
7819.4,1,1,1,1,3,255.0,0.18,13.7,2.4,0,0.13,0,0,CHRG, ,
7824.4,1,1,1,1,3,260.0,0.19,13.7,2.5,0.01,0.14,0,0,CHRG, ,
7829.4,1,1,1,1,3,265.0,0.19,13.7,2.5,0.01,0.14,0,0,CHRG, ,
7834.4,1,1,1,1,3,270.0,0.18,13.7,2.4,0.01,0.14,0,0,CHRG, ,
7839.4,1,1,1,1,3,275.0,0.18,13.7,2.5,0.01,0.15,0,0,CHRG, ,
7844.4,1,1,1,1,3,280.0,0.19,13.7,2.5,0.01,0.15,0,0,CHRG, ,
7849.4,1,1,1,1,3,285.0,0.18,13.701,2.5,0.01,0.15,0,0,CHRG, ,
7854.4,1,1,1,1,3,290.0,0.18,13.7,2.4,0.01,0.16,0,0,CHRG, ,
7859.4,1,1,1,1,3,295.0,0.18,13.7,2.5,0.01,0.16,0,0,CHRG, ,
7864.4,1,1,1,1,3,300.0,0.19,13.7,2.5,0.01,0.16,0,0,CHRG, ,
7869.4,1,1,1,1,3,305.0,0.18,13.7,2.5,0.01,0.17,0,0,CHRG, ,
7874.4,1,1,1,1,3,310.0,0.18,13.7,2.5,0.01,0.17,0,0,CHRG, ,
7879.4,1,1,1,1,3,315.0,0.18,13.7,2.5,0.01,0.17,0,0,CHRG, ,
7884.4,1,1,1,1,3,320.0,0.18,13.7,2.4,0.01,0.18,0,0,CHRG, ,
7889.4,1,1,1,1,3,325.0,0.18,13.701,2.5,0.01,0.18,0,0,CHRG, ,
7894.4,1,1,1,1,3,330.0,0.18,13.7,2.4,0.01,0.18,0,0,CHRG, ,
7899.4,1,1,1,1,3,335.0,0.18,13.7,2.4,0.01,0.19,0,0,CHRG, ,
7904.4,1,1,1,1,3,340.0,0.18,13.7,2.4,0.01,0.19,0,0,CHRG, ,
7909.4,1,1,1,1,3,345.0,0.18,13.7,2.5,0.01,0.19,0,0,CHRG, ,
7914.4,1,1,1,1,3,350.0,0.18,13.7,2.5,0.01,0.2,0,0,CHRG, ,
7919.4,1,1,1,1,3,355.0,0.18,13.7,2.4,0.01,0.2,0,0,CHRG, ,
7924.4,1,1,1,1,3,360.0,0.18,13.7,2.4,0.01,0.2,0,0,CHRG, ,
7929.4,1,1,1,1,3,365.0,0.18,13.7,2.4,0.01,0.21,0,0,CHRG, ,
7934.4,1,1,1,1,3,370.0,0.18,13.7,2.4,0.01,0.21,0,0,CHRG, ,
7939.4,1,1,1,1,3,375.0,0.18,13.7,2.4,0.01,0.21,0,0,CHRG, ,
7944.4,1,1,1,1,3,380.0,0.18,13.7,2.5,0.01,0.22,0,0,CHRG, ,
7949.4,1,1,1,1,3,385.0,0.18,13.7,2.4,0.01,0.22,0,0,CHRG, ,
7954.4,1,1,1,1,3,390.0,0.19,13.7,2.5,0.01,0.22,0,0,CHRG, ,
7959.4,1,1,1,1,3,395.0,0.18,13.7,2.4,0.01,0.23,0,0,CHRG, ,
7964.4,1,1,1,1,3,400.0,0.18,13.7,2.4,0.01,0.23,0,0,CHRG, ,
7969.4,1,1,1,1,3,405.0,0.18,13.7,2.4,0.01,0.23,0,0,CHRG, ,
7974.4,1,1,1,1,3,410.0,0.18,13.7,2.4,0.01,0.24,0,0,CHRG, ,
7979.4,1,1,1,1,3,415.0,0.19,13.7,2.5,0.01,0.24,0,0,CHRG, ,
7984.4,1,1,1,1,3,420.0,0.18,13.7,2.4,0.01,0.24,0,0,CHRG, ,
7989.4,1,1,1,1,3,425.0,0.18,13.7,2.4,0.01,0.25,0,0,CHRG, ,
7994.4,1,1,1,1,3,430.0,0.19,13.7,2.5,0.01,0.25,0,0,CHRG, ,
7999.4,1,1,1,1,3,435.0,0.18,13.7,2.4,0.01,0.25,0,0,CHRG, ,
8004.4,1,1,1,1,3,440.0,0.18,13.7,2.4,0.01,0.26,0,0,CHRG, ,
8009.4,1,1,1,1,3,445.0,0.19,13.7,2.5,0.01,0.26,0,0,CHRG, ,
8014.4,1,1,1,1,3,450.0,0.18,13.7,2.4,0.01,0.26,0,0,CHRG, ,
8019.4,1,1,1,1,3,455.0,0.18,13.7,2.4,0.02,0.27,0,0,CHRG, ,
8024.4,1,1,1,1,3,460.0,0.18,13.7,2.4,0.02,0.27,0,0,CHRG, ,
8029.4,1,1,1,1,3,465.0,0.18,13.7,2.4,0.02,0.27,0,0,CHRG, ,
8034.4,1,1,1,1,3,470.0,0.18,13.701,2.5,0.02,0.28,0,0,CHRG, ,
8039.4,1,1,1,1,3,475.0,0.18,13.7,2.4,0.02,0.28,0,0,CHRG, ,
8044.4,1,1,1,1,3,480.0,0.18,13.7,2.4,0.02,0.28,0,0,CHRG, ,
8049.4,1,1,1,1,3,485.0,0.18,13.7,2.4,0.02,0.29,0,0,CHRG, ,
8054.4,1,1,1,1,3,490.0,0.18,13.7,2.4,0.02,0.29,0,0,CHRG, ,
8059.4,1,1,1,1,3,495.0,0.18,13.7,2.4,0.02,0.29,0,0,CHRG, ,
8064.4,1,1,1,1,3,500.0,0.18,13.7,2.4,0.02,0.3,0,0,CHRG, ,
8069.4,1,1,1,1,3,505.0,0.18,13.7,2.4,0.02,0.3,0,0,CHRG, ,
8074.4,1,1,1,1,3,510.0,0.18,13.7,2.4,0.02,0.3,0,0,CHRG, ,
8079.4,1,1,1,1,3,515.0,0.18,13.7,2.4,0.02,0.31,0,0,CHRG, ,
8084.4,1,1,1,1,3,520.0,0.18,13.701,2.4,0.02,0.31,0,0,CHRG, ,
8089.4,1,1,1,1,3,525.0,0.18,13.7,2.4,0.02,0.31,0,0,CHRG, ,
8094.4,1,1,1,1,3,530.0,0.18,13.7,2.4,0.02,0.32,0,0,CHRG, ,
8099.4,1,1,1,1,3,535.0,0.18,13.7,2.4,0.02,0.32,0,0,CHRG, ,
8104.4,1,1,1,1,3,540.0,0.18,13.7,2.4,0.02,0.32,0,0,CHRG, ,
8109.4,1,1,1,1,3,545.0,0.18,13.7,2.4,0.02,0.33,0,0,CHRG, ,
8114.4,1,1,1,1,3,550.0,0.18,13.7,2.4,0.02,0.33,0,0,CHRG, ,
8119.4,1,1,1,1,3,555.0,0.19,13.701,2.5,0.02,0.33,0,0,CHRG, ,
8124.4,1,1,1,1,3,560.0,0.18,13.7,2.4,0.02,0.34,0,0,CHRG, ,
8129.4,1,1,1,1,3,565.0,0.18,13.7,2.4,0.02,0.34,0,0,CHRG, ,
8134.4,1,1,1,1,3,570.0,0.18,13.7,2.4,0.02,0.34,0,0,CHRG, ,
8139.4,1,1,1,1,3,575.0,0.18,13.7,2.5,0.02,0.35,0,0,CHRG, ,
8144.4,1,1,1,1,3,580.0,0.18,13.701,2.4,0.02,0.35,0,0,CHRG, ,
8149.4,1,1,1,1,3,585.0,0.18,13.7,2.4,0.02,0.35,0,0,CHRG, ,
8154.4,1,1,1,1,3,590.0,0.18,13.7,2.4,0.02,0.36,0,0,CHRG, ,
8159.4,1,1,1,1,3,595.0,0.18,13.7,2.5,0.02,0.36,0,0,CHRG, ,
8164.4,1,1,1,1,3,600.0,0.18,13.7,2.4,0.02,0.36,0,0,CHRG, ,
8169.4,1,1,1,1,3,605.0,0.18,13.7,2.4,0.02,0.37,0,0,CHRG, ,
8174.4,1,1,1,1,3,610.0,0.18,13.7,2.4,0.02,0.37,0,0,CHRG, ,
8179.4,1,1,1,1,3,615.0,0.18,13.7,2.4,0.02,0.37,0,0,CHRG, ,
8184.4,1,1,1,1,3,620.0,0.18,13.7,2.4,0.02,0.38,0,0,CHRG, ,
8189.4,1,1,1,1,3,625.0,0.17,13.7,2.3,0.02,0.38,0,0,CHRG, ,
8194.4,1,1,1,1,3,630.0,0.18,13.7,2.4,0.02,0.38,0,0,CHRG, ,
8199.4,1,1,1,1,3,635.0,0.18,13.7,2.4,0.02,0.39,0,0,CHRG, ,
8204.4,1,1,1,1,3,640.0,0.17,13.7,2.3,0.02,0.39,0,0,CHRG, ,
8209.4,1,1,1,1,3,645.0,0.18,13.7,2.4,0.02,0.39,0,0,CHRG, ,
8214.4,1,1,1,1,3,650.0,0.18,13.701,2.4,0.02,0.4,0,0,CHRG, ,
8219.4,1,1,1,1,3,655.0,0.18,13.7,2.4,0.02,0.4,0,0,CHRG, ,
8224.4,1,1,1,1,3,660.0,0.18,13.7,2.4,0.03,0.4,0,0,CHRG, ,
8229.4,1,1,1,1,3,665.0,0.17,13.7,2.3,0.03,0.41,0,0,CHRG, ,
8234.4,1,1,1,1,3,670.0,0.18,13.7,2.4,0.03,0.41,0,0,CHRG, ,
8239.4,1,1,1,1,3,675.0,0.18,13.7,2.4,0.03,0.41,0,0,CHRG, ,
8244.4,1,1,1,1,3,680.0,0.18,13.7,2.4,0.03,0.42,0,0,CHRG, ,
8249.4,1,1,1,1,3,685.0,0.18,13.7,2.4,0.03,0.42,0,0,CHRG, ,
8254.4,1,1,1,1,3,690.0,0.17,13.7,2.3,0.03,0.42,0,0,CHRG, ,
8259.4,1,1,1,1,3,695.0,0.18,13.7,2.4,0.03,0.43,0,0,CHRG, ,
8264.4,1,1,1,1,3,700.0,0.18,13.701,2.4,0.03,0.43,0,0,CHRG, ,
8269.4,1,1,1,1,3,705.0,0.18,13.7,2.4,0.03,0.43,0,0,CHRG, ,
8274.4,1,1,1,1,3,710.0,0.18,13.7,2.4,0.03,0.44,0,0,CHRG, ,
8279.4,1,1,1,1,3,715.0,0.18,13.701,2.4,0.03,0.44,0,0,CHRG, ,
8284.4,1,1,1,1,3,720.0,0.17,13.7,2.3,0.03,0.44,0,0,CHRG, ,
8289.4,1,1,1,1,3,725.0,0.17,13.7,2.3,0.03,0.45,0,0,CHRG, ,
8294.4,1,1,1,1,3,730.0,0.17,13.7,2.3,0.03,0.45,0,0,CHRG, ,
8299.4,1,1,1,1,3,735.0,0.17,13.7,2.3,0.03,0.45,0,0,CHRG, ,
8304.4,1,1,1,1,3,740.0,0.17,13.7,2.3,0.03,0.46,0,0,CHRG, ,
8309.4,1,1,1,1,3,745.0,0.17,13.701,2.3,0.03,0.46,0,0,CHRG, ,
8314.4,1,1,1,1,3,750.0,0.17,13.7,2.3,0.03,0.46,0,0,CHRG, ,
8319.4,1,1,1,1,3,755.0,0.18,13.7,2.4,0.03,0.47,0,0,CHRG, ,
8324.4,1,1,1,1,3,760.0,0.17,13.7,2.3,0.03,0.47,0,0,CHRG, ,
8329.4,1,1,1,1,3,765.0,0.17,13.7,2.3,0.03,0.47,0,0,CHRG, ,
8334.4,1,1,1,1,3,770.0,0.17,13.7,2.3,0.03,0.48,0,0,CHRG, ,
8339.4,1,1,1,1,3,775.0,0.17,13.699,2.3,0.03,0.48,0,0,CHRG, ,
8344.4,1,1,1,1,3,780.0,0.18,13.7,2.4,0.03,0.48,0,0,CHRG, ,
8349.4,1,1,1,1,3,785.0,0.18,13.7,2.4,0.03,0.49,0,0,CHRG, ,
8354.4,1,1,1,1,3,790.0,0.17,13.7,2.3,0.03,0.49,0,0,CHRG, ,
8359.4,1,1,1,1,3,795.0,0.17,13.699,2.2,0.03,0.49,0,0,CHRG, ,
8364.4,1,1,1,1,3,800.0,0.17,13.7,2.3,0.03,0.5,0,0,CHRG, ,
8369.4,1,1,1,1,3,805.0,0.17,13.7,2.3,0.03,0.5,0,0,CHRG, ,
8374.4,1,1,1,1,3,810.0,0.17,13.7,2.3,0.03,0.5,0,0,CHRG, ,
8379.4,1,1,1,1,3,815.0,0.17,13.7,2.3,0.03,0.51,0,0,CHRG, ,
8384.4,1,1,1,1,3,820.0,0.17,13.701,2.3,0.03,0.51,0,0,CHRG, ,
8389.4,1,1,1,1,3,825.0,0.18,13.7,2.4,0.03,0.51,0,0,CHRG, ,
8394.4,1,1,1,1,3,830.0,0.17,13.7,2.3,0.03,0.52,0,0,CHRG, ,
8399.4,1,1,1,1,3,835.0,0.17,13.7,2.3,0.03,0.52,0,0,CHRG, ,
8404.4,1,1,1,1,3,840.0,0.17,13.7,2.3,0.03,0.52,0,0,CHRG, ,
8409.4,1,1,1,1,3,845.0,0.17,13.7,2.3,0.03,0.52,0,0,CHRG, ,
8414.4,1,1,1,1,3,850.0,0.17,13.701,2.3,0.03,0.53,0,0,CHRG, ,
8419.4,1,1,1,1,3,855.0,0.17,13.7,2.3,0.03,0.53,0,0,CHRG, ,
8424.4,1,1,1,1,3,860.0,0.18,13.7,2.4,0.03,0.53,0,0,CHRG, ,
8429.4,1,1,1,1,3,865.0,0.17,13.7,2.3,0.04,0.54,0,0,CHRG, ,
8434.4,1,1,1,1,3,870.0,0.17,13.7,2.3,0.04,0.54,0,0,CHRG, ,
8439.4,1,1,1,1,3,875.0,0.17,13.7,2.3,0.04,0.54,0,0,CHRG, ,
8444.4,1,1,1,1,3,880.0,0.17,13.7,2.3,0.04,0.55,0,0,CHRG, ,
8449.4,1,1,1,1,3,885.0,0.17,13.699,2.3,0.04,0.55,0,0,CHRG, ,
8454.4,1,1,1,1,3,890.0,0.17,13.7,2.3,0.04,0.55,0,0,CHRG, ,
8459.4,1,1,1,1,3,895.0,0.17,13.7,2.3,0.04,0.56,0,0,CHRG, ,
8464.4,1,1,1,1,3,900.0,0.17,13.7,2.3,0.04,0.56,0,0,CHRG, ,
8469.4,1,1,1,1,3,905.0,0.17,13.7,2.3,0.04,0.56,0,0,CHRG, ,
8474.4,1,1,1,1,3,910.0,0.17,13.7,2.3,0.04,0.57,0,0,CHRG, ,
8479.4,1,1,1,1,3,915.0,0.17,13.7,2.3,0.04,0.57,0,0,CHRG, ,
8484.4,1,1,1,1,3,920.0,0.17,13.7,2.3,0.04,0.57,0,0,CHRG, ,
8489.4,1,1,1,1,3,925.0,0.17,13.7,2.3,0.04,0.58,0,0,CHRG, ,
8494.4,1,1,1,1,3,930.0,0.17,13.7,2.3,0.04,0.58,0,0,CHRG, ,
8499.4,1,1,1,1,3,935.0,0.17,13.7,2.3,0.04,0.58,0,0,CHRG, ,
8504.4,1,1,1,1,3,940.0,0.17,13.7,2.3,0.04,0.59,0,0,CHRG, ,
8509.4,1,1,1,1,3,945.0,0.17,13.7,2.3,0.04,0.59,0,0,CHRG, ,
8514.4,1,1,1,1,3,950.0,0.17,13.7,2.2,0.04,0.59,0,0,CHRG, ,
8519.4,1,1,1,1,3,955.0,0.17,13.7,2.3,0.04,0.59,0,0,CHRG, ,
8524.4,1,1,1,1,3,960.0,0.17,13.7,2.3,0.04,0.6,0,0,CHRG, ,
8529.4,1,1,1,1,3,965.0,0.17,13.7,2.3,0.04,0.6,0,0,CHRG, ,
8534.4,1,1,1,1,3,970.0,0.17,13.7,2.3,0.04,0.6,0,0,CHRG, ,
8539.4,1,1,1,1,3,975.0,0.17,13.701,2.3,0.04,0.61,0,0,CHRG, ,
8544.4,1,1,1,1,3,980.0,0.17,13.7,2.3,0.04,0.61,0,0,CHRG, ,
8549.4,1,1,1,1,3,985.0,0.17,13.701,2.3,0.04,0.61,0,0,CHRG, ,
8554.4,1,1,1,1,3,990.0,0.17,13.7,2.2,0.04,0.62,0,0,CHRG, ,
8559.4,1,1,1,1,3,995.0,0.17,13.7,2.3,0.04,0.62,0,0,CHRG, ,
8564.4,1,1,1,1,3,1000.0,0.17,13.7,2.2,0.04,0.62,0,0,CHRG, ,
8569.4,1,1,1,1,3,1005.0,0.17,13.7,2.3,0.04,0.63,0,0,CHRG, ,
8574.4,1,1,1,1,3,1010.0,0.17,13.7,2.3,0.04,0.63,0,0,CHRG, ,
8579.4,1,1,1,1,3,1015.0,0.17,13.7,2.3,0.04,0.63,0,0,CHRG, ,
8584.4,1,1,1,1,3,1020.0,0.17,13.7,2.3,0.04,0.64,0,0,CHRG, ,
8589.4,1,1,1,1,3,1025.0,0.17,13.7,2.2,0.04,0.64,0,0,CHRG, ,
8594.4,1,1,1,1,3,1030.0,0.17,13.7,2.3,0.04,0.64,0,0,CHRG, ,
8599.4,1,1,1,1,3,1035.0,0.17,13.7,2.3,0.04,0.65,0,0,CHRG, ,
8604.4,1,1,1,1,3,1040.0,0.16,13.7,2.1,0.04,0.65,0,0,CHRG, ,
8609.4,1,1,1,1,3,1045.0,0.17,13.7,2.2,0.04,0.65,0,0,CHRG, ,
8614.4,1,1,1,1,3,1050.0,0.17,13.7,2.2,0.04,0.65,0,0,CHRG, ,
8619.4,1,1,1,1,3,1055.0,0.17,13.7,2.2,0.04,0.66,0,0,CHRG, ,
8624.4,1,1,1,1,3,1060.0,0.17,13.7,2.2,0.04,0.66,0,0,CHRG, ,
8629.4,1,1,1,1,3,1065.0,0.16,13.7,2.2,0.04,0.66,0,0,CHRG, ,
8634.4,1,1,1,1,3,1070.0,0.17,13.701,2.3,0.04,0.67,0,0,CHRG, ,
8639.4,1,1,1,1,3,1075.0,0.17,13.7,2.2,0.04,0.67,0,0,CHRG, ,
8644.4,1,1,1,1,3,1080.0,0.17,13.701,2.3,0.05,0.67,0,0,CHRG, ,
8649.4,1,1,1,1,3,1085.0,0.16,13.7,2.1,0.05,0.68,0,0,CHRG, ,
8654.4,1,1,1,1,3,1090.0,0.17,13.7,2.3,0.05,0.68,0,0,CHRG, ,
8659.4,1,1,1,1,3,1095.0,0.16,13.7,2.2,0.05,0.68,0,0,CHRG, ,
8664.4,1,1,1,1,3,1100.0,0.16,13.7,2.1,0.05,0.69,0,0,CHRG, ,
8669.4,1,1,1,1,3,1105.0,0.16,13.7,2.2,0.05,0.69,0,0,CHRG, ,
8674.4,1,1,1,1,3,1110.0,0.17,13.7,2.3,0.05,0.69,0,0,CHRG, ,
8679.4,1,1,1,1,3,1115.0,0.16,13.7,2.1,0.05,0.69,0,0,CHRG, ,
8684.4,1,1,1,1,3,1120.0,0.16,13.7,2.2,0.05,0.7,0,0,CHRG, ,
8689.4,1,1,1,1,3,1125.0,0.17,13.7,2.2,0.05,0.7,0,0,CHRG, ,
8694.4,1,1,1,1,3,1130.0,0.17,13.7,2.2,0.05,0.7,0,0,CHRG, ,
8699.4,1,1,1,1,3,1135.0,0.16,13.7,2.2,0.05,0.71,0,0,CHRG, ,
8704.4,1,1,1,1,3,1140.0,0.16,13.7,2.2,0.05,0.71,0,0,CHRG, ,
8709.4,1,1,1,1,3,1145.0,0.16,13.7,2.1,0.05,0.71,0,0,CHRG, ,
8714.4,1,1,1,1,3,1150.0,0.16,13.701,2.1,0.05,0.72,0,0,CHRG, ,
8719.4,1,1,1,1,3,1155.0,0.16,13.7,2.1,0.05,0.72,0,0,CHRG, ,
8724.4,1,1,1,1,3,1160.0,0.17,13.7,2.2,0.05,0.72,0,0,CHRG, ,
8729.4,1,1,1,1,3,1165.0,0.17,13.7,2.3,0.05,0.72,0,0,CHRG, ,
8734.4,1,1,1,1,3,1170.0,0.16,13.7,2.2,0.05,0.73,0,0,CHRG, ,
8739.4,1,1,1,1,3,1175.0,0.16,13.7,2.2,0.05,0.73,0,0,CHRG, ,
8744.4,1,1,1,1,3,1180.0,0.17,13.7,2.2,0.05,0.73,0,0,CHRG, ,
8749.4,1,1,1,1,3,1185.0,0.17,13.701,2.3,0.05,0.74,0,0,CHRG, ,
8754.4,1,1,1,1,3,1190.0,0.16,13.7,2.2,0.05,0.74,0,0,CHRG, ,
8759.4,1,1,1,1,3,1195.0,0.16,13.7,2.1,0.05,0.74,0,0,CHRG, ,
8764.4,1,1,1,1,3,1200.0,0.16,13.7,2.2,0.05,0.75,0,0,CHRG, ,
8769.4,1,1,1,1,3,1205.0,0.16,13.7,2.1,0.05,0.75,0,0,CHRG, ,
8774.4,1,1,1,1,3,1210.0,0.16,13.7,2.1,0.05,0.75,0,0,CHRG, ,
8779.4,1,1,1,1,3,1215.0,0.16,13.7,2.2,0.05,0.76,0,0,CHRG, ,
8784.4,1,1,1,1,3,1220.0,0.16,13.7,2.2,0.05,0.76,0,0,CHRG, ,
8789.4,1,1,1,1,3,1225.0,0.16,13.7,2.1,0.05,0.76,0,0,CHRG, ,
8794.4,1,1,1,1,3,1230.0,0.16,13.699,2.1,0.05,0.76,0,0,CHRG, ,
8799.4,1,1,1,1,3,1235.0,0.16,13.7,2.1,0.05,0.77,0,0,CHRG, ,
8804.4,1,1,1,1,3,1240.0,0.16,13.7,2.2,0.05,0.77,0,0,CHRG, ,
8809.4,1,1,1,1,3,1245.0,0.16,13.7,2.1,0.05,0.77,0,0,CHRG, ,
8814.4,1,1,1,1,3,1250.0,0.16,13.7,2.2,0.05,0.78,0,0,CHRG, ,
8819.4,1,1,1,1,3,1255.0,0.16,13.7,2.1,0.05,0.78,0,0,CHRG, ,
8824.4,1,1,1,1,3,1260.0,0.16,13.7,2.1,0.05,0.78,0,0,CHRG, ,
8829.4,1,1,1,1,3,1265.0,0.16,13.699,2.1,0.05,0.79,0,0,CHRG, ,
8834.4,1,1,1,1,3,1270.0,0.16,13.701,2.2,0.05,0.79,0,0,CHRG, ,
8839.4,1,1,1,1,3,1275.0,0.16,13.7,2.1,0.05,0.79,0,0,CHRG, ,
8844.4,1,1,1,1,3,1280.0,0.16,13.7,2.1,0.05,0.79,0,0,CHRG, ,
8849.4,1,1,1,1,3,1285.0,0.16,13.7,2.2,0.05,0.8,0,0,CHRG, ,
8854.4,1,1,1,1,3,1290.0,0.16,13.7,2.1,0.05,0.8,0,0,CHRG, ,
8859.4,1,1,1,1,3,1295.0,0.16,13.7,2.1,0.05,0.8,0,0,CHRG, ,
8864.4,1,1,1,1,3,1300.0,0.16,13.7,2.1,0.06,0.81,0,0,CHRG, ,
8869.4,1,1,1,1,3,1305.0,0.16,13.7,2.1,0.06,0.81,0,0,CHRG, ,
8874.4,1,1,1,1,3,1310.0,0.16,13.7,2.1,0.06,0.81,0,0,CHRG, ,
8879.4,1,1,1,1,3,1315.0,0.16,13.7,2.1,0.06,0.81,0,0,CHRG, ,
8884.4,1,1,1,1,3,1320.0,0.16,13.701,2.1,0.06,0.82,0,0,CHRG, ,
8889.4,1,1,1,1,3,1325.0,0.16,13.7,2.1,0.06,0.82,0,0,CHRG, ,
8894.4,1,1,1,1,3,1330.0,0.16,13.7,2.1,0.06,0.82,0,0,CHRG, ,
8899.4,1,1,1,1,3,1335.0,0.16,13.7,2.1,0.06,0.83,0,0,CHRG, ,
8904.4,1,1,1,1,3,1340.0,0.16,13.7,2.1,0.06,0.83,0,0,CHRG, ,
8909.4,1,1,1,1,3,1345.0,0.16,13.701,2.1,0.06,0.83,0,0,CHRG, ,
8914.4,1,1,1,1,3,1350.0,0.16,13.7,2.1,0.06,0.84,0,0,CHRG, ,
8919.4,1,1,1,1,3,1355.0,0.16,13.7,2.1,0.06,0.84,0,0,CHRG, ,
8924.4,1,1,1,1,3,1360.0,0.16,13.7,2.1,0.06,0.84,0,0,CHRG, ,
8929.4,1,1,1,1,3,1365.0,0.16,13.701,2.1,0.06,0.84,0,0,CHRG, ,
8934.4,1,1,1,1,3,1370.0,0.16,13.7,2.1,0.06,0.85,0,0,CHRG, ,
8939.4,1,1,1,1,3,1375.0,0.16,13.7,2.1,0.06,0.85,0,0,CHRG, ,
8944.4,1,1,1,1,3,1380.0,0.16,13.7,2.1,0.06,0.85,0,0,CHRG, ,
8949.4,1,1,1,1,3,1385.0,0.16,13.7,2.1,0.06,0.86,0,0,CHRG, ,
8954.4,1,1,1,1,3,1390.0,0.16,13.7,2.1,0.06,0.86,0,0,CHRG, ,
8959.4,1,1,1,1,3,1395.0,0.16,13.701,2.2,0.06,0.86,0,0,CHRG, ,
8964.4,1,1,1,1,3,1400.0,0.16,13.7,2.1,0.06,0.86,0,0,CHRG, ,
8969.4,1,1,1,1,3,1405.0,0.16,13.7,2.1,0.06,0.87,0,0,CHRG, ,
8974.4,1,1,1,1,3,1410.0,0.16,13.7,2.1,0.06,0.87,0,0,CHRG, ,
8979.4,1,1,1,1,3,1415.0,0.16,13.7,2.1,0.06,0.87,0,0,CHRG, ,
8984.4,1,1,1,1,3,1420.0,0.15,13.7,2,0.06,0.88,0,0,CHRG, ,
8989.4,1,1,1,1,3,1425.0,0.16,13.7,2.1,0.06,0.88,0,0,CHRG, ,
8994.4,1,1,1,1,3,1430.0,0.16,13.7,2.1,0.06,0.88,0,0,CHRG, ,
8999.4,1,1,1,1,3,1435.0,0.16,13.7,2.1,0.06,0.88,0,0,CHRG, ,
9004.4,1,1,1,1,3,1440.0,0.16,13.701,2.1,0.06,0.89,0,0,CHRG, ,
9009.4,1,1,1,1,3,1445.0,0.16,13.7,2.1,0.06,0.89,0,0,CHRG, ,
9014.4,1,1,1,1,3,1450.0,0.16,13.7,2.1,0.06,0.89,0,0,CHRG, ,
9019.4,1,1,1,1,3,1455.0,0.16,13.7,2.1,0.06,0.9,0,0,CHRG, ,
9024.4,1,1,1,1,3,1460.0,0.15,13.7,2,0.06,0.9,0,0,CHRG, ,
9029.4,1,1,1,1,3,1465.0,0.16,13.7,2.1,0.06,0.9,0,0,CHRG, ,
9034.4,1,1,1,1,3,1470.0,0.15,13.7,2,0.06,0.9,0,0,CHRG, ,
9039.4,1,1,1,1,3,1475.0,0.16,13.701,2.1,0.06,0.91,0,0,CHRG, ,
9044.4,1,1,1,1,3,1480.0,0.15,13.7,2,0.06,0.91,0,0,CHRG, ,
9049.4,1,1,1,1,3,1485.0,0.16,13.7,2.1,0.06,0.91,0,0,CHRG, ,
9054.4,1,1,1,1,3,1490.0,0.16,13.7,2.1,0.06,0.92,0,0,CHRG, ,
9059.4,1,1,1,1,3,1495.0,0.15,13.7,2,0.06,0.92,0,0,CHRG, ,
9064.4,1,1,1,1,3,1500.0,0.16,13.7,2.1,0.06,0.92,0,0,CHRG, ,
9069.4,1,1,1,1,3,1505.0,0.15,13.7,2,0.06,0.92,0,0,CHRG, ,
9074.4,1,1,1,1,3,1510.0,0.16,13.7,2.1,0.06,0.93,0,0,CHRG, ,
9079.4,1,1,1,1,3,1515.0,0.15,13.7,2,0.06,0.93,0,0,CHRG, ,
9084.4,1,1,1,1,3,1520.0,0.15,13.7,2,0.06,0.93,0,0,CHRG, ,
9089.4,1,1,1,1,3,1525.0,0.15,13.7,2,0.07,0.94,0,0,CHRG, ,
9094.4,1,1,1,1,3,1530.0,0.15,13.7,2,0.07,0.94,0,0,CHRG, ,
9099.4,1,1,1,1,3,1535.0,0.15,13.7,2,0.07,0.94,0,0,CHRG, ,
9104.4,1,1,1,1,3,1540.0,0.15,13.699,2,0.07,0.94,0,0,CHRG, ,
9109.4,1,1,1,1,3,1545.0,0.16,13.7,2.1,0.07,0.95,0,0,CHRG, ,
9114.4,1,1,1,1,3,1550.0,0.16,13.7,2.1,0.07,0.95,0,0,CHRG, ,
9119.4,1,1,1,1,3,1555.0,0.16,13.7,2.1,0.07,0.95,0,0,CHRG, ,
9124.4,1,1,1,1,3,1560.0,0.15,13.7,2,0.07,0.96,0,0,CHRG, ,
9129.4,1,1,1,1,3,1565.0,0.15,13.7,2,0.07,0.96,0,0,CHRG, ,
9134.4,1,1,1,1,3,1570.0,0.15,13.7,2,0.07,0.96,0,0,CHRG, ,
9139.4,1,1,1,1,3,1575.0,0.15,13.7,2,0.07,0.96,0,0,CHRG, ,
9144.4,1,1,1,1,3,1580.0,0.15,13.7,2,0.07,0.97,0,0,CHRG, ,
9149.4,1,1,1,1,3,1585.0,0.15,13.7,2,0.07,0.97,0,0,CHRG, ,
9154.4,1,1,1,1,3,1590.0,0.15,13.699,2,0.07,0.97,0,0,CHRG, ,
9159.4,1,1,1,1,3,1595.0,0.15,13.7,2,0.07,0.98,0,0,CHRG, ,
9164.4,1,1,1,1,3,1600.0,0.15,13.7,2,0.07,0.98,0,0,CHRG, ,
9169.4,1,1,1,1,3,1605.0,0.15,13.701,2,0.07,0.98,0,0,CHRG, ,
9174.4,1,1,1,1,3,1610.0,0.16,13.7,2.1,0.07,0.98,0,0,CHRG, ,
9179.4,1,1,1,1,3,1615.0,0.15,13.7,2,0.07,0.99,0,0,CHRG, ,
9184.4,1,1,1,1,3,1620.0,0.15,13.7,2,0.07,0.99,0,0,CHRG, ,
9189.4,1,1,1,1,3,1625.0,0.15,13.7,2,0.07,0.99,0,0,CHRG, ,
9194.4,1,1,1,1,3,1630.0,0.15,13.7,2,0.07,1,0,0,CHRG, ,
9199.4,1,1,1,1,3,1635.0,0.15,13.7,2,0.07,1,0,0,CHRG, ,
9204.4,1,1,1,1,3,1640.0,0.15,13.7,2,0.07,1,0,0,CHRG, ,
9209.4,1,1,1,1,3,1645.0,0.15,13.7,2,0.07,1,0,0,CHRG, ,
9214.4,1,1,1,1,3,1650.0,0.15,13.7,2,0.07,1.01,0,0,CHRG, ,
9219.4,1,1,1,1,3,1655.0,0.15,13.7,2,0.07,1.01,0,0,CHRG, ,
9224.4,1,1,1,1,3,1660.0,0.15,13.7,2,0.07,1.01,0,0,CHRG, ,
9229.4,1,1,1,1,3,1665.0,0.15,13.7,2,0.07,1.01,0,0,CHRG, ,
9234.4,1,1,1,1,3,1670.0,0.15,13.7,2,0.07,1.02,0,0,CHRG, ,
9239.4,1,1,1,1,3,1675.0,0.15,13.7,2,0.07,1.02,0,0,CHRG, ,
9244.4,1,1,1,1,3,1680.0,0.15,13.7,2,0.07,1.02,0,0,CHRG, ,
9249.4,1,1,1,1,3,1685.0,0.15,13.7,2,0.07,1.03,0,0,CHRG, ,
9254.4,1,1,1,1,3,1690.0,0.16,13.7,2.1,0.07,1.03,0,0,CHRG, ,
9259.4,1,1,1,1,3,1695.0,0.15,13.7,2,0.07,1.03,0,0,CHRG, ,
9264.4,1,1,1,1,3,1700.0,0.15,13.7,2,0.07,1.03,0,0,CHRG, ,
9269.4,1,1,1,1,3,1705.0,0.15,13.7,2,0.07,1.04,0,0,CHRG, ,
9274.4,1,1,1,1,3,1710.0,0.15,13.7,2,0.07,1.04,0,0,CHRG, ,
9279.4,1,1,1,1,3,1715.0,0.15,13.701,2,0.07,1.04,0,0,CHRG, ,
9284.4,1,1,1,1,3,1720.0,0.15,13.7,2,0.07,1.05,0,0,CHRG, ,
9289.4,1,1,1,1,3,1725.0,0.15,13.7,2,0.07,1.05,0,0,CHRG, ,
9294.4,1,1,1,1,3,1730.0,0.15,13.7,2,0.07,1.05,0,0,CHRG, ,
9299.4,1,1,1,1,3,1735.0,0.15,13.7,2,0.07,1.05,0,0,CHRG, ,
9304.4,1,1,1,1,3,1740.0,0.15,13.7,2,0.07,1.06,0,0,CHRG, ,
9309.4,1,1,1,1,3,1745.0,0.15,13.7,2,0.07,1.06,0,0,CHRG, ,
9314.4,1,1,1,1,3,1750.0,0.15,13.7,2,0.07,1.06,0,0,CHRG, ,
9319.4,1,1,1,1,3,1755.0,0.15,13.7,2,0.07,1.07,0,0,CHRG, ,
9324.4,1,1,1,1,3,1760.0,0.15,13.7,2,0.07,1.07,0,0,CHRG, ,
9329.4,1,1,1,1,3,1765.0,0.15,13.7,2,0.08,1.07,0,0,CHRG, ,
9334.4,1,1,1,1,3,1770.0,0.15,13.7,2,0.08,1.07,0,0,CHRG, ,
9339.4,1,1,1,1,3,1775.0,0.15,13.7,2,0.08,1.08,0,0,CHRG, ,
9344.4,1,1,1,1,3,1780.0,0.15,13.7,2,0.08,1.08,0,0,CHRG, ,
9349.4,1,1,1,1,3,1785.0,0.15,13.7,2,0.08,1.08,0,0,CHRG, ,
9354.4,1,1,1,1,3,1790.0,0.14,13.7,1.9,0.08,1.08,0,0,CHRG, ,
9359.4,1,1,1,1,3,1795.0,0.15,13.7,2,0.08,1.09,0,0,CHRG, ,
9364.4,1,1,1,1,3,1800.0,0.15,13.7,2,0.08,1.09,0,0,CHRG,S,
9369.4,1,1,1,1,4,5.0,-1,13.465,-13.4,0,-0.01,0,0,DCHG, ,
9374.4,1,1,1,1,4,10.0,-1,13.393,-13.3,0,-0.03,0,0,DCHG, ,
9379.4,1,1,1,1,4,15.0,-1,13.332,-13.2,0,-0.05,0,0,DCHG, ,
9384.4,1,1,1,1,4,20.0,-1,13.28,-13.2,0,-0.07,0,0,DCHG, ,
9389.4,1,1,1,1,4,25.0,-1,13.237,-13.2,0,-0.09,0,0,DCHG, ,
9394.4,1,1,1,1,4,30.0,-1,13.204,-13.1,0,-0.1,0,0,DCHG, ,
9399.4,1,1,1,1,4,35.0,-1,13.177,-13.1,0,-0.12,0,0,DCHG, ,
9404.4,1,1,1,1,4,40.0,-1,13.158,-13.1,-0.01,-0.14,0,0,DCHG, ,
9409.4,1,1,1,1,4,45.0,-1,13.142,-13.1,-0.01,-0.16,0,0,DCHG, ,
9414.4,1,1,1,1,4,50.0,-1,13.131,-13.1,-0.01,-0.18,0,0,DCHG, ,
9419.4,1,1,1,1,4,55.0,-1,13.121,-13,-0.01,-0.2,0,0,DCHG, ,
9424.4,1,1,1,1,4,60.0,-1,13.113,-13,-0.01,-0.21,0,0,DCHG, ,
9429.4,1,1,1,1,4,65.0,-1,13.107,-13.1,-0.01,-0.23,0,0,DCHG, ,
9434.4,1,1,1,1,4,70.0,-1,13.101,-13,-0.01,-0.25,0,0,DCHG, ,
9439.4,1,1,1,1,4,75.0,-1,13.097,-13,-0.02,-0.27,0,0,DCHG, ,
9444.4,1,1,1,1,4,80.0,-1,13.094,-13,-0.02,-0.29,0,0,DCHG, ,
9449.4,1,1,1,1,4,85.0,-1,13.09,-13,-0.02,-0.3,0,0,DCHG, ,
9454.4,1,1,1,1,4,90.0,-1,13.087,-13,-0.02,-0.32,0,0,DCHG, ,
9459.4,1,1,1,1,4,95.0,-1,13.084,-13,-0.02,-0.34,0,0,DCHG, ,
9464.4,1,1,1,1,4,100.0,-1,13.082,-13,-0.02,-0.36,0,0,DCHG, ,
9469.4,1,1,1,1,4,105.0,-1,13.08,-13,-0.02,-0.38,0,0,DCHG, ,
9474.4,1,1,1,1,4,110.0,-1,13.078,-13,-0.03,-0.39,0,0,DCHG, ,
9479.4,1,1,1,1,4,115.0,-1,13.076,-13,-0.03,-0.41,0,0,DCHG, ,
9484.4,1,1,1,1,4,120.0,-1,13.074,-13,-0.03,-0.43,0,0,DCHG, ,
9489.4,1,1,1,1,4,125.0,-1,13.073,-13,-0.03,-0.45,0,0,DCHG, ,
9494.4,1,1,1,1,4,130.0,-0.99,13.071,-12.9,-0.03,-0.47,0,0,DCHG, ,
9499.4,1,1,1,1,4,135.0,-0.99,13.07,-12.9,-0.03,-0.48,0,0,DCHG, ,
9504.4,1,1,1,1,4,140.0,-1,13.068,-13,-0.03,-0.5,0,0,DCHG, ,
9509.4,1,1,1,1,4,145.0,-1,13.067,-13,-0.04,-0.52,0,0,DCHG, ,
9514.4,1,1,1,1,4,150.0,-1,13.066,-13,-0.04,-0.54,0,0,DCHG, ,
9519.4,1,1,1,1,4,155.0,-1,13.064,-13,-0.04,-0.56,0,0,DCHG, ,
9524.4,1,1,1,1,4,160.0,-1,13.063,-13,-0.04,-0.57,0,0,DCHG, ,
9529.4,1,1,1,1,4,165.0,-1,13.063,-13,-0.04,-0.59,0,0,DCHG, ,
9534.4,1,1,1,1,4,170.0,-1,13.061,-13,-0.04,-0.61,0,0,DCHG, ,
9539.4,1,1,1,1,4,175.0,-0.99,13.06,-12.9,-0.04,-0.63,0,0,DCHG, ,
9544.4,1,1,1,1,4,180.0,-1,13.059,-13,-0.04,-0.65,0,0,DCHG, ,
9549.4,1,1,1,1,4,185.0,-1,13.058,-13,-0.05,-0.67,0,0,DCHG, ,
9554.4,1,1,1,1,4,190.0,-1,13.057,-13,-0.05,-0.68,0,0,DCHG, ,
9559.4,1,1,1,1,4,195.0,-1,13.056,-13,-0.05,-0.7,0,0,DCHG, ,
9564.4,1,1,1,1,4,200.0,-1,13.056,-13,-0.05,-0.72,0,0,DCHG, ,
9569.4,1,1,1,1,4,205.0,-1,13.054,-13,-0.05,-0.74,0,0,DCHG, ,
9574.4,1,1,1,1,4,210.0,-1,13.053,-13,-0.05,-0.76,0,0,DCHG, ,
9579.4,1,1,1,1,4,215.0,-0.99,13.052,-12.9,-0.05,-0.77,0,0,DCHG, ,
9584.4,1,1,1,1,4,220.0,-1,13.052,-13,-0.06,-0.79,0,0,DCHG, ,
9589.4,1,1,1,1,4,225.0,-1,13.051,-13,-0.06,-0.81,0,0,DCHG, ,
9594.4,1,1,1,1,4,230.0,-1,13.05,-13,-0.06,-0.83,0,0,DCHG, ,
9599.4,1,1,1,1,4,235.0,-1,13.049,-13,-0.06,-0.85,0,0,DCHG, ,
9604.4,1,1,1,1,4,240.0,-1,13.048,-13,-0.06,-0.86,0,0,DCHG, ,
9609.4,1,1,1,1,4,245.0,-1,13.048,-13,-0.06,-0.88,0,0,DCHG, ,
9614.4,1,1,1,1,4,250.0,-1,13.047,-13,-0.06,-0.9,0,0,DCHG, ,
9619.4,1,1,1,1,4,255.0,-1,13.046,-13,-0.07,-0.92,0,0,DCHG, ,
9624.4,1,1,1,1,4,260.0,-1,13.046,-13,-0.07,-0.94,0,0,DCHG, ,
9629.4,1,1,1,1,4,265.0,-1,13.045,-13,-0.07,-0.95,0,0,DCHG, ,
9634.4,1,1,1,1,4,270.0,-1,13.044,-13,-0.07,-0.97,0,0,DCHG, ,
9639.4,1,1,1,1,4,275.0,-1,13.043,-13,-0.07,-0.99,0,0,DCHG, ,
9644.4,1,1,1,1,4,280.0,-1,13.042,-13,-0.07,-1.01,0,0,DCHG, ,
9649.4,1,1,1,1,4,285.0,-1,13.041,-13,-0.07,-1.03,0,0,DCHG, ,
9654.4,1,1,1,1,4,290.0,-1,13.041,-13,-0.08,-1.04,0,0,DCHG, ,
9659.4,1,1,1,1,4,295.0,-1,13.04,-13,-0.08,-1.06,0,0,DCHG, ,
9664.4,1,1,1,1,4,300.0,-1,13.04,-13,-0.08,-1.08,0,0,DCHG, ,
9669.4,1,1,1,1,4,305.0,-1,13.039,-13,-0.08,-1.1,0,0,DCHG, ,
9674.4,1,1,1,1,4,310.0,-1,13.038,-13,-0.08,-1.12,0,0,DCHG, ,
9679.4,1,1,1,1,4,315.0,-1,13.038,-13,-0.08,-1.13,0,0,DCHG, ,
9684.4,1,1,1,1,4,320.0,-1,13.037,-13,-0.08,-1.15,0,0,DCHG, ,
9689.4,1,1,1,1,4,325.0,-1,13.036,-13,-0.09,-1.17,0,0,DCHG, ,
9694.4,1,1,1,1,4,330.0,-1,13.035,-13,-0.09,-1.19,0,0,DCHG, ,
9699.4,1,1,1,1,4,335.0,-1,13.035,-13,-0.09,-1.21,0,0,DCHG, ,
9704.4,1,1,1,1,4,340.0,-1,13.034,-13,-0.09,-1.22,0,0,DCHG, ,
9709.4,1,1,1,1,4,345.0,-1,13.033,-13,-0.09,-1.24,0,0,DCHG, ,
9714.4,1,1,1,1,4,350.0,-0.99,13.033,-12.9,-0.09,-1.26,0,0,DCHG, ,
9719.4,1,1,1,1,4,355.0,-1,13.032,-13,-0.09,-1.28,0,0,DCHG, ,
9724.4,1,1,1,1,4,360.0,-1,13.032,-13,-0.09,-1.3,0,0,DCHG, ,
9729.4,1,1,1,1,4,365.0,-1,13.031,-12.9,-0.1,-1.31,0,0,DCHG, ,
9734.4,1,1,1,1,4,370.0,-1,13.03,-12.9,-0.1,-1.33,0,0,DCHG, ,
9739.4,1,1,1,1,4,375.0,-0.99,13.03,-12.9,-0.1,-1.35,0,0,DCHG, ,
9744.4,1,1,1,1,4,380.0,-1,13.029,-13,-0.1,-1.37,0,0,DCHG, ,
9749.4,1,1,1,1,4,385.0,-0.99,13.028,-12.9,-0.1,-1.39,0,0,DCHG, ,
9754.4,1,1,1,1,4,390.0,-1,13.028,-12.9,-0.1,-1.4,0,0,DCHG, ,
9759.4,1,1,1,1,4,395.0,-1,13.027,-12.9,-0.1,-1.42,0,0,DCHG, ,
9764.4,1,1,1,1,4,400.0,-1,13.027,-12.9,-0.11,-1.44,0,0,DCHG, ,
9769.4,1,1,1,1,4,405.0,-1,13.026,-12.9,-0.11,-1.46,0,0,DCHG, ,
9774.4,1,1,1,1,4,410.0,-1,13.026,-12.9,-0.11,-1.48,0,0,DCHG, ,
9779.4,1,1,1,1,4,415.0,-1,13.025,-13,-0.11,-1.49,0,0,DCHG, ,
9784.4,1,1,1,1,4,420.0,-1,13.025,-12.9,-0.11,-1.51,0,0,DCHG, ,
9789.4,1,1,1,1,4,425.0,-1,13.024,-12.9,-0.11,-1.53,0,0,DCHG, ,
9794.4,1,1,1,1,4,430.0,-1,13.023,-12.9,-0.11,-1.55,0,0,DCHG, ,
9799.4,1,1,1,1,4,435.0,-1,13.022,-12.9,-0.12,-1.57,0,0,DCHG, ,
9804.4,1,1,1,1,4,440.0,-1,13.022,-12.9,-0.12,-1.58,0,0,DCHG, ,
9809.4,1,1,1,1,4,445.0,-1,13.021,-12.9,-0.12,-1.6,0,0,DCHG, ,
9814.4,1,1,1,1,4,450.0,-1,13.021,-12.9,-0.12,-1.62,0,0,DCHG, ,
9819.4,1,1,1,1,4,455.0,-1,13.021,-12.9,-0.12,-1.64,0,0,DCHG, ,
9824.4,1,1,1,1,4,460.0,-1,13.02,-12.9,-0.12,-1.66,0,0,DCHG, ,
9829.4,1,1,1,1,4,465.0,-1,13.019,-13,-0.12,-1.67,0,0,DCHG, ,
9834.4,1,1,1,1,4,470.0,-1,13.019,-12.9,-0.13,-1.69,0,0,DCHG, ,
9839.4,1,1,1,1,4,475.0,-1,13.018,-12.9,-0.13,-1.71,0,0,DCHG, ,
9844.4,1,1,1,1,4,480.0,-1,13.018,-12.9,-0.13,-1.73,0,0,DCHG, ,
9849.4,1,1,1,1,4,485.0,-1,13.017,-12.9,-0.13,-1.75,0,0,DCHG, ,
9854.4,1,1,1,1,4,490.0,-1,13.017,-13,-0.13,-1.76,0,0,DCHG, ,
9859.4,1,1,1,1,4,495.0,-1,13.016,-13,-0.13,-1.78,0,0,DCHG, ,
9864.4,1,1,1,1,4,500.0,-1,13.016,-12.9,-0.13,-1.8,0,0,DCHG, ,
9869.4,1,1,1,1,4,505.0,-1,13.015,-12.9,-0.14,-1.82,0,0,DCHG, ,
9874.4,1,1,1,1,4,510.0,-1,13.015,-13,-0.14,-1.83,0,0,DCHG, ,
9879.4,1,1,1,1,4,515.0,-1,13.014,-12.9,-0.14,-1.85,0,0,DCHG, ,
9884.4,1,1,1,1,4,520.0,-0.99,13.014,-12.9,-0.14,-1.87,0,0,DCHG, ,
9889.4,1,1,1,1,4,525.0,-1,13.013,-13,-0.14,-1.89,0,0,DCHG, ,
9894.4,1,1,1,1,4,530.0,-1,13.012,-12.9,-0.14,-1.91,0,0,DCHG, ,
9899.4,1,1,1,1,4,535.0,-1,13.011,-12.9,-0.14,-1.92,0,0,DCHG, ,
9904.4,1,1,1,1,4,540.0,-1,13.01,-13,-0.14,-1.94,0,0,DCHG, ,
9909.4,1,1,1,1,4,545.0,-1,13.01,-12.9,-0.15,-1.96,0,0,DCHG, ,
9914.4,1,1,1,1,4,550.0,-1,13.01,-12.9,-0.15,-1.98,0,0,DCHG, ,
9919.4,1,1,1,1,4,555.0,-1,13.009,-12.9,-0.15,-2,0,0,DCHG, ,
9924.4,1,1,1,1,4,560.0,-1,13.009,-12.9,-0.15,-2.01,0,0,DCHG, ,
9929.4,1,1,1,1,4,565.0,-1,13.008,-13,-0.15,-2.03,0,0,DCHG, ,
9934.4,1,1,1,1,4,570.0,-1,13.008,-13,-0.15,-2.05,0,0,DCHG, ,
9939.4,1,1,1,1,4,575.0,-1,13.007,-13,-0.15,-2.07,0,0,DCHG, ,
9944.4,1,1,1,1,4,580.0,-1,13.007,-12.9,-0.16,-2.09,0,0,DCHG, ,
9949.4,1,1,1,1,4,585.0,-1,13.007,-12.9,-0.16,-2.1,0,0,DCHG, ,
9954.4,1,1,1,1,4,590.0,-1,13.006,-13,-0.16,-2.12,0,0,DCHG, ,
9959.4,1,1,1,1,4,595.0,-1,13.005,-13,-0.16,-2.14,0,0,DCHG, ,
9964.4,1,1,1,1,4,600.0,-1,13.005,-12.9,-0.16,-2.16,0,0,DCHG, ,
9969.4,1,1,1,1,4,605.0,-1,13.004,-12.9,-0.16,-2.18,0,0,DCHG, ,
9974.4,1,1,1,1,4,610.0,-1,13.004,-12.9,-0.16,-2.19,0,0,DCHG, ,
9979.4,1,1,1,1,4,615.0,-1,13.003,-12.9,-0.17,-2.21,0,0,DCHG, ,
9984.4,1,1,1,1,4,620.0,-1,13.003,-12.9,-0.17,-2.23,0,0,DCHG, ,
9989.4,1,1,1,1,4,625.0,-1,13.002,-12.9,-0.17,-2.25,0,0,DCHG, ,
9994.4,1,1,1,1,4,630.0,-1,13.002,-13,-0.17,-2.27,0,0,DCHG, ,
9999.4,1,1,1,1,4,635.0,-1,13.001,-12.9,-0.17,-2.28,0,0,DCHG, ,
10004.4,1,1,1,1,4,640.0,-1,13.001,-12.9,-0.17,-2.3,0,0,DCHG, ,
10009.4,1,1,1,1,4,645.0,-1,13,-13,-0.17,-2.32,0,0,DCHG, ,
10014.4,1,1,1,1,4,650.0,-1,13,-12.9,-0.18,-2.34,0,0,DCHG, ,
10019.4,1,1,1,1,4,655.0,-1,12.999,-12.9,-0.18,-2.36,0,0,DCHG, ,
10024.4,1,1,1,1,4,660.0,-1,12.999,-12.9,-0.18,-2.37,0,0,DCHG, ,
10029.4,1,1,1,1,4,665.0,-1,12.998,-12.9,-0.18,-2.39,0,0,DCHG, ,
10034.4,1,1,1,1,4,670.0,-0.99,12.997,-12.9,-0.18,-2.41,0,0,DCHG, ,
10039.4,1,1,1,1,4,675.0,-1,12.997,-12.9,-0.18,-2.43,0,0,DCHG, ,
10044.4,1,1,1,1,4,680.0,-1,12.997,-12.9,-0.18,-2.44,0,0,DCHG, ,
10049.4,1,1,1,1,4,685.0,-0.99,12.997,-12.8,-0.19,-2.46,0,0,DCHG, ,
10054.4,1,1,1,1,4,690.0,-1,12.996,-12.9,-0.19,-2.48,0,0,DCHG, ,
10059.4,1,1,1,1,4,695.0,-1,12.996,-12.9,-0.19,-2.5,0,0,DCHG, ,
10064.4,1,1,1,1,4,700.0,-1,12.996,-12.9,-0.19,-2.52,0,0,DCHG, ,
10069.4,1,1,1,1,4,705.0,-1,12.995,-12.9,-0.19,-2.53,0,0,DCHG, ,
10074.4,1,1,1,1,4,710.0,-1,12.994,-12.9,-0.19,-2.55,0,0,DCHG, ,
10079.4,1,1,1,1,4,715.0,-1,12.993,-12.9,-0.19,-2.57,0,0,DCHG, ,
10084.4,1,1,1,1,4,720.0,-1,12.992,-12.9,-0.19,-2.59,0,0,DCHG, ,
10089.4,1,1,1,1,4,725.0,-1,12.993,-12.9,-0.2,-2.61,0,0,DCHG, ,
10094.4,1,1,1,1,4,730.0,-0.99,12.992,-12.8,-0.2,-2.62,0,0,DCHG, ,
10099.4,1,1,1,1,4,735.0,-1,12.991,-12.9,-0.2,-2.64,0,0,DCHG, ,
10104.4,1,1,1,1,4,740.0,-1,12.991,-12.9,-0.2,-2.66,0,0,DCHG, ,
10109.4,1,1,1,1,4,745.0,-1,12.99,-12.9,-0.2,-2.68,0,0,DCHG, ,
10114.4,1,1,1,1,4,750.0,-1,12.99,-12.9,-0.2,-2.7,0,0,DCHG, ,
10119.4,1,1,1,1,4,755.0,-1,12.99,-12.9,-0.2,-2.71,0,0,DCHG, ,
10124.4,1,1,1,1,4,760.0,-0.99,12.989,-12.8,-0.21,-2.73,0,0,DCHG, ,
10129.4,1,1,1,1,4,765.0,-1,12.988,-12.9,-0.21,-2.75,0,0,DCHG, ,
10134.4,1,1,1,1,4,770.0,-0.99,12.988,-12.8,-0.21,-2.77,0,0,DCHG, ,
10139.4,1,1,1,1,4,775.0,-1,12.988,-12.9,-0.21,-2.78,0,0,DCHG, ,
10144.4,1,1,1,1,4,780.0,-1,12.988,-12.9,-0.21,-2.8,0,0,DCHG, ,
10149.4,1,1,1,1,4,785.0,-1,12.987,-12.9,-0.21,-2.82,0,0,DCHG, ,
10154.4,1,1,1,1,4,790.0,-1,12.986,-12.9,-0.21,-2.84,0,0,DCHG, ,
10159.4,1,1,1,1,4,795.0,-1,12.986,-12.9,-0.22,-2.86,0,0,DCHG, ,
10164.4,1,1,1,1,4,800.0,-1,12.985,-12.9,-0.22,-2.87,0,0,DCHG, ,
10169.4,1,1,1,1,4,805.0,-1,12.985,-12.9,-0.22,-2.89,0,0,DCHG, ,
10174.4,1,1,1,1,4,810.0,-1,12.985,-12.9,-0.22,-2.91,0,0,DCHG, ,
10179.4,1,1,1,1,4,815.0,-1,12.985,-12.9,-0.22,-2.93,0,0,DCHG, ,
10184.4,1,1,1,1,4,820.0,-1,12.984,-12.9,-0.22,-2.95,0,0,DCHG, ,
10189.4,1,1,1,1,4,825.0,-1,12.983,-12.9,-0.22,-2.96,0,0,DCHG, ,
10194.4,1,1,1,1,4,830.0,-1,12.983,-12.9,-0.23,-2.98,0,0,DCHG, ,
10199.4,1,1,1,1,4,835.0,-1,12.982,-12.9,-0.23,-3,0,0,DCHG, ,
10204.4,1,1,1,1,4,840.0,-1,12.982,-12.9,-0.23,-3.02,0,0,DCHG, ,
10209.4,1,1,1,1,4,845.0,-1,12.981,-12.9,-0.23,-3.04,0,0,DCHG, ,
10214.4,1,1,1,1,4,850.0,-1,12.981,-12.9,-0.23,-3.05,0,0,DCHG, ,
10219.4,1,1,1,1,4,855.0,-1,12.98,-12.9,-0.23,-3.07,0,0,DCHG, ,
10224.4,1,1,1,1,4,860.0,-1,12.98,-12.9,-0.23,-3.09,0,0,DCHG, ,
10229.4,1,1,1,1,4,865.0,-1,12.98,-12.9,-0.24,-3.11,0,0,DCHG, ,
10234.4,1,1,1,1,4,870.0,-1,12.979,-12.9,-0.24,-3.13,0,0,DCHG, ,
10239.4,1,1,1,1,4,875.0,-0.99,12.978,-12.9,-0.24,-3.14,0,0,DCHG, ,
10244.4,1,1,1,1,4,880.0,-1,12.978,-12.9,-0.24,-3.16,0,0,DCHG, ,
10249.4,1,1,1,1,4,885.0,-1,12.977,-12.9,-0.24,-3.18,0,0,DCHG, ,
10254.4,1,1,1,1,4,890.0,-1,12.977,-12.9,-0.24,-3.2,0,0,DCHG, ,
10259.4,1,1,1,1,4,895.0,-1,12.977,-12.9,-0.24,-3.21,0,0,DCHG, ,
10264.4,1,1,1,1,4,900.0,-1,12.976,-12.9,-0.24,-3.23,0,0,DCHG, ,
10269.4,1,1,1,1,4,905.0,-1,12.976,-12.9,-0.25,-3.25,0,0,DCHG, ,
10274.4,1,1,1,1,4,910.0,-1,12.975,-12.9,-0.25,-3.27,0,0,DCHG, ,
10279.4,1,1,1,1,4,915.0,-0.99,12.975,-12.8,-0.25,-3.29,0,0,DCHG, ,
10284.4,1,1,1,1,4,920.0,-1,12.975,-12.9,-0.25,-3.3,0,0,DCHG, ,
10289.4,1,1,1,1,4,925.0,-1,12.974,-12.9,-0.25,-3.32,0,0,DCHG, ,
10294.4,1,1,1,1,4,930.0,-1,12.974,-12.9,-0.25,-3.34,0,0,DCHG, ,
10299.4,1,1,1,1,4,935.0,-1,12.973,-12.9,-0.25,-3.36,0,0,DCHG, ,
10304.4,1,1,1,1,4,940.0,-1,12.972,-12.9,-0.26,-3.38,0,0,DCHG, ,
10309.4,1,1,1,1,4,945.0,-1,12.972,-12.9,-0.26,-3.39,0,0,DCHG, ,
10314.4,1,1,1,1,4,950.0,-1,12.972,-12.9,-0.26,-3.41,0,0,DCHG, ,
10319.4,1,1,1,1,4,955.0,-1,12.971,-12.9,-0.26,-3.43,0,0,DCHG, ,
10324.4,1,1,1,1,4,960.0,-1,12.97,-12.9,-0.26,-3.45,0,0,DCHG, ,
10329.4,1,1,1,1,4,965.0,-1,12.97,-12.9,-0.26,-3.47,0,0,DCHG, ,
10334.4,1,1,1,1,4,970.0,-1,12.97,-12.9,-0.26,-3.48,0,0,DCHG, ,
10339.4,1,1,1,1,4,975.0,-1,12.97,-12.9,-0.27,-3.5,0,0,DCHG, ,
10344.4,1,1,1,1,4,980.0,-1,12.969,-12.9,-0.27,-3.52,0,0,DCHG, ,
10349.4,1,1,1,1,4,985.0,-1,12.969,-12.9,-0.27,-3.54,0,0,DCHG, ,
10354.4,1,1,1,1,4,990.0,-1,12.969,-12.9,-0.27,-3.55,0,0,DCHG, ,
10359.4,1,1,1,1,4,995.0,-1,12.968,-12.9,-0.27,-3.57,0,0,DCHG, ,
10364.4,1,1,1,1,4,1000.0,-1,12.968,-12.9,-0.27,-3.59,0,0,DCHG, ,
10369.4,1,1,1,1,4,1005.0,-1,12.967,-12.9,-0.27,-3.61,0,0,DCHG, ,
10374.4,1,1,1,1,4,1010.0,-1,12.966,-12.9,-0.28,-3.63,0,0,DCHG, ,
10379.4,1,1,1,1,4,1015.0,-1,12.966,-12.9,-0.28,-3.64,0,0,DCHG, ,
10384.4,1,1,1,1,4,1020.0,-1,12.965,-12.9,-0.28,-3.66,0,0,DCHG, ,
10389.4,1,1,1,1,4,1025.0,-1,12.965,-12.9,-0.28,-3.68,0,0,DCHG, ,
10394.4,1,1,1,1,4,1030.0,-1,12.965,-12.9,-0.28,-3.7,0,0,DCHG, ,
10399.4,1,1,1,1,4,1035.0,-1,12.964,-12.9,-0.28,-3.72,0,0,DCHG, ,
10404.4,1,1,1,1,4,1040.0,-1,12.964,-12.9,-0.28,-3.73,0,0,DCHG, ,
10409.4,1,1,1,1,4,1045.0,-1,12.964,-12.9,-0.28,-3.75,0,0,DCHG, ,
10414.4,1,1,1,1,4,1050.0,-1,12.963,-12.9,-0.29,-3.77,0,0,DCHG, ,
10419.4,1,1,1,1,4,1055.0,-1,12.963,-12.9,-0.29,-3.79,0,0,DCHG, ,
10424.4,1,1,1,1,4,1060.0,-1,12.963,-12.9,-0.29,-3.81,0,0,DCHG, ,
10429.4,1,1,1,1,4,1065.0,-1,12.962,-12.9,-0.29,-3.82,0,0,DCHG, ,
10434.4,1,1,1,1,4,1070.0,-1,12.961,-12.9,-0.29,-3.84,0,0,DCHG, ,
10439.4,1,1,1,1,4,1075.0,-1,12.961,-12.9,-0.29,-3.86,0,0,DCHG, ,
10444.4,1,1,1,1,4,1080.0,-1,12.96,-12.9,-0.29,-3.88,0,0,DCHG, ,
10449.4,1,1,1,1,4,1085.0,-1,12.96,-12.9,-0.3,-3.9,0,0,DCHG, ,
10454.4,1,1,1,1,4,1090.0,-1,12.959,-12.9,-0.3,-3.91,0,0,DCHG, ,
10459.4,1,1,1,1,4,1095.0,-1,12.959,-12.9,-0.3,-3.93,0,0,DCHG, ,
10464.4,1,1,1,1,4,1100.0,-1,12.959,-12.9,-0.3,-3.95,0,0,DCHG, ,
10469.4,1,1,1,1,4,1105.0,-0.99,12.959,-12.8,-0.3,-3.97,0,0,DCHG, ,
10474.4,1,1,1,1,4,1110.0,-1,12.958,-12.9,-0.3,-3.98,0,0,DCHG, ,
10479.4,1,1,1,1,4,1115.0,-0.99,12.958,-12.8,-0.3,-4,0,0,DCHG, ,
10484.4,1,1,1,1,4,1120.0,-0.99,12.957,-12.8,-0.31,-4.02,0,0,DCHG, ,
10489.4,1,1,1,1,4,1125.0,-1,12.956,-12.9,-0.31,-4.04,0,0,DCHG, ,
10494.4,1,1,1,1,4,1130.0,-1,12.956,-12.9,-0.31,-4.06,0,0,DCHG, ,
10499.4,1,1,1,1,4,1135.0,-1,12.956,-12.9,-0.31,-4.07,0,0,DCHG, ,
10504.4,1,1,1,1,4,1140.0,-1,12.955,-12.9,-0.31,-4.09,0,0,DCHG, ,
10509.4,1,1,1,1,4,1145.0,-1,12.955,-12.9,-0.31,-4.11,0,0,DCHG, ,
10514.4,1,1,1,1,4,1150.0,-1,12.954,-12.9,-0.31,-4.13,0,0,DCHG, ,
10519.4,1,1,1,1,4,1155.0,-1,12.953,-12.9,-0.32,-4.15,0,0,DCHG, ,
10524.4,1,1,1,1,4,1160.0,-1,12.953,-12.9,-0.32,-4.16,0,0,DCHG, ,
10529.4,1,1,1,1,4,1165.0,-1,12.953,-12.9,-0.32,-4.18,0,0,DCHG, ,
10534.4,1,1,1,1,4,1170.0,-1,12.952,-12.9,-0.32,-4.2,0,0,DCHG, ,
10539.4,1,1,1,1,4,1175.0,-1,12.952,-12.9,-0.32,-4.22,0,0,DCHG, ,
10544.4,1,1,1,1,4,1180.0,-1,12.952,-12.9,-0.32,-4.24,0,0,DCHG, ,
10549.4,1,1,1,1,4,1185.0,-1,12.951,-12.9,-0.32,-4.25,0,0,DCHG, ,
10554.4,1,1,1,1,4,1190.0,-1,12.951,-12.9,-0.33,-4.27,0,0,DCHG, ,
10559.4,1,1,1,1,4,1195.0,-1,12.95,-12.9,-0.33,-4.29,0,0,DCHG, ,
10564.4,1,1,1,1,4,1200.0,-1,12.95,-12.9,-0.33,-4.31,0,0,DCHG, ,
10569.4,1,1,1,1,4,1205.0,-1,12.95,-12.9,-0.33,-4.32,0,0,DCHG, ,
10574.4,1,1,1,1,4,1210.0,-1,12.949,-12.9,-0.33,-4.34,0,0,DCHG, ,
10579.4,1,1,1,1,4,1215.0,-1,12.948,-12.9,-0.33,-4.36,0,0,DCHG, ,
10584.4,1,1,1,1,4,1220.0,-1,12.948,-12.9,-0.33,-4.38,0,0,DCHG, ,
10589.4,1,1,1,1,4,1225.0,-1,12.948,-12.9,-0.33,-4.4,0,0,DCHG, ,
10594.4,1,1,1,1,4,1230.0,-1,12.948,-12.9,-0.34,-4.41,0,0,DCHG, ,
10599.4,1,1,1,1,4,1235.0,-1,12.947,-12.9,-0.34,-4.43,0,0,DCHG, ,
10604.4,1,1,1,1,4,1240.0,-0.99,12.946,-12.8,-0.34,-4.45,0,0,DCHG, ,
10609.4,1,1,1,1,4,1245.0,-1,12.946,-12.9,-0.34,-4.47,0,0,DCHG, ,
10614.4,1,1,1,1,4,1250.0,-1,12.945,-12.9,-0.34,-4.49,0,0,DCHG, ,
10619.4,1,1,1,1,4,1255.0,-1,12.945,-12.9,-0.34,-4.5,0,0,DCHG, ,
10624.4,1,1,1,1,4,1260.0,-1,12.945,-12.9,-0.34,-4.52,0,0,DCHG, ,
10629.4,1,1,1,1,4,1265.0,-1,12.944,-12.9,-0.35,-4.54,0,0,DCHG, ,
10634.4,1,1,1,1,4,1270.0,-1,12.944,-12.9,-0.35,-4.56,0,0,DCHG, ,
10639.4,1,1,1,1,4,1275.0,-1,12.944,-12.9,-0.35,-4.58,0,0,DCHG, ,
10644.4,1,1,1,1,4,1280.0,-1,12.943,-12.9,-0.35,-4.59,0,0,DCHG, ,
10649.4,1,1,1,1,4,1285.0,-1,12.942,-12.9,-0.35,-4.61,0,0,DCHG, ,
10654.4,1,1,1,1,4,1290.0,-1,12.942,-12.9,-0.35,-4.63,0,0,DCHG, ,
10659.4,1,1,1,1,4,1295.0,-1,12.942,-12.9,-0.35,-4.65,0,0,DCHG, ,
10664.4,1,1,1,1,4,1300.0,-1,12.941,-12.9,-0.36,-4.66,0,0,DCHG, ,
10669.4,1,1,1,1,4,1305.0,-1,12.941,-12.9,-0.36,-4.68,0,0,DCHG, ,
10674.4,1,1,1,1,4,1310.0,-1,12.94,-12.9,-0.36,-4.7,0,0,DCHG, ,
10679.4,1,1,1,1,4,1315.0,-1,12.94,-12.9,-0.36,-4.72,0,0,DCHG, ,
10684.4,1,1,1,1,4,1320.0,-1,12.94,-12.9,-0.36,-4.74,0,0,DCHG, ,
10689.4,1,1,1,1,4,1325.0,-1,12.939,-12.9,-0.36,-4.75,0,0,DCHG, ,
10694.4,1,1,1,1,4,1330.0,-1,12.939,-12.9,-0.36,-4.77,0,0,DCHG, ,
10699.4,1,1,1,1,4,1335.0,-1,12.938,-12.9,-0.37,-4.79,0,0,DCHG, ,
10704.4,1,1,1,1,4,1340.0,-1,12.937,-12.9,-0.37,-4.81,0,0,DCHG, ,
10709.4,1,1,1,1,4,1345.0,-1,12.937,-12.9,-0.37,-4.83,0,0,DCHG, ,
10714.4,1,1,1,1,4,1350.0,-1,12.937,-12.9,-0.37,-4.84,0,0,DCHG, ,
10719.4,1,1,1,1,4,1355.0,-0.99,12.936,-12.8,-0.37,-4.86,0,0,DCHG, ,
10724.4,1,1,1,1,4,1360.0,-1,12.936,-12.9,-0.37,-4.88,0,0,DCHG, ,
10729.4,1,1,1,1,4,1365.0,-1,12.936,-12.9,-0.37,-4.9,0,0,DCHG, ,
10734.4,1,1,1,1,4,1370.0,-1,12.936,-12.9,-0.38,-4.92,0,0,DCHG, ,
10739.4,1,1,1,1,4,1375.0,-1,12.935,-12.9,-0.38,-4.93,0,0,DCHG, ,
10744.4,1,1,1,1,4,1380.0,-1,12.935,-12.9,-0.38,-4.95,0,0,DCHG, ,
10749.4,1,1,1,1,4,1385.0,-1,12.934,-12.9,-0.38,-4.97,0,0,DCHG, ,
10754.4,1,1,1,1,4,1390.0,-1,12.933,-12.9,-0.38,-4.99,0,0,DCHG, ,
10759.4,1,1,1,1,4,1395.0,-1,12.934,-12.9,-0.38,-5.01,0,0,DCHG, ,
10764.4,1,1,1,1,4,1400.0,-1,12.933,-12.9,-0.38,-5.02,0,0,DCHG, ,
10769.4,1,1,1,1,4,1405.0,-1,12.932,-12.9,-0.38,-5.04,0,0,DCHG, ,
10774.4,1,1,1,1,4,1410.0,-1,12.932,-12.9,-0.39,-5.06,0,0,DCHG, ,
10779.4,1,1,1,1,4,1415.0,-1,12.932,-12.9,-0.39,-5.08,0,0,DCHG, ,
10784.4,1,1,1,1,4,1420.0,-1,12.931,-12.9,-0.39,-5.09,0,0,DCHG, ,
10789.4,1,1,1,1,4,1425.0,-1,12.931,-12.9,-0.39,-5.11,0,0,DCHG, ,
10794.4,1,1,1,1,4,1430.0,-1,12.93,-12.8,-0.39,-5.13,0,0,DCHG, ,
10799.4,1,1,1,1,4,1435.0,-1,12.93,-12.9,-0.39,-5.15,0,0,DCHG, ,
10804.4,1,1,1,1,4,1440.0,-1,12.929,-12.8,-0.39,-5.17,0,0,DCHG, ,
10809.4,1,1,1,1,4,1445.0,-1,12.929,-12.8,-0.4,-5.18,0,0,DCHG, ,
10814.4,1,1,1,1,4,1450.0,-1,12.928,-12.8,-0.4,-5.2,0,0,DCHG, ,
10819.4,1,1,1,1,4,1455.0,-1,12.928,-12.8,-0.4,-5.22,0,0,DCHG, ,
10824.4,1,1,1,1,4,1460.0,-1,12.928,-12.8,-0.4,-5.24,0,0,DCHG, ,
10829.4,1,1,1,1,4,1465.0,-1,12.927,-12.8,-0.4,-5.26,0,0,DCHG, ,
10834.4,1,1,1,1,4,1470.0,-1,12.927,-12.8,-0.4,-5.27,0,0,DCHG, ,
10839.4,1,1,1,1,4,1475.0,-1,12.926,-12.8,-0.4,-5.29,0,0,DCHG, ,
10844.4,1,1,1,1,4,1480.0,-1,12.927,-12.8,-0.41,-5.31,0,0,DCHG, ,
10849.4,1,1,1,1,4,1485.0,-1,12.926,-12.8,-0.41,-5.33,0,0,DCHG, ,
10854.4,1,1,1,1,4,1490.0,-1,12.925,-12.8,-0.41,-5.34,0,0,DCHG, ,
10859.4,1,1,1,1,4,1495.0,-0.99,12.925,-12.8,-0.41,-5.36,0,0,DCHG, ,
10864.4,1,1,1,1,4,1500.0,-1,12.925,-12.8,-0.41,-5.38,0,0,DCHG, ,
10869.4,1,1,1,1,4,1505.0,-1,12.925,-12.8,-0.41,-5.4,0,0,DCHG, ,
10874.4,1,1,1,1,4,1510.0,-1,12.924,-12.8,-0.41,-5.42,0,0,DCHG, ,
10879.4,1,1,1,1,4,1515.0,-1,12.924,-12.8,-0.42,-5.43,0,0,DCHG, ,
10884.4,1,1,1,1,4,1520.0,-1,12.924,-12.8,-0.42,-5.45,0,0,DCHG, ,
10889.4,1,1,1,1,4,1525.0,-1,12.923,-12.8,-0.42,-5.47,0,0,DCHG, ,
10894.4,1,1,1,1,4,1530.0,-1,12.923,-12.8,-0.42,-5.49,0,0,DCHG, ,
10899.4,1,1,1,1,4,1535.0,-1,12.922,-12.8,-0.42,-5.5,0,0,DCHG, ,
10904.4,1,1,1,1,4,1540.0,-1,12.922,-12.8,-0.42,-5.52,0,0,DCHG, ,
10909.4,1,1,1,1,4,1545.0,-1,12.921,-12.9,-0.42,-5.54,0,0,DCHG, ,
10914.4,1,1,1,1,4,1550.0,-1,12.921,-12.8,-0.43,-5.56,0,0,DCHG, ,
10919.4,1,1,1,1,4,1555.0,-1,12.92,-12.9,-0.43,-5.58,0,0,DCHG, ,
10924.4,1,1,1,1,4,1560.0,-1,12.92,-12.9,-0.43,-5.59,0,0,DCHG, ,
10929.4,1,1,1,1,4,1565.0,-1,12.92,-12.8,-0.43,-5.61,0,0,DCHG, ,
10934.4,1,1,1,1,4,1570.0,-1,12.919,-12.8,-0.43,-5.63,0,0,DCHG, ,
10939.4,1,1,1,1,4,1575.0,-0.99,12.919,-12.8,-0.43,-5.65,0,0,DCHG, ,
10944.4,1,1,1,1,4,1580.0,-1,12.918,-12.8,-0.43,-5.66,0,0,DCHG, ,
10949.4,1,1,1,1,4,1585.0,-1,12.918,-12.8,-0.43,-5.68,0,0,DCHG, ,
10954.4,1,1,1,1,4,1590.0,-1,12.917,-12.9,-0.44,-5.7,0,0,DCHG, ,
10959.4,1,1,1,1,4,1595.0,-1,12.917,-12.8,-0.44,-5.72,0,0,DCHG, ,
10964.4,1,1,1,1,4,1600.0,-1,12.917,-12.8,-0.44,-5.74,0,0,DCHG, ,
10969.4,1,1,1,1,4,1605.0,-1,12.916,-12.8,-0.44,-5.75,0,0,DCHG, ,
10974.4,1,1,1,1,4,1610.0,-1,12.916,-12.8,-0.44,-5.77,0,0,DCHG, ,
10979.4,1,1,1,1,4,1615.0,-1,12.915,-12.8,-0.44,-5.79,0,0,DCHG, ,
10984.4,1,1,1,1,4,1620.0,-1,12.915,-12.9,-0.44,-5.81,0,0,DCHG, ,
10989.4,1,1,1,1,4,1625.0,-1,12.915,-12.8,-0.45,-5.82,0,0,DCHG, ,
10994.4,1,1,1,1,4,1630.0,-1,12.914,-12.8,-0.45,-5.84,0,0,DCHG, ,
10999.4,1,1,1,1,4,1635.0,-1,12.914,-12.8,-0.45,-5.86,0,0,DCHG, ,
11004.4,1,1,1,1,4,1640.0,-1,12.914,-12.9,-0.45,-5.88,0,0,DCHG, ,
11009.4,1,1,1,1,4,1645.0,-1,12.913,-12.8,-0.45,-5.9,0,0,DCHG, ,
11014.4,1,1,1,1,4,1650.0,-1,12.912,-12.8,-0.45,-5.91,0,0,DCHG, ,
11019.4,1,1,1,1,4,1655.0,-1,12.912,-12.8,-0.45,-5.93,0,0,DCHG, ,
11024.4,1,1,1,1,4,1660.0,-1,12.912,-12.8,-0.46,-5.95,0,0,DCHG, ,
11029.4,1,1,1,1,4,1665.0,-1,12.911,-12.9,-0.46,-5.97,0,0,DCHG, ,
11034.4,1,1,1,1,4,1670.0,-1,12.91,-12.8,-0.46,-5.99,0,0,DCHG, ,
11039.4,1,1,1,1,4,1675.0,-1,12.91,-12.8,-0.46,-6,0,0,DCHG, ,
11044.4,1,1,1,1,4,1680.0,-1,12.91,-12.8,-0.46,-6.02,0,0,DCHG, ,
11049.4,1,1,1,1,4,1685.0,-1,12.909,-12.8,-0.46,-6.04,0,0,DCHG, ,
11054.4,1,1,1,1,4,1690.0,-1,12.909,-12.8,-0.46,-6.06,0,0,DCHG, ,
11059.4,1,1,1,1,4,1695.0,-1,12.909,-12.8,-0.47,-6.07,0,0,DCHG, ,
11064.4,1,1,1,1,4,1700.0,-1,12.908,-12.8,-0.47,-6.09,0,0,DCHG, ,
11069.4,1,1,1,1,4,1705.0,-0.99,12.907,-12.8,-0.47,-6.11,0,0,DCHG, ,
11074.4,1,1,1,1,4,1710.0,-1,12.907,-12.9,-0.47,-6.13,0,0,DCHG, ,
11079.4,1,1,1,1,4,1715.0,-1,12.907,-12.8,-0.47,-6.15,0,0,DCHG, ,
11084.4,1,1,1,1,4,1720.0,-1,12.906,-12.8,-0.47,-6.16,0,0,DCHG, ,
11089.4,1,1,1,1,4,1725.0,-0.99,12.906,-12.8,-0.47,-6.18,0,0,DCHG, ,
11094.4,1,1,1,1,4,1730.0,-1,12.906,-12.8,-0.48,-6.2,0,0,DCHG, ,
11099.4,1,1,1,1,4,1735.0,-1,12.905,-12.8,-0.48,-6.22,0,0,DCHG, ,
11104.4,1,1,1,1,4,1740.0,-1,12.905,-12.8,-0.48,-6.23,0,0,DCHG, ,
11109.4,1,1,1,1,4,1745.0,-1,12.904,-12.8,-0.48,-6.25,0,0,DCHG, ,
11114.4,1,1,1,1,4,1750.0,-1,12.904,-12.8,-0.48,-6.27,0,0,DCHG, ,
11119.4,1,1,1,1,4,1755.0,-1,12.904,-12.8,-0.48,-6.29,0,0,DCHG, ,
11124.4,1,1,1,1,4,1760.0,-1,12.903,-12.8,-0.48,-6.31,0,0,DCHG, ,
11129.4,1,1,1,1,4,1765.0,-1,12.903,-12.8,-0.48,-6.32,0,0,DCHG, ,
11134.4,1,1,1,1,4,1770.0,-1,12.903,-12.8,-0.49,-6.34,0,0,DCHG, ,
11139.4,1,1,1,1,4,1775.0,-1,12.901,-12.8,-0.49,-6.36,0,0,DCHG, ,
11144.4,1,1,1,1,4,1780.0,-1,12.901,-12.8,-0.49,-6.38,0,0,DCHG, ,
11149.4,1,1,1,1,4,1785.0,-1,12.901,-12.8,-0.49,-6.39,0,0,DCHG, ,
11154.4,1,1,1,1,4,1790.0,-1,12.901,-12.8,-0.49,-6.41,0,0,DCHG, ,
11159.4,1,1,1,1,4,1795.0,-1,12.901,-12.8,-0.49,-6.43,0,0,DCHG, ,
11164.4,1,1,1,1,4,1800.0,-1,12.9,-12.8,-0.49,-6.45,0,0,DCHG, ,
11169.4,1,1,1,1,4,1805.0,-1,12.9,-12.8,-0.5,-6.47,0,0,DCHG, ,
11174.4,1,1,1,1,4,1810.0,-1,12.899,-12.8,-0.5,-6.48,0,0,DCHG, ,
11179.4,1,1,1,1,4,1815.0,-1,12.899,-12.8,-0.5,-6.5,0,0,DCHG, ,
11184.4,1,1,1,1,4,1820.0,-1,12.899,-12.8,-0.5,-6.52,0,0,DCHG, ,
11189.4,1,1,1,1,4,1825.0,-1,12.898,-12.8,-0.5,-6.54,0,0,DCHG, ,
11194.4,1,1,1,1,4,1830.0,-1,12.897,-12.8,-0.5,-6.55,0,0,DCHG, ,
11199.4,1,1,1,1,4,1835.0,-1,12.897,-12.8,-0.5,-6.57,0,0,DCHG, ,
11204.4,1,1,1,1,4,1840.0,-1,12.897,-12.8,-0.51,-6.59,0,0,DCHG, ,
11209.4,1,1,1,1,4,1845.0,-1,12.896,-12.8,-0.51,-6.61,0,0,DCHG, ,
11214.4,1,1,1,1,4,1850.0,-1,12.896,-12.8,-0.51,-6.63,0,0,DCHG, ,
11219.4,1,1,1,1,4,1855.0,-1,12.896,-12.8,-0.51,-6.64,0,0,DCHG, ,
11224.4,1,1,1,1,4,1860.0,-1,12.895,-12.8,-0.51,-6.66,0,0,DCHG, ,
11229.4,1,1,1,1,4,1865.0,-1,12.895,-12.8,-0.51,-6.68,0,0,DCHG, ,
11234.4,1,1,1,1,4,1870.0,-1,12.895,-12.8,-0.51,-6.7,0,0,DCHG, ,
11239.4,1,1,1,1,4,1875.0,-1,12.894,-12.8,-0.52,-6.71,0,0,DCHG, ,
11244.4,1,1,1,1,4,1880.0,-1,12.893,-12.8,-0.52,-6.73,0,0,DCHG, ,
11249.4,1,1,1,1,4,1885.0,-1,12.893,-12.8,-0.52,-6.75,0,0,DCHG, ,
11254.4,1,1,1,1,4,1890.0,-1,12.892,-12.8,-0.52,-6.77,0,0,DCHG, ,
11259.4,1,1,1,1,4,1895.0,-1,12.892,-12.8,-0.52,-6.79,0,0,DCHG, ,
11264.4,1,1,1,1,4,1900.0,-1,12.892,-12.8,-0.52,-6.8,0,0,DCHG, ,
11269.4,1,1,1,1,4,1905.0,-1,12.892,-12.8,-0.52,-6.82,0,0,DCHG, ,
11274.4,1,1,1,1,4,1910.0,-1,12.891,-12.8,-0.53,-6.84,0,0,DCHG, ,
11279.4,1,1,1,1,4,1915.0,-1,12.89,-12.8,-0.53,-6.86,0,0,DCHG, ,
11284.4,1,1,1,1,4,1920.0,-1,12.89,-12.8,-0.53,-6.87,0,0,DCHG, ,
11289.4,1,1,1,1,4,1925.0,-1,12.889,-12.8,-0.53,-6.89,0,0,DCHG, ,
11294.4,1,1,1,1,4,1930.0,-1,12.889,-12.8,-0.53,-6.91,0,0,DCHG, ,
11299.4,1,1,1,1,4,1935.0,-1,12.888,-12.8,-0.53,-6.93,0,0,DCHG, ,
11304.4,1,1,1,1,4,1940.0,-1,12.888,-12.8,-0.53,-6.95,0,0,DCHG, ,
11309.4,1,1,1,1,4,1945.0,-0.99,12.888,-12.8,-0.53,-6.96,0,0,DCHG, ,
11314.4,1,1,1,1,4,1950.0,-1,12.887,-12.8,-0.54,-6.98,0,0,DCHG, ,
11319.4,1,1,1,1,4,1955.0,-1,12.887,-12.8,-0.54,-7,0,0,DCHG, ,
11324.4,1,1,1,1,4,1960.0,-0.99,12.887,-12.7,-0.54,-7.02,0,0,DCHG, ,
11329.4,1,1,1,1,4,1965.0,-1,12.887,-12.8,-0.54,-7.03,0,0,DCHG, ,
11334.4,1,1,1,1,4,1970.0,-1,12.886,-12.8,-0.54,-7.05,0,0,DCHG, ,
11339.4,1,1,1,1,4,1975.0,-1,12.885,-12.8,-0.54,-7.07,0,0,DCHG, ,
11344.4,1,1,1,1,4,1980.0,-0.99,12.885,-12.7,-0.54,-7.09,0,0,DCHG, ,
11349.4,1,1,1,1,4,1985.0,-1,12.885,-12.8,-0.55,-7.11,0,0,DCHG, ,
11354.4,1,1,1,1,4,1990.0,-1,12.885,-12.8,-0.55,-7.12,0,0,DCHG, ,
11359.4,1,1,1,1,4,1995.0,-1,12.884,-12.8,-0.55,-7.14,0,0,DCHG, ,
11364.4,1,1,1,1,4,2000.0,-1,12.883,-12.8,-0.55,-7.16,0,0,DCHG, ,
11369.4,1,1,1,1,4,2005.0,-1,12.883,-12.8,-0.55,-7.18,0,0,DCHG, ,
11374.4,1,1,1,1,4,2010.0,-1,12.883,-12.8,-0.55,-7.19,0,0,DCHG, ,
11379.4,1,1,1,1,4,2015.0,-1,12.882,-12.8,-0.55,-7.21,0,0,DCHG, ,
11384.4,1,1,1,1,4,2020.0,-1,12.882,-12.8,-0.56,-7.23,0,0,DCHG, ,
11389.4,1,1,1,1,4,2025.0,-1,12.882,-12.8,-0.56,-7.25,0,0,DCHG, ,
11394.4,1,1,1,1,4,2030.0,-1,12.881,-12.8,-0.56,-7.27,0,0,DCHG, ,
11399.4,1,1,1,1,4,2035.0,-1,12.881,-12.8,-0.56,-7.28,0,0,DCHG, ,
11404.4,1,1,1,1,4,2040.0,-1,12.88,-12.8,-0.56,-7.3,0,0,DCHG, ,
11409.4,1,1,1,1,4,2045.0,-1,12.88,-12.8,-0.56,-7.32,0,0,DCHG, ,
11414.4,1,1,1,1,4,2050.0,-1,12.879,-12.8,-0.56,-7.34,0,0,DCHG, ,
11419.4,1,1,1,1,4,2055.0,-0.99,12.879,-12.7,-0.57,-7.35,0,0,DCHG, ,
11424.4,1,1,1,1,4,2060.0,-1,12.878,-12.8,-0.57,-7.37,0,0,DCHG, ,
11429.4,1,1,1,1,4,2065.0,-1,12.878,-12.8,-0.57,-7.39,0,0,DCHG, ,
11434.4,1,1,1,1,4,2070.0,-1,12.878,-12.8,-0.57,-7.41,0,0,DCHG, ,
11439.4,1,1,1,1,4,2075.0,-1,12.877,-12.8,-0.57,-7.43,0,0,DCHG, ,
11444.4,1,1,1,1,4,2080.0,-1,12.877,-12.8,-0.57,-7.44,0,0,DCHG, ,
11449.4,1,1,1,1,4,2085.0,-1,12.877,-12.8,-0.57,-7.46,0,0,DCHG, ,
11454.4,1,1,1,1,4,2090.0,-1,12.876,-12.8,-0.58,-7.48,0,0,DCHG, ,
11459.4,1,1,1,1,4,2095.0,-1,12.876,-12.8,-0.58,-7.5,0,0,DCHG, ,
11464.4,1,1,1,1,4,2100.0,-1,12.875,-12.8,-0.58,-7.51,0,0,DCHG, ,
11469.4,1,1,1,1,4,2105.0,-1,12.875,-12.8,-0.58,-7.53,0,0,DCHG, ,
11474.4,1,1,1,1,4,2110.0,-1,12.875,-12.8,-0.58,-7.55,0,0,DCHG, ,
11479.4,1,1,1,1,4,2115.0,-1,12.874,-12.8,-0.58,-7.57,0,0,DCHG, ,
11484.4,1,1,1,1,4,2120.0,-1,12.874,-12.8,-0.58,-7.59,0,0,DCHG, ,
11489.4,1,1,1,1,4,2125.0,-1,12.873,-12.8,-0.58,-7.6,0,0,DCHG, ,
11494.4,1,1,1,1,4,2130.0,-1,12.873,-12.8,-0.59,-7.62,0,0,DCHG, ,
11499.4,1,1,1,1,4,2135.0,-1,12.872,-12.8,-0.59,-7.64,0,0,DCHG, ,
11504.4,1,1,1,1,4,2140.0,-1,12.872,-12.8,-0.59,-7.66,0,0,DCHG, ,
11509.4,1,1,1,1,4,2145.0,-1,12.871,-12.8,-0.59,-7.67,0,0,DCHG, ,
11514.4,1,1,1,1,4,2150.0,-1,12.871,-12.8,-0.59,-7.69,0,0,DCHG, ,
11519.4,1,1,1,1,4,2155.0,-1,12.871,-12.8,-0.59,-7.71,0,0,DCHG, ,
11524.4,1,1,1,1,4,2160.0,-0.99,12.871,-12.7,-0.59,-7.73,0,0,DCHG, ,
11529.4,1,1,1,1,4,2165.0,-1,12.87,-12.8,-0.6,-7.74,0,0,DCHG, ,
11534.4,1,1,1,1,4,2170.0,-1,12.869,-12.8,-0.6,-7.76,0,0,DCHG, ,
11539.4,1,1,1,1,4,2175.0,-1,12.869,-12.8,-0.6,-7.78,0,0,DCHG, ,
11544.4,1,1,1,1,4,2180.0,-1,12.869,-12.8,-0.6,-7.8,0,0,DCHG, ,
11549.4,1,1,1,1,4,2185.0,-1,12.868,-12.8,-0.6,-7.82,0,0,DCHG, ,
11554.4,1,1,1,1,4,2190.0,-1,12.868,-12.8,-0.6,-7.83,0,0,DCHG, ,
11559.4,1,1,1,1,4,2195.0,-1,12.868,-12.8,-0.6,-7.85,0,0,DCHG, ,
11564.4,1,1,1,1,4,2200.0,-1,12.867,-12.8,-0.61,-7.87,0,0,DCHG, ,
11569.4,1,1,1,1,4,2205.0,-1,12.866,-12.8,-0.61,-7.89,0,0,DCHG, ,
11574.4,1,1,1,1,4,2210.0,-1,12.867,-12.8,-0.61,-7.9,0,0,DCHG, ,
11579.4,1,1,1,1,4,2215.0,-1,12.866,-12.8,-0.61,-7.92,0,0,DCHG, ,
11584.4,1,1,1,1,4,2220.0,-1,12.865,-12.8,-0.61,-7.94,0,0,DCHG, ,
11589.4,1,1,1,1,4,2225.0,-1,12.865,-12.8,-0.61,-7.96,0,0,DCHG, ,
11594.4,1,1,1,1,4,2230.0,-1,12.865,-12.8,-0.61,-7.98,0,0,DCHG, ,
11599.4,1,1,1,1,4,2235.0,-1,12.865,-12.8,-0.62,-7.99,0,0,DCHG, ,
11604.4,1,1,1,1,4,2240.0,-1,12.864,-12.8,-0.62,-8.01,0,0,DCHG, ,
11609.4,1,1,1,1,4,2245.0,-1,12.864,-12.8,-0.62,-8.03,0,0,DCHG, ,
11614.4,1,1,1,1,4,2250.0,-1,12.863,-12.8,-0.62,-8.05,0,0,DCHG, ,
11619.4,1,1,1,1,4,2255.0,-1,12.863,-12.8,-0.62,-8.06,0,0,DCHG, ,
11624.4,1,1,1,1,4,2260.0,-1,12.863,-12.8,-0.62,-8.08,0,0,DCHG, ,
11629.4,1,1,1,1,4,2265.0,-1,12.862,-12.8,-0.62,-8.1,0,0,DCHG, ,
11634.4,1,1,1,1,4,2270.0,-1,12.862,-12.8,-0.62,-8.12,0,0,DCHG, ,
11639.4,1,1,1,1,4,2275.0,-1,12.861,-12.8,-0.63,-8.14,0,0,DCHG, ,
11644.4,1,1,1,1,4,2280.0,-1,12.861,-12.8,-0.63,-8.15,0,0,DCHG, ,
11649.4,1,1,1,1,4,2285.0,-0.99,12.861,-12.7,-0.63,-8.17,0,0,DCHG, ,
11654.4,1,1,1,1,4,2290.0,-1,12.86,-12.8,-0.63,-8.19,0,0,DCHG, ,
11659.4,1,1,1,1,4,2295.0,-1,12.86,-12.8,-0.63,-8.21,0,0,DCHG, ,
11664.4,1,1,1,1,4,2300.0,-1,12.859,-12.8,-0.63,-8.22,0,0,DCHG, ,
11669.4,1,1,1,1,4,2305.0,-1,12.859,-12.8,-0.63,-8.24,0,0,DCHG, ,
11674.4,1,1,1,1,4,2310.0,-1,12.858,-12.8,-0.64,-8.26,0,0,DCHG, ,
11679.4,1,1,1,1,4,2315.0,-1,12.858,-12.8,-0.64,-8.28,0,0,DCHG, ,
11684.4,1,1,1,1,4,2320.0,-0.99,12.857,-12.7,-0.64,-8.3,0,0,DCHG, ,
11689.4,1,1,1,1,4,2325.0,-1,12.857,-12.8,-0.64,-8.31,0,0,DCHG, ,
11694.4,1,1,1,1,4,2330.0,-1,12.857,-12.8,-0.64,-8.33,0,0,DCHG, ,
11699.4,1,1,1,1,4,2335.0,-1,12.856,-12.8,-0.64,-8.35,0,0,DCHG, ,
11704.4,1,1,1,1,4,2340.0,-1,12.856,-12.8,-0.64,-8.37,0,0,DCHG, ,
11709.4,1,1,1,1,4,2345.0,-1,12.855,-12.8,-0.65,-8.38,0,0,DCHG, ,
11714.4,1,1,1,1,4,2350.0,-1,12.855,-12.8,-0.65,-8.4,0,0,DCHG, ,
11719.4,1,1,1,1,4,2355.0,-1,12.855,-12.8,-0.65,-8.42,0,0,DCHG, ,
11724.4,1,1,1,1,4,2360.0,-1,12.854,-12.8,-0.65,-8.44,0,0,DCHG, ,
11729.4,1,1,1,1,4,2365.0,-1,12.854,-12.8,-0.65,-8.46,0,0,DCHG, ,
11734.4,1,1,1,1,4,2370.0,-1,12.854,-12.8,-0.65,-8.47,0,0,DCHG, ,
11739.4,1,1,1,1,4,2375.0,-1,12.853,-12.8,-0.65,-8.49,0,0,DCHG, ,
11744.4,1,1,1,1,4,2380.0,-1,12.852,-12.8,-0.66,-8.51,0,0,DCHG, ,
11749.4,1,1,1,1,4,2385.0,-1,12.852,-12.8,-0.66,-8.53,0,0,DCHG, ,
11754.4,1,1,1,1,4,2390.0,-1,12.852,-12.8,-0.66,-8.54,0,0,DCHG, ,
11759.4,1,1,1,1,4,2395.0,-1,12.851,-12.8,-0.66,-8.56,0,0,DCHG, ,
11764.4,1,1,1,1,4,2400.0,-1,12.851,-12.8,-0.66,-8.58,0,0,DCHG, ,
11769.4,1,1,1,1,4,2405.0,-1,12.85,-12.8,-0.66,-8.6,0,0,DCHG, ,
11774.4,1,1,1,1,4,2410.0,-1,12.85,-12.8,-0.66,-8.62,0,0,DCHG, ,
11779.4,1,1,1,1,4,2415.0,-1,12.85,-12.8,-0.67,-8.63,0,0,DCHG, ,
11784.4,1,1,1,1,4,2420.0,-1,12.849,-12.8,-0.67,-8.65,0,0,DCHG, ,
11789.4,1,1,1,1,4,2425.0,-1,12.849,-12.8,-0.67,-8.67,0,0,DCHG, ,
11794.4,1,1,1,1,4,2430.0,-0.99,12.849,-12.7,-0.67,-8.69,0,0,DCHG, ,
11799.4,1,1,1,1,4,2435.0,-1,12.848,-12.8,-0.67,-8.7,0,0,DCHG, ,
11804.4,1,1,1,1,4,2440.0,-1,12.847,-12.8,-0.67,-8.72,0,0,DCHG, ,
11809.4,1,1,1,1,4,2445.0,-1,12.847,-12.8,-0.67,-8.74,0,0,DCHG, ,
11814.4,1,1,1,1,4,2450.0,-1,12.847,-12.8,-0.67,-8.76,0,0,DCHG, ,
11819.4,1,1,1,1,4,2455.0,-1,12.847,-12.8,-0.68,-8.78,0,0,DCHG, ,
11824.4,1,1,1,1,4,2460.0,-1,12.846,-12.8,-0.68,-8.79,0,0,DCHG, ,
11829.4,1,1,1,1,4,2465.0,-1,12.846,-12.8,-0.68,-8.81,0,0,DCHG, ,
11834.4,1,1,1,1,4,2470.0,-1,12.846,-12.8,-0.68,-8.83,0,0,DCHG, ,
11839.4,1,1,1,1,4,2475.0,-1,12.845,-12.8,-0.68,-8.85,0,0,DCHG, ,
11844.4,1,1,1,1,4,2480.0,-1,12.844,-12.8,-0.68,-8.86,0,0,DCHG, ,
11849.4,1,1,1,1,4,2485.0,-1,12.844,-12.8,-0.68,-8.88,0,0,DCHG, ,
11854.4,1,1,1,1,4,2490.0,-0.99,12.844,-12.7,-0.69,-8.9,0,0,DCHG, ,
11859.4,1,1,1,1,4,2495.0,-1,12.843,-12.8,-0.69,-8.92,0,0,DCHG, ,
11864.4,1,1,1,1,4,2500.0,-1,12.843,-12.8,-0.69,-8.94,0,0,DCHG, ,
11869.4,1,1,1,1,4,2505.0,-1,12.842,-12.8,-0.69,-8.95,0,0,DCHG, ,
11874.4,1,1,1,1,4,2510.0,-1,12.842,-12.8,-0.69,-8.97,0,0,DCHG, ,
11879.4,1,1,1,1,4,2515.0,-1,12.842,-12.8,-0.69,-8.99,0,0,DCHG, ,
11884.4,1,1,1,1,4,2520.0,-1,12.841,-12.8,-0.69,-9.01,0,0,DCHG, ,
11889.4,1,1,1,1,4,2525.0,-1,12.841,-12.8,-0.7,-9.02,0,0,DCHG, ,
11894.4,1,1,1,1,4,2530.0,-1,12.84,-12.8,-0.7,-9.04,0,0,DCHG, ,
11899.4,1,1,1,1,4,2535.0,-1,12.84,-12.8,-0.7,-9.06,0,0,DCHG, ,
11904.4,1,1,1,1,4,2540.0,-1,12.84,-12.8,-0.7,-9.08,0,0,DCHG, ,
11909.4,1,1,1,1,4,2545.0,-0.99,12.84,-12.7,-0.7,-9.1,0,0,DCHG, ,
11914.4,1,1,1,1,4,2550.0,-0.99,12.839,-12.7,-0.7,-9.11,0,0,DCHG, ,
11919.4,1,1,1,1,4,2555.0,-1,12.838,-12.8,-0.7,-9.13,0,0,DCHG, ,
11924.4,1,1,1,1,4,2560.0,-1,12.838,-12.8,-0.71,-9.15,0,0,DCHG, ,
11929.4,1,1,1,1,4,2565.0,-1,12.838,-12.8,-0.71,-9.17,0,0,DCHG, ,
11934.4,1,1,1,1,4,2570.0,-0.99,12.837,-12.7,-0.71,-9.18,0,0,DCHG, ,
11939.4,1,1,1,1,4,2575.0,-1,12.837,-12.8,-0.71,-9.2,0,0,DCHG, ,
11944.4,1,1,1,1,4,2580.0,-1,12.836,-12.8,-0.71,-9.22,0,0,DCHG, ,
11949.4,1,1,1,1,4,2585.0,-1,12.836,-12.8,-0.71,-9.24,0,0,DCHG, ,
11954.4,1,1,1,1,4,2590.0,-0.99,12.835,-12.7,-0.71,-9.26,0,0,DCHG, ,
11959.4,1,1,1,1,4,2595.0,-1,12.835,-12.8,-0.72,-9.27,0,0,DCHG, ,
11964.4,1,1,1,1,4,2600.0,-1,12.835,-12.8,-0.72,-9.29,0,0,DCHG, ,
11969.4,1,1,1,1,4,2605.0,-1,12.834,-12.8,-0.72,-9.31,0,0,DCHG, ,
11974.4,1,1,1,1,4,2610.0,-1,12.833,-12.8,-0.72,-9.33,0,0,DCHG, ,
11979.4,1,1,1,1,4,2615.0,-1,12.833,-12.8,-0.72,-9.34,0,0,DCHG, ,
11984.4,1,1,1,1,4,2620.0,-1,12.833,-12.8,-0.72,-9.36,0,0,DCHG, ,
11989.4,1,1,1,1,4,2625.0,-1,12.833,-12.8,-0.72,-9.38,0,0,DCHG, ,
11994.4,1,1,1,1,4,2630.0,-1,12.832,-12.8,-0.72,-9.4,0,0,DCHG, ,
11999.4,1,1,1,1,4,2635.0,-0.99,12.832,-12.7,-0.73,-9.41,0,0,DCHG, ,
12004.4,1,1,1,1,4,2640.0,-1,12.831,-12.8,-0.73,-9.43,0,0,DCHG, ,
12009.4,1,1,1,1,4,2645.0,-1,12.831,-12.8,-0.73,-9.45,0,0,DCHG, ,
12014.4,1,1,1,1,4,2650.0,-1,12.83,-12.8,-0.73,-9.47,0,0,DCHG, ,
12019.4,1,1,1,1,4,2655.0,-1,12.83,-12.8,-0.73,-9.49,0,0,DCHG, ,
12024.4,1,1,1,1,4,2660.0,-1,12.83,-12.8,-0.73,-9.5,0,0,DCHG, ,
12029.4,1,1,1,1,4,2665.0,-1,12.83,-12.8,-0.73,-9.52,0,0,DCHG, ,
12034.4,1,1,1,1,4,2670.0,-1,12.829,-12.7,-0.74,-9.54,0,0,DCHG, ,
12039.4,1,1,1,1,4,2675.0,-1,12.828,-12.8,-0.74,-9.56,0,0,DCHG, ,
12044.4,1,1,1,1,4,2680.0,-1,12.828,-12.7,-0.74,-9.57,0,0,DCHG, ,
12049.4,1,1,1,1,4,2685.0,-1,12.828,-12.7,-0.74,-9.59,0,0,DCHG, ,
12054.4,1,1,1,1,4,2690.0,-1,12.828,-12.7,-0.74,-9.61,0,0,DCHG, ,
12059.4,1,1,1,1,4,2695.0,-1,12.827,-12.7,-0.74,-9.63,0,0,DCHG, ,
12064.4,1,1,1,1,4,2700.0,-1,12.827,-12.8,-0.74,-9.65,0,0,DCHG, ,
12069.4,1,1,1,1,4,2705.0,-1,12.826,-12.7,-0.75,-9.66,0,0,DCHG, ,
12074.4,1,1,1,1,4,2710.0,-1,12.826,-12.8,-0.75,-9.68,0,0,DCHG, ,
12079.4,1,1,1,1,4,2715.0,-1,12.825,-12.7,-0.75,-9.7,0,0,DCHG, ,
12084.4,1,1,1,1,4,2720.0,-1,12.825,-12.7,-0.75,-9.72,0,0,DCHG, ,
12089.4,1,1,1,1,4,2725.0,-1,12.825,-12.8,-0.75,-9.73,0,0,DCHG, ,
12094.4,1,1,1,1,4,2730.0,-1,12.824,-12.8,-0.75,-9.75,0,0,DCHG, ,
12099.4,1,1,1,1,4,2735.0,-1,12.824,-12.7,-0.75,-9.77,0,0,DCHG, ,
12104.4,1,1,1,1,4,2740.0,-1,12.823,-12.7,-0.76,-9.79,0,0,DCHG, ,
12109.4,1,1,1,1,4,2745.0,-1,12.823,-12.7,-0.76,-9.8,0,0,DCHG, ,
12114.4,1,1,1,1,4,2750.0,-1,12.822,-12.7,-0.76,-9.82,0,0,DCHG, ,
12119.4,1,1,1,1,4,2755.0,-1,12.822,-12.7,-0.76,-9.84,0,0,DCHG, ,
12124.4,1,1,1,1,4,2760.0,-1,12.821,-12.7,-0.76,-9.86,0,0,DCHG, ,
12129.4,1,1,1,1,4,2765.0,-1,12.821,-12.8,-0.76,-9.88,0,0,DCHG, ,
12134.4,1,1,1,1,4,2770.0,-1,12.821,-12.7,-0.76,-9.89,0,0,DCHG, ,
12139.4,1,1,1,1,4,2775.0,-1,12.82,-12.8,-0.77,-9.91,0,0,DCHG, ,
12144.4,1,1,1,1,4,2780.0,-0.99,12.82,-12.7,-0.77,-9.93,0,0,DCHG, ,
12149.4,1,1,1,1,4,2785.0,-1,12.819,-12.7,-0.77,-9.95,0,0,DCHG, ,
12154.4,1,1,1,1,4,2790.0,-1,12.819,-12.7,-0.77,-9.96,0,0,DCHG, ,
12159.4,1,1,1,1,4,2795.0,-1,12.818,-12.7,-0.77,-9.98,0,0,DCHG, ,
12164.4,1,1,1,1,4,2800.0,-0.99,12.818,-12.7,-0.77,-10,0,0,DCHG, ,
12169.4,1,1,1,1,4,2805.0,-0.99,12.817,-12.7,-0.77,-10.02,0,0,DCHG, ,
12174.4,1,1,1,1,4,2810.0,-1,12.817,-12.7,-0.77,-10.03,0,0,DCHG, ,
12179.4,1,1,1,1,4,2815.0,-1,12.817,-12.7,-0.78,-10.05,0,0,DCHG, ,
12184.4,1,1,1,1,4,2820.0,-1,12.817,-12.7,-0.78,-10.07,0,0,DCHG, ,
12189.4,1,1,1,1,4,2825.0,-1,12.816,-12.7,-0.78,-10.09,0,0,DCHG, ,
12194.4,1,1,1,1,4,2830.0,-1,12.816,-12.7,-0.78,-10.1,0,0,DCHG, ,
12199.4,1,1,1,1,4,2835.0,-1,12.815,-12.8,-0.78,-10.12,0,0,DCHG, ,
12204.4,1,1,1,1,4,2840.0,-0.99,12.815,-12.7,-0.78,-10.14,0,0,DCHG, ,
12209.4,1,1,1,1,4,2845.0,-1,12.814,-12.7,-0.78,-10.16,0,0,DCHG, ,
12214.4,1,1,1,1,4,2850.0,-1,12.814,-12.8,-0.79,-10.18,0,0,DCHG, ,
12219.4,1,1,1,1,4,2855.0,-1,12.814,-12.7,-0.79,-10.19,0,0,DCHG, ,
12224.4,1,1,1,1,4,2860.0,-1,12.814,-12.8,-0.79,-10.21,0,0,DCHG, ,
12229.4,1,1,1,1,4,2865.0,-1,12.813,-12.7,-0.79,-10.23,0,0,DCHG, ,
12234.4,1,1,1,1,4,2870.0,-1,12.812,-12.7,-0.79,-10.25,0,0,DCHG, ,
12239.4,1,1,1,1,4,2875.0,-1,12.812,-12.7,-0.79,-10.26,0,0,DCHG, ,
12244.4,1,1,1,1,4,2880.0,-1,12.811,-12.7,-0.79,-10.28,0,0,DCHG, ,
12249.4,1,1,1,1,4,2885.0,-1,12.811,-12.7,-0.8,-10.3,0,0,DCHG, ,
12254.4,1,1,1,1,4,2890.0,-1,12.811,-12.7,-0.8,-10.32,0,0,DCHG, ,
12259.4,1,1,1,1,4,2895.0,-1,12.81,-12.7,-0.8,-10.33,0,0,DCHG, ,
12264.4,1,1,1,1,4,2900.0,-1,12.81,-12.7,-0.8,-10.35,0,0,DCHG, ,
12269.4,1,1,1,1,4,2905.0,-1,12.81,-12.7,-0.8,-10.37,0,0,DCHG, ,
12274.4,1,1,1,1,4,2910.0,-1,12.809,-12.7,-0.8,-10.39,0,0,DCHG, ,
12279.4,1,1,1,1,4,2915.0,-1,12.809,-12.7,-0.8,-10.41,0,0,DCHG, ,
12284.4,1,1,1,1,4,2920.0,-1,12.808,-12.7,-0.81,-10.42,0,0,DCHG, ,
12289.4,1,1,1,1,4,2925.0,-1,12.808,-12.7,-0.81,-10.44,0,0,DCHG, ,
12294.4,1,1,1,1,4,2930.0,-1,12.808,-12.7,-0.81,-10.46,0,0,DCHG, ,
12299.4,1,1,1,1,4,2935.0,-1,12.807,-12.7,-0.81,-10.48,0,0,DCHG, ,
12304.4,1,1,1,1,4,2940.0,-1,12.807,-12.8,-0.81,-10.49,0,0,DCHG, ,
12309.4,1,1,1,1,4,2945.0,-1,12.806,-12.7,-0.81,-10.51,0,0,DCHG, ,
12314.4,1,1,1,1,4,2950.0,-1,12.806,-12.8,-0.81,-10.53,0,0,DCHG, ,
12319.4,1,1,1,1,4,2955.0,-1,12.805,-12.7,-0.82,-10.55,0,0,DCHG, ,
12324.4,1,1,1,1,4,2960.0,-1,12.805,-12.7,-0.82,-10.56,0,0,DCHG, ,
12329.4,1,1,1,1,4,2965.0,-1,12.805,-12.7,-0.82,-10.58,0,0,DCHG, ,
12334.4,1,1,1,1,4,2970.0,-1,12.805,-12.7,-0.82,-10.6,0,0,DCHG, ,
12339.4,1,1,1,1,4,2975.0,-1,12.805,-12.7,-0.82,-10.62,0,0,DCHG, ,
12344.4,1,1,1,1,4,2980.0,-1,12.804,-12.7,-0.82,-10.63,0,0,DCHG, ,
12349.4,1,1,1,1,4,2985.0,-1,12.803,-12.7,-0.82,-10.65,0,0,DCHG, ,
12354.4,1,1,1,1,4,2990.0,-1,12.803,-12.7,-0.82,-10.67,0,0,DCHG, ,
12359.4,1,1,1,1,4,2995.0,-1,12.802,-12.7,-0.83,-10.69,0,0,DCHG, ,
12364.4,1,1,1,1,4,3000.0,-1,12.802,-12.8,-0.83,-10.71,0,0,DCHG, ,
12369.4,1,1,1,1,4,3005.0,-1,12.802,-12.7,-0.83,-10.72,0,0,DCHG, ,
12374.4,1,1,1,1,4,3010.0,-1,12.801,-12.7,-0.83,-10.74,0,0,DCHG, ,
12379.4,1,1,1,1,4,3015.0,-1,12.8,-12.7,-0.83,-10.76,0,0,DCHG, ,
12384.4,1,1,1,1,4,3020.0,-1,12.8,-12.7,-0.83,-10.78,0,0,DCHG, ,
12389.4,1,1,1,1,4,3025.0,-1,12.799,-12.7,-0.83,-10.79,0,0,DCHG, ,
12394.4,1,1,1,1,4,3030.0,-1,12.799,-12.7,-0.84,-10.81,0,0,DCHG, ,
12399.4,1,1,1,1,4,3035.0,-1,12.799,-12.7,-0.84,-10.83,0,0,DCHG, ,
12404.4,1,1,1,1,4,3040.0,-1,12.798,-12.7,-0.84,-10.85,0,0,DCHG, ,
12409.4,1,1,1,1,4,3045.0,-1,12.798,-12.7,-0.84,-10.86,0,0,DCHG, ,
12414.4,1,1,1,1,4,3050.0,-1,12.798,-12.7,-0.84,-10.88,0,0,DCHG, ,
12419.4,1,1,1,1,4,3055.0,-1,12.797,-12.7,-0.84,-10.9,0,0,DCHG, ,
12424.4,1,1,1,1,4,3060.0,-0.99,12.797,-12.6,-0.84,-10.92,0,0,DCHG, ,
12429.4,1,1,1,1,4,3065.0,-1,12.797,-12.7,-0.85,-10.93,0,0,DCHG, ,
12434.4,1,1,1,1,4,3070.0,-1,12.796,-12.7,-0.85,-10.95,0,0,DCHG, ,
12439.4,1,1,1,1,4,3075.0,-1,12.796,-12.7,-0.85,-10.97,0,0,DCHG, ,
12444.4,1,1,1,1,4,3080.0,-1,12.795,-12.7,-0.85,-10.99,0,0,DCHG, ,
12449.4,1,1,1,1,4,3085.0,-1,12.795,-12.7,-0.85,-11.01,0,0,DCHG, ,
12454.4,1,1,1,1,4,3090.0,-1,12.794,-12.7,-0.85,-11.02,0,0,DCHG, ,
12459.4,1,1,1,1,4,3095.0,-0.99,12.794,-12.6,-0.85,-11.04,0,0,DCHG, ,
12464.4,1,1,1,1,4,3100.0,-1,12.794,-12.7,-0.86,-11.06,0,0,DCHG, ,
12469.4,1,1,1,1,4,3105.0,-1,12.793,-12.7,-0.86,-11.08,0,0,DCHG, ,
12474.4,1,1,1,1,4,3110.0,-1,12.793,-12.7,-0.86,-11.09,0,0,DCHG, ,
12479.4,1,1,1,1,4,3115.0,-1,12.792,-12.7,-0.86,-11.11,0,0,DCHG, ,
12484.4,1,1,1,1,4,3120.0,-1,12.792,-12.7,-0.86,-11.13,0,0,DCHG, ,
12489.4,1,1,1,1,4,3125.0,-1,12.792,-12.7,-0.86,-11.15,0,0,DCHG, ,
12494.4,1,1,1,1,4,3130.0,-1,12.791,-12.7,-0.86,-11.16,0,0,DCHG, ,
12499.4,1,1,1,1,4,3135.0,-1,12.791,-12.7,-0.87,-11.18,0,0,DCHG, ,
12504.4,1,1,1,1,4,3140.0,-1,12.79,-12.7,-0.87,-11.2,0,0,DCHG, ,
12509.4,1,1,1,1,4,3145.0,-1,12.791,-12.7,-0.87,-11.22,0,0,DCHG, ,
12514.4,1,1,1,1,4,3150.0,-1,12.79,-12.7,-0.87,-11.23,0,0,DCHG, ,
12519.4,1,1,1,1,4,3155.0,-1,12.789,-12.7,-0.87,-11.25,0,0,DCHG, ,
12524.4,1,1,1,1,4,3160.0,-0.99,12.789,-12.6,-0.87,-11.27,0,0,DCHG, ,
12529.4,1,1,1,1,4,3165.0,-1,12.788,-12.7,-0.87,-11.29,0,0,DCHG, ,
12534.4,1,1,1,1,4,3170.0,-1,12.788,-12.7,-0.87,-11.3,0,0,DCHG, ,
12539.4,1,1,1,1,4,3175.0,-1,12.787,-12.7,-0.88,-11.32,0,0,DCHG, ,
12544.4,1,1,1,1,4,3180.0,-1,12.787,-12.7,-0.88,-11.34,0,0,DCHG, ,
12549.4,1,1,1,1,4,3185.0,-1,12.787,-12.7,-0.88,-11.36,0,0,DCHG, ,
12554.4,1,1,1,1,4,3190.0,-1,12.787,-12.7,-0.88,-11.38,0,0,DCHG, ,
12559.4,1,1,1,1,4,3195.0,-1,12.786,-12.7,-0.88,-11.39,0,0,DCHG, ,
12564.4,1,1,1,1,4,3200.0,-1,12.786,-12.7,-0.88,-11.41,0,0,DCHG, ,
12569.4,1,1,1,1,4,3205.0,-1,12.785,-12.7,-0.88,-11.43,0,0,DCHG, ,
12574.4,1,1,1,1,4,3210.0,-1,12.784,-12.7,-0.89,-11.45,0,0,DCHG, ,
12579.4,1,1,1,1,4,3215.0,-1,12.784,-12.7,-0.89,-11.46,0,0,DCHG, ,
12584.4,1,1,1,1,4,3220.0,-1,12.784,-12.7,-0.89,-11.48,0,0,DCHG, ,
12589.4,1,1,1,1,4,3225.0,-0.99,12.783,-12.6,-0.89,-11.5,0,0,DCHG, ,
12594.4,1,1,1,1,4,3230.0,-1,12.783,-12.7,-0.89,-11.52,0,0,DCHG, ,
12599.4,1,1,1,1,4,3235.0,-1,12.782,-12.7,-0.89,-11.53,0,0,DCHG, ,
12604.4,1,1,1,1,4,3240.0,-1,12.782,-12.7,-0.89,-11.55,0,0,DCHG, ,
12609.4,1,1,1,1,4,3245.0,-1,12.782,-12.7,-0.9,-11.57,0,0,DCHG, ,
12614.4,1,1,1,1,4,3250.0,-1,12.781,-12.7,-0.9,-11.59,0,0,DCHG, ,
12619.4,1,1,1,1,4,3255.0,-1,12.781,-12.7,-0.9,-11.6,0,0,DCHG, ,
12624.4,1,1,1,1,4,3260.0,-0.99,12.781,-12.7,-0.9,-11.62,0,0,DCHG, ,
12629.4,1,1,1,1,4,3265.0,-1,12.78,-12.7,-0.9,-11.64,0,0,DCHG, ,
12634.4,1,1,1,1,4,3270.0,-1,12.78,-12.7,-0.9,-11.66,0,0,DCHG, ,
12639.4,1,1,1,1,4,3275.0,-1,12.78,-12.7,-0.9,-11.68,0,0,DCHG, ,
12644.4,1,1,1,1,4,3280.0,-1,12.779,-12.7,-0.91,-11.69,0,0,DCHG, ,
12649.4,1,1,1,1,4,3285.0,-1,12.778,-12.7,-0.91,-11.71,0,0,DCHG, ,
12654.4,1,1,1,1,4,3290.0,-1,12.778,-12.7,-0.91,-11.73,0,0,DCHG, ,
12659.4,1,1,1,1,4,3295.0,-1,12.777,-12.7,-0.91,-11.75,0,0,DCHG, ,
12664.4,1,1,1,1,4,3300.0,-1,12.777,-12.7,-0.91,-11.76,0,0,DCHG, ,
12669.4,1,1,1,1,4,3305.0,-1,12.776,-12.7,-0.91,-11.78,0,0,DCHG, ,
12674.4,1,1,1,1,4,3310.0,-1,12.776,-12.7,-0.91,-11.8,0,0,DCHG, ,
12679.4,1,1,1,1,4,3315.0,-1,12.775,-12.7,-0.92,-11.82,0,0,DCHG, ,
12684.4,1,1,1,1,4,3320.0,-1,12.775,-12.7,-0.92,-11.83,0,0,DCHG, ,
12689.4,1,1,1,1,4,3325.0,-1,12.775,-12.7,-0.92,-11.85,0,0,DCHG, ,
12694.4,1,1,1,1,4,3330.0,-1,12.775,-12.7,-0.92,-11.87,0,0,DCHG, ,
12699.4,1,1,1,1,4,3335.0,-1,12.775,-12.7,-0.92,-11.89,0,0,DCHG, ,
12704.4,1,1,1,1,4,3340.0,-1,12.774,-12.7,-0.92,-11.9,0,0,DCHG, ,
12709.4,1,1,1,1,4,3345.0,-1,12.774,-12.7,-0.92,-11.92,0,0,DCHG, ,
12714.4,1,1,1,1,4,3350.0,-1,12.773,-12.7,-0.92,-11.94,0,0,DCHG, ,
12719.4,1,1,1,1,4,3355.0,-1,12.773,-12.7,-0.93,-11.96,0,0,DCHG, ,
12724.4,1,1,1,1,4,3360.0,-1,12.773,-12.7,-0.93,-11.97,0,0,DCHG, ,
12729.4,1,1,1,1,4,3365.0,-1,12.772,-12.7,-0.93,-11.99,0,0,DCHG, ,
12734.4,1,1,1,1,4,3370.0,-1,12.772,-12.7,-0.93,-12.01,0,0,DCHG, ,
12739.4,1,1,1,1,4,3375.0,-1,12.771,-12.7,-0.93,-12.03,0,0,DCHG, ,
12744.4,1,1,1,1,4,3380.0,-1,12.771,-12.7,-0.93,-12.05,0,0,DCHG, ,
12749.4,1,1,1,1,4,3385.0,-1,12.77,-12.7,-0.93,-12.06,0,0,DCHG, ,
12754.4,1,1,1,1,4,3390.0,-1,12.77,-12.7,-0.94,-12.08,0,0,DCHG, ,
12759.4,1,1,1,1,4,3395.0,-1,12.769,-12.7,-0.94,-12.1,0,0,DCHG, ,
12764.4,1,1,1,1,4,3400.0,-1,12.769,-12.7,-0.94,-12.12,0,0,DCHG, ,
12769.4,1,1,1,1,4,3405.0,-0.99,12.768,-12.6,-0.94,-12.13,0,0,DCHG, ,
12774.4,1,1,1,1,4,3410.0,-1,12.768,-12.7,-0.94,-12.15,0,0,DCHG, ,
12779.4,1,1,1,1,4,3415.0,-1,12.767,-12.7,-0.94,-12.17,0,0,DCHG, ,
12784.4,1,1,1,1,4,3420.0,-1,12.767,-12.7,-0.94,-12.19,0,0,DCHG, ,
12789.4,1,1,1,1,4,3425.0,-1,12.767,-12.7,-0.95,-12.2,0,0,DCHG, ,
12794.4,1,1,1,1,4,3430.0,-1,12.766,-12.7,-0.95,-12.22,0,0,DCHG, ,
12799.4,1,1,1,1,4,3435.0,-1,12.765,-12.7,-0.95,-12.24,0,0,DCHG, ,
12804.4,1,1,1,1,4,3440.0,-1,12.765,-12.7,-0.95,-12.26,0,0,DCHG, ,
12809.4,1,1,1,1,4,3445.0,-1,12.765,-12.7,-0.95,-12.27,0,0,DCHG, ,
12814.4,1,1,1,1,4,3450.0,-1,12.765,-12.7,-0.95,-12.29,0,0,DCHG, ,
12819.4,1,1,1,1,4,3455.0,-1,12.764,-12.7,-0.95,-12.31,0,0,DCHG, ,
12824.4,1,1,1,1,4,3460.0,-0.99,12.764,-12.6,-0.96,-12.33,0,0,DCHG, ,
12829.4,1,1,1,1,4,3465.0,-1,12.764,-12.7,-0.96,-12.34,0,0,DCHG, ,
12834.4,1,1,1,1,4,3470.0,-1,12.763,-12.7,-0.96,-12.36,0,0,DCHG, ,
12839.4,1,1,1,1,4,3475.0,-1,12.762,-12.7,-0.96,-12.38,0,0,DCHG, ,
12844.4,1,1,1,1,4,3480.0,-1,12.762,-12.7,-0.96,-12.4,0,0,DCHG, ,
12849.4,1,1,1,1,4,3485.0,-1,12.762,-12.7,-0.96,-12.42,0,0,DCHG, ,
12854.4,1,1,1,1,4,3490.0,-1,12.762,-12.7,-0.96,-12.43,0,0,DCHG, ,
12859.4,1,1,1,1,4,3495.0,-1,12.761,-12.7,-0.97,-12.45,0,0,DCHG, ,
12864.4,1,1,1,1,4,3500.0,-1,12.761,-12.7,-0.97,-12.47,0,0,DCHG, ,
12869.4,1,1,1,1,4,3505.0,-1,12.76,-12.7,-0.97,-12.49,0,0,DCHG, ,
12874.4,1,1,1,1,4,3510.0,-1,12.76,-12.7,-0.97,-12.5,0,0,DCHG, ,
12879.4,1,1,1,1,4,3515.0,-1,12.759,-12.7,-0.97,-12.52,0,0,DCHG, ,
12884.4,1,1,1,1,4,3520.0,-1,12.759,-12.7,-0.97,-12.54,0,0,DCHG, ,
12889.4,1,1,1,1,4,3525.0,-1,12.758,-12.7,-0.97,-12.56,0,0,DCHG, ,
12894.4,1,1,1,1,4,3530.0,-1,12.758,-12.7,-0.97,-12.57,0,0,DCHG, ,
12899.4,1,1,1,1,4,3535.0,-1,12.758,-12.7,-0.98,-12.59,0,0,DCHG, ,
12904.4,1,1,1,1,4,3540.0,-1,12.757,-12.7,-0.98,-12.61,0,0,DCHG, ,
12909.4,1,1,1,1,4,3545.0,-1,12.756,-12.7,-0.98,-12.63,0,0,DCHG, ,
12914.4,1,1,1,1,4,3550.0,-1,12.756,-12.7,-0.98,-12.64,0,0,DCHG, ,
12919.4,1,1,1,1,4,3555.0,-1,12.756,-12.7,-0.98,-12.66,0,0,DCHG, ,
12924.4,1,1,1,1,4,3560.0,-1,12.755,-12.7,-0.98,-12.68,0,0,DCHG, ,
12929.4,1,1,1,1,4,3565.0,-1,12.755,-12.7,-0.98,-12.7,0,0,DCHG, ,
12934.4,1,1,1,1,4,3570.0,-1,12.754,-12.7,-0.99,-12.72,0,0,DCHG, ,
12939.4,1,1,1,1,4,3575.0,-1,12.754,-12.7,-0.99,-12.73,0,0,DCHG, ,
12944.4,1,1,1,1,4,3580.0,-1,12.753,-12.7,-0.99,-12.75,0,0,DCHG, ,
12949.4,1,1,1,1,4,3585.0,-1,12.753,-12.7,-0.99,-12.77,0,0,DCHG, ,
12954.4,1,1,1,1,4,3590.0,-1,12.753,-12.7,-0.99,-12.79,0,0,DCHG, ,
12959.4,1,1,1,1,4,3595.0,-1,12.753,-12.7,-0.99,-12.8,0,0,DCHG, ,
12964.4,1,1,1,1,4,3600.0,-1,12.752,-12.7,-0.99,-12.82,0,0,DCHG, ,
12969.4,1,1,1,1,4,3605.0,-1,12.751,-12.6,-1,-12.84,0,0,DCHG, ,
12974.4,1,1,1,1,4,3610.0,-1,12.751,-12.7,-1,-12.86,0,0,DCHG, ,
12979.4,1,1,1,1,4,3615.0,-1,12.751,-12.7,-1,-12.87,0,0,DCHG, ,
12984.4,1,1,1,1,4,3620.0,-1,12.751,-12.7,-1,-12.89,0,0,DCHG, ,
12989.4,1,1,1,1,4,3625.0,-1,12.75,-12.7,-1,-12.91,0,0,DCHG, ,
12994.4,1,1,1,1,4,3630.0,-1,12.749,-12.7,-1,-12.93,0,0,DCHG, ,
12999.4,1,1,1,1,4,3635.0,-1,12.749,-12.7,-1,-12.94,0,0,DCHG, ,
13004.4,1,1,1,1,4,3640.0,-1,12.748,-12.7,-1.01,-12.96,0,0,DCHG, ,
13009.4,1,1,1,1,4,3645.0,-1,12.748,-12.7,-1.01,-12.98,0,0,DCHG, ,
13014.4,1,1,1,1,4,3650.0,-1,12.748,-12.7,-1.01,-13,0,0,DCHG, ,
13019.4,1,1,1,1,4,3655.0,-1,12.748,-12.7,-1.01,-13.01,0,0,DCHG, ,
13024.4,1,1,1,1,4,3660.0,-1,12.746,-12.7,-1.01,-13.03,0,0,DCHG, ,
13029.4,1,1,1,1,4,3665.0,-1,12.746,-12.7,-1.01,-13.05,0,0,DCHG, ,
13034.4,1,1,1,1,4,3670.0,-1,12.746,-12.7,-1.01,-13.07,0,0,DCHG, ,
13039.4,1,1,1,1,4,3675.0,-1,12.746,-12.7,-1.01,-13.09,0,0,DCHG, ,
13044.4,1,1,1,1,4,3680.0,-1,12.745,-12.7,-1.02,-13.1,0,0,DCHG, ,
13049.4,1,1,1,1,4,3685.0,-1,12.745,-12.7,-1.02,-13.12,0,0,DCHG, ,
13054.4,1,1,1,1,4,3690.0,-0.99,12.744,-12.6,-1.02,-13.14,0,0,DCHG, ,
13059.4,1,1,1,1,4,3695.0,-1,12.744,-12.7,-1.02,-13.16,0,0,DCHG, ,
13064.4,1,1,1,1,4,3700.0,-1,12.744,-12.7,-1.02,-13.17,0,0,DCHG, ,
13069.4,1,1,1,1,4,3705.0,-1,12.743,-12.7,-1.02,-13.19,0,0,DCHG, ,
13074.4,1,1,1,1,4,3710.0,-1,12.743,-12.7,-1.02,-13.21,0,0,DCHG, ,
13079.4,1,1,1,1,4,3715.0,-1,12.742,-12.7,-1.03,-13.23,0,0,DCHG, ,
13084.4,1,1,1,1,4,3720.0,-1,12.742,-12.7,-1.03,-13.24,0,0,DCHG, ,
13089.4,1,1,1,1,4,3725.0,-1,12.741,-12.7,-1.03,-13.26,0,0,DCHG, ,
13094.4,1,1,1,1,4,3730.0,-1,12.741,-12.7,-1.03,-13.28,0,0,DCHG, ,
13099.4,1,1,1,1,4,3735.0,-1,12.74,-12.7,-1.03,-13.3,0,0,DCHG, ,
13104.4,1,1,1,1,4,3740.0,-0.99,12.74,-12.6,-1.03,-13.31,0,0,DCHG, ,
13109.4,1,1,1,1,4,3745.0,-1,12.74,-12.7,-1.03,-13.33,0,0,DCHG, ,
13114.4,1,1,1,1,4,3750.0,-1,12.739,-12.7,-1.04,-13.35,0,0,DCHG, ,
13119.4,1,1,1,1,4,3755.0,-0.99,12.739,-12.6,-1.04,-13.37,0,0,DCHG, ,
13124.4,1,1,1,1,4,3760.0,-1,12.739,-12.7,-1.04,-13.38,0,0,DCHG, ,
13129.4,1,1,1,1,4,3765.0,-1,12.738,-12.7,-1.04,-13.4,0,0,DCHG, ,
13134.4,1,1,1,1,4,3770.0,-1,12.737,-12.7,-1.04,-13.42,0,0,DCHG, ,
13139.4,1,1,1,1,4,3775.0,-1,12.737,-12.6,-1.04,-13.44,0,0,DCHG, ,
13144.4,1,1,1,1,4,3780.0,-1,12.737,-12.7,-1.04,-13.46,0,0,DCHG, ,
13149.4,1,1,1,1,4,3785.0,-1,12.736,-12.6,-1.05,-13.47,0,0,DCHG, ,
13154.4,1,1,1,1,4,3790.0,-1,12.735,-12.7,-1.05,-13.49,0,0,DCHG, ,
13159.4,1,1,1,1,4,3795.0,-1,12.735,-12.7,-1.05,-13.51,0,0,DCHG, ,
13164.4,1,1,1,1,4,3800.0,-1,12.735,-12.7,-1.05,-13.53,0,0,DCHG, ,
13169.4,1,1,1,1,4,3805.0,-1,12.734,-12.7,-1.05,-13.54,0,0,DCHG, ,
13174.4,1,1,1,1,4,3810.0,-1,12.734,-12.7,-1.05,-13.56,0,0,DCHG, ,
13179.4,1,1,1,1,4,3815.0,-1,12.734,-12.7,-1.05,-13.58,0,0,DCHG, ,
13184.4,1,1,1,1,4,3820.0,-1,12.733,-12.7,-1.06,-13.6,0,0,DCHG, ,
13189.4,1,1,1,1,4,3825.0,-1,12.733,-12.7,-1.06,-13.61,0,0,DCHG, ,
13194.4,1,1,1,1,4,3830.0,-0.99,12.732,-12.6,-1.06,-13.63,0,0,DCHG, ,
13199.4,1,1,1,1,4,3835.0,-1,12.732,-12.7,-1.06,-13.65,0,0,DCHG, ,
13204.4,1,1,1,1,4,3840.0,-1,12.731,-12.7,-1.06,-13.67,0,0,DCHG, ,
13209.4,1,1,1,1,4,3845.0,-1,12.731,-12.7,-1.06,-13.68,0,0,DCHG, ,
13214.4,1,1,1,1,4,3850.0,-1,12.731,-12.7,-1.06,-13.7,0,0,DCHG, ,
13219.4,1,1,1,1,4,3855.0,-1,12.73,-12.7,-1.06,-13.72,0,0,DCHG, ,
13224.4,1,1,1,1,4,3860.0,-1,12.729,-12.7,-1.07,-13.74,0,0,DCHG, ,
13229.4,1,1,1,1,4,3865.0,-1,12.729,-12.7,-1.07,-13.75,0,0,DCHG, ,
13234.4,1,1,1,1,4,3870.0,-1,12.729,-12.7,-1.07,-13.77,0,0,DCHG, ,
13239.4,1,1,1,1,4,3875.0,-1,12.729,-12.7,-1.07,-13.79,0,0,DCHG, ,
13244.4,1,1,1,1,4,3880.0,-1,12.728,-12.7,-1.07,-13.81,0,0,DCHG, ,
13249.4,1,1,1,1,4,3885.0,-1,12.728,-12.7,-1.07,-13.83,0,0,DCHG, ,
13254.4,1,1,1,1,4,3890.0,-1,12.727,-12.6,-1.07,-13.84,0,0,DCHG, ,
13259.4,1,1,1,1,4,3895.0,-1,12.727,-12.7,-1.08,-13.86,0,0,DCHG, ,
13264.4,1,1,1,1,4,3900.0,-1,12.726,-12.6,-1.08,-13.88,0,0,DCHG, ,
13269.4,1,1,1,1,4,3905.0,-1,12.726,-12.6,-1.08,-13.9,0,0,DCHG, ,
13274.4,1,1,1,1,4,3910.0,-1,12.725,-12.6,-1.08,-13.91,0,0,DCHG, ,
13279.4,1,1,1,1,4,3915.0,-1,12.725,-12.6,-1.08,-13.93,0,0,DCHG, ,
13284.4,1,1,1,1,4,3920.0,-1,12.724,-12.6,-1.08,-13.95,0,0,DCHG, ,
13289.4,1,1,1,1,4,3925.0,-1,12.724,-12.6,-1.08,-13.97,0,0,DCHG, ,
13294.4,1,1,1,1,4,3930.0,-1,12.723,-12.6,-1.09,-13.98,0,0,DCHG, ,
13299.4,1,1,1,1,4,3935.0,-0.99,12.723,-12.6,-1.09,-14,0,0,DCHG, ,
13304.4,1,1,1,1,4,3940.0,-1,12.723,-12.6,-1.09,-14.02,0,0,DCHG, ,
13309.4,1,1,1,1,4,3945.0,-1,12.722,-12.6,-1.09,-14.04,0,0,DCHG, ,
13314.4,1,1,1,1,4,3950.0,-1,12.722,-12.7,-1.09,-14.05,0,0,DCHG, ,
13319.4,1,1,1,1,4,3955.0,-1,12.721,-12.6,-1.09,-14.07,0,0,DCHG, ,
13324.4,1,1,1,1,4,3960.0,-1,12.721,-12.6,-1.09,-14.09,0,0,DCHG, ,
13329.4,1,1,1,1,4,3965.0,-1,12.721,-12.7,-1.1,-14.11,0,0,DCHG, ,
13334.4,1,1,1,1,4,3970.0,-1,12.72,-12.6,-1.1,-14.12,0,0,DCHG, ,
13339.4,1,1,1,1,4,3975.0,-1,12.72,-12.6,-1.1,-14.14,0,0,DCHG, ,
13344.4,1,1,1,1,4,3980.0,-1,12.72,-12.7,-1.1,-14.16,0,0,DCHG, ,
13349.4,1,1,1,1,4,3985.0,-1,12.719,-12.7,-1.1,-14.18,0,0,DCHG, ,
13354.4,1,1,1,1,4,3990.0,-1,12.718,-12.6,-1.1,-14.19,0,0,DCHG, ,
13359.4,1,1,1,1,4,3995.0,-1,12.718,-12.7,-1.1,-14.21,0,0,DCHG, ,
13364.4,1,1,1,1,4,4000.0,-1,12.718,-12.6,-1.11,-14.23,0,0,DCHG, ,
13369.4,1,1,1,1,4,4005.0,-1,12.717,-12.6,-1.11,-14.25,0,0,DCHG, ,
13374.4,1,1,1,1,4,4010.0,-1,12.717,-12.6,-1.11,-14.26,0,0,DCHG, ,
13379.4,1,1,1,1,4,4015.0,-1,12.717,-12.7,-1.11,-14.28,0,0,DCHG, ,
13384.4,1,1,1,1,4,4020.0,-1,12.716,-12.6,-1.11,-14.3,0,0,DCHG, ,
13389.4,1,1,1,1,4,4025.0,-1,12.715,-12.6,-1.11,-14.32,0,0,DCHG, ,
13394.4,1,1,1,1,4,4030.0,-1,12.715,-12.6,-1.11,-14.33,0,0,DCHG, ,
13399.4,1,1,1,1,4,4035.0,-1,12.715,-12.6,-1.11,-14.35,0,0,DCHG, ,
13404.4,1,1,1,1,4,4040.0,-0.99,12.714,-12.6,-1.12,-14.37,0,0,DCHG, ,
13409.4,1,1,1,1,4,4045.0,-1,12.714,-12.7,-1.12,-14.39,0,0,DCHG, ,
13414.4,1,1,1,1,4,4050.0,-1,12.713,-12.6,-1.12,-14.4,0,0,DCHG, ,
13419.4,1,1,1,1,4,4055.0,-1,12.713,-12.7,-1.12,-14.42,0,0,DCHG, ,
13424.4,1,1,1,1,4,4060.0,-1,12.713,-12.6,-1.12,-14.44,0,0,DCHG, ,
13429.4,1,1,1,1,4,4065.0,-1,12.712,-12.6,-1.12,-14.46,0,0,DCHG, ,
13434.4,1,1,1,1,4,4070.0,-1,12.712,-12.6,-1.12,-14.47,0,0,DCHG, ,
13439.4,1,1,1,1,4,4075.0,-1,12.711,-12.6,-1.13,-14.49,0,0,DCHG, ,
13444.4,1,1,1,1,4,4080.0,-1,12.711,-12.7,-1.13,-14.51,0,0,DCHG, ,
13449.4,1,1,1,1,4,4085.0,-1,12.71,-12.6,-1.13,-14.53,0,0,DCHG, ,
13454.4,1,1,1,1,4,4090.0,-1,12.71,-12.6,-1.13,-14.54,0,0,DCHG, ,
13459.4,1,1,1,1,4,4095.0,-1,12.709,-12.6,-1.13,-14.56,0,0,DCHG, ,
13464.4,1,1,1,1,4,4100.0,-1,12.709,-12.6,-1.13,-14.58,0,0,DCHG, ,
13469.4,1,1,1,1,4,4105.0,-1,12.709,-12.6,-1.13,-14.6,0,0,DCHG, ,
13474.4,1,1,1,1,4,4110.0,-1,12.708,-12.6,-1.14,-14.61,0,0,DCHG, ,
13479.4,1,1,1,1,4,4115.0,-1,12.707,-12.6,-1.14,-14.63,0,0,DCHG, ,
13484.4,1,1,1,1,4,4120.0,-1,12.707,-12.6,-1.14,-14.65,0,0,DCHG, ,
13489.4,1,1,1,1,4,4125.0,-1,12.707,-12.6,-1.14,-14.67,0,0,DCHG, ,
13494.4,1,1,1,1,4,4130.0,-1,12.706,-12.6,-1.14,-14.68,0,0,DCHG, ,
13499.4,1,1,1,1,4,4135.0,-1,12.705,-12.6,-1.14,-14.7,0,0,DCHG, ,
13504.4,1,1,1,1,4,4140.0,-1,12.705,-12.6,-1.14,-14.72,0,0,DCHG, ,
13509.4,1,1,1,1,4,4145.0,-1,12.705,-12.7,-1.15,-14.74,0,0,DCHG, ,
13514.4,1,1,1,1,4,4150.0,-1,12.704,-12.6,-1.15,-14.75,0,0,DCHG, ,
13519.4,1,1,1,1,4,4155.0,-1,12.704,-12.7,-1.15,-14.77,0,0,DCHG, ,
13524.4,1,1,1,1,4,4160.0,-1,12.703,-12.6,-1.15,-14.79,0,0,DCHG, ,
13529.4,1,1,1,1,4,4165.0,-1,12.702,-12.6,-1.15,-14.81,0,0,DCHG, ,
13534.4,1,1,1,1,4,4170.0,-1,12.703,-12.6,-1.15,-14.82,0,0,DCHG, ,
13539.4,1,1,1,1,4,4175.0,-1,12.702,-12.6,-1.15,-14.84,0,0,DCHG, ,
13544.4,1,1,1,1,4,4180.0,-1,12.702,-12.6,-1.16,-14.86,0,0,DCHG, ,
13549.4,1,1,1,1,4,4185.0,-0.99,12.701,-12.6,-1.16,-14.88,0,0,DCHG, ,
13554.4,1,1,1,1,4,4190.0,-1,12.701,-12.7,-1.16,-14.89,0,0,DCHG, ,
13559.4,1,1,1,1,4,4195.0,-1,12.701,-12.7,-1.16,-14.91,0,0,DCHG, ,
13564.4,1,1,1,1,4,4200.0,-1,12.7,-12.6,-1.16,-14.93,0,0,DCHG, ,
13569.4,1,1,1,1,4,4205.0,-1,12.7,-12.6,-1.16,-14.95,0,0,DCHG, ,
13574.4,1,1,1,1,4,4210.0,-1,12.699,-12.6,-1.16,-14.96,0,0,DCHG, ,
13579.4,1,1,1,1,4,4215.0,-1,12.699,-12.6,-1.16,-14.98,0,0,DCHG, ,
13584.4,1,1,1,1,4,4220.0,-1,12.698,-12.6,-1.17,-15,0,0,DCHG, ,
13589.4,1,1,1,1,4,4225.0,-1,12.697,-12.6,-1.17,-15.02,0,0,DCHG, ,
13594.4,1,1,1,1,4,4230.0,-1,12.697,-12.6,-1.17,-15.03,0,0,DCHG, ,
13599.4,1,1,1,1,4,4235.0,-1,12.697,-12.6,-1.17,-15.05,0,0,DCHG, ,
13604.4,1,1,1,1,4,4240.0,-1,12.696,-12.6,-1.17,-15.07,0,0,DCHG, ,
13609.4,1,1,1,1,4,4245.0,-1,12.696,-12.6,-1.17,-15.09,0,0,DCHG, ,
13614.4,1,1,1,1,4,4250.0,-1,12.696,-12.6,-1.17,-15.1,0,0,DCHG, ,
13619.4,1,1,1,1,4,4255.0,-1,12.695,-12.6,-1.18,-15.12,0,0,DCHG, ,
13624.4,1,1,1,1,4,4260.0,-1,12.695,-12.6,-1.18,-15.14,0,0,DCHG, ,
13629.4,1,1,1,1,4,4265.0,-1,12.694,-12.6,-1.18,-15.16,0,0,DCHG, ,
13634.4,1,1,1,1,4,4270.0,-1,12.694,-12.6,-1.18,-15.17,0,0,DCHG, ,
13639.4,1,1,1,1,4,4275.0,-0.99,12.694,-12.5,-1.18,-15.19,0,0,DCHG, ,
13644.4,1,1,1,1,4,4280.0,-1,12.693,-12.6,-1.18,-15.21,0,0,DCHG, ,
13649.4,1,1,1,1,4,4285.0,-1,12.693,-12.6,-1.18,-15.23,0,0,DCHG, ,
13654.4,1,1,1,1,4,4290.0,-0.99,12.692,-12.6,-1.19,-15.24,0,0,DCHG, ,
13659.4,1,1,1,1,4,4295.0,-1,12.691,-12.6,-1.19,-15.26,0,0,DCHG, ,
13664.4,1,1,1,1,4,4300.0,-1,12.691,-12.6,-1.19,-15.28,0,0,DCHG, ,
13669.4,1,1,1,1,4,4305.0,-1,12.691,-12.6,-1.19,-15.3,0,0,DCHG, ,
13674.4,1,1,1,1,4,4310.0,-1,12.691,-12.6,-1.19,-15.31,0,0,DCHG, ,
13679.4,1,1,1,1,4,4315.0,-1,12.69,-12.6,-1.19,-15.33,0,0,DCHG, ,
13684.4,1,1,1,1,4,4320.0,-1,12.69,-12.6,-1.19,-15.35,0,0,DCHG, ,
13689.4,1,1,1,1,4,4325.0,-1,12.689,-12.6,-1.2,-15.37,0,0,DCHG, ,
13694.4,1,1,1,1,4,4330.0,-1,12.689,-12.6,-1.2,-15.38,0,0,DCHG, ,
13699.4,1,1,1,1,4,4335.0,-1,12.688,-12.6,-1.2,-15.4,0,0,DCHG, ,
13704.4,1,1,1,1,4,4340.0,-1,12.688,-12.6,-1.2,-15.42,0,0,DCHG, ,
13709.4,1,1,1,1,4,4345.0,-1,12.688,-12.6,-1.2,-15.44,0,0,DCHG, ,
13714.4,1,1,1,1,4,4350.0,-1,12.687,-12.6,-1.2,-15.45,0,0,DCHG, ,
13719.4,1,1,1,1,4,4355.0,-1,12.687,-12.6,-1.2,-15.47,0,0,DCHG, ,
13724.4,1,1,1,1,4,4360.0,-1,12.687,-12.6,-1.21,-15.49,0,0,DCHG, ,
13729.4,1,1,1,1,4,4365.0,-1,12.686,-12.6,-1.21,-15.51,0,0,DCHG, ,
13734.4,1,1,1,1,4,4370.0,-1,12.686,-12.6,-1.21,-15.52,0,0,DCHG, ,
13739.4,1,1,1,1,4,4375.0,-1,12.685,-12.6,-1.21,-15.54,0,0,DCHG, ,
13744.4,1,1,1,1,4,4380.0,-0.99,12.684,-12.5,-1.21,-15.56,0,0,DCHG, ,
13749.4,1,1,1,1,4,4385.0,-0.99,12.684,-12.5,-1.21,-15.58,0,0,DCHG, ,
13754.4,1,1,1,1,4,4390.0,-1,12.683,-12.6,-1.21,-15.59,0,0,DCHG, ,
13759.4,1,1,1,1,4,4395.0,-1,12.683,-12.6,-1.21,-15.61,0,0,DCHG, ,
13764.4,1,1,1,1,4,4400.0,-1,12.682,-12.6,-1.22,-15.63,0,0,DCHG, ,
13769.4,1,1,1,1,4,4405.0,-1,12.682,-12.6,-1.22,-15.65,0,0,DCHG, ,
13774.4,1,1,1,1,4,4410.0,-1,12.682,-12.6,-1.22,-15.66,0,0,DCHG, ,
13779.4,1,1,1,1,4,4415.0,-1,12.681,-12.6,-1.22,-15.68,0,0,DCHG, ,
13784.4,1,1,1,1,4,4420.0,-1,12.681,-12.6,-1.22,-15.7,0,0,DCHG, ,
13789.4,1,1,1,1,4,4425.0,-1,12.68,-12.6,-1.22,-15.72,0,0,DCHG, ,
13794.4,1,1,1,1,4,4430.0,-1,12.68,-12.6,-1.22,-15.73,0,0,DCHG, ,
13799.4,1,1,1,1,4,4435.0,-1,12.68,-12.6,-1.23,-15.75,0,0,DCHG, ,
13804.4,1,1,1,1,4,4440.0,-1,12.679,-12.6,-1.23,-15.77,0,0,DCHG, ,
13809.4,1,1,1,1,4,4445.0,-1,12.679,-12.6,-1.23,-15.79,0,0,DCHG, ,
13814.4,1,1,1,1,4,4450.0,-1,12.678,-12.6,-1.23,-15.8,0,0,DCHG, ,
13819.4,1,1,1,1,4,4455.0,-1,12.677,-12.6,-1.23,-15.82,0,0,DCHG, ,
13824.4,1,1,1,1,4,4460.0,-0.99,12.677,-12.5,-1.23,-15.84,0,0,DCHG, ,
13829.4,1,1,1,1,4,4465.0,-1,12.677,-12.6,-1.23,-15.86,0,0,DCHG, ,
13834.4,1,1,1,1,4,4470.0,-1,12.676,-12.6,-1.24,-15.87,0,0,DCHG, ,
13839.4,1,1,1,1,4,4475.0,-1,12.676,-12.6,-1.24,-15.89,0,0,DCHG, ,
13844.4,1,1,1,1,4,4480.0,-1,12.675,-12.6,-1.24,-15.91,0,0,DCHG, ,
13849.4,1,1,1,1,4,4485.0,-0.99,12.675,-12.5,-1.24,-15.93,0,0,DCHG, ,
13854.4,1,1,1,1,4,4490.0,-1,12.674,-12.6,-1.24,-15.94,0,0,DCHG, ,
13859.4,1,1,1,1,4,4495.0,-1,12.674,-12.6,-1.24,-15.96,0,0,DCHG, ,
13864.4,1,1,1,1,4,4500.0,-1,12.673,-12.6,-1.24,-15.98,0,0,DCHG, ,
13869.4,1,1,1,1,4,4505.0,-1,12.673,-12.6,-1.25,-16,0,0,DCHG, ,
13874.4,1,1,1,1,4,4510.0,-1,12.672,-12.6,-1.25,-16.01,0,0,DCHG, ,
13879.4,1,1,1,1,4,4515.0,-1,12.672,-12.6,-1.25,-16.03,0,0,DCHG, ,
13884.4,1,1,1,1,4,4520.0,-1,12.672,-12.6,-1.25,-16.05,0,0,DCHG, ,
13889.4,1,1,1,1,4,4525.0,-1,12.671,-12.6,-1.25,-16.07,0,0,DCHG, ,
13894.4,1,1,1,1,4,4530.0,-1,12.671,-12.6,-1.25,-16.08,0,0,DCHG, ,
13899.4,1,1,1,1,4,4535.0,-1,12.67,-12.6,-1.25,-16.1,0,0,DCHG, ,
13904.4,1,1,1,1,4,4540.0,-1,12.67,-12.6,-1.26,-16.12,0,0,DCHG, ,
13909.4,1,1,1,1,4,4545.0,-1,12.669,-12.6,-1.26,-16.14,0,0,DCHG, ,
13914.4,1,1,1,1,4,4550.0,-1,12.669,-12.6,-1.26,-16.15,0,0,DCHG, ,
13919.4,1,1,1,1,4,4555.0,-1,12.669,-12.6,-1.26,-16.17,0,0,DCHG, ,
13924.4,1,1,1,1,4,4560.0,-1,12.668,-12.6,-1.26,-16.19,0,0,DCHG, ,
13929.4,1,1,1,1,4,4565.0,-1,12.668,-12.6,-1.26,-16.21,0,0,DCHG, ,
13934.4,1,1,1,1,4,4570.0,-1,12.667,-12.6,-1.26,-16.22,0,0,DCHG, ,
13939.4,1,1,1,1,4,4575.0,-1,12.666,-12.6,-1.26,-16.24,0,0,DCHG, ,
13944.4,1,1,1,1,4,4580.0,-1,12.666,-12.6,-1.27,-16.26,0,0,DCHG, ,
13949.4,1,1,1,1,4,4585.0,-1,12.666,-12.6,-1.27,-16.28,0,0,DCHG, ,
13954.4,1,1,1,1,4,4590.0,-1,12.665,-12.6,-1.27,-16.29,0,0,DCHG, ,
13959.4,1,1,1,1,4,4595.0,-0.99,12.665,-12.5,-1.27,-16.31,0,0,DCHG, ,
13964.4,1,1,1,1,4,4600.0,-1,12.664,-12.6,-1.27,-16.33,0,0,DCHG, ,
13969.4,1,1,1,1,4,4605.0,-0.99,12.663,-12.5,-1.27,-16.35,0,0,DCHG, ,
13974.4,1,1,1,1,4,4610.0,-0.99,12.663,-12.5,-1.27,-16.36,0,0,DCHG, ,
13979.4,1,1,1,1,4,4615.0,-1,12.663,-12.6,-1.28,-16.38,0,0,DCHG, ,
13984.4,1,1,1,1,4,4620.0,-1,12.662,-12.6,-1.28,-16.4,0,0,DCHG, ,
13989.4,1,1,1,1,4,4625.0,-1,12.662,-12.6,-1.28,-16.42,0,0,DCHG, ,
13994.4,1,1,1,1,4,4630.0,-1,12.662,-12.6,-1.28,-16.43,0,0,DCHG, ,
13999.4,1,1,1,1,4,4635.0,-1,12.661,-12.6,-1.28,-16.45,0,0,DCHG, ,
14004.4,1,1,1,1,4,4640.0,-1,12.661,-12.6,-1.28,-16.47,0,0,DCHG, ,
14009.4,1,1,1,1,4,4645.0,-1,12.66,-12.6,-1.28,-16.49,0,0,DCHG, ,
14014.4,1,1,1,1,4,4650.0,-1,12.66,-12.6,-1.29,-16.5,0,0,DCHG, ,
14019.4,1,1,1,1,4,4655.0,-0.99,12.659,-12.5,-1.29,-16.52,0,0,DCHG, ,
14024.4,1,1,1,1,4,4660.0,-1,12.659,-12.6,-1.29,-16.54,0,0,DCHG, ,
14029.4,1,1,1,1,4,4665.0,-1,12.658,-12.6,-1.29,-16.56,0,0,DCHG, ,
14034.4,1,1,1,1,4,4670.0,-1,12.658,-12.6,-1.29,-16.57,0,0,DCHG, ,
14039.4,1,1,1,1,4,4675.0,-1,12.657,-12.6,-1.29,-16.59,0,0,DCHG, ,
14044.4,1,1,1,1,4,4680.0,-1,12.657,-12.6,-1.29,-16.61,0,0,DCHG, ,
14049.4,1,1,1,1,4,4685.0,-1,12.657,-12.6,-1.3,-16.63,0,0,DCHG, ,
14054.4,1,1,1,1,4,4690.0,-1,12.656,-12.6,-1.3,-16.64,0,0,DCHG, ,
14059.4,1,1,1,1,4,4695.0,-1,12.655,-12.6,-1.3,-16.66,0,0,DCHG, ,
14064.4,1,1,1,1,4,4700.0,-1,12.655,-12.6,-1.3,-16.68,0,0,DCHG, ,
14069.4,1,1,1,1,4,4705.0,-1,12.655,-12.6,-1.3,-16.7,0,0,DCHG, ,
14074.4,1,1,1,1,4,4710.0,-1,12.654,-12.6,-1.3,-16.71,0,0,DCHG, ,
14079.4,1,1,1,1,4,4715.0,-1,12.653,-12.6,-1.3,-16.73,0,0,DCHG, ,
14084.4,1,1,1,1,4,4720.0,-1,12.653,-12.6,-1.31,-16.75,0,0,DCHG, ,
14089.4,1,1,1,1,4,4725.0,-1,12.653,-12.6,-1.31,-16.77,0,0,DCHG, ,
14094.4,1,1,1,1,4,4730.0,-0.99,12.652,-12.5,-1.31,-16.78,0,0,DCHG, ,
14099.4,1,1,1,1,4,4735.0,-0.99,12.652,-12.5,-1.31,-16.8,0,0,DCHG, ,
14104.4,1,1,1,1,4,4740.0,-1,12.651,-12.6,-1.31,-16.82,0,0,DCHG, ,
14109.4,1,1,1,1,4,4745.0,-1,12.651,-12.6,-1.31,-16.84,0,0,DCHG, ,
14114.4,1,1,1,1,4,4750.0,-1,12.65,-12.6,-1.31,-16.85,0,0,DCHG, ,
14119.4,1,1,1,1,4,4755.0,-1,12.65,-12.6,-1.31,-16.87,0,0,DCHG, ,
14124.4,1,1,1,1,4,4760.0,-1,12.65,-12.6,-1.32,-16.89,0,0,DCHG, ,
14129.4,1,1,1,1,4,4765.0,-1,12.649,-12.6,-1.32,-16.91,0,0,DCHG, ,
14134.4,1,1,1,1,4,4770.0,-1,12.649,-12.6,-1.32,-16.92,0,0,DCHG, ,
14139.4,1,1,1,1,4,4775.0,-1,12.648,-12.6,-1.32,-16.94,0,0,DCHG, ,
14144.4,1,1,1,1,4,4780.0,-1,12.648,-12.6,-1.32,-16.96,0,0,DCHG, ,
14149.4,1,1,1,1,4,4785.0,-1,12.647,-12.6,-1.32,-16.98,0,0,DCHG, ,
14154.4,1,1,1,1,4,4790.0,-1,12.647,-12.6,-1.32,-16.99,0,0,DCHG, ,
14159.4,1,1,1,1,4,4795.0,-1,12.646,-12.6,-1.33,-17.01,0,0,DCHG, ,
14164.4,1,1,1,1,4,4800.0,-1,12.646,-12.6,-1.33,-17.03,0,0,DCHG, ,
14169.4,1,1,1,1,4,4805.0,-1,12.646,-12.6,-1.33,-17.05,0,0,DCHG, ,
14174.4,1,1,1,1,4,4810.0,-1,12.645,-12.6,-1.33,-17.06,0,0,DCHG, ,
14179.4,1,1,1,1,4,4815.0,-1,12.645,-12.6,-1.33,-17.08,0,0,DCHG, ,
14184.4,1,1,1,1,4,4820.0,-1,12.645,-12.6,-1.33,-17.1,0,0,DCHG, ,
14189.4,1,1,1,1,4,4825.0,-1,12.644,-12.6,-1.33,-17.12,0,0,DCHG, ,
14194.4,1,1,1,1,4,4830.0,-0.99,12.643,-12.5,-1.34,-17.13,0,0,DCHG, ,
14199.4,1,1,1,1,4,4835.0,-1,12.643,-12.6,-1.34,-17.15,0,0,DCHG, ,
14204.4,1,1,1,1,4,4840.0,-1,12.642,-12.6,-1.34,-17.17,0,0,DCHG, ,
14209.4,1,1,1,1,4,4845.0,-1,12.642,-12.6,-1.34,-17.19,0,0,DCHG, ,
14214.4,1,1,1,1,4,4850.0,-1,12.641,-12.6,-1.34,-17.2,0,0,DCHG, ,
14219.4,1,1,1,1,4,4855.0,-1,12.641,-12.6,-1.34,-17.22,0,0,DCHG, ,
14224.4,1,1,1,1,4,4860.0,-1,12.64,-12.6,-1.34,-17.24,0,0,DCHG, ,
14229.4,1,1,1,1,4,4865.0,-1,12.64,-12.6,-1.35,-17.26,0,0,DCHG, ,
14234.4,1,1,1,1,4,4870.0,-1,12.639,-12.6,-1.35,-17.27,0,0,DCHG, ,
14239.4,1,1,1,1,4,4875.0,-1,12.639,-12.6,-1.35,-17.29,0,0,DCHG, ,
14244.4,1,1,1,1,4,4880.0,-1,12.638,-12.6,-1.35,-17.31,0,0,DCHG, ,
14249.4,1,1,1,1,4,4885.0,-1,12.638,-12.6,-1.35,-17.33,0,0,DCHG, ,
14254.4,1,1,1,1,4,4890.0,-1,12.637,-12.6,-1.35,-17.34,0,0,DCHG, ,
14259.4,1,1,1,1,4,4895.0,-1,12.636,-12.6,-1.35,-17.36,0,0,DCHG, ,
14264.4,1,1,1,1,4,4900.0,-1,12.636,-12.6,-1.35,-17.38,0,0,DCHG, ,
14269.4,1,1,1,1,4,4905.0,-1,12.636,-12.6,-1.36,-17.4,0,0,DCHG, ,
14274.4,1,1,1,1,4,4910.0,-1,12.635,-12.6,-1.36,-17.41,0,0,DCHG, ,
14279.4,1,1,1,1,4,4915.0,-0.99,12.635,-12.5,-1.36,-17.43,0,0,DCHG, ,
14284.4,1,1,1,1,4,4920.0,-1,12.635,-12.6,-1.36,-17.45,0,0,DCHG, ,
14289.4,1,1,1,1,4,4925.0,-1,12.634,-12.6,-1.36,-17.47,0,0,DCHG, ,
14294.4,1,1,1,1,4,4930.0,-1,12.634,-12.6,-1.36,-17.48,0,0,DCHG, ,
14299.4,1,1,1,1,4,4935.0,-1,12.633,-12.6,-1.36,-17.5,0,0,DCHG, ,
14304.4,1,1,1,1,4,4940.0,-1,12.632,-12.6,-1.37,-17.52,0,0,DCHG, ,
14309.4,1,1,1,1,4,4945.0,-1,12.632,-12.6,-1.37,-17.54,0,0,DCHG, ,
14314.4,1,1,1,1,4,4950.0,-1,12.631,-12.6,-1.37,-17.55,0,0,DCHG, ,
14319.4,1,1,1,1,4,4955.0,-1,12.631,-12.6,-1.37,-17.57,0,0,DCHG, ,
14324.4,1,1,1,1,4,4960.0,-0.99,12.631,-12.5,-1.37,-17.59,0,0,DCHG, ,
14329.4,1,1,1,1,4,4965.0,-0.99,12.63,-12.5,-1.37,-17.61,0,0,DCHG, ,
14334.4,1,1,1,1,4,4970.0,-1,12.63,-12.6,-1.37,-17.62,0,0,DCHG, ,
14339.4,1,1,1,1,4,4975.0,-0.99,12.629,-12.5,-1.38,-17.64,0,0,DCHG, ,
14344.4,1,1,1,1,4,4980.0,-1,12.629,-12.6,-1.38,-17.66,0,0,DCHG, ,
14349.4,1,1,1,1,4,4985.0,-1,12.628,-12.6,-1.38,-17.68,0,0,DCHG, ,
14354.4,1,1,1,1,4,4990.0,-1,12.628,-12.6,-1.38,-17.69,0,0,DCHG, ,
14359.4,1,1,1,1,4,4995.0,-0.99,12.628,-12.5,-1.38,-17.71,0,0,DCHG, ,
14364.4,1,1,1,1,4,5000.0,-1,12.627,-12.6,-1.38,-17.73,0,0,DCHG, ,
14369.4,1,1,1,1,4,5005.0,-1,12.627,-12.6,-1.38,-17.75,0,0,DCHG, ,
14374.4,1,1,1,1,4,5010.0,-1,12.626,-12.5,-1.39,-17.76,0,0,DCHG, ,
14379.4,1,1,1,1,4,5015.0,-1,12.625,-12.5,-1.39,-17.78,0,0,DCHG, ,
14384.4,1,1,1,1,4,5020.0,-0.99,12.625,-12.5,-1.39,-17.8,0,0,DCHG, ,
14389.4,1,1,1,1,4,5025.0,-1,12.625,-12.5,-1.39,-17.82,0,0,DCHG, ,
14394.4,1,1,1,1,4,5030.0,-1,12.624,-12.5,-1.39,-17.83,0,0,DCHG, ,
14399.4,1,1,1,1,4,5035.0,-1,12.623,-12.6,-1.39,-17.85,0,0,DCHG, ,
14404.4,1,1,1,1,4,5040.0,-1,12.623,-12.5,-1.39,-17.87,0,0,DCHG, ,
14409.4,1,1,1,1,4,5045.0,-1,12.623,-12.5,-1.4,-17.88,0,0,DCHG, ,
14414.4,1,1,1,1,4,5050.0,-1,12.623,-12.5,-1.4,-17.9,0,0,DCHG, ,
14419.4,1,1,1,1,4,5055.0,-1,12.622,-12.5,-1.4,-17.92,0,0,DCHG, ,
14424.4,1,1,1,1,4,5060.0,-1,12.622,-12.5,-1.4,-17.94,0,0,DCHG, ,
14429.4,1,1,1,1,4,5065.0,-1,12.621,-12.6,-1.4,-17.95,0,0,DCHG, ,
14434.4,1,1,1,1,4,5070.0,-1,12.62,-12.5,-1.4,-17.97,0,0,DCHG, ,
14439.4,1,1,1,1,4,5075.0,-1,12.62,-12.5,-1.4,-17.99,0,0,DCHG, ,
14444.4,1,1,1,1,4,5080.0,-1,12.619,-12.6,-1.4,-18.01,0,0,DCHG, ,
14449.4,1,1,1,1,4,5085.0,-1,12.619,-12.5,-1.41,-18.02,0,0,DCHG, ,
14454.4,1,1,1,1,4,5090.0,-1,12.618,-12.5,-1.41,-18.04,0,0,DCHG, ,
14459.4,1,1,1,1,4,5095.0,-1,12.618,-12.5,-1.41,-18.06,0,0,DCHG, ,
14464.4,1,1,1,1,4,5100.0,-1,12.617,-12.6,-1.41,-18.08,0,0,DCHG, ,
14469.4,1,1,1,1,4,5105.0,-1,12.617,-12.5,-1.41,-18.09,0,0,DCHG, ,
14474.4,1,1,1,1,4,5110.0,-1,12.617,-12.5,-1.41,-18.11,0,0,DCHG, ,
14479.4,1,1,1,1,4,5115.0,-1,12.616,-12.5,-1.41,-18.13,0,0,DCHG, ,
14484.4,1,1,1,1,4,5120.0,-1,12.616,-12.6,-1.42,-18.15,0,0,DCHG, ,
14489.4,1,1,1,1,4,5125.0,-1,12.615,-12.5,-1.42,-18.16,0,0,DCHG, ,
14494.4,1,1,1,1,4,5130.0,-1,12.614,-12.5,-1.42,-18.18,0,0,DCHG, ,
14499.4,1,1,1,1,4,5135.0,-1,12.614,-12.5,-1.42,-18.2,0,0,DCHG, ,
14504.4,1,1,1,1,4,5140.0,-1,12.613,-12.5,-1.42,-18.21,0,0,DCHG, ,
14509.4,1,1,1,1,4,5145.0,-1,12.613,-12.6,-1.42,-18.23,0,0,DCHG, ,
14514.4,1,1,1,1,4,5150.0,-1,12.612,-12.5,-1.42,-18.25,0,0,DCHG, ,
14519.4,1,1,1,1,4,5155.0,-1,12.612,-12.5,-1.43,-18.27,0,0,DCHG, ,
14524.4,1,1,1,1,4,5160.0,-1,12.612,-12.5,-1.43,-18.28,0,0,DCHG, ,
14529.4,1,1,1,1,4,5165.0,-1,12.611,-12.5,-1.43,-18.3,0,0,DCHG, ,
14534.4,1,1,1,1,4,5170.0,-1,12.611,-12.5,-1.43,-18.32,0,0,DCHG, ,
14539.4,1,1,1,1,4,5175.0,-1,12.61,-12.5,-1.43,-18.34,0,0,DCHG, ,
14544.4,1,1,1,1,4,5180.0,-1,12.61,-12.5,-1.43,-18.35,0,0,DCHG, ,
14549.4,1,1,1,1,4,5185.0,-1,12.609,-12.5,-1.43,-18.37,0,0,DCHG, ,
14554.4,1,1,1,1,4,5190.0,-0.99,12.608,-12.5,-1.44,-18.39,0,0,DCHG, ,
14559.4,1,1,1,1,4,5195.0,-1,12.608,-12.5,-1.44,-18.41,0,0,DCHG, ,
14564.4,1,1,1,1,4,5200.0,-1,12.608,-12.6,-1.44,-18.42,0,0,DCHG, ,
14569.4,1,1,1,1,4,5205.0,-1,12.608,-12.5,-1.44,-18.44,0,0,DCHG, ,
14574.4,1,1,1,1,4,5210.0,-1,12.607,-12.5,-1.44,-18.46,0,0,DCHG, ,
14579.4,1,1,1,1,4,5215.0,-1,12.606,-12.5,-1.44,-18.48,0,0,DCHG, ,
14584.4,1,1,1,1,4,5220.0,-1,12.606,-12.5,-1.44,-18.49,0,0,DCHG, ,
14589.4,1,1,1,1,4,5225.0,-1,12.606,-12.6,-1.45,-18.51,0,0,DCHG, ,
14594.4,1,1,1,1,4,5230.0,-1,12.605,-12.5,-1.45,-18.53,0,0,DCHG, ,
14599.4,1,1,1,1,4,5235.0,-1,12.605,-12.5,-1.45,-18.55,0,0,DCHG, ,
14604.4,1,1,1,1,4,5240.0,-1,12.604,-12.5,-1.45,-18.56,0,0,DCHG, ,
14609.4,1,1,1,1,4,5245.0,-1,12.604,-12.5,-1.45,-18.58,0,0,DCHG, ,
14614.4,1,1,1,1,4,5250.0,-1,12.603,-12.5,-1.45,-18.6,0,0,DCHG, ,
14619.4,1,1,1,1,4,5255.0,-1,12.603,-12.5,-1.45,-18.61,0,0,DCHG, ,
14624.4,1,1,1,1,4,5260.0,-1,12.602,-12.5,-1.45,-18.63,0,0,DCHG, ,
14629.4,1,1,1,1,4,5265.0,-1,12.601,-12.5,-1.46,-18.65,0,0,DCHG, ,
14634.4,1,1,1,1,4,5270.0,-1,12.601,-12.5,-1.46,-18.67,0,0,DCHG, ,
14639.4,1,1,1,1,4,5275.0,-1,12.601,-12.5,-1.46,-18.68,0,0,DCHG, ,
14644.4,1,1,1,1,4,5280.0,-1,12.601,-12.5,-1.46,-18.7,0,0,DCHG, ,
14649.4,1,1,1,1,4,5285.0,-1,12.6,-12.5,-1.46,-18.72,0,0,DCHG, ,
14654.4,1,1,1,1,4,5290.0,-1,12.6,-12.5,-1.46,-18.74,0,0,DCHG, ,
14659.4,1,1,1,1,4,5295.0,-1,12.599,-12.5,-1.46,-18.75,0,0,DCHG, ,
14664.4,1,1,1,1,4,5300.0,-1,12.598,-12.5,-1.47,-18.77,0,0,DCHG, ,
14669.4,1,1,1,1,4,5305.0,-1,12.598,-12.5,-1.47,-18.79,0,0,DCHG, ,
14674.4,1,1,1,1,4,5310.0,-1,12.597,-12.5,-1.47,-18.81,0,0,DCHG, ,
14679.4,1,1,1,1,4,5315.0,-1,12.597,-12.5,-1.47,-18.82,0,0,DCHG, ,
14684.4,1,1,1,1,4,5320.0,-1,12.596,-12.5,-1.47,-18.84,0,0,DCHG, ,
14689.4,1,1,1,1,4,5325.0,-1,12.596,-12.5,-1.47,-18.86,0,0,DCHG, ,
14694.4,1,1,1,1,4,5330.0,-1,12.595,-12.5,-1.47,-18.88,0,0,DCHG, ,
14699.4,1,1,1,1,4,5335.0,-1,12.595,-12.5,-1.48,-18.89,0,0,DCHG, ,
14704.4,1,1,1,1,4,5340.0,-1,12.594,-12.5,-1.48,-18.91,0,0,DCHG, ,
14709.4,1,1,1,1,4,5345.0,-1,12.594,-12.5,-1.48,-18.93,0,0,DCHG, ,
14714.4,1,1,1,1,4,5350.0,-1,12.594,-12.5,-1.48,-18.94,0,0,DCHG, ,
14719.4,1,1,1,1,4,5355.0,-1,12.593,-12.5,-1.48,-18.96,0,0,DCHG, ,
14724.4,1,1,1,1,4,5360.0,-0.99,12.592,-12.4,-1.48,-18.98,0,0,DCHG, ,
14729.4,1,1,1,1,4,5365.0,-1,12.592,-12.5,-1.48,-19,0,0,DCHG, ,
14734.4,1,1,1,1,4,5370.0,-1,12.591,-12.5,-1.49,-19.01,0,0,DCHG, ,
14739.4,1,1,1,1,4,5375.0,-1,12.59,-12.5,-1.49,-19.03,0,0,DCHG, ,
14744.4,1,1,1,1,4,5380.0,-1,12.59,-12.5,-1.49,-19.05,0,0,DCHG, ,
14749.4,1,1,1,1,4,5385.0,-1,12.59,-12.5,-1.49,-19.07,0,0,DCHG, ,
14754.4,1,1,1,1,4,5390.0,-1,12.589,-12.5,-1.49,-19.08,0,0,DCHG, ,
14759.4,1,1,1,1,4,5395.0,-1,12.589,-12.5,-1.49,-19.1,0,0,DCHG, ,
14764.4,1,1,1,1,4,5400.0,-1,12.589,-12.5,-1.49,-19.12,0,0,DCHG, ,
14765.0,1,1,1,1,4,5400.6,-0.01,12.704,-0.2,-1.49,-19.12,0,0,DCHG,Z,
14769.4,1,1,1,1,4,5405.0,-1,12.613,-12.5,-1.5,-19.13,0,0,DCHG, ,
14774.4,1,1,1,1,4,5410.0,-1,12.599,-12.5,-1.5,-19.15,0,0,DCHG, ,
14779.4,1,1,1,1,4,5415.0,-1,12.592,-12.5,-1.5,-19.17,0,0,DCHG, ,
14784.4,1,1,1,1,4,5420.0,-1,12.589,-12.5,-1.5,-19.19,0,0,DCHG, ,
14789.4,1,1,1,1,4,5425.0,-1,12.588,-12.5,-1.5,-19.2,0,0,DCHG, ,
14794.4,1,1,1,1,4,5430.0,-1,12.587,-12.5,-1.5,-19.22,0,0,DCHG, ,
14799.4,1,1,1,1,4,5435.0,-1,12.586,-12.5,-1.5,-19.24,0,0,DCHG, ,
14804.4,1,1,1,1,4,5440.0,-1,12.585,-12.5,-1.5,-19.26,0,0,DCHG, ,
14809.4,1,1,1,1,4,5445.0,-0.99,12.585,-12.4,-1.51,-19.27,0,0,DCHG, ,
14814.4,1,1,1,1,4,5450.0,-1,12.584,-12.5,-1.51,-19.29,0,0,DCHG, ,
14819.4,1,1,1,1,4,5455.0,-1,12.583,-12.5,-1.51,-19.31,0,0,DCHG, ,
14824.4,1,1,1,1,4,5460.0,-1,12.582,-12.5,-1.51,-19.33,0,0,DCHG, ,
14829.4,1,1,1,1,4,5465.0,-1,12.582,-12.5,-1.51,-19.34,0,0,DCHG, ,
14834.4,1,1,1,1,4,5470.0,-1,12.581,-12.5,-1.51,-19.36,0,0,DCHG, ,
14839.4,1,1,1,1,4,5475.0,-1,12.581,-12.5,-1.51,-19.38,0,0,DCHG, ,
14844.4,1,1,1,1,4,5480.0,-1,12.581,-12.5,-1.52,-19.4,0,0,DCHG, ,
14849.4,1,1,1,1,4,5485.0,-1,12.58,-12.5,-1.52,-19.41,0,0,DCHG, ,
14854.4,1,1,1,1,4,5490.0,-1,12.579,-12.5,-1.52,-19.43,0,0,DCHG, ,
14859.4,1,1,1,1,4,5495.0,-1,12.579,-12.5,-1.52,-19.45,0,0,DCHG, ,
14864.4,1,1,1,1,4,5500.0,-1,12.578,-12.5,-1.52,-19.46,0,0,DCHG, ,
14869.4,1,1,1,1,4,5505.0,-0.99,12.578,-12.4,-1.52,-19.48,0,0,DCHG, ,
14874.4,1,1,1,1,4,5510.0,-1,12.577,-12.5,-1.52,-19.5,0,0,DCHG, ,
14879.4,1,1,1,1,4,5515.0,-1,12.577,-12.5,-1.53,-19.52,0,0,DCHG, ,
14884.4,1,1,1,1,4,5520.0,-1,12.576,-12.5,-1.53,-19.53,0,0,DCHG, ,
14889.4,1,1,1,1,4,5525.0,-1,12.576,-12.5,-1.53,-19.55,0,0,DCHG, ,
14894.4,1,1,1,1,4,5530.0,-0.99,12.576,-12.4,-1.53,-19.57,0,0,DCHG, ,
14899.4,1,1,1,1,4,5535.0,-1,12.575,-12.5,-1.53,-19.59,0,0,DCHG, ,
14904.4,1,1,1,1,4,5540.0,-1,12.575,-12.5,-1.53,-19.6,0,0,DCHG, ,
14909.4,1,1,1,1,4,5545.0,-1,12.574,-12.5,-1.53,-19.62,0,0,DCHG, ,
14914.4,1,1,1,1,4,5550.0,-1,12.574,-12.5,-1.54,-19.64,0,0,DCHG, ,
14919.4,1,1,1,1,4,5555.0,-0.99,12.573,-12.4,-1.54,-19.66,0,0,DCHG, ,
14924.4,1,1,1,1,4,5560.0,-1,12.573,-12.5,-1.54,-19.67,0,0,DCHG, ,
14929.4,1,1,1,1,4,5565.0,-1,12.572,-12.5,-1.54,-19.69,0,0,DCHG, ,
14934.4,1,1,1,1,4,5570.0,-1,12.571,-12.5,-1.54,-19.71,0,0,DCHG, ,
14939.4,1,1,1,1,4,5575.0,-1,12.571,-12.5,-1.54,-19.72,0,0,DCHG, ,
14944.4,1,1,1,1,4,5580.0,-1,12.57,-12.5,-1.54,-19.74,0,0,DCHG, ,
14949.4,1,1,1,1,4,5585.0,-1,12.57,-12.5,-1.55,-19.76,0,0,DCHG, ,
14954.4,1,1,1,1,4,5590.0,-1,12.57,-12.5,-1.55,-19.78,0,0,DCHG, ,
14959.4,1,1,1,1,4,5595.0,-1,12.57,-12.5,-1.55,-19.79,0,0,DCHG, ,
14964.4,1,1,1,1,4,5600.0,-1,12.569,-12.5,-1.55,-19.81,0,0,DCHG, ,
14969.4,1,1,1,1,4,5605.0,-1,12.568,-12.5,-1.55,-19.83,0,0,DCHG, ,
14974.4,1,1,1,1,4,5610.0,-0.99,12.568,-12.4,-1.55,-19.85,0,0,DCHG, ,
14979.4,1,1,1,1,4,5615.0,-0.99,12.567,-12.4,-1.55,-19.86,0,0,DCHG, ,
14984.4,1,1,1,1,4,5620.0,-1,12.567,-12.5,-1.55,-19.88,0,0,DCHG, ,
14989.4,1,1,1,1,4,5625.0,-1,12.567,-12.5,-1.56,-19.9,0,0,DCHG, ,
14994.4,1,1,1,1,4,5630.0,-1,12.566,-12.5,-1.56,-19.92,0,0,DCHG, ,
14999.4,1,1,1,1,4,5635.0,-1,12.565,-12.5,-1.56,-19.93,0,0,DCHG, ,
15004.4,1,1,1,1,4,5640.0,-1,12.565,-12.5,-1.56,-19.95,0,0,DCHG, ,
15009.4,1,1,1,1,4,5645.0,-1,12.564,-12.5,-1.56,-19.97,0,0,DCHG, ,
15014.4,1,1,1,1,4,5650.0,-1,12.564,-12.5,-1.56,-19.99,0,0,DCHG, ,
15019.4,1,1,1,1,4,5655.0,-1,12.563,-12.5,-1.56,-20,0,0,DCHG, ,
15024.4,1,1,1,1,4,5660.0,-1,12.562,-12.5,-1.57,-20.02,0,0,DCHG, ,
15029.4,1,1,1,1,4,5665.0,-1,12.562,-12.5,-1.57,-20.04,0,0,DCHG, ,
15034.4,1,1,1,1,4,5670.0,-1,12.561,-12.5,-1.57,-20.05,0,0,DCHG, ,
15039.4,1,1,1,1,4,5675.0,-1,12.561,-12.5,-1.57,-20.07,0,0,DCHG, ,
15044.4,1,1,1,1,4,5680.0,-1,12.561,-12.5,-1.57,-20.09,0,0,DCHG, ,
15049.4,1,1,1,1,4,5685.0,-1,12.56,-12.5,-1.57,-20.11,0,0,DCHG, ,
15054.4,1,1,1,1,4,5690.0,-1,12.559,-12.5,-1.57,-20.12,0,0,DCHG, ,
15059.4,1,1,1,1,4,5695.0,-1,12.559,-12.5,-1.58,-20.14,0,0,DCHG, ,
15064.4,1,1,1,1,4,5700.0,-1,12.559,-12.5,-1.58,-20.16,0,0,DCHG, ,
15069.4,1,1,1,1,4,5705.0,-1,12.558,-12.5,-1.58,-20.18,0,0,DCHG, ,
15074.4,1,1,1,1,4,5710.0,-1,12.558,-12.5,-1.58,-20.19,0,0,DCHG, ,
15079.4,1,1,1,1,4,5715.0,-1,12.557,-12.5,-1.58,-20.21,0,0,DCHG, ,
15084.4,1,1,1,1,4,5720.0,-1,12.556,-12.5,-1.58,-20.23,0,0,DCHG, ,
15089.4,1,1,1,1,4,5725.0,-1,12.556,-12.5,-1.58,-20.25,0,0,DCHG, ,
15094.4,1,1,1,1,4,5730.0,-1,12.556,-12.5,-1.59,-20.26,0,0,DCHG, ,
15099.4,1,1,1,1,4,5735.0,-1,12.555,-12.5,-1.59,-20.28,0,0,DCHG, ,
15104.4,1,1,1,1,4,5740.0,-1,12.554,-12.5,-1.59,-20.3,0,0,DCHG, ,
15109.4,1,1,1,1,4,5745.0,-1,12.554,-12.5,-1.59,-20.31,0,0,DCHG, ,
15114.4,1,1,1,1,4,5750.0,-1,12.554,-12.5,-1.59,-20.33,0,0,DCHG, ,
15119.4,1,1,1,1,4,5755.0,-1,12.553,-12.5,-1.59,-20.35,0,0,DCHG, ,
15124.4,1,1,1,1,4,5760.0,-1,12.552,-12.5,-1.59,-20.37,0,0,DCHG, ,
15129.4,1,1,1,1,4,5765.0,-1,12.552,-12.5,-1.59,-20.38,0,0,DCHG, ,
15134.4,1,1,1,1,4,5770.0,-1,12.551,-12.5,-1.6,-20.4,0,0,DCHG, ,
15139.4,1,1,1,1,4,5775.0,-1,12.551,-12.5,-1.6,-20.42,0,0,DCHG, ,
15144.4,1,1,1,1,4,5780.0,-1,12.551,-12.5,-1.6,-20.44,0,0,DCHG, ,
15149.4,1,1,1,1,4,5785.0,-1,12.55,-12.5,-1.6,-20.45,0,0,DCHG, ,
15154.4,1,1,1,1,4,5790.0,-1,12.549,-12.5,-1.6,-20.47,0,0,DCHG, ,
15159.4,1,1,1,1,4,5795.0,-1,12.549,-12.5,-1.6,-20.49,0,0,DCHG, ,
15164.4,1,1,1,1,4,5800.0,-1,12.549,-12.5,-1.6,-20.51,0,0,DCHG, ,
15169.4,1,1,1,1,4,5805.0,-1,12.548,-12.5,-1.61,-20.52,0,0,DCHG, ,
15174.4,1,1,1,1,4,5810.0,-1,12.548,-12.5,-1.61,-20.54,0,0,DCHG, ,
15179.4,1,1,1,1,4,5815.0,-1,12.547,-12.5,-1.61,-20.56,0,0,DCHG, ,
15184.4,1,1,1,1,4,5820.0,-1,12.547,-12.5,-1.61,-20.58,0,0,DCHG, ,
15189.4,1,1,1,1,4,5825.0,-1,12.546,-12.5,-1.61,-20.59,0,0,DCHG, ,
15194.4,1,1,1,1,4,5830.0,-1,12.546,-12.5,-1.61,-20.61,0,0,DCHG, ,
15199.4,1,1,1,1,4,5835.0,-1,12.545,-12.5,-1.61,-20.63,0,0,DCHG, ,
15204.4,1,1,1,1,4,5840.0,-1,12.545,-12.5,-1.62,-20.64,0,0,DCHG, ,
15209.4,1,1,1,1,4,5845.0,-1,12.544,-12.5,-1.62,-20.66,0,0,DCHG, ,
15214.4,1,1,1,1,4,5850.0,-1,12.544,-12.4,-1.62,-20.68,0,0,DCHG, ,
15219.4,1,1,1,1,4,5855.0,-1,12.543,-12.5,-1.62,-20.7,0,0,DCHG, ,
15224.4,1,1,1,1,4,5860.0,-1,12.543,-12.5,-1.62,-20.71,0,0,DCHG, ,
15229.4,1,1,1,1,4,5865.0,-0.99,12.542,-12.4,-1.62,-20.73,0,0,DCHG, ,
15234.4,1,1,1,1,4,5870.0,-1,12.541,-12.5,-1.62,-20.75,0,0,DCHG, ,
15239.4,1,1,1,1,4,5875.0,-1,12.54,-12.5,-1.63,-20.77,0,0,DCHG, ,
15244.4,1,1,1,1,4,5880.0,-1,12.54,-12.5,-1.63,-20.78,0,0,DCHG, ,
15249.4,1,1,1,1,4,5885.0,-1,12.54,-12.5,-1.63,-20.8,0,0,DCHG, ,
15254.4,1,1,1,1,4,5890.0,-1,12.539,-12.5,-1.63,-20.82,0,0,DCHG, ,
15259.4,1,1,1,1,4,5895.0,-1,12.538,-12.5,-1.63,-20.84,0,0,DCHG, ,
15264.4,1,1,1,1,4,5900.0,-1,12.538,-12.5,-1.63,-20.85,0,0,DCHG, ,
15269.4,1,1,1,1,4,5905.0,-1,12.538,-12.5,-1.63,-20.87,0,0,DCHG, ,
15274.4,1,1,1,1,4,5910.0,-1,12.537,-12.5,-1.64,-20.89,0,0,DCHG, ,
15279.4,1,1,1,1,4,5915.0,-1,12.537,-12.5,-1.64,-20.9,0,0,DCHG, ,
15284.4,1,1,1,1,4,5920.0,-1,12.536,-12.5,-1.64,-20.92,0,0,DCHG, ,
15289.4,1,1,1,1,4,5925.0,-1,12.536,-12.5,-1.64,-20.94,0,0,DCHG, ,
15294.4,1,1,1,1,4,5930.0,-1,12.535,-12.5,-1.64,-20.96,0,0,DCHG, ,
15299.4,1,1,1,1,4,5935.0,-1,12.534,-12.5,-1.64,-20.97,0,0,DCHG, ,
15304.4,1,1,1,1,4,5940.0,-1,12.534,-12.5,-1.64,-20.99,0,0,DCHG, ,
15309.4,1,1,1,1,4,5945.0,-1,12.534,-12.5,-1.64,-21.01,0,0,DCHG, ,
15314.4,1,1,1,1,4,5950.0,-1,12.533,-12.4,-1.65,-21.03,0,0,DCHG, ,
15319.4,1,1,1,1,4,5955.0,-1,12.532,-12.5,-1.65,-21.04,0,0,DCHG, ,
15324.4,1,1,1,1,4,5960.0,-1,12.532,-12.5,-1.65,-21.06,0,0,DCHG, ,
15329.4,1,1,1,1,4,5965.0,-1,12.532,-12.5,-1.65,-21.08,0,0,DCHG, ,
15334.4,1,1,1,1,4,5970.0,-1,12.531,-12.5,-1.65,-21.1,0,0,DCHG, ,
15339.4,1,1,1,1,4,5975.0,-1,12.53,-12.5,-1.65,-21.11,0,0,DCHG, ,
15344.4,1,1,1,1,4,5980.0,-1,12.53,-12.5,-1.65,-21.13,0,0,DCHG, ,
15349.4,1,1,1,1,4,5985.0,-1,12.53,-12.5,-1.66,-21.15,0,0,DCHG, ,
15354.4,1,1,1,1,4,5990.0,-1,12.529,-12.5,-1.66,-21.16,0,0,DCHG, ,
15359.4,1,1,1,1,4,5995.0,-1,12.529,-12.5,-1.66,-21.18,0,0,DCHG, ,
15364.4,1,1,1,1,4,6000.0,-1,12.528,-12.5,-1.66,-21.2,0,0,DCHG, ,
15369.4,1,1,1,1,4,6005.0,-1,12.528,-12.5,-1.66,-21.22,0,0,DCHG, ,
15374.4,1,1,1,1,4,6010.0,-1,12.527,-12.5,-1.66,-21.23,0,0,DCHG, ,
15379.4,1,1,1,1,4,6015.0,-1,12.527,-12.5,-1.66,-21.25,0,0,DCHG, ,
15384.4,1,1,1,1,4,6020.0,-1,12.526,-12.5,-1.67,-21.27,0,0,DCHG, ,
15389.4,1,1,1,1,4,6025.0,-1,12.526,-12.5,-1.67,-21.29,0,0,DCHG, ,
15394.4,1,1,1,1,4,6030.0,-1,12.525,-12.4,-1.67,-21.3,0,0,DCHG, ,
15399.4,1,1,1,1,4,6035.0,-1,12.525,-12.5,-1.67,-21.32,0,0,DCHG, ,
15404.4,1,1,1,1,4,6040.0,-1,12.524,-12.4,-1.67,-21.34,0,0,DCHG, ,
15409.4,1,1,1,1,4,6045.0,-1,12.523,-12.4,-1.67,-21.36,0,0,DCHG, ,
15414.4,1,1,1,1,4,6050.0,-1,12.523,-12.4,-1.67,-21.37,0,0,DCHG, ,
15419.4,1,1,1,1,4,6055.0,-1,12.523,-12.4,-1.68,-21.39,0,0,DCHG, ,
15424.4,1,1,1,1,4,6060.0,-1,12.522,-12.5,-1.68,-21.41,0,0,DCHG, ,
15429.4,1,1,1,1,4,6065.0,-1,12.522,-12.4,-1.68,-21.42,0,0,DCHG, ,
15434.4,1,1,1,1,4,6070.0,-1,12.521,-12.4,-1.68,-21.44,0,0,DCHG, ,
15439.4,1,1,1,1,4,6075.0,-1,12.52,-12.4,-1.68,-21.46,0,0,DCHG, ,
15444.4,1,1,1,1,4,6080.0,-1,12.52,-12.4,-1.68,-21.48,0,0,DCHG, ,
15449.4,1,1,1,1,4,6085.0,-1,12.519,-12.4,-1.68,-21.49,0,0,DCHG, ,
15454.4,1,1,1,1,4,6090.0,-1,12.519,-12.4,-1.69,-21.51,0,0,DCHG, ,
15459.4,1,1,1,1,4,6095.0,-1,12.519,-12.4,-1.69,-21.53,0,0,DCHG, ,
15464.4,1,1,1,1,4,6100.0,-1,12.519,-12.5,-1.69,-21.55,0,0,DCHG, ,
15469.4,1,1,1,1,4,6105.0,-1,12.518,-12.4,-1.69,-21.56,0,0,DCHG, ,
15474.4,1,1,1,1,4,6110.0,-1,12.517,-12.4,-1.69,-21.58,0,0,DCHG, ,
15479.4,1,1,1,1,4,6115.0,-1,12.517,-12.4,-1.69,-21.6,0,0,DCHG, ,
15484.4,1,1,1,1,4,6120.0,-0.99,12.516,-12.4,-1.69,-21.61,0,0,DCHG, ,
15489.4,1,1,1,1,4,6125.0,-1,12.516,-12.4,-1.69,-21.63,0,0,DCHG, ,
15494.4,1,1,1,1,4,6130.0,-1,12.515,-12.4,-1.7,-21.65,0,0,DCHG, ,
15499.4,1,1,1,1,4,6135.0,-1,12.515,-12.4,-1.7,-21.67,0,0,DCHG, ,
15504.4,1,1,1,1,4,6140.0,-1,12.514,-12.4,-1.7,-21.68,0,0,DCHG, ,
15509.4,1,1,1,1,4,6145.0,-1,12.513,-12.4,-1.7,-21.7,0,0,DCHG, ,
15514.4,1,1,1,1,4,6150.0,-1,12.513,-12.4,-1.7,-21.72,0,0,DCHG, ,
15519.4,1,1,1,1,4,6155.0,-1,12.512,-12.4,-1.7,-21.73,0,0,DCHG, ,
15524.4,1,1,1,1,4,6160.0,-1,12.512,-12.4,-1.7,-21.75,0,0,DCHG, ,
15529.4,1,1,1,1,4,6165.0,-1,12.512,-12.4,-1.71,-21.77,0,0,DCHG, ,
15534.4,1,1,1,1,4,6170.0,-1,12.512,-12.4,-1.71,-21.79,0,0,DCHG, ,
15539.4,1,1,1,1,4,6175.0,-1,12.511,-12.4,-1.71,-21.8,0,0,DCHG, ,
15544.4,1,1,1,1,4,6180.0,-1,12.51,-12.4,-1.71,-21.82,0,0,DCHG, ,
15549.4,1,1,1,1,4,6185.0,-1,12.51,-12.5,-1.71,-21.84,0,0,DCHG, ,
15554.4,1,1,1,1,4,6190.0,-1,12.509,-12.4,-1.71,-21.86,0,0,DCHG, ,
15559.4,1,1,1,1,4,6195.0,-1,12.508,-12.5,-1.71,-21.87,0,0,DCHG, ,
15564.4,1,1,1,1,4,6200.0,-1,12.508,-12.5,-1.72,-21.89,0,0,DCHG, ,
15569.4,1,1,1,1,4,6205.0,-1,12.508,-12.4,-1.72,-21.91,0,0,DCHG, ,
15574.4,1,1,1,1,4,6210.0,-1,12.507,-12.4,-1.72,-21.92,0,0,DCHG, ,
15579.4,1,1,1,1,4,6215.0,-1,12.506,-12.4,-1.72,-21.94,0,0,DCHG, ,
15584.4,1,1,1,1,4,6220.0,-1,12.506,-12.4,-1.72,-21.96,0,0,DCHG, ,
15589.4,1,1,1,1,4,6225.0,-1,12.506,-12.4,-1.72,-21.98,0,0,DCHG, ,
15594.4,1,1,1,1,4,6230.0,-1,12.505,-12.4,-1.72,-21.99,0,0,DCHG, ,
15599.4,1,1,1,1,4,6235.0,-1,12.504,-12.4,-1.73,-22.01,0,0,DCHG, ,
15604.4,1,1,1,1,4,6240.0,-1,12.504,-12.4,-1.73,-22.03,0,0,DCHG, ,
15609.4,1,1,1,1,4,6245.0,-1,12.504,-12.5,-1.73,-22.05,0,0,DCHG, ,
15614.4,1,1,1,1,4,6250.0,-1,12.503,-12.4,-1.73,-22.06,0,0,DCHG, ,
15619.4,1,1,1,1,4,6255.0,-1,12.502,-12.4,-1.73,-22.08,0,0,DCHG, ,
15624.4,1,1,1,1,4,6260.0,-1,12.502,-12.4,-1.73,-22.1,0,0,DCHG, ,
15629.4,1,1,1,1,4,6265.0,-1,12.502,-12.4,-1.73,-22.11,0,0,DCHG, ,
15634.4,1,1,1,1,4,6270.0,-0.99,12.501,-12.4,-1.74,-22.13,0,0,DCHG, ,
15639.4,1,1,1,1,4,6275.0,-1,12.5,-12.4,-1.74,-22.15,0,0,DCHG, ,
15644.4,1,1,1,1,4,6280.0,-1,12.5,-12.5,-1.74,-22.17,0,0,DCHG, ,
15649.4,1,1,1,1,4,6285.0,-1,12.5,-12.4,-1.74,-22.18,0,0,DCHG, ,
15654.4,1,1,1,1,4,6290.0,-1,12.499,-12.4,-1.74,-22.2,0,0,DCHG, ,
15659.4,1,1,1,1,4,6295.0,-1,12.498,-12.4,-1.74,-22.22,0,0,DCHG, ,
15664.4,1,1,1,1,4,6300.0,-1,12.498,-12.4,-1.74,-22.23,0,0,DCHG, ,
15669.4,1,1,1,1,4,6305.0,-1,12.498,-12.4,-1.74,-22.25,0,0,DCHG, ,
15674.4,1,1,1,1,4,6310.0,-0.99,12.497,-12.3,-1.75,-22.27,0,0,DCHG, ,
15679.4,1,1,1,1,4,6315.0,-1,12.497,-12.4,-1.75,-22.29,0,0,DCHG, ,
15684.4,1,1,1,1,4,6320.0,-1,12.496,-12.4,-1.75,-22.3,0,0,DCHG, ,
15689.4,1,1,1,1,4,6325.0,-0.99,12.496,-12.3,-1.75,-22.32,0,0,DCHG, ,
15694.4,1,1,1,1,4,6330.0,-1,12.496,-12.4,-1.75,-22.34,0,0,DCHG, ,
15699.4,1,1,1,1,4,6335.0,-1,12.495,-12.4,-1.75,-22.36,0,0,DCHG, ,
15704.4,1,1,1,1,4,6340.0,-1,12.495,-12.4,-1.75,-22.37,0,0,DCHG, ,
15709.4,1,1,1,1,4,6345.0,-1,12.494,-12.4,-1.76,-22.39,0,0,DCHG, ,
15714.4,1,1,1,1,4,6350.0,-1,12.493,-12.4,-1.76,-22.41,0,0,DCHG, ,
15719.4,1,1,1,1,4,6355.0,-1,12.493,-12.4,-1.76,-22.42,0,0,DCHG, ,
15724.4,1,1,1,1,4,6360.0,-1,12.492,-12.4,-1.76,-22.44,0,0,DCHG, ,
15729.4,1,1,1,1,4,6365.0,-1,12.492,-12.4,-1.76,-22.46,0,0,DCHG, ,
15734.4,1,1,1,1,4,6370.0,-1,12.491,-12.4,-1.76,-22.48,0,0,DCHG, ,
15739.4,1,1,1,1,4,6375.0,-1,12.491,-12.4,-1.76,-22.49,0,0,DCHG, ,
15744.4,1,1,1,1,4,6380.0,-1,12.49,-12.4,-1.77,-22.51,0,0,DCHG, ,
15749.4,1,1,1,1,4,6385.0,-1,12.489,-12.4,-1.77,-22.53,0,0,DCHG, ,
15754.4,1,1,1,1,4,6390.0,-1,12.489,-12.4,-1.77,-22.54,0,0,DCHG, ,
15759.4,1,1,1,1,4,6395.0,-1,12.488,-12.4,-1.77,-22.56,0,0,DCHG, ,
15764.4,1,1,1,1,4,6400.0,-1,12.488,-12.4,-1.77,-22.58,0,0,DCHG, ,
15769.4,1,1,1,1,4,6405.0,-0.99,12.488,-12.3,-1.77,-22.6,0,0,DCHG, ,
15774.4,1,1,1,1,4,6410.0,-1,12.487,-12.4,-1.77,-22.61,0,0,DCHG, ,
15779.4,1,1,1,1,4,6415.0,-1,12.487,-12.4,-1.78,-22.63,0,0,DCHG, ,
15784.4,1,1,1,1,4,6420.0,-1,12.486,-12.4,-1.78,-22.65,0,0,DCHG, ,
15789.4,1,1,1,1,4,6425.0,-1,12.486,-12.4,-1.78,-22.67,0,0,DCHG, ,
15794.4,1,1,1,1,4,6430.0,-1,12.485,-12.4,-1.78,-22.68,0,0,DCHG, ,
15799.4,1,1,1,1,4,6435.0,-0.99,12.485,-12.3,-1.78,-22.7,0,0,DCHG, ,
15804.4,1,1,1,1,4,6440.0,-1,12.485,-12.4,-1.78,-22.72,0,0,DCHG, ,
15809.4,1,1,1,1,4,6445.0,-1,12.484,-12.4,-1.78,-22.73,0,0,DCHG, ,
15814.4,1,1,1,1,4,6450.0,-1,12.483,-12.4,-1.79,-22.75,0,0,DCHG, ,
15819.4,1,1,1,1,4,6455.0,-1,12.483,-12.4,-1.79,-22.77,0,0,DCHG, ,
15824.4,1,1,1,1,4,6460.0,-1,12.483,-12.4,-1.79,-22.79,0,0,DCHG, ,
15829.4,1,1,1,1,4,6465.0,-1,12.482,-12.4,-1.79,-22.8,0,0,DCHG, ,
15834.4,1,1,1,1,4,6470.0,-1,12.482,-12.4,-1.79,-22.82,0,0,DCHG, ,
15839.4,1,1,1,1,4,6475.0,-1,12.482,-12.4,-1.79,-22.84,0,0,DCHG, ,
15844.4,1,1,1,1,4,6480.0,-1,12.481,-12.4,-1.79,-22.85,0,0,DCHG, ,
15849.4,1,1,1,1,4,6485.0,-0.99,12.48,-12.4,-1.79,-22.87,0,0,DCHG, ,
15854.4,1,1,1,1,4,6490.0,-1,12.48,-12.4,-1.8,-22.89,0,0,DCHG, ,
15859.4,1,1,1,1,4,6495.0,-1,12.479,-12.4,-1.8,-22.91,0,0,DCHG, ,
15864.4,1,1,1,1,4,6500.0,-1,12.478,-12.4,-1.8,-22.92,0,0,DCHG, ,
15869.4,1,1,1,1,4,6505.0,-0.99,12.478,-12.3,-1.8,-22.94,0,0,DCHG, ,
15874.4,1,1,1,1,4,6510.0,-1,12.477,-12.4,-1.8,-22.96,0,0,DCHG, ,
15879.4,1,1,1,1,4,6515.0,-1,12.477,-12.4,-1.8,-22.98,0,0,DCHG, ,
15884.4,1,1,1,1,4,6520.0,-1,12.477,-12.4,-1.8,-22.99,0,0,DCHG, ,
15889.4,1,1,1,1,4,6525.0,-1,12.476,-12.4,-1.81,-23.01,0,0,DCHG, ,
15894.4,1,1,1,1,4,6530.0,-0.99,12.475,-12.3,-1.81,-23.03,0,0,DCHG, ,
15899.4,1,1,1,1,4,6535.0,-1,12.475,-12.4,-1.81,-23.04,0,0,DCHG, ,
15904.4,1,1,1,1,4,6540.0,-1,12.474,-12.4,-1.81,-23.06,0,0,DCHG, ,
15909.4,1,1,1,1,4,6545.0,-1,12.474,-12.4,-1.81,-23.08,0,0,DCHG, ,
15914.4,1,1,1,1,4,6550.0,-1,12.474,-12.4,-1.81,-23.1,0,0,DCHG, ,
15919.4,1,1,1,1,4,6555.0,-1,12.473,-12.4,-1.81,-23.11,0,0,DCHG, ,
15924.4,1,1,1,1,4,6560.0,-1,12.473,-12.4,-1.82,-23.13,0,0,DCHG, ,
15929.4,1,1,1,1,4,6565.0,-1,12.472,-12.4,-1.82,-23.15,0,0,DCHG, ,
15934.4,1,1,1,1,4,6570.0,-1,12.472,-12.4,-1.82,-23.16,0,0,DCHG, ,
15939.4,1,1,1,1,4,6575.0,-1,12.471,-12.4,-1.82,-23.18,0,0,DCHG, ,
15944.4,1,1,1,1,4,6580.0,-1,12.471,-12.4,-1.82,-23.2,0,0,DCHG, ,
15949.4,1,1,1,1,4,6585.0,-1,12.47,-12.4,-1.82,-23.22,0,0,DCHG, ,
15954.4,1,1,1,1,4,6590.0,-1,12.47,-12.4,-1.82,-23.23,0,0,DCHG, ,
15959.4,1,1,1,1,4,6595.0,-0.99,12.47,-12.3,-1.83,-23.25,0,0,DCHG, ,
15964.4,1,1,1,1,4,6600.0,-1,12.47,-12.4,-1.83,-23.27,0,0,DCHG, ,
15969.4,1,1,1,1,4,6605.0,-1,12.469,-12.4,-1.83,-23.28,0,0,DCHG, ,
15974.4,1,1,1,1,4,6610.0,-1,12.468,-12.4,-1.83,-23.3,0,0,DCHG, ,
15979.4,1,1,1,1,4,6615.0,-1,12.468,-12.4,-1.83,-23.32,0,0,DCHG, ,
15984.4,1,1,1,1,4,6620.0,-1,12.467,-12.4,-1.83,-23.34,0,0,DCHG, ,
15989.4,1,1,1,1,4,6625.0,-1,12.467,-12.4,-1.83,-23.35,0,0,DCHG, ,
15994.4,1,1,1,1,4,6630.0,-1,12.466,-12.4,-1.84,-23.37,0,0,DCHG, ,
15999.4,1,1,1,1,4,6635.0,-1,12.466,-12.4,-1.84,-23.39,0,0,DCHG, ,
16004.4,1,1,1,1,4,6640.0,-1,12.465,-12.4,-1.84,-23.41,0,0,DCHG, ,
16009.4,1,1,1,1,4,6645.0,-1,12.465,-12.4,-1.84,-23.42,0,0,DCHG, ,
16014.4,1,1,1,1,4,6650.0,-1,12.465,-12.4,-1.84,-23.44,0,0,DCHG, ,
16019.4,1,1,1,1,4,6655.0,-1,12.464,-12.4,-1.84,-23.46,0,0,DCHG, ,
16024.4,1,1,1,1,4,6660.0,-1,12.464,-12.4,-1.84,-23.47,0,0,DCHG, ,
16029.4,1,1,1,1,4,6665.0,-1,12.463,-12.4,-1.84,-23.49,0,0,DCHG, ,
16034.4,1,1,1,1,4,6670.0,-1,12.463,-12.4,-1.85,-23.51,0,0,DCHG, ,
16039.4,1,1,1,1,4,6675.0,-1,12.462,-12.4,-1.85,-23.53,0,0,DCHG, ,
16044.4,1,1,1,1,4,6680.0,-1,12.462,-12.4,-1.85,-23.54,0,0,DCHG, ,
16049.4,1,1,1,1,4,6685.0,-1,12.461,-12.4,-1.85,-23.56,0,0,DCHG, ,
16054.4,1,1,1,1,4,6690.0,-1,12.461,-12.4,-1.85,-23.58,0,0,DCHG, ,
16059.4,1,1,1,1,4,6695.0,-1,12.46,-12.4,-1.85,-23.59,0,0,DCHG, ,
16064.4,1,1,1,1,4,6700.0,-0.99,12.46,-12.3,-1.85,-23.61,0,0,DCHG, ,
16069.4,1,1,1,1,4,6705.0,-1,12.459,-12.4,-1.86,-23.63,0,0,DCHG, ,
16074.4,1,1,1,1,4,6710.0,-1,12.459,-12.4,-1.86,-23.65,0,0,DCHG, ,
16079.4,1,1,1,1,4,6715.0,-1,12.458,-12.4,-1.86,-23.66,0,0,DCHG, ,
16084.4,1,1,1,1,4,6720.0,-1,12.458,-12.4,-1.86,-23.68,0,0,DCHG, ,
16089.4,1,1,1,1,4,6725.0,-1,12.458,-12.4,-1.86,-23.7,0,0,DCHG, ,
16094.4,1,1,1,1,4,6730.0,-1,12.457,-12.4,-1.86,-23.72,0,0,DCHG, ,
16099.4,1,1,1,1,4,6735.0,-1,12.456,-12.4,-1.86,-23.73,0,0,DCHG, ,
16104.4,1,1,1,1,4,6740.0,-1,12.456,-12.4,-1.87,-23.75,0,0,DCHG, ,
16109.4,1,1,1,1,4,6745.0,-1,12.455,-12.4,-1.87,-23.77,0,0,DCHG, ,
16114.4,1,1,1,1,4,6750.0,-1,12.455,-12.4,-1.87,-23.78,0,0,DCHG, ,
16119.4,1,1,1,1,4,6755.0,-1,12.455,-12.4,-1.87,-23.8,0,0,DCHG, ,
16124.4,1,1,1,1,4,6760.0,-1,12.454,-12.4,-1.87,-23.82,0,0,DCHG, ,
16129.4,1,1,1,1,4,6765.0,-1,12.454,-12.4,-1.87,-23.84,0,0,DCHG, ,
16134.4,1,1,1,1,4,6770.0,-1,12.453,-12.4,-1.87,-23.85,0,0,DCHG, ,
16139.4,1,1,1,1,4,6775.0,-0.99,12.452,-12.3,-1.88,-23.87,0,0,DCHG, ,
16144.4,1,1,1,1,4,6780.0,-1,12.452,-12.4,-1.88,-23.89,0,0,DCHG, ,
16149.4,1,1,1,1,4,6785.0,-1,12.452,-12.4,-1.88,-23.9,0,0,DCHG, ,
16154.4,1,1,1,1,4,6790.0,-1,12.452,-12.4,-1.88,-23.92,0,0,DCHG, ,
16159.4,1,1,1,1,4,6795.0,-1,12.451,-12.4,-1.88,-23.94,0,0,DCHG, ,
16164.4,1,1,1,1,4,6800.0,-1,12.45,-12.4,-1.88,-23.96,0,0,DCHG, ,
16169.4,1,1,1,1,4,6805.0,-1,12.45,-12.4,-1.88,-23.97,0,0,DCHG, ,
16174.4,1,1,1,1,4,6810.0,-1,12.449,-12.4,-1.89,-23.99,0,0,DCHG, ,
16179.4,1,1,1,1,4,6815.0,-1,12.449,-12.4,-1.89,-24.01,0,0,DCHG, ,
16184.4,1,1,1,1,4,6820.0,-1,12.448,-12.4,-1.89,-24.03,0,0,DCHG, ,
16189.4,1,1,1,1,4,6825.0,-1,12.447,-12.4,-1.89,-24.04,0,0,DCHG, ,
16194.4,1,1,1,1,4,6830.0,-1,12.448,-12.4,-1.89,-24.06,0,0,DCHG, ,
16199.4,1,1,1,1,4,6835.0,-1,12.447,-12.4,-1.89,-24.08,0,0,DCHG, ,
16204.4,1,1,1,1,4,6840.0,-0.99,12.447,-12.3,-1.89,-24.09,0,0,DCHG, ,
16209.4,1,1,1,1,4,6845.0,-1,12.447,-12.4,-1.89,-24.11,0,0,DCHG, ,
16214.4,1,1,1,1,4,6850.0,-1,12.446,-12.4,-1.9,-24.13,0,0,DCHG, ,
16219.4,1,1,1,1,4,6855.0,-1,12.446,-12.4,-1.9,-24.15,0,0,DCHG, ,
16224.4,1,1,1,1,4,6860.0,-1,12.445,-12.4,-1.9,-24.16,0,0,DCHG, ,
16229.4,1,1,1,1,4,6865.0,-1,12.445,-12.4,-1.9,-24.18,0,0,DCHG, ,
16234.4,1,1,1,1,4,6870.0,-1,12.444,-12.4,-1.9,-24.2,0,0,DCHG, ,
16239.4,1,1,1,1,4,6875.0,-1,12.444,-12.4,-1.9,-24.21,0,0,DCHG, ,
16244.4,1,1,1,1,4,6880.0,-1,12.443,-12.4,-1.9,-24.23,0,0,DCHG, ,
16249.4,1,1,1,1,4,6885.0,-0.99,12.443,-12.3,-1.91,-24.25,0,0,DCHG, ,
16254.4,1,1,1,1,4,6890.0,-1,12.443,-12.4,-1.91,-24.27,0,0,DCHG, ,
16259.4,1,1,1,1,4,6895.0,-0.99,12.442,-12.3,-1.91,-24.28,0,0,DCHG, ,
16264.4,1,1,1,1,4,6900.0,-1,12.442,-12.4,-1.91,-24.3,0,0,DCHG, ,
16269.4,1,1,1,1,4,6905.0,-1,12.441,-12.4,-1.91,-24.32,0,0,DCHG, ,
16274.4,1,1,1,1,4,6910.0,-0.99,12.441,-12.3,-1.91,-24.33,0,0,DCHG, ,
16279.4,1,1,1,1,4,6915.0,-1,12.441,-12.4,-1.91,-24.35,0,0,DCHG, ,
16284.4,1,1,1,1,4,6920.0,-1,12.44,-12.4,-1.92,-24.37,0,0,DCHG, ,
16289.4,1,1,1,1,4,6925.0,-1,12.44,-12.4,-1.92,-24.39,0,0,DCHG, ,
16294.4,1,1,1,1,4,6930.0,-1,12.439,-12.4,-1.92,-24.4,0,0,DCHG, ,
16299.4,1,1,1,1,4,6935.0,-1,12.439,-12.4,-1.92,-24.42,0,0,DCHG, ,
16304.4,1,1,1,1,4,6940.0,-1,12.438,-12.4,-1.92,-24.44,0,0,DCHG, ,
16309.4,1,1,1,1,4,6945.0,-1,12.437,-12.4,-1.92,-24.46,0,0,DCHG, ,
16314.4,1,1,1,1,4,6950.0,-1,12.437,-12.4,-1.92,-24.47,0,0,DCHG, ,
16319.4,1,1,1,1,4,6955.0,-1,12.437,-12.4,-1.93,-24.49,0,0,DCHG, ,
16324.4,1,1,1,1,4,6960.0,-1,12.436,-12.4,-1.93,-24.51,0,0,DCHG, ,
16329.4,1,1,1,1,4,6965.0,-1,12.436,-12.4,-1.93,-24.52,0,0,DCHG, ,
16334.4,1,1,1,1,4,6970.0,-1,12.436,-12.4,-1.93,-24.54,0,0,DCHG, ,
16339.4,1,1,1,1,4,6975.0,-1,12.435,-12.4,-1.93,-24.56,0,0,DCHG, ,
16344.4,1,1,1,1,4,6980.0,-1,12.435,-12.4,-1.93,-24.58,0,0,DCHG, ,
16349.4,1,1,1,1,4,6985.0,-1,12.434,-12.4,-1.93,-24.59,0,0,DCHG, ,
16354.4,1,1,1,1,4,6990.0,-1,12.434,-12.4,-1.94,-24.61,0,0,DCHG, ,
16359.4,1,1,1,1,4,6995.0,-1,12.434,-12.3,-1.94,-24.63,0,0,DCHG, ,
16364.4,1,1,1,1,4,7000.0,-1,12.433,-12.4,-1.94,-24.64,0,0,DCHG, ,
16369.4,1,1,1,1,4,7005.0,-1,12.433,-12.4,-1.94,-24.66,0,0,DCHG, ,
16374.4,1,1,1,1,4,7010.0,-1,12.433,-12.4,-1.94,-24.68,0,0,DCHG, ,
16379.4,1,1,1,1,4,7015.0,-1,12.432,-12.4,-1.94,-24.7,0,0,DCHG, ,
16384.4,1,1,1,1,4,7020.0,-1,12.432,-12.4,-1.94,-24.71,0,0,DCHG, ,
16389.4,1,1,1,1,4,7025.0,-1,12.431,-12.4,-1.94,-24.73,0,0,DCHG, ,
16394.4,1,1,1,1,4,7030.0,-1,12.431,-12.4,-1.95,-24.75,0,0,DCHG, ,
16399.4,1,1,1,1,4,7035.0,-1,12.43,-12.4,-1.95,-24.77,0,0,DCHG, ,
16404.4,1,1,1,1,4,7040.0,-1,12.43,-12.4,-1.95,-24.78,0,0,DCHG, ,
16409.4,1,1,1,1,4,7045.0,-1,12.429,-12.4,-1.95,-24.8,0,0,DCHG, ,
16414.4,1,1,1,1,4,7050.0,-1,12.429,-12.4,-1.95,-24.82,0,0,DCHG, ,
16419.4,1,1,1,1,4,7055.0,-1,12.428,-12.4,-1.95,-24.83,0,0,DCHG, ,
16424.4,1,1,1,1,4,7060.0,-1,12.428,-12.4,-1.95,-24.85,0,0,DCHG, ,
16429.4,1,1,1,1,4,7065.0,-1,12.428,-12.4,-1.96,-24.87,0,0,DCHG, ,
16434.4,1,1,1,1,4,7070.0,-1,12.428,-12.4,-1.96,-24.89,0,0,DCHG, ,
16439.4,1,1,1,1,4,7075.0,-1,12.427,-12.4,-1.96,-24.9,0,0,DCHG, ,
16444.4,1,1,1,1,4,7080.0,-1,12.427,-12.4,-1.96,-24.92,0,0,DCHG, ,
16449.4,1,1,1,1,4,7085.0,-0.99,12.426,-12.3,-1.96,-24.94,0,0,DCHG, ,
16454.4,1,1,1,1,4,7090.0,-1,12.426,-12.4,-1.96,-24.95,0,0,DCHG, ,
16459.4,1,1,1,1,4,7095.0,-1,12.425,-12.4,-1.96,-24.97,0,0,DCHG, ,
16464.4,1,1,1,1,4,7100.0,-1,12.425,-12.3,-1.97,-24.99,0,0,DCHG, ,
16469.4,1,1,1,1,4,7105.0,-1,12.425,-12.3,-1.97,-25.01,0,0,DCHG, ,
16474.4,1,1,1,1,4,7110.0,-1,12.424,-12.3,-1.97,-25.02,0,0,DCHG, ,
16479.4,1,1,1,1,4,7115.0,-1,12.424,-12.3,-1.97,-25.04,0,0,DCHG, ,
16484.4,1,1,1,1,4,7120.0,-1,12.423,-12.3,-1.97,-25.06,0,0,DCHG, ,
16489.4,1,1,1,1,4,7125.0,-1,12.423,-12.3,-1.97,-25.07,0,0,DCHG, ,
16494.4,1,1,1,1,4,7130.0,-1,12.423,-12.3,-1.97,-25.09,0,0,DCHG, ,
16499.4,1,1,1,1,4,7135.0,-1,12.422,-12.3,-1.98,-25.11,0,0,DCHG, ,
16504.4,1,1,1,1,4,7140.0,-1,12.422,-12.4,-1.98,-25.13,0,0,DCHG, ,
16509.4,1,1,1,1,4,7145.0,-1,12.422,-12.3,-1.98,-25.14,0,0,DCHG, ,
16514.4,1,1,1,1,4,7150.0,-1,12.421,-12.3,-1.98,-25.16,0,0,DCHG, ,
16519.4,1,1,1,1,4,7155.0,-1,12.421,-12.3,-1.98,-25.18,0,0,DCHG, ,
16524.4,1,1,1,1,4,7160.0,-1,12.42,-12.4,-1.98,-25.19,0,0,DCHG, ,
16529.4,1,1,1,1,4,7165.0,-1,12.42,-12.3,-1.98,-25.21,0,0,DCHG, ,
16534.4,1,1,1,1,4,7170.0,-1,12.419,-12.3,-1.98,-25.23,0,0,DCHG, ,
16539.4,1,1,1,1,4,7175.0,-1,12.419,-12.4,-1.99,-25.25,0,0,DCHG, ,
16544.4,1,1,1,1,4,7180.0,-1,12.418,-12.3,-1.99,-25.26,0,0,DCHG, ,
16549.4,1,1,1,1,4,7185.0,-1,12.418,-12.3,-1.99,-25.28,0,0,DCHG, ,
16554.4,1,1,1,1,4,7190.0,-1,12.418,-12.4,-1.99,-25.3,0,0,DCHG, ,
16559.4,1,1,1,1,4,7195.0,-1,12.417,-12.3,-1.99,-25.31,0,0,DCHG, ,
16564.4,1,1,1,1,4,7200.0,-1,12.417,-12.4,-1.99,-25.33,0,0,DCHG, ,
16569.4,1,1,1,1,4,7205.0,-1,12.417,-12.3,-1.99,-25.35,0,0,DCHG, ,
16574.4,1,1,1,1,4,7210.0,-1,12.417,-12.4,-2,-25.37,0,0,DCHG, ,
16579.4,1,1,1,1,4,7215.0,-1,12.416,-12.4,-2,-25.38,0,0,DCHG, ,
16584.4,1,1,1,1,4,7220.0,-1,12.415,-12.3,-2,-25.4,0,0,DCHG, ,
16589.4,1,1,1,1,4,7225.0,-1,12.415,-12.4,-2,-25.42,0,0,DCHG, ,
16594.4,1,1,1,1,4,7230.0,-1,12.415,-12.4,-2,-25.43,0,0,DCHG, ,
16599.4,1,1,1,1,4,7235.0,-1,12.414,-12.3,-2,-25.45,0,0,DCHG, ,
16604.4,1,1,1,1,4,7240.0,-1,12.414,-12.3,-2,-25.47,0,0,DCHG, ,
16609.4,1,1,1,1,4,7245.0,-1,12.414,-12.3,-2.01,-25.49,0,0,DCHG, ,
16614.4,1,1,1,1,4,7250.0,-1,12.414,-12.3,-2.01,-25.5,0,0,DCHG, ,
16619.4,1,1,1,1,4,7255.0,-1,12.412,-12.4,-2.01,-25.52,0,0,DCHG, ,
16624.4,1,1,1,1,4,7260.0,-1,12.413,-12.3,-2.01,-25.54,0,0,DCHG, ,
16629.4,1,1,1,1,4,7265.0,-1,12.412,-12.4,-2.01,-25.55,0,0,DCHG, ,
16634.4,1,1,1,1,4,7270.0,-1,12.412,-12.3,-2.01,-25.57,0,0,DCHG, ,
16639.4,1,1,1,1,4,7275.0,-1,12.411,-12.3,-2.01,-25.59,0,0,DCHG, ,
16644.4,1,1,1,1,4,7280.0,-1,12.411,-12.3,-2.02,-25.6,0,0,DCHG, ,
16649.4,1,1,1,1,4,7285.0,-1,12.411,-12.4,-2.02,-25.62,0,0,DCHG, ,
16654.4,1,1,1,1,4,7290.0,-1,12.41,-12.3,-2.02,-25.64,0,0,DCHG, ,
16659.4,1,1,1,1,4,7295.0,-1,12.41,-12.3,-2.02,-25.66,0,0,DCHG, ,
16664.4,1,1,1,1,4,7300.0,-1,12.409,-12.4,-2.02,-25.67,0,0,DCHG, ,
16669.4,1,1,1,1,4,7305.0,-1,12.409,-12.3,-2.02,-25.69,0,0,DCHG, ,
16674.4,1,1,1,1,4,7310.0,-1,12.409,-12.3,-2.02,-25.71,0,0,DCHG, ,
16679.4,1,1,1,1,4,7315.0,-1,12.408,-12.3,-2.03,-25.72,0,0,DCHG, ,
16684.4,1,1,1,1,4,7320.0,-1,12.408,-12.3,-2.03,-25.74,0,0,DCHG, ,
16689.4,1,1,1,1,4,7325.0,-1,12.407,-12.3,-2.03,-25.76,0,0,DCHG, ,
16694.4,1,1,1,1,4,7330.0,-1,12.407,-12.3,-2.03,-25.78,0,0,DCHG, ,
16699.4,1,1,1,1,4,7335.0,-1,12.407,-12.3,-2.03,-25.79,0,0,DCHG, ,
16704.4,1,1,1,1,4,7340.0,-1,12.406,-12.3,-2.03,-25.81,0,0,DCHG, ,
16709.4,1,1,1,1,4,7345.0,-1,12.406,-12.3,-2.03,-25.83,0,0,DCHG, ,
16714.4,1,1,1,1,4,7350.0,-0.99,12.406,-12.3,-2.03,-25.84,0,0,DCHG, ,
16719.4,1,1,1,1,4,7355.0,-1,12.405,-12.3,-2.04,-25.86,0,0,DCHG, ,
16724.4,1,1,1,1,4,7360.0,-1,12.405,-12.3,-2.04,-25.88,0,0,DCHG, ,
16729.4,1,1,1,1,4,7365.0,-1,12.405,-12.3,-2.04,-25.9,0,0,DCHG, ,
16734.4,1,1,1,1,4,7370.0,-1,12.404,-12.4,-2.04,-25.91,0,0,DCHG, ,
16739.4,1,1,1,1,4,7375.0,-1,12.404,-12.3,-2.04,-25.93,0,0,DCHG, ,
16744.4,1,1,1,1,4,7380.0,-1,12.404,-12.4,-2.04,-25.95,0,0,DCHG, ,
16749.4,1,1,1,1,4,7385.0,-0.99,12.403,-12.3,-2.04,-25.96,0,0,DCHG, ,
16754.4,1,1,1,1,4,7390.0,-1,12.403,-12.3,-2.05,-25.98,0,0,DCHG, ,
16759.4,1,1,1,1,4,7395.0,-1,12.403,-12.4,-2.05,-26,0,0,DCHG, ,
16764.4,1,1,1,1,4,7400.0,-1,12.402,-12.4,-2.05,-26.02,0,0,DCHG, ,
16769.4,1,1,1,1,4,7405.0,-1,12.402,-12.3,-2.05,-26.03,0,0,DCHG, ,
16774.4,1,1,1,1,4,7410.0,-1,12.401,-12.3,-2.05,-26.05,0,0,DCHG, ,
16779.4,1,1,1,1,4,7415.0,-1,12.401,-12.3,-2.05,-26.07,0,0,DCHG, ,
16784.4,1,1,1,1,4,7420.0,-1,12.401,-12.3,-2.05,-26.08,0,0,DCHG, ,
16789.4,1,1,1,1,4,7425.0,-1,12.401,-12.3,-2.06,-26.1,0,0,DCHG, ,
16794.4,1,1,1,1,4,7430.0,-1,12.4,-12.3,-2.06,-26.12,0,0,DCHG, ,
16799.4,1,1,1,1,4,7435.0,-1,12.4,-12.3,-2.06,-26.14,0,0,DCHG, ,
16804.4,1,1,1,1,4,7440.0,-1,12.4,-12.3,-2.06,-26.15,0,0,DCHG, ,
16809.4,1,1,1,1,4,7445.0,-1,12.399,-12.3,-2.06,-26.17,0,0,DCHG, ,
16814.4,1,1,1,1,4,7450.0,-1,12.399,-12.3,-2.06,-26.19,0,0,DCHG, ,
16819.4,1,1,1,1,4,7455.0,-1,12.398,-12.3,-2.06,-26.2,0,0,DCHG, ,
16824.4,1,1,1,1,4,7460.0,-1,12.398,-12.3,-2.07,-26.22,0,0,DCHG, ,
16829.4,1,1,1,1,4,7465.0,-1,12.397,-12.3,-2.07,-26.24,0,0,DCHG, ,
16834.4,1,1,1,1,4,7470.0,-1,12.397,-12.3,-2.07,-26.25,0,0,DCHG, ,
16839.4,1,1,1,1,4,7475.0,-1,12.396,-12.3,-2.07,-26.27,0,0,DCHG, ,
16844.4,1,1,1,1,4,7480.0,-1,12.396,-12.3,-2.07,-26.29,0,0,DCHG, ,
16849.4,1,1,1,1,4,7485.0,-1,12.396,-12.3,-2.07,-26.31,0,0,DCHG, ,
16854.4,1,1,1,1,4,7490.0,-1,12.396,-12.3,-2.07,-26.32,0,0,DCHG, ,
16859.4,1,1,1,1,4,7495.0,-1,12.395,-12.3,-2.08,-26.34,0,0,DCHG, ,
16864.4,1,1,1,1,4,7500.0,-1,12.395,-12.3,-2.08,-26.36,0,0,DCHG, ,
16869.4,1,1,1,1,4,7505.0,-1,12.394,-12.3,-2.08,-26.37,0,0,DCHG, ,
16874.4,1,1,1,1,4,7510.0,-1,12.394,-12.3,-2.08,-26.39,0,0,DCHG, ,
16879.4,1,1,1,1,4,7515.0,-1,12.394,-12.3,-2.08,-26.41,0,0,DCHG, ,
16884.4,1,1,1,1,4,7520.0,-1,12.394,-12.3,-2.08,-26.43,0,0,DCHG, ,
16889.4,1,1,1,1,4,7525.0,-1,12.393,-12.3,-2.08,-26.44,0,0,DCHG, ,
16894.4,1,1,1,1,4,7530.0,-1,12.393,-12.3,-2.08,-26.46,0,0,DCHG, ,
16899.4,1,1,1,1,4,7535.0,-1,12.393,-12.3,-2.09,-26.48,0,0,DCHG, ,
16904.4,1,1,1,1,4,7540.0,-1,12.393,-12.3,-2.09,-26.49,0,0,DCHG, ,
16909.4,1,1,1,1,4,7545.0,-1,12.392,-12.3,-2.09,-26.51,0,0,DCHG, ,
16914.4,1,1,1,1,4,7550.0,-1,12.392,-12.3,-2.09,-26.53,0,0,DCHG, ,
16919.4,1,1,1,1,4,7555.0,-1,12.391,-12.3,-2.09,-26.55,0,0,DCHG, ,
16924.4,1,1,1,1,4,7560.0,-1,12.391,-12.3,-2.09,-26.56,0,0,DCHG, ,
16929.4,1,1,1,1,4,7565.0,-0.99,12.391,-12.2,-2.09,-26.58,0,0,DCHG, ,
16934.4,1,1,1,1,4,7570.0,-0.99,12.391,-12.2,-2.1,-26.6,0,0,DCHG, ,
16939.4,1,1,1,1,4,7575.0,-1,12.39,-12.3,-2.1,-26.61,0,0,DCHG, ,
16944.4,1,1,1,1,4,7580.0,-1,12.39,-12.3,-2.1,-26.63,0,0,DCHG, ,
16949.4,1,1,1,1,4,7585.0,-1,12.39,-12.3,-2.1,-26.65,0,0,DCHG, ,
16954.4,1,1,1,1,4,7590.0,-1,12.389,-12.3,-2.1,-26.66,0,0,DCHG, ,
16959.4,1,1,1,1,4,7595.0,-1,12.389,-12.3,-2.1,-26.68,0,0,DCHG, ,
16964.4,1,1,1,1,4,7600.0,-1,12.388,-12.3,-2.1,-26.7,0,0,DCHG, ,
16969.4,1,1,1,1,4,7605.0,-1,12.388,-12.3,-2.11,-26.72,0,0,DCHG, ,
16974.4,1,1,1,1,4,7610.0,-1,12.388,-12.3,-2.11,-26.73,0,0,DCHG, ,
16979.4,1,1,1,1,4,7615.0,-1,12.388,-12.3,-2.11,-26.75,0,0,DCHG, ,
16984.4,1,1,1,1,4,7620.0,-1,12.387,-12.3,-2.11,-26.77,0,0,DCHG, ,
16989.4,1,1,1,1,4,7625.0,-1,12.387,-12.3,-2.11,-26.78,0,0,DCHG, ,
16994.4,1,1,1,1,4,7630.0,-1,12.386,-12.3,-2.11,-26.8,0,0,DCHG, ,
16999.4,1,1,1,1,4,7635.0,-1,12.386,-12.3,-2.11,-26.82,0,0,DCHG, ,
17004.4,1,1,1,1,4,7640.0,-0.99,12.386,-12.2,-2.12,-26.84,0,0,DCHG, ,
17009.4,1,1,1,1,4,7645.0,-1,12.385,-12.3,-2.12,-26.85,0,0,DCHG, ,
17014.4,1,1,1,1,4,7650.0,-1,12.385,-12.3,-2.12,-26.87,0,0,DCHG, ,
17019.4,1,1,1,1,4,7655.0,-1,12.385,-12.3,-2.12,-26.89,0,0,DCHG, ,
17024.4,1,1,1,1,4,7660.0,-1,12.385,-12.3,-2.12,-26.9,0,0,DCHG, ,
17029.4,1,1,1,1,4,7665.0,-1,12.384,-12.3,-2.12,-26.92,0,0,DCHG, ,
17034.4,1,1,1,1,4,7670.0,-1,12.384,-12.3,-2.12,-26.94,0,0,DCHG, ,
17039.4,1,1,1,1,4,7675.0,-1,12.384,-12.3,-2.13,-26.95,0,0,DCHG, ,
17044.4,1,1,1,1,4,7680.0,-1,12.384,-12.3,-2.13,-26.97,0,0,DCHG, ,
17049.4,1,1,1,1,4,7685.0,-1,12.383,-12.3,-2.13,-26.99,0,0,DCHG, ,
17054.4,1,1,1,1,4,7690.0,-0.99,12.382,-12.2,-2.13,-27.01,0,0,DCHG, ,
17059.4,1,1,1,1,4,7695.0,-1,12.382,-12.3,-2.13,-27.02,0,0,DCHG, ,
17064.4,1,1,1,1,4,7700.0,-1,12.382,-12.3,-2.13,-27.04,0,0,DCHG, ,
17069.4,1,1,1,1,4,7705.0,-1,12.382,-12.3,-2.13,-27.06,0,0,DCHG, ,
17074.4,1,1,1,1,4,7710.0,-1,12.382,-12.3,-2.13,-27.07,0,0,DCHG, ,
17079.4,1,1,1,1,4,7715.0,-1,12.381,-12.3,-2.14,-27.09,0,0,DCHG, ,
17084.4,1,1,1,1,4,7720.0,-1,12.381,-12.3,-2.14,-27.11,0,0,DCHG, ,
17089.4,1,1,1,1,4,7725.0,-1,12.38,-12.3,-2.14,-27.13,0,0,DCHG, ,
17094.4,1,1,1,1,4,7730.0,-1,12.38,-12.3,-2.14,-27.14,0,0,DCHG, ,
17099.4,1,1,1,1,4,7735.0,-1,12.38,-12.3,-2.14,-27.16,0,0,DCHG, ,
17104.4,1,1,1,1,4,7740.0,-1,12.38,-12.3,-2.14,-27.18,0,0,DCHG, ,
17109.4,1,1,1,1,4,7745.0,-1,12.379,-12.3,-2.14,-27.19,0,0,DCHG, ,
17114.4,1,1,1,1,4,7750.0,-1,12.379,-12.3,-2.15,-27.21,0,0,DCHG, ,
17119.4,1,1,1,1,4,7755.0,-1,12.379,-12.3,-2.15,-27.23,0,0,DCHG, ,
17124.4,1,1,1,1,4,7760.0,-1,12.378,-12.3,-2.15,-27.25,0,0,DCHG, ,
17129.4,1,1,1,1,4,7765.0,-1,12.378,-12.3,-2.15,-27.26,0,0,DCHG, ,
17134.4,1,1,1,1,4,7770.0,-1,12.377,-12.3,-2.15,-27.28,0,0,DCHG, ,
17139.4,1,1,1,1,4,7775.0,-1,12.377,-12.3,-2.15,-27.3,0,0,DCHG, ,
17144.4,1,1,1,1,4,7780.0,-1,12.377,-12.3,-2.15,-27.31,0,0,DCHG, ,
17149.4,1,1,1,1,4,7785.0,-1,12.376,-12.3,-2.16,-27.33,0,0,DCHG, ,
17154.4,1,1,1,1,4,7790.0,-1,12.376,-12.3,-2.16,-27.35,0,0,DCHG, ,
17159.4,1,1,1,1,4,7795.0,-1,12.376,-12.3,-2.16,-27.36,0,0,DCHG, ,
17164.4,1,1,1,1,4,7800.0,-1,12.375,-12.3,-2.16,-27.38,0,0,DCHG, ,
17169.4,1,1,1,1,4,7805.0,-1,12.375,-12.3,-2.16,-27.4,0,0,DCHG, ,
17174.4,1,1,1,1,4,7810.0,-1,12.375,-12.3,-2.16,-27.42,0,0,DCHG, ,
17179.4,1,1,1,1,4,7815.0,-1,12.375,-12.3,-2.16,-27.43,0,0,DCHG, ,
17184.4,1,1,1,1,4,7820.0,-1,12.374,-12.3,-2.17,-27.45,0,0,DCHG, ,
17189.4,1,1,1,1,4,7825.0,-1,12.374,-12.3,-2.17,-27.47,0,0,DCHG, ,
17194.4,1,1,1,1,4,7830.0,-1,12.374,-12.3,-2.17,-27.48,0,0,DCHG, ,
17199.4,1,1,1,1,4,7835.0,-1,12.374,-12.3,-2.17,-27.5,0,0,DCHG, ,
17204.4,1,1,1,1,4,7840.0,-1,12.373,-12.3,-2.17,-27.52,0,0,DCHG, ,
17209.4,1,1,1,1,4,7845.0,-1,12.372,-12.3,-2.17,-27.54,0,0,DCHG, ,
17214.4,1,1,1,1,4,7850.0,-1,12.372,-12.3,-2.17,-27.55,0,0,DCHG, ,
17219.4,1,1,1,1,4,7855.0,-1,12.372,-12.3,-2.18,-27.57,0,0,DCHG, ,
17224.4,1,1,1,1,4,7860.0,-1,12.371,-12.3,-2.18,-27.59,0,0,DCHG, ,
17229.4,1,1,1,1,4,7865.0,-1,12.371,-12.3,-2.18,-27.6,0,0,DCHG, ,
17234.4,1,1,1,1,4,7870.0,-1,12.371,-12.3,-2.18,-27.62,0,0,DCHG, ,
17239.4,1,1,1,1,4,7875.0,-1,12.371,-12.3,-2.18,-27.64,0,0,DCHG, ,
17244.4,1,1,1,1,4,7880.0,-1,12.371,-12.3,-2.18,-27.66,0,0,DCHG, ,
17249.4,1,1,1,1,4,7885.0,-1,12.37,-12.3,-2.18,-27.67,0,0,DCHG, ,
17254.4,1,1,1,1,4,7890.0,-1,12.37,-12.3,-2.18,-27.69,0,0,DCHG, ,
17259.4,1,1,1,1,4,7895.0,-1,12.37,-12.3,-2.19,-27.71,0,0,DCHG, ,
17264.4,1,1,1,1,4,7900.0,-1,12.37,-12.3,-2.19,-27.72,0,0,DCHG, ,
17269.4,1,1,1,1,4,7905.0,-1,12.369,-12.3,-2.19,-27.74,0,0,DCHG, ,
17274.4,1,1,1,1,4,7910.0,-1,12.369,-12.3,-2.19,-27.76,0,0,DCHG, ,
17279.4,1,1,1,1,4,7915.0,-1,12.368,-12.3,-2.19,-27.77,0,0,DCHG, ,
17284.4,1,1,1,1,4,7920.0,-1,12.368,-12.3,-2.19,-27.79,0,0,DCHG, ,
17289.4,1,1,1,1,4,7925.0,-0.99,12.368,-12.2,-2.19,-27.81,0,0,DCHG, ,
17294.4,1,1,1,1,4,7930.0,-1,12.368,-12.3,-2.2,-27.83,0,0,DCHG, ,
17299.4,1,1,1,1,4,7935.0,-1,12.367,-12.3,-2.2,-27.84,0,0,DCHG, ,
17304.4,1,1,1,1,4,7940.0,-1,12.367,-12.3,-2.2,-27.86,0,0,DCHG, ,
17309.4,1,1,1,1,4,7945.0,-1,12.366,-12.3,-2.2,-27.88,0,0,DCHG, ,
17314.4,1,1,1,1,4,7950.0,-1,12.366,-12.3,-2.2,-27.89,0,0,DCHG, ,
17319.4,1,1,1,1,4,7955.0,-1,12.366,-12.3,-2.2,-27.91,0,0,DCHG, ,
17324.4,1,1,1,1,4,7960.0,-1,12.366,-12.3,-2.2,-27.93,0,0,DCHG, ,
17329.4,1,1,1,1,4,7965.0,-1,12.366,-12.3,-2.21,-27.95,0,0,DCHG, ,
17334.4,1,1,1,1,4,7970.0,-1,12.365,-12.3,-2.21,-27.96,0,0,DCHG, ,
17339.4,1,1,1,1,4,7975.0,-1,12.365,-12.3,-2.21,-27.98,0,0,DCHG, ,
17344.4,1,1,1,1,4,7980.0,-1,12.365,-12.3,-2.21,-28,0,0,DCHG, ,
17349.4,1,1,1,1,4,7985.0,-1,12.364,-12.3,-2.21,-28.01,0,0,DCHG, ,
17354.4,1,1,1,1,4,7990.0,-1,12.364,-12.3,-2.21,-28.03,0,0,DCHG, ,
17359.4,1,1,1,1,4,7995.0,-1,12.363,-12.3,-2.21,-28.05,0,0,DCHG, ,
17364.4,1,1,1,1,4,8000.0,-1,12.363,-12.3,-2.22,-28.06,0,0,DCHG, ,
17369.4,1,1,1,1,4,8005.0,-1,12.363,-12.3,-2.22,-28.08,0,0,DCHG, ,
17374.4,1,1,1,1,4,8010.0,-1,12.363,-12.3,-2.22,-28.1,0,0,DCHG, ,
17379.4,1,1,1,1,4,8015.0,-1,12.363,-12.3,-2.22,-28.12,0,0,DCHG, ,
17384.4,1,1,1,1,4,8020.0,-1,12.362,-12.3,-2.22,-28.13,0,0,DCHG, ,
17389.4,1,1,1,1,4,8025.0,-1,12.362,-12.3,-2.22,-28.15,0,0,DCHG, ,
17394.4,1,1,1,1,4,8030.0,-1,12.362,-12.3,-2.22,-28.17,0,0,DCHG, ,
17399.4,1,1,1,1,4,8035.0,-1,12.362,-12.3,-2.23,-28.18,0,0,DCHG, ,
17404.4,1,1,1,1,4,8040.0,-1,12.361,-12.3,-2.23,-28.2,0,0,DCHG, ,
17409.4,1,1,1,1,4,8045.0,-1,12.36,-12.3,-2.23,-28.22,0,0,DCHG, ,
17414.4,1,1,1,1,4,8050.0,-1,12.36,-12.3,-2.23,-28.24,0,0,DCHG, ,
17419.4,1,1,1,1,4,8055.0,-0.99,12.36,-12.2,-2.23,-28.25,0,0,DCHG, ,
17424.4,1,1,1,1,4,8060.0,-1,12.36,-12.3,-2.23,-28.27,0,0,DCHG, ,
17429.4,1,1,1,1,4,8065.0,-1,12.359,-12.3,-2.23,-28.29,0,0,DCHG, ,
17434.4,1,1,1,1,4,8070.0,-1,12.359,-12.3,-2.23,-28.3,0,0,DCHG, ,
17439.4,1,1,1,1,4,8075.0,-1,12.359,-12.3,-2.24,-28.32,0,0,DCHG, ,
17444.4,1,1,1,1,4,8080.0,-1,12.359,-12.3,-2.24,-28.34,0,0,DCHG, ,
17449.4,1,1,1,1,4,8085.0,-1,12.358,-12.3,-2.24,-28.36,0,0,DCHG, ,
17454.4,1,1,1,1,4,8090.0,-1,12.358,-12.3,-2.24,-28.37,0,0,DCHG, ,
17459.4,1,1,1,1,4,8095.0,-0.99,12.358,-12.2,-2.24,-28.39,0,0,DCHG, ,
17464.4,1,1,1,1,4,8100.0,-1,12.357,-12.3,-2.24,-28.41,0,0,DCHG, ,
17469.4,1,1,1,1,4,8105.0,-1,12.357,-12.3,-2.24,-28.42,0,0,DCHG, ,
17474.4,1,1,1,1,4,8110.0,-1,12.357,-12.3,-2.25,-28.44,0,0,DCHG, ,
17479.4,1,1,1,1,4,8115.0,-1,12.357,-12.3,-2.25,-28.46,0,0,DCHG, ,
17484.4,1,1,1,1,4,8120.0,-1,12.356,-12.3,-2.25,-28.47,0,0,DCHG, ,
17489.4,1,1,1,1,4,8125.0,-1,12.355,-12.3,-2.25,-28.49,0,0,DCHG, ,
17494.4,1,1,1,1,4,8130.0,-1,12.355,-12.3,-2.25,-28.51,0,0,DCHG, ,
17499.4,1,1,1,1,4,8135.0,-1,12.355,-12.3,-2.25,-28.53,0,0,DCHG, ,
17504.4,1,1,1,1,4,8140.0,-0.99,12.355,-12.2,-2.25,-28.54,0,0,DCHG, ,
17509.4,1,1,1,1,4,8145.0,-1,12.355,-12.3,-2.26,-28.56,0,0,DCHG, ,
17514.4,1,1,1,1,4,8150.0,-1,12.354,-12.3,-2.26,-28.58,0,0,DCHG, ,
17519.4,1,1,1,1,4,8155.0,-1,12.354,-12.3,-2.26,-28.59,0,0,DCHG, ,
17524.4,1,1,1,1,4,8160.0,-1,12.354,-12.3,-2.26,-28.61,0,0,DCHG, ,
17529.4,1,1,1,1,4,8165.0,-1,12.354,-12.3,-2.26,-28.63,0,0,DCHG, ,
17534.4,1,1,1,1,4,8170.0,-1,12.353,-12.3,-2.26,-28.65,0,0,DCHG, ,
17539.4,1,1,1,1,4,8175.0,-1,12.353,-12.3,-2.26,-28.66,0,0,DCHG, ,
17544.4,1,1,1,1,4,8180.0,-1,12.352,-12.3,-2.27,-28.68,0,0,DCHG, ,
17549.4,1,1,1,1,4,8185.0,-1,12.352,-12.3,-2.27,-28.7,0,0,DCHG, ,
17554.4,1,1,1,1,4,8190.0,-1,12.352,-12.3,-2.27,-28.71,0,0,DCHG, ,
17559.4,1,1,1,1,4,8195.0,-1,12.352,-12.3,-2.27,-28.73,0,0,DCHG, ,
17564.4,1,1,1,1,4,8200.0,-1,12.351,-12.3,-2.27,-28.75,0,0,DCHG, ,
17569.4,1,1,1,1,4,8205.0,-1,12.352,-12.3,-2.27,-28.76,0,0,DCHG, ,
17574.4,1,1,1,1,4,8210.0,-0.99,12.351,-12.2,-2.27,-28.78,0,0,DCHG, ,
17579.4,1,1,1,1,4,8215.0,-1,12.351,-12.3,-2.28,-28.8,0,0,DCHG, ,
17584.4,1,1,1,1,4,8220.0,-1,12.351,-12.3,-2.28,-28.82,0,0,DCHG, ,
17589.4,1,1,1,1,4,8225.0,-1,12.351,-12.3,-2.28,-28.83,0,0,DCHG, ,
17594.4,1,1,1,1,4,8230.0,-1,12.35,-12.3,-2.28,-28.85,0,0,DCHG, ,
17599.4,1,1,1,1,4,8235.0,-1,12.35,-12.3,-2.28,-28.87,0,0,DCHG, ,
17604.4,1,1,1,1,4,8240.0,-1,12.349,-12.3,-2.28,-28.88,0,0,DCHG, ,
17609.4,1,1,1,1,4,8245.0,-1,12.349,-12.3,-2.28,-28.9,0,0,DCHG, ,
17614.4,1,1,1,1,4,8250.0,-1,12.348,-12.3,-2.28,-28.92,0,0,DCHG, ,
17619.4,1,1,1,1,4,8255.0,-1,12.348,-12.3,-2.29,-28.94,0,0,DCHG, ,
17624.4,1,1,1,1,4,8260.0,-1,12.348,-12.3,-2.29,-28.95,0,0,DCHG, ,
17629.4,1,1,1,1,4,8265.0,-1,12.347,-12.3,-2.29,-28.97,0,0,DCHG, ,
17634.4,1,1,1,1,4,8270.0,-1,12.347,-12.3,-2.29,-28.99,0,0,DCHG, ,
17639.4,1,1,1,1,4,8275.0,-1,12.347,-12.3,-2.29,-29,0,0,DCHG, ,
17644.4,1,1,1,1,4,8280.0,-1,12.346,-12.3,-2.29,-29.02,0,0,DCHG, ,
17649.4,1,1,1,1,4,8285.0,-1,12.346,-12.3,-2.29,-29.04,0,0,DCHG, ,
17654.4,1,1,1,1,4,8290.0,-1,12.346,-12.3,-2.3,-29.06,0,0,DCHG, ,
17659.4,1,1,1,1,4,8295.0,-1,12.346,-12.3,-2.3,-29.07,0,0,DCHG, ,
17664.4,1,1,1,1,4,8300.0,-1,12.346,-12.3,-2.3,-29.09,0,0,DCHG, ,
17669.4,1,1,1,1,4,8305.0,-1,12.345,-12.3,-2.3,-29.11,0,0,DCHG, ,
17674.4,1,1,1,1,4,8310.0,-1,12.345,-12.3,-2.3,-29.12,0,0,DCHG, ,
17679.4,1,1,1,1,4,8315.0,-0.99,12.345,-12.2,-2.3,-29.14,0,0,DCHG, ,
17684.4,1,1,1,1,4,8320.0,-1,12.344,-12.3,-2.3,-29.16,0,0,DCHG, ,
17689.4,1,1,1,1,4,8325.0,-1,12.344,-12.3,-2.31,-29.17,0,0,DCHG, ,
17694.4,1,1,1,1,4,8330.0,-1,12.344,-12.3,-2.31,-29.19,0,0,DCHG, ,
17699.4,1,1,1,1,4,8335.0,-1,12.343,-12.3,-2.31,-29.21,0,0,DCHG, ,
17704.4,1,1,1,1,4,8340.0,-1,12.344,-12.3,-2.31,-29.23,0,0,DCHG, ,
17709.4,1,1,1,1,4,8345.0,-1,12.343,-12.3,-2.31,-29.24,0,0,DCHG, ,
17714.4,1,1,1,1,4,8350.0,-1,12.343,-12.3,-2.31,-29.26,0,0,DCHG, ,
17719.4,1,1,1,1,4,8355.0,-1,12.342,-12.3,-2.31,-29.28,0,0,DCHG, ,
17724.4,1,1,1,1,4,8360.0,-1,12.342,-12.3,-2.32,-29.29,0,0,DCHG, ,
17729.4,1,1,1,1,4,8365.0,-1,12.342,-12.3,-2.32,-29.31,0,0,DCHG, ,
17734.4,1,1,1,1,4,8370.0,-1,12.342,-12.3,-2.32,-29.33,0,0,DCHG, ,
17739.4,1,1,1,1,4,8375.0,-1,12.341,-12.3,-2.32,-29.35,0,0,DCHG, ,
17744.4,1,1,1,1,4,8380.0,-0.99,12.341,-12.2,-2.32,-29.36,0,0,DCHG, ,
17749.4,1,1,1,1,4,8385.0,-1,12.341,-12.3,-2.32,-29.38,0,0,DCHG, ,
17754.4,1,1,1,1,4,8390.0,-1,12.34,-12.3,-2.32,-29.4,0,0,DCHG, ,
17759.4,1,1,1,1,4,8395.0,-1,12.341,-12.3,-2.33,-29.41,0,0,DCHG, ,
17764.4,1,1,1,1,4,8400.0,-1,12.34,-12.3,-2.33,-29.43,0,0,DCHG, ,
17769.4,1,1,1,1,4,8405.0,-1,12.34,-12.3,-2.33,-29.45,0,0,DCHG, ,
17774.4,1,1,1,1,4,8410.0,-1,12.34,-12.3,-2.33,-29.46,0,0,DCHG, ,
17779.4,1,1,1,1,4,8415.0,-1,12.339,-12.3,-2.33,-29.48,0,0,DCHG, ,
17784.4,1,1,1,1,4,8420.0,-1,12.339,-12.3,-2.33,-29.5,0,0,DCHG, ,
17789.4,1,1,1,1,4,8425.0,-1,12.339,-12.3,-2.33,-29.52,0,0,DCHG, ,
17794.4,1,1,1,1,4,8430.0,-1,12.339,-12.3,-2.33,-29.53,0,0,DCHG, ,
17799.4,1,1,1,1,4,8435.0,-1,12.338,-12.3,-2.34,-29.55,0,0,DCHG, ,
17804.4,1,1,1,1,4,8440.0,-1,12.337,-12.3,-2.34,-29.57,0,0,DCHG, ,
17809.4,1,1,1,1,4,8445.0,-1,12.337,-12.3,-2.34,-29.58,0,0,DCHG, ,
17814.4,1,1,1,1,4,8450.0,-1,12.337,-12.3,-2.34,-29.6,0,0,DCHG, ,
17819.4,1,1,1,1,4,8455.0,-1,12.337,-12.3,-2.34,-29.62,0,0,DCHG, ,
17824.4,1,1,1,1,4,8460.0,-1,12.336,-12.3,-2.34,-29.64,0,0,DCHG, ,
17829.4,1,1,1,1,4,8465.0,-1,12.336,-12.3,-2.34,-29.65,0,0,DCHG, ,
17834.4,1,1,1,1,4,8470.0,-1,12.336,-12.3,-2.35,-29.67,0,0,DCHG, ,
17839.4,1,1,1,1,4,8475.0,-1,12.336,-12.3,-2.35,-29.69,0,0,DCHG, ,
17844.4,1,1,1,1,4,8480.0,-1,12.335,-12.3,-2.35,-29.7,0,0,DCHG, ,
17849.4,1,1,1,1,4,8485.0,-1,12.335,-12.3,-2.35,-29.72,0,0,DCHG, ,
17854.4,1,1,1,1,4,8490.0,-1,12.335,-12.3,-2.35,-29.74,0,0,DCHG, ,
17859.4,1,1,1,1,4,8495.0,-1,12.335,-12.3,-2.35,-29.76,0,0,DCHG, ,
17864.4,1,1,1,1,4,8500.0,-1,12.334,-12.3,-2.35,-29.77,0,0,DCHG, ,
17869.4,1,1,1,1,4,8505.0,-1,12.334,-12.3,-2.36,-29.79,0,0,DCHG, ,
17874.4,1,1,1,1,4,8510.0,-1,12.334,-12.3,-2.36,-29.81,0,0,DCHG, ,
17879.4,1,1,1,1,4,8515.0,-1,12.333,-12.3,-2.36,-29.82,0,0,DCHG, ,
17884.4,1,1,1,1,4,8520.0,-1,12.333,-12.3,-2.36,-29.84,0,0,DCHG, ,
17889.4,1,1,1,1,4,8525.0,-1,12.333,-12.2,-2.36,-29.86,0,0,DCHG, ,
17894.4,1,1,1,1,4,8530.0,-1,12.333,-12.3,-2.36,-29.87,0,0,DCHG, ,
17899.4,1,1,1,1,4,8535.0,-1,12.333,-12.3,-2.36,-29.89,0,0,DCHG, ,
17904.4,1,1,1,1,4,8540.0,-1,12.332,-12.3,-2.37,-29.91,0,0,DCHG, ,
17909.4,1,1,1,1,4,8545.0,-1,12.332,-12.3,-2.37,-29.93,0,0,DCHG, ,
17914.4,1,1,1,1,4,8550.0,-1,12.332,-12.3,-2.37,-29.94,0,0,DCHG, ,
17919.4,1,1,1,1,4,8555.0,-1,12.331,-12.3,-2.37,-29.96,0,0,DCHG, ,
17924.4,1,1,1,1,4,8560.0,-1,12.331,-12.3,-2.37,-29.98,0,0,DCHG, ,
17929.4,1,1,1,1,4,8565.0,-1,12.331,-12.3,-2.37,-29.99,0,0,DCHG, ,
17934.4,1,1,1,1,4,8570.0,-1,12.33,-12.3,-2.37,-30.01,0,0,DCHG, ,
17939.4,1,1,1,1,4,8575.0,-1,12.33,-12.3,-2.37,-30.03,0,0,DCHG, ,
17944.4,1,1,1,1,4,8580.0,-1,12.33,-12.3,-2.38,-30.05,0,0,DCHG, ,
17949.4,1,1,1,1,4,8585.0,-1,12.329,-12.3,-2.38,-30.06,0,0,DCHG, ,
17954.4,1,1,1,1,4,8590.0,-1,12.33,-12.3,-2.38,-30.08,0,0,DCHG, ,
17959.4,1,1,1,1,4,8595.0,-1,12.329,-12.3,-2.38,-30.1,0,0,DCHG, ,
17964.4,1,1,1,1,4,8600.0,-1,12.329,-12.3,-2.38,-30.11,0,0,DCHG, ,
17969.4,1,1,1,1,4,8605.0,-1,12.329,-12.3,-2.38,-30.13,0,0,DCHG, ,
17974.4,1,1,1,1,4,8610.0,-1,12.328,-12.3,-2.38,-30.15,0,0,DCHG, ,
17979.4,1,1,1,1,4,8615.0,-1,12.328,-12.3,-2.39,-30.16,0,0,DCHG, ,
17984.4,1,1,1,1,4,8620.0,-1,12.328,-12.3,-2.39,-30.18,0,0,DCHG, ,
17989.4,1,1,1,1,4,8625.0,-1,12.327,-12.3,-2.39,-30.2,0,0,DCHG, ,
17994.4,1,1,1,1,4,8630.0,-0.99,12.327,-12.2,-2.39,-30.22,0,0,DCHG, ,
17999.4,1,1,1,1,4,8635.0,-0.99,12.327,-12.2,-2.39,-30.23,0,0,DCHG, ,
18004.4,1,1,1,1,4,8640.0,-1,12.327,-12.3,-2.39,-30.25,0,0,DCHG, ,
18009.4,1,1,1,1,4,8645.0,-1,12.326,-12.3,-2.39,-30.27,0,0,DCHG, ,
18014.4,1,1,1,1,4,8650.0,-1,12.326,-12.3,-2.4,-30.28,0,0,DCHG, ,
18019.4,1,1,1,1,4,8655.0,-1,12.326,-12.3,-2.4,-30.3,0,0,DCHG, ,
18024.4,1,1,1,1,4,8660.0,-1,12.325,-12.3,-2.4,-30.32,0,0,DCHG, ,
18029.4,1,1,1,1,4,8665.0,-1,12.325,-12.2,-2.4,-30.34,0,0,DCHG, ,
18034.4,1,1,1,1,4,8670.0,-1,12.325,-12.3,-2.4,-30.35,0,0,DCHG, ,
18039.4,1,1,1,1,4,8675.0,-1,12.325,-12.3,-2.4,-30.37,0,0,DCHG, ,
18044.4,1,1,1,1,4,8680.0,-1,12.324,-12.3,-2.4,-30.39,0,0,DCHG, ,
18049.4,1,1,1,1,4,8685.0,-1,12.324,-12.3,-2.41,-30.4,0,0,DCHG, ,
18054.4,1,1,1,1,4,8690.0,-1,12.324,-12.2,-2.41,-30.42,0,0,DCHG, ,
18059.4,1,1,1,1,4,8695.0,-1,12.324,-12.3,-2.41,-30.44,0,0,DCHG, ,
18064.4,1,1,1,1,4,8700.0,-1,12.323,-12.2,-2.41,-30.45,0,0,DCHG, ,
18069.4,1,1,1,1,4,8705.0,-1,12.323,-12.2,-2.41,-30.47,0,0,DCHG, ,
18074.4,1,1,1,1,4,8710.0,-1,12.322,-12.2,-2.41,-30.49,0,0,DCHG, ,
18079.4,1,1,1,1,4,8715.0,-1,12.322,-12.3,-2.41,-30.51,0,0,DCHG, ,
18084.4,1,1,1,1,4,8720.0,-1,12.322,-12.2,-2.42,-30.52,0,0,DCHG, ,
18089.4,1,1,1,1,4,8725.0,-0.99,12.322,-12.2,-2.42,-30.54,0,0,DCHG, ,
18094.4,1,1,1,1,4,8730.0,-1,12.322,-12.2,-2.42,-30.56,0,0,DCHG, ,
18099.4,1,1,1,1,4,8735.0,-1,12.321,-12.2,-2.42,-30.57,0,0,DCHG, ,
18104.4,1,1,1,1,4,8740.0,-1,12.321,-12.2,-2.42,-30.59,0,0,DCHG, ,
18109.4,1,1,1,1,4,8745.0,-1,12.321,-12.2,-2.42,-30.61,0,0,DCHG, ,
18114.4,1,1,1,1,4,8750.0,-1,12.321,-12.2,-2.42,-30.62,0,0,DCHG, ,
18119.4,1,1,1,1,4,8755.0,-0.99,12.32,-12.2,-2.42,-30.64,0,0,DCHG, ,
18124.4,1,1,1,1,4,8760.0,-1,12.319,-12.2,-2.43,-30.66,0,0,DCHG, ,
18129.4,1,1,1,1,4,8765.0,-1,12.319,-12.2,-2.43,-30.68,0,0,DCHG, ,
18134.4,1,1,1,1,4,8770.0,-1,12.319,-12.2,-2.43,-30.69,0,0,DCHG, ,
18139.4,1,1,1,1,4,8775.0,-1,12.319,-12.3,-2.43,-30.71,0,0,DCHG, ,
18144.4,1,1,1,1,4,8780.0,-1,12.319,-12.2,-2.43,-30.73,0,0,DCHG, ,
18149.4,1,1,1,1,4,8785.0,-1,12.318,-12.3,-2.43,-30.74,0,0,DCHG, ,
18154.4,1,1,1,1,4,8790.0,-1,12.318,-12.2,-2.43,-30.76,0,0,DCHG, ,
18159.4,1,1,1,1,4,8795.0,-1,12.318,-12.2,-2.44,-30.78,0,0,DCHG, ,
18164.4,1,1,1,1,4,8800.0,-1,12.318,-12.2,-2.44,-30.79,0,0,DCHG, ,
18169.4,1,1,1,1,4,8805.0,-1,12.317,-12.2,-2.44,-30.81,0,0,DCHG, ,
18174.4,1,1,1,1,4,8810.0,-0.99,12.317,-12.2,-2.44,-30.83,0,0,DCHG, ,
18179.4,1,1,1,1,4,8815.0,-1,12.317,-12.2,-2.44,-30.85,0,0,DCHG, ,
18184.4,1,1,1,1,4,8820.0,-1,12.317,-12.2,-2.44,-30.86,0,0,DCHG, ,
18189.4,1,1,1,1,4,8825.0,-1,12.317,-12.2,-2.44,-30.88,0,0,DCHG, ,
18194.4,1,1,1,1,4,8830.0,-1,12.316,-12.2,-2.45,-30.9,0,0,DCHG, ,
18199.4,1,1,1,1,4,8835.0,-1,12.316,-12.2,-2.45,-30.91,0,0,DCHG, ,
18204.4,1,1,1,1,4,8840.0,-1,12.316,-12.2,-2.45,-30.93,0,0,DCHG, ,
18209.4,1,1,1,1,4,8845.0,-1,12.315,-12.2,-2.45,-30.95,0,0,DCHG, ,
18214.4,1,1,1,1,4,8850.0,-1,12.315,-12.2,-2.45,-30.96,0,0,DCHG, ,
18219.4,1,1,1,1,4,8855.0,-1,12.315,-12.2,-2.45,-30.98,0,0,DCHG, ,
18224.4,1,1,1,1,4,8860.0,-1,12.315,-12.2,-2.45,-31,0,0,DCHG, ,
18229.4,1,1,1,1,4,8865.0,-1,12.314,-12.2,-2.46,-31.02,0,0,DCHG, ,
18234.4,1,1,1,1,4,8870.0,-1,12.314,-12.3,-2.46,-31.03,0,0,DCHG, ,
18239.4,1,1,1,1,4,8875.0,-1,12.314,-12.2,-2.46,-31.05,0,0,DCHG, ,
18244.4,1,1,1,1,4,8880.0,-1,12.313,-12.2,-2.46,-31.07,0,0,DCHG, ,
18249.4,1,1,1,1,4,8885.0,-1,12.313,-12.2,-2.46,-31.08,0,0,DCHG, ,
18254.4,1,1,1,1,4,8890.0,-1,12.313,-12.3,-2.46,-31.1,0,0,DCHG, ,
18259.4,1,1,1,1,4,8895.0,-1,12.313,-12.3,-2.46,-31.12,0,0,DCHG, ,
18264.4,1,1,1,1,4,8900.0,-1,12.312,-12.3,-2.47,-31.13,0,0,DCHG, ,
18269.4,1,1,1,1,4,8905.0,-1,12.312,-12.2,-2.47,-31.15,0,0,DCHG, ,
18274.4,1,1,1,1,4,8910.0,-1,12.311,-12.2,-2.47,-31.17,0,0,DCHG, ,
18279.4,1,1,1,1,4,8915.0,-1,12.311,-12.2,-2.47,-31.18,0,0,DCHG, ,
18284.4,1,1,1,1,4,8920.0,-1,12.311,-12.3,-2.47,-31.2,0,0,DCHG, ,
18289.4,1,1,1,1,4,8925.0,-1,12.311,-12.2,-2.47,-31.22,0,0,DCHG, ,
18294.4,1,1,1,1,4,8930.0,-1,12.31,-12.2,-2.47,-31.24,0,0,DCHG, ,
18299.4,1,1,1,1,4,8935.0,-1,12.31,-12.3,-2.47,-31.25,0,0,DCHG, ,
18304.4,1,1,1,1,4,8940.0,-1,12.31,-12.2,-2.48,-31.27,0,0,DCHG, ,
18309.4,1,1,1,1,4,8945.0,-1,12.309,-12.2,-2.48,-31.29,0,0,DCHG, ,
18314.4,1,1,1,1,4,8950.0,-1,12.309,-12.3,-2.48,-31.3,0,0,DCHG, ,
18319.4,1,1,1,1,4,8955.0,-1,12.309,-12.2,-2.48,-31.32,0,0,DCHG, ,
18324.4,1,1,1,1,4,8960.0,-1,12.309,-12.2,-2.48,-31.34,0,0,DCHG, ,
18329.4,1,1,1,1,4,8965.0,-1,12.309,-12.2,-2.48,-31.35,0,0,DCHG, ,
18334.4,1,1,1,1,4,8970.0,-1,12.308,-12.3,-2.48,-31.37,0,0,DCHG, ,
18339.4,1,1,1,1,4,8975.0,-1,12.308,-12.2,-2.49,-31.39,0,0,DCHG, ,
18344.4,1,1,1,1,4,8980.0,-1,12.308,-12.2,-2.49,-31.41,0,0,DCHG, ,
18349.4,1,1,1,1,4,8985.0,-1,12.307,-12.2,-2.49,-31.42,0,0,DCHG, ,
18354.4,1,1,1,1,4,8990.0,-1,12.307,-12.3,-2.49,-31.44,0,0,DCHG, ,
18359.4,1,1,1,1,4,8995.0,-1,12.307,-12.2,-2.49,-31.46,0,0,DCHG, ,
18364.4,1,1,1,1,4,9000.0,-1,12.306,-12.2,-2.49,-31.47,0,0,DCHG, ,
18369.4,1,1,1,1,4,9005.0,-1,12.306,-12.3,-2.49,-31.49,0,0,DCHG, ,
18374.4,1,1,1,1,4,9010.0,-0.99,12.306,-12.2,-2.5,-31.51,0,0,DCHG, ,
18379.4,1,1,1,1,4,9015.0,-1,12.306,-12.2,-2.5,-31.52,0,0,DCHG, ,
18384.4,1,1,1,1,4,9020.0,-1,12.305,-12.2,-2.5,-31.54,0,0,DCHG, ,
18389.4,1,1,1,1,4,9025.0,-1,12.305,-12.3,-2.5,-31.56,0,0,DCHG, ,
18394.4,1,1,1,1,4,9030.0,-1,12.305,-12.2,-2.5,-31.58,0,0,DCHG, ,
18399.4,1,1,1,1,4,9035.0,-1,12.305,-12.2,-2.5,-31.59,0,0,DCHG, ,
18404.4,1,1,1,1,4,9040.0,-1,12.304,-12.3,-2.5,-31.61,0,0,DCHG, ,
18409.4,1,1,1,1,4,9045.0,-1,12.304,-12.3,-2.51,-31.63,0,0,DCHG, ,
18414.4,1,1,1,1,4,9050.0,-1,12.304,-12.2,-2.51,-31.64,0,0,DCHG, ,
18419.4,1,1,1,1,4,9055.0,-0.99,12.303,-12.2,-2.51,-31.66,0,0,DCHG, ,
18424.4,1,1,1,1,4,9060.0,-1,12.303,-12.3,-2.51,-31.68,0,0,DCHG, ,
18429.4,1,1,1,1,4,9065.0,-1,12.303,-12.2,-2.51,-31.69,0,0,DCHG, ,
18434.4,1,1,1,1,4,9070.0,-1,12.303,-12.2,-2.51,-31.71,0,0,DCHG, ,
18439.4,1,1,1,1,4,9075.0,-1,12.302,-12.2,-2.51,-31.73,0,0,DCHG, ,
18444.4,1,1,1,1,4,9080.0,-1,12.302,-12.2,-2.52,-31.74,0,0,DCHG, ,
18449.4,1,1,1,1,4,9085.0,-1,12.302,-12.2,-2.52,-31.76,0,0,DCHG, ,
18454.4,1,1,1,1,4,9090.0,-1,12.302,-12.2,-2.52,-31.78,0,0,DCHG, ,
18459.4,1,1,1,1,4,9095.0,-1,12.301,-12.3,-2.52,-31.8,0,0,DCHG, ,
18464.4,1,1,1,1,4,9100.0,-1,12.302,-12.2,-2.52,-31.81,0,0,DCHG, ,
18469.4,1,1,1,1,4,9105.0,-1,12.301,-12.2,-2.52,-31.83,0,0,DCHG, ,
18474.4,1,1,1,1,4,9110.0,-1,12.301,-12.2,-2.52,-31.85,0,0,DCHG, ,
18479.4,1,1,1,1,4,9115.0,-1,12.3,-12.2,-2.52,-31.86,0,0,DCHG, ,
18484.4,1,1,1,1,4,9120.0,-1,12.3,-12.2,-2.53,-31.88,0,0,DCHG, ,
18489.4,1,1,1,1,4,9125.0,-1,12.3,-12.2,-2.53,-31.9,0,0,DCHG, ,
18494.4,1,1,1,1,4,9130.0,-1,12.3,-12.2,-2.53,-31.91,0,0,DCHG, ,
18499.4,1,1,1,1,4,9135.0,-1,12.299,-12.2,-2.53,-31.93,0,0,DCHG, ,
18504.4,1,1,1,1,4,9140.0,-1,12.299,-12.2,-2.53,-31.95,0,0,DCHG, ,
18509.4,1,1,1,1,4,9145.0,-1,12.299,-12.2,-2.53,-31.97,0,0,DCHG, ,
18514.4,1,1,1,1,4,9150.0,-1,12.299,-12.2,-2.53,-31.98,0,0,DCHG, ,
18519.4,1,1,1,1,4,9155.0,-1,12.298,-12.2,-2.54,-32,0,0,DCHG, ,
18524.4,1,1,1,1,4,9160.0,-1,12.298,-12.2,-2.54,-32.02,0,0,DCHG, ,
18529.4,1,1,1,1,4,9165.0,-1,12.297,-12.2,-2.54,-32.03,0,0,DCHG, ,
18534.4,1,1,1,1,4,9170.0,-1,12.297,-12.2,-2.54,-32.05,0,0,DCHG, ,
18539.4,1,1,1,1,4,9175.0,-1,12.297,-12.2,-2.54,-32.07,0,0,DCHG, ,
18544.4,1,1,1,1,4,9180.0,-1,12.297,-12.2,-2.54,-32.08,0,0,DCHG, ,
18549.4,1,1,1,1,4,9185.0,-1,12.296,-12.2,-2.54,-32.1,0,0,DCHG, ,
18554.4,1,1,1,1,4,9190.0,-1,12.296,-12.2,-2.55,-32.12,0,0,DCHG, ,
18559.4,1,1,1,1,4,9195.0,-0.99,12.296,-12.1,-2.55,-32.13,0,0,DCHG, ,
18564.4,1,1,1,1,4,9200.0,-1,12.296,-12.2,-2.55,-32.15,0,0,DCHG, ,
18569.4,1,1,1,1,4,9205.0,-1,12.295,-12.2,-2.55,-32.17,0,0,DCHG, ,
18574.4,1,1,1,1,4,9210.0,-1,12.295,-12.2,-2.55,-32.19,0,0,DCHG, ,
18579.4,1,1,1,1,4,9215.0,-0.99,12.294,-12.1,-2.55,-32.2,0,0,DCHG, ,
18584.4,1,1,1,1,4,9220.0,-1,12.295,-12.2,-2.55,-32.22,0,0,DCHG, ,
18589.4,1,1,1,1,4,9225.0,-1,12.294,-12.2,-2.56,-32.24,0,0,DCHG, ,
18594.4,1,1,1,1,4,9230.0,-1,12.294,-12.2,-2.56,-32.25,0,0,DCHG, ,
18599.4,1,1,1,1,4,9235.0,-1,12.294,-12.2,-2.56,-32.27,0,0,DCHG, ,
18604.4,1,1,1,1,4,9240.0,-1,12.293,-12.2,-2.56,-32.29,0,0,DCHG, ,
18609.4,1,1,1,1,4,9245.0,-1,12.293,-12.2,-2.56,-32.3,0,0,DCHG, ,
18614.4,1,1,1,1,4,9250.0,-1,12.293,-12.2,-2.56,-32.32,0,0,DCHG, ,
18619.4,1,1,1,1,4,9255.0,-1,12.292,-12.2,-2.56,-32.34,0,0,DCHG, ,
18624.4,1,1,1,1,4,9260.0,-1,12.292,-12.2,-2.57,-32.35,0,0,DCHG, ,
18629.4,1,1,1,1,4,9265.0,-1,12.292,-12.2,-2.57,-32.37,0,0,DCHG, ,
18634.4,1,1,1,1,4,9270.0,-0.99,12.291,-12.1,-2.57,-32.39,0,0,DCHG, ,
18639.4,1,1,1,1,4,9275.0,-1,12.291,-12.2,-2.57,-32.41,0,0,DCHG, ,
18644.4,1,1,1,1,4,9280.0,-1,12.291,-12.2,-2.57,-32.42,0,0,DCHG, ,
18649.4,1,1,1,1,4,9285.0,-1,12.291,-12.2,-2.57,-32.44,0,0,DCHG, ,
18654.4,1,1,1,1,4,9290.0,-0.99,12.291,-12.2,-2.57,-32.46,0,0,DCHG, ,
18659.4,1,1,1,1,4,9295.0,-1,12.291,-12.2,-2.57,-32.47,0,0,DCHG, ,
18664.4,1,1,1,1,4,9300.0,-1,12.29,-12.2,-2.58,-32.49,0,0,DCHG, ,
18669.4,1,1,1,1,4,9305.0,-1,12.29,-12.2,-2.58,-32.51,0,0,DCHG, ,
18674.4,1,1,1,1,4,9310.0,-1,12.29,-12.2,-2.58,-32.52,0,0,DCHG, ,
18679.4,1,1,1,1,4,9315.0,-1,12.289,-12.2,-2.58,-32.54,0,0,DCHG, ,
18684.4,1,1,1,1,4,9320.0,-1,12.289,-12.2,-2.58,-32.56,0,0,DCHG, ,
18689.4,1,1,1,1,4,9325.0,-1,12.289,-12.2,-2.58,-32.58,0,0,DCHG, ,
18694.4,1,1,1,1,4,9330.0,-1,12.288,-12.2,-2.58,-32.59,0,0,DCHG, ,
18699.4,1,1,1,1,4,9335.0,-1,12.288,-12.2,-2.59,-32.61,0,0,DCHG, ,
18704.4,1,1,1,1,4,9340.0,-1,12.288,-12.2,-2.59,-32.63,0,0,DCHG, ,
18709.4,1,1,1,1,4,9345.0,-1,12.287,-12.2,-2.59,-32.64,0,0,DCHG, ,
18714.4,1,1,1,1,4,9350.0,-0.99,12.287,-12.1,-2.59,-32.66,0,0,DCHG, ,
18719.4,1,1,1,1,4,9355.0,-1,12.287,-12.2,-2.59,-32.68,0,0,DCHG, ,
18724.4,1,1,1,1,4,9360.0,-1,12.287,-12.2,-2.59,-32.69,0,0,DCHG, ,
18729.4,1,1,1,1,4,9365.0,-1,12.286,-12.2,-2.59,-32.71,0,0,DCHG, ,
18734.4,1,1,1,1,4,9370.0,-1,12.286,-12.2,-2.6,-32.73,0,0,DCHG, ,
18739.4,1,1,1,1,4,9375.0,-0.99,12.286,-12.1,-2.6,-32.74,0,0,DCHG, ,
18744.4,1,1,1,1,4,9380.0,-1,12.285,-12.2,-2.6,-32.76,0,0,DCHG, ,
18749.4,1,1,1,1,4,9385.0,-1,12.285,-12.2,-2.6,-32.78,0,0,DCHG, ,
18754.4,1,1,1,1,4,9390.0,-1,12.285,-12.2,-2.6,-32.8,0,0,DCHG, ,
18759.4,1,1,1,1,4,9395.0,-1,12.285,-12.2,-2.6,-32.81,0,0,DCHG, ,
18764.4,1,1,1,1,4,9400.0,-1,12.284,-12.2,-2.6,-32.83,0,0,DCHG, ,
18769.4,1,1,1,1,4,9405.0,-1,12.284,-12.2,-2.61,-32.85,0,0,DCHG, ,
18774.4,1,1,1,1,4,9410.0,-0.99,12.284,-12.2,-2.61,-32.86,0,0,DCHG, ,
18779.4,1,1,1,1,4,9415.0,-1,12.284,-12.2,-2.61,-32.88,0,0,DCHG, ,
18784.4,1,1,1,1,4,9420.0,-1,12.283,-12.2,-2.61,-32.9,0,0,DCHG, ,
18789.4,1,1,1,1,4,9425.0,-1,12.283,-12.2,-2.61,-32.91,0,0,DCHG, ,
18794.4,1,1,1,1,4,9430.0,-1,12.283,-12.2,-2.61,-32.93,0,0,DCHG, ,
18799.4,1,1,1,1,4,9435.0,-1,12.282,-12.2,-2.61,-32.95,0,0,DCHG, ,
18804.4,1,1,1,1,4,9440.0,-1,12.282,-12.2,-2.62,-32.96,0,0,DCHG, ,
18809.4,1,1,1,1,4,9445.0,-1,12.282,-12.2,-2.62,-32.98,0,0,DCHG, ,
18814.4,1,1,1,1,4,9450.0,-1,12.281,-12.2,-2.62,-33,0,0,DCHG, ,
18819.4,1,1,1,1,4,9455.0,-1,12.281,-12.2,-2.62,-33.02,0,0,DCHG, ,
18824.4,1,1,1,1,4,9460.0,-1,12.281,-12.2,-2.62,-33.03,0,0,DCHG, ,
18829.4,1,1,1,1,4,9465.0,-1,12.281,-12.2,-2.62,-33.05,0,0,DCHG, ,
18834.4,1,1,1,1,4,9470.0,-1,12.28,-12.2,-2.62,-33.07,0,0,DCHG, ,
18839.4,1,1,1,1,4,9475.0,-1,12.28,-12.2,-2.62,-33.08,0,0,DCHG, ,
18844.4,1,1,1,1,4,9480.0,-1,12.28,-12.2,-2.63,-33.1,0,0,DCHG, ,
18849.4,1,1,1,1,4,9485.0,-1,12.28,-12.2,-2.63,-33.12,0,0,DCHG, ,
18854.4,1,1,1,1,4,9490.0,-1,12.28,-12.2,-2.63,-33.13,0,0,DCHG, ,
18859.4,1,1,1,1,4,9495.0,-1,12.279,-12.2,-2.63,-33.15,0,0,DCHG, ,
18864.4,1,1,1,1,4,9500.0,-1,12.279,-12.2,-2.63,-33.17,0,0,DCHG, ,
18869.4,1,1,1,1,4,9505.0,-1,12.279,-12.2,-2.63,-33.18,0,0,DCHG, ,
18874.4,1,1,1,1,4,9510.0,-0.99,12.278,-12.1,-2.63,-33.2,0,0,DCHG, ,
18879.4,1,1,1,1,4,9515.0,-1,12.278,-12.2,-2.64,-33.22,0,0,DCHG, ,
18884.4,1,1,1,1,4,9520.0,-1,12.278,-12.2,-2.64,-33.24,0,0,DCHG, ,
18889.4,1,1,1,1,4,9525.0,-1,12.277,-12.2,-2.64,-33.25,0,0,DCHG, ,
18894.4,1,1,1,1,4,9530.0,-1,12.277,-12.2,-2.64,-33.27,0,0,DCHG, ,
18899.4,1,1,1,1,4,9535.0,-1,12.277,-12.2,-2.64,-33.29,0,0,DCHG, ,
18904.4,1,1,1,1,4,9540.0,-1,12.277,-12.2,-2.64,-33.3,0,0,DCHG, ,
18909.4,1,1,1,1,4,9545.0,-1,12.276,-12.2,-2.64,-33.32,0,0,DCHG, ,
18914.4,1,1,1,1,4,9550.0,-1,12.276,-12.2,-2.65,-33.34,0,0,DCHG, ,
18919.4,1,1,1,1,4,9555.0,-1,12.275,-12.2,-2.65,-33.35,0,0,DCHG, ,
18924.4,1,1,1,1,4,9560.0,-1,12.275,-12.2,-2.65,-33.37,0,0,DCHG, ,
18929.4,1,1,1,1,4,9565.0,-1,12.275,-12.2,-2.65,-33.39,0,0,DCHG, ,
18934.4,1,1,1,1,4,9570.0,-1,12.275,-12.2,-2.65,-33.4,0,0,DCHG, ,
18939.4,1,1,1,1,4,9575.0,-1,12.275,-12.2,-2.65,-33.42,0,0,DCHG, ,
18944.4,1,1,1,1,4,9580.0,-1,12.275,-12.2,-2.65,-33.44,0,0,DCHG, ,
18949.4,1,1,1,1,4,9585.0,-1,12.274,-12.2,-2.66,-33.46,0,0,DCHG, ,
18954.4,1,1,1,1,4,9590.0,-1,12.274,-12.2,-2.66,-33.47,0,0,DCHG, ,
18959.4,1,1,1,1,4,9595.0,-1,12.273,-12.2,-2.66,-33.49,0,0,DCHG, ,
18964.4,1,1,1,1,4,9600.0,-1,12.273,-12.2,-2.66,-33.51,0,0,DCHG, ,
18969.4,1,1,1,1,4,9605.0,-1,12.273,-12.2,-2.66,-33.52,0,0,DCHG, ,
18974.4,1,1,1,1,4,9610.0,-1,12.273,-12.2,-2.66,-33.54,0,0,DCHG, ,
18979.4,1,1,1,1,4,9615.0,-1,12.272,-12.2,-2.66,-33.56,0,0,DCHG, ,
18984.4,1,1,1,1,4,9620.0,-1,12.272,-12.2,-2.67,-33.57,0,0,DCHG, ,
18989.4,1,1,1,1,4,9625.0,-1,12.272,-12.2,-2.67,-33.59,0,0,DCHG, ,
18994.4,1,1,1,1,4,9630.0,-0.99,12.272,-12.1,-2.67,-33.61,0,0,DCHG, ,
18999.4,1,1,1,1,4,9635.0,-1,12.272,-12.2,-2.67,-33.62,0,0,DCHG, ,
19004.4,1,1,1,1,4,9640.0,-1,12.271,-12.2,-2.67,-33.64,0,0,DCHG, ,
19009.4,1,1,1,1,4,9645.0,-1,12.271,-12.2,-2.67,-33.66,0,0,DCHG, ,
19014.4,1,1,1,1,4,9650.0,-1,12.27,-12.2,-2.67,-33.68,0,0,DCHG, ,
19019.4,1,1,1,1,4,9655.0,-1,12.27,-12.2,-2.67,-33.69,0,0,DCHG, ,
19024.4,1,1,1,1,4,9660.0,-1,12.27,-12.2,-2.68,-33.71,0,0,DCHG, ,
19029.4,1,1,1,1,4,9665.0,-1,12.269,-12.2,-2.68,-33.73,0,0,DCHG, ,
19034.4,1,1,1,1,4,9670.0,-1,12.269,-12.2,-2.68,-33.74,0,0,DCHG, ,
19039.4,1,1,1,1,4,9675.0,-1,12.269,-12.2,-2.68,-33.76,0,0,DCHG, ,
19044.4,1,1,1,1,4,9680.0,-1,12.269,-12.2,-2.68,-33.78,0,0,DCHG, ,
19049.4,1,1,1,1,4,9685.0,-1,12.268,-12.2,-2.68,-33.79,0,0,DCHG, ,
19054.4,1,1,1,1,4,9690.0,-1,12.268,-12.2,-2.68,-33.81,0,0,DCHG, ,
19059.4,1,1,1,1,4,9695.0,-1,12.268,-12.2,-2.69,-33.83,0,0,DCHG, ,
19064.4,1,1,1,1,4,9700.0,-1,12.268,-12.2,-2.69,-33.85,0,0,DCHG, ,
19069.4,1,1,1,1,4,9705.0,-1,12.267,-12.2,-2.69,-33.86,0,0,DCHG, ,
19074.4,1,1,1,1,4,9710.0,-1,12.267,-12.2,-2.69,-33.88,0,0,DCHG, ,
19079.4,1,1,1,1,4,9715.0,-1,12.267,-12.2,-2.69,-33.9,0,0,DCHG, ,
19084.4,1,1,1,1,4,9720.0,-1,12.266,-12.2,-2.69,-33.91,0,0,DCHG, ,
19089.4,1,1,1,1,4,9725.0,-1,12.266,-12.2,-2.69,-33.93,0,0,DCHG, ,
19094.4,1,1,1,1,4,9730.0,-0.99,12.265,-12.1,-2.7,-33.95,0,0,DCHG, ,
19099.4,1,1,1,1,4,9735.0,-1,12.265,-12.2,-2.7,-33.96,0,0,DCHG, ,
19104.4,1,1,1,1,4,9740.0,-1,12.265,-12.2,-2.7,-33.98,0,0,DCHG, ,
19109.4,1,1,1,1,4,9745.0,-1,12.265,-12.2,-2.7,-34,0,0,DCHG, ,
19114.4,1,1,1,1,4,9750.0,-1,12.264,-12.2,-2.7,-34.01,0,0,DCHG, ,
19119.4,1,1,1,1,4,9755.0,-1,12.264,-12.2,-2.7,-34.03,0,0,DCHG, ,
19124.4,1,1,1,1,4,9760.0,-1,12.264,-12.2,-2.7,-34.05,0,0,DCHG, ,
19129.4,1,1,1,1,4,9765.0,-0.99,12.264,-12.1,-2.71,-34.07,0,0,DCHG, ,
19134.4,1,1,1,1,4,9770.0,-1,12.263,-12.2,-2.71,-34.08,0,0,DCHG, ,
19139.4,1,1,1,1,4,9775.0,-1,12.263,-12.2,-2.71,-34.1,0,0,DCHG, ,
19144.4,1,1,1,1,4,9780.0,-1,12.263,-12.2,-2.71,-34.12,0,0,DCHG, ,
19149.4,1,1,1,1,4,9785.0,-1,12.263,-12.2,-2.71,-34.13,0,0,DCHG, ,
19154.4,1,1,1,1,4,9790.0,-1,12.262,-12.2,-2.71,-34.15,0,0,DCHG, ,
19159.4,1,1,1,1,4,9795.0,-1,12.262,-12.2,-2.71,-34.17,0,0,DCHG, ,
19164.4,1,1,1,1,4,9800.0,-1,12.262,-12.2,-2.72,-34.18,0,0,DCHG, ,
19169.4,1,1,1,1,4,9805.0,-1,12.261,-12.2,-2.72,-34.2,0,0,DCHG, ,
19174.4,1,1,1,1,4,9810.0,-1,12.261,-12.2,-2.72,-34.22,0,0,DCHG, ,
19179.4,1,1,1,1,4,9815.0,-1,12.261,-12.2,-2.72,-34.23,0,0,DCHG, ,
19184.4,1,1,1,1,4,9820.0,-1,12.261,-12.2,-2.72,-34.25,0,0,DCHG, ,
19189.4,1,1,1,1,4,9825.0,-1,12.26,-12.2,-2.72,-34.27,0,0,DCHG, ,
19194.4,1,1,1,1,4,9830.0,-1,12.26,-12.2,-2.72,-34.29,0,0,DCHG, ,
19199.4,1,1,1,1,4,9835.0,-1,12.26,-12.2,-2.72,-34.3,0,0,DCHG, ,
19204.4,1,1,1,1,4,9840.0,-1,12.259,-12.2,-2.73,-34.32,0,0,DCHG, ,
19209.4,1,1,1,1,4,9845.0,-1,12.259,-12.2,-2.73,-34.34,0,0,DCHG, ,
19214.4,1,1,1,1,4,9850.0,-1,12.259,-12.2,-2.73,-34.35,0,0,DCHG, ,
19219.4,1,1,1,1,4,9855.0,-1,12.259,-12.2,-2.73,-34.37,0,0,DCHG, ,
19224.4,1,1,1,1,4,9860.0,-1,12.258,-12.2,-2.73,-34.39,0,0,DCHG, ,
19229.4,1,1,1,1,4,9865.0,-1,12.258,-12.2,-2.73,-34.4,0,0,DCHG, ,
19234.4,1,1,1,1,4,9870.0,-1,12.258,-12.2,-2.73,-34.42,0,0,DCHG, ,
19239.4,1,1,1,1,4,9875.0,-1,12.258,-12.2,-2.74,-34.44,0,0,DCHG, ,
19244.4,1,1,1,1,4,9880.0,-1,12.258,-12.2,-2.74,-34.45,0,0,DCHG, ,
19249.4,1,1,1,1,4,9885.0,-1,12.258,-12.2,-2.74,-34.47,0,0,DCHG, ,
19254.4,1,1,1,1,4,9890.0,-1,12.257,-12.2,-2.74,-34.49,0,0,DCHG, ,
19259.4,1,1,1,1,4,9895.0,-1,12.257,-12.2,-2.74,-34.51,0,0,DCHG, ,
19264.4,1,1,1,1,4,9900.0,-1,12.257,-12.2,-2.74,-34.52,0,0,DCHG, ,
19269.4,1,1,1,1,4,9905.0,-0.99,12.256,-12.1,-2.74,-34.54,0,0,DCHG, ,
19274.4,1,1,1,1,4,9910.0,-1,12.256,-12.2,-2.75,-34.56,0,0,DCHG, ,
19279.4,1,1,1,1,4,9915.0,-1,12.256,-12.2,-2.75,-34.57,0,0,DCHG, ,
19284.4,1,1,1,1,4,9920.0,-1,12.255,-12.2,-2.75,-34.59,0,0,DCHG, ,
19289.4,1,1,1,1,4,9925.0,-1,12.255,-12.2,-2.75,-34.61,0,0,DCHG, ,
19294.4,1,1,1,1,4,9930.0,-1,12.255,-12.2,-2.75,-34.62,0,0,DCHG, ,
19299.4,1,1,1,1,4,9935.0,-1,12.254,-12.2,-2.75,-34.64,0,0,DCHG, ,
19304.4,1,1,1,1,4,9940.0,-1,12.254,-12.2,-2.75,-34.66,0,0,DCHG, ,
19309.4,1,1,1,1,4,9945.0,-1,12.254,-12.2,-2.76,-34.67,0,0,DCHG, ,
19314.4,1,1,1,1,4,9950.0,-0.99,12.254,-12.1,-2.76,-34.69,0,0,DCHG, ,
19319.4,1,1,1,1,4,9955.0,-1,12.253,-12.2,-2.76,-34.71,0,0,DCHG, ,
19324.4,1,1,1,1,4,9960.0,-1,12.253,-12.2,-2.76,-34.73,0,0,DCHG, ,
19329.4,1,1,1,1,4,9965.0,-1,12.253,-12.2,-2.76,-34.74,0,0,DCHG, ,
19334.4,1,1,1,1,4,9970.0,-1,12.253,-12.2,-2.76,-34.76,0,0,DCHG, ,
19339.4,1,1,1,1,4,9975.0,-1,12.252,-12.2,-2.76,-34.78,0,0,DCHG, ,
19344.4,1,1,1,1,4,9980.0,-0.99,12.252,-12.1,-2.76,-34.79,0,0,DCHG, ,
19349.4,1,1,1,1,4,9985.0,-1,12.252,-12.2,-2.77,-34.81,0,0,DCHG, ,
19354.4,1,1,1,1,4,9990.0,-0.99,12.251,-12.1,-2.77,-34.83,0,0,DCHG, ,
19359.4,1,1,1,1,4,9995.0,-1,12.251,-12.2,-2.77,-34.84,0,0,DCHG, ,
19364.4,1,1,1,1,4,10000.0,-1,12.251,-12.2,-2.77,-34.86,0,0,DCHG, ,
19369.4,1,1,1,1,4,10005.0,-1,12.251,-12.2,-2.77,-34.88,0,0,DCHG, ,
19374.4,1,1,1,1,4,10010.0,-1,12.25,-12.2,-2.77,-34.9,0,0,DCHG, ,
19379.4,1,1,1,1,4,10015.0,-1,12.25,-12.2,-2.77,-34.91,0,0,DCHG, ,
19384.4,1,1,1,1,4,10020.0,-1,12.25,-12.2,-2.78,-34.93,0,0,DCHG, ,
19389.4,1,1,1,1,4,10025.0,-1,12.25,-12.2,-2.78,-34.95,0,0,DCHG, ,
19394.4,1,1,1,1,4,10030.0,-1,12.249,-12.2,-2.78,-34.96,0,0,DCHG, ,
19399.4,1,1,1,1,4,10035.0,-1,12.249,-12.2,-2.78,-34.98,0,0,DCHG, ,
19404.4,1,1,1,1,4,10040.0,-1,12.248,-12.2,-2.78,-35,0,0,DCHG, ,
19409.4,1,1,1,1,4,10045.0,-1,12.248,-12.2,-2.78,-35.01,0,0,DCHG, ,
19414.4,1,1,1,1,4,10050.0,-1,12.248,-12.2,-2.78,-35.03,0,0,DCHG, ,
19419.4,1,1,1,1,4,10055.0,-0.99,12.248,-12.1,-2.79,-35.05,0,0,DCHG, ,
19424.4,1,1,1,1,4,10060.0,-1,12.247,-12.2,-2.79,-35.06,0,0,DCHG, ,
19429.4,1,1,1,1,4,10065.0,-1,12.247,-12.2,-2.79,-35.08,0,0,DCHG, ,
19434.4,1,1,1,1,4,10070.0,-1,12.246,-12.2,-2.79,-35.1,0,0,DCHG, ,
19439.4,1,1,1,1,4,10075.0,-1,12.247,-12.2,-2.79,-35.12,0,0,DCHG, ,
19444.4,1,1,1,1,4,10080.0,-1,12.246,-12.2,-2.79,-35.13,0,0,DCHG, ,
19449.4,1,1,1,1,4,10085.0,-1,12.246,-12.2,-2.79,-35.15,0,0,DCHG, ,
19454.4,1,1,1,1,4,10090.0,-1,12.246,-12.2,-2.8,-35.17,0,0,DCHG, ,
19459.4,1,1,1,1,4,10095.0,-1,12.245,-12.2,-2.8,-35.18,0,0,DCHG, ,
19464.4,1,1,1,1,4,10100.0,-1,12.245,-12.2,-2.8,-35.2,0,0,DCHG, ,
19469.4,1,1,1,1,4,10105.0,-1,12.244,-12.2,-2.8,-35.22,0,0,DCHG, ,
19474.4,1,1,1,1,4,10110.0,-1,12.244,-12.2,-2.8,-35.23,0,0,DCHG, ,
19479.4,1,1,1,1,4,10115.0,-1,12.244,-12.2,-2.8,-35.25,0,0,DCHG, ,
19484.4,1,1,1,1,4,10120.0,-1,12.244,-12.2,-2.8,-35.27,0,0,DCHG, ,
19489.4,1,1,1,1,4,10125.0,-1,12.244,-12.1,-2.81,-35.28,0,0,DCHG, ,
19494.4,1,1,1,1,4,10130.0,-1,12.243,-12.2,-2.81,-35.3,0,0,DCHG, ,
19499.4,1,1,1,1,4,10135.0,-1,12.243,-12.2,-2.81,-35.32,0,0,DCHG, ,
19504.4,1,1,1,1,4,10140.0,-1,12.243,-12.2,-2.81,-35.34,0,0,DCHG, ,
19509.4,1,1,1,1,4,10145.0,-1,12.242,-12.2,-2.81,-35.35,0,0,DCHG, ,
19514.4,1,1,1,1,4,10150.0,-1,12.242,-12.2,-2.81,-35.37,0,0,DCHG, ,
19519.4,1,1,1,1,4,10155.0,-1,12.242,-12.2,-2.81,-35.39,0,0,DCHG, ,
19524.4,1,1,1,1,4,10160.0,-1,12.241,-12.2,-2.81,-35.4,0,0,DCHG, ,
19529.4,1,1,1,1,4,10165.0,-1,12.241,-12.2,-2.82,-35.42,0,0,DCHG, ,
19534.4,1,1,1,1,4,10170.0,-1,12.241,-12.2,-2.82,-35.44,0,0,DCHG, ,
19539.4,1,1,1,1,4,10175.0,-1,12.241,-12.2,-2.82,-35.45,0,0,DCHG, ,
19544.4,1,1,1,1,4,10180.0,-1,12.241,-12.2,-2.82,-35.47,0,0,DCHG, ,
19549.4,1,1,1,1,4,10185.0,-1,12.24,-12.2,-2.82,-35.49,0,0,DCHG, ,
19554.4,1,1,1,1,4,10190.0,-1,12.24,-12.2,-2.82,-35.5,0,0,DCHG, ,
19559.4,1,1,1,1,4,10195.0,-1,12.24,-12.2,-2.82,-35.52,0,0,DCHG, ,
19564.4,1,1,1,1,4,10200.0,-1,12.24,-12.2,-2.83,-35.54,0,0,DCHG, ,
19569.4,1,1,1,1,4,10205.0,-1,12.239,-12.2,-2.83,-35.56,0,0,DCHG, ,
19574.4,1,1,1,1,4,10210.0,-1,12.239,-12.2,-2.83,-35.57,0,0,DCHG, ,
19579.4,1,1,1,1,4,10215.0,-1,12.239,-12.2,-2.83,-35.59,0,0,DCHG, ,
19584.4,1,1,1,1,4,10220.0,-1,12.238,-12.2,-2.83,-35.61,0,0,DCHG, ,
19589.4,1,1,1,1,4,10225.0,-1,12.238,-12.2,-2.83,-35.62,0,0,DCHG, ,
19594.4,1,1,1,1,4,10230.0,-1,12.238,-12.2,-2.83,-35.64,0,0,DCHG, ,
19599.4,1,1,1,1,4,10235.0,-0.99,12.238,-12.1,-2.84,-35.66,0,0,DCHG, ,
19604.4,1,1,1,1,4,10240.0,-1,12.237,-12.2,-2.84,-35.67,0,0,DCHG, ,
19609.4,1,1,1,1,4,10245.0,-1,12.237,-12.2,-2.84,-35.69,0,0,DCHG, ,
19614.4,1,1,1,1,4,10250.0,-1,12.236,-12.2,-2.84,-35.71,0,0,DCHG, ,
19619.4,1,1,1,1,4,10255.0,-0.99,12.237,-12.1,-2.84,-35.72,0,0,DCHG, ,
19624.4,1,1,1,1,4,10260.0,-1,12.237,-12.2,-2.84,-35.74,0,0,DCHG, ,
19629.4,1,1,1,1,4,10265.0,-1,12.236,-12.2,-2.84,-35.76,0,0,DCHG, ,
19634.4,1,1,1,1,4,10270.0,-1,12.236,-12.2,-2.85,-35.78,0,0,DCHG, ,
19639.4,1,1,1,1,4,10275.0,-1,12.236,-12.2,-2.85,-35.79,0,0,DCHG, ,
19644.4,1,1,1,1,4,10280.0,-1,12.235,-12.1,-2.85,-35.81,0,0,DCHG, ,
19649.4,1,1,1,1,4,10285.0,-1,12.235,-12.2,-2.85,-35.83,0,0,DCHG, ,
19654.4,1,1,1,1,4,10290.0,-1,12.235,-12.2,-2.85,-35.84,0,0,DCHG, ,
19659.4,1,1,1,1,4,10295.0,-1,12.234,-12.2,-2.85,-35.86,0,0,DCHG, ,
19664.4,1,1,1,1,4,10300.0,-0.99,12.234,-12.1,-2.85,-35.88,0,0,DCHG, ,
19669.4,1,1,1,1,4,10305.0,-1,12.234,-12.2,-2.86,-35.89,0,0,DCHG, ,
19674.4,1,1,1,1,4,10310.0,-1,12.233,-12.2,-2.86,-35.91,0,0,DCHG, ,
19679.4,1,1,1,1,4,10315.0,-1,12.233,-12.2,-2.86,-35.93,0,0,DCHG, ,
19684.4,1,1,1,1,4,10320.0,-1,12.233,-12.2,-2.86,-35.94,0,0,DCHG, ,
19689.4,1,1,1,1,4,10325.0,-1,12.233,-12.2,-2.86,-35.96,0,0,DCHG, ,
19694.4,1,1,1,1,4,10330.0,-1,12.232,-12.2,-2.86,-35.98,0,0,DCHG, ,
19699.4,1,1,1,1,4,10335.0,-1,12.232,-12.2,-2.86,-36,0,0,DCHG, ,
19704.4,1,1,1,1,4,10340.0,-1,12.231,-12.2,-2.86,-36.01,0,0,DCHG, ,
19709.4,1,1,1,1,4,10345.0,-1,12.231,-12.2,-2.87,-36.03,0,0,DCHG, ,
19714.4,1,1,1,1,4,10350.0,-0.99,12.231,-12.1,-2.87,-36.05,0,0,DCHG, ,
19719.4,1,1,1,1,4,10355.0,-1,12.231,-12.2,-2.87,-36.06,0,0,DCHG, ,
19724.4,1,1,1,1,4,10360.0,-1,12.23,-12.2,-2.87,-36.08,0,0,DCHG, ,
19729.4,1,1,1,1,4,10365.0,-1,12.23,-12.2,-2.87,-36.1,0,0,DCHG, ,
19734.4,1,1,1,1,4,10370.0,-1,12.23,-12.2,-2.87,-36.11,0,0,DCHG, ,
19739.4,1,1,1,1,4,10375.0,-1,12.229,-12.2,-2.87,-36.13,0,0,DCHG, ,
19744.4,1,1,1,1,4,10380.0,-1,12.229,-12.2,-2.88,-36.15,0,0,DCHG, ,
19749.4,1,1,1,1,4,10385.0,-1,12.229,-12.2,-2.88,-36.17,0,0,DCHG, ,
19754.4,1,1,1,1,4,10390.0,-1,12.229,-12.2,-2.88,-36.18,0,0,DCHG, ,
19759.4,1,1,1,1,4,10395.0,-0.99,12.228,-12.1,-2.88,-36.2,0,0,DCHG, ,
19764.4,1,1,1,1,4,10400.0,-1,12.228,-12.2,-2.88,-36.22,0,0,DCHG, ,
19769.4,1,1,1,1,4,10405.0,-1,12.228,-12.2,-2.88,-36.23,0,0,DCHG, ,
19774.4,1,1,1,1,4,10410.0,-1,12.228,-12.2,-2.88,-36.25,0,0,DCHG, ,
19779.4,1,1,1,1,4,10415.0,-1,12.227,-12.2,-2.89,-36.27,0,0,DCHG, ,
19784.4,1,1,1,1,4,10420.0,-0.99,12.227,-12.1,-2.89,-36.28,0,0,DCHG, ,
19789.4,1,1,1,1,4,10425.0,-0.99,12.227,-12.1,-2.89,-36.3,0,0,DCHG, ,
19794.4,1,1,1,1,4,10430.0,-1,12.227,-12.2,-2.89,-36.32,0,0,DCHG, ,
19799.4,1,1,1,1,4,10435.0,-1,12.226,-12.2,-2.89,-36.33,0,0,DCHG, ,
19804.4,1,1,1,1,4,10440.0,-1,12.225,-12.2,-2.89,-36.35,0,0,DCHG, ,
19809.4,1,1,1,1,4,10445.0,-1,12.225,-12.2,-2.89,-36.37,0,0,DCHG, ,
19814.4,1,1,1,1,4,10450.0,-1,12.225,-12.2,-2.9,-36.39,0,0,DCHG, ,
19819.4,1,1,1,1,4,10455.0,-1,12.225,-12.2,-2.9,-36.4,0,0,DCHG, ,
19824.4,1,1,1,1,4,10460.0,-1,12.225,-12.2,-2.9,-36.42,0,0,DCHG, ,
19829.4,1,1,1,1,4,10465.0,-1,12.225,-12.2,-2.9,-36.44,0,0,DCHG, ,
19834.4,1,1,1,1,4,10470.0,-1,12.224,-12.2,-2.9,-36.45,0,0,DCHG, ,
19839.4,1,1,1,1,4,10475.0,-1,12.224,-12.2,-2.9,-36.47,0,0,DCHG, ,
19844.4,1,1,1,1,4,10480.0,-1,12.223,-12.2,-2.9,-36.49,0,0,DCHG, ,
19849.4,1,1,1,1,4,10485.0,-1,12.223,-12.2,-2.91,-36.5,0,0,DCHG, ,
19854.4,1,1,1,1,4,10490.0,-1,12.223,-12.2,-2.91,-36.52,0,0,DCHG, ,
19859.4,1,1,1,1,4,10495.0,-1,12.223,-12.2,-2.91,-36.54,0,0,DCHG, ,
19864.4,1,1,1,1,4,10500.0,-1,12.222,-12.1,-2.91,-36.55,0,0,DCHG, ,
19869.4,1,1,1,1,4,10505.0,-1,12.222,-12.1,-2.91,-36.57,0,0,DCHG, ,
19874.4,1,1,1,1,4,10510.0,-1,12.221,-12.1,-2.91,-36.59,0,0,DCHG, ,
19879.4,1,1,1,1,4,10515.0,-0.99,12.221,-12.1,-2.91,-36.6,0,0,DCHG, ,
19884.4,1,1,1,1,4,10520.0,-1,12.221,-12.1,-2.91,-36.62,0,0,DCHG, ,
19889.4,1,1,1,1,4,10525.0,-1,12.221,-12.1,-2.92,-36.64,0,0,DCHG, ,
19894.4,1,1,1,1,4,10530.0,-1,12.221,-12.1,-2.92,-36.66,0,0,DCHG, ,
19899.4,1,1,1,1,4,10535.0,-1,12.22,-12.1,-2.92,-36.67,0,0,DCHG, ,
19904.4,1,1,1,1,4,10540.0,-1,12.22,-12.1,-2.92,-36.69,0,0,DCHG, ,
19909.4,1,1,1,1,4,10545.0,-1,12.22,-12.1,-2.92,-36.71,0,0,DCHG, ,
19914.4,1,1,1,1,4,10550.0,-1,12.22,-12.1,-2.92,-36.72,0,0,DCHG, ,
19919.4,1,1,1,1,4,10555.0,-1,12.22,-12.2,-2.92,-36.74,0,0,DCHG, ,
19924.4,1,1,1,1,4,10560.0,-1,12.219,-12.1,-2.93,-36.76,0,0,DCHG, ,
19929.4,1,1,1,1,4,10565.0,-1,12.219,-12.1,-2.93,-36.77,0,0,DCHG, ,
19934.4,1,1,1,1,4,10570.0,-1,12.218,-12.1,-2.93,-36.79,0,0,DCHG, ,
19939.4,1,1,1,1,4,10575.0,-1,12.218,-12.2,-2.93,-36.81,0,0,DCHG, ,
19944.4,1,1,1,1,4,10580.0,-1,12.218,-12.1,-2.93,-36.82,0,0,DCHG, ,
19949.4,1,1,1,1,4,10585.0,-1,12.218,-12.2,-2.93,-36.84,0,0,DCHG, ,
19954.4,1,1,1,1,4,10590.0,-1,12.218,-12.1,-2.93,-36.86,0,0,DCHG, ,
19959.4,1,1,1,1,4,10595.0,-1,12.217,-12.1,-2.94,-36.87,0,0,DCHG, ,
19964.4,1,1,1,1,4,10600.0,-1,12.217,-12.2,-2.94,-36.89,0,0,DCHG, ,
19969.4,1,1,1,1,4,10605.0,-1,12.217,-12.2,-2.94,-36.91,0,0,DCHG, ,
19974.4,1,1,1,1,4,10610.0,-1,12.216,-12.1,-2.94,-36.92,0,0,DCHG, ,
19979.4,1,1,1,1,4,10615.0,-1,12.216,-12.2,-2.94,-36.94,0,0,DCHG, ,
19984.4,1,1,1,1,4,10620.0,-1,12.216,-12.1,-2.94,-36.96,0,0,DCHG, ,
19989.4,1,1,1,1,4,10625.0,-1,12.215,-12.2,-2.94,-36.98,0,0,DCHG, ,
19994.4,1,1,1,1,4,10630.0,-1,12.215,-12.2,-2.95,-36.99,0,0,DCHG, ,
19999.4,1,1,1,1,4,10635.0,-1,12.215,-12.1,-2.95,-37.01,0,0,DCHG, ,
20004.4,1,1,1,1,4,10640.0,-1,12.215,-12.1,-2.95,-37.03,0,0,DCHG, ,
20009.4,1,1,1,1,4,10645.0,-1,12.214,-12.1,-2.95,-37.04,0,0,DCHG, ,
20014.4,1,1,1,1,4,10650.0,-1,12.214,-12.1,-2.95,-37.06,0,0,DCHG, ,
20019.4,1,1,1,1,4,10655.0,-0.99,12.214,-12.1,-2.95,-37.08,0,0,DCHG, ,
20024.4,1,1,1,1,4,10660.0,-1,12.213,-12.2,-2.95,-37.09,0,0,DCHG, ,
20029.4,1,1,1,1,4,10665.0,-0.99,12.213,-12.1,-2.96,-37.11,0,0,DCHG, ,
20034.4,1,1,1,1,4,10670.0,-1,12.212,-12.2,-2.96,-37.13,0,0,DCHG, ,
20039.4,1,1,1,1,4,10675.0,-1,12.212,-12.1,-2.96,-37.14,0,0,DCHG, ,
20044.4,1,1,1,1,4,10680.0,-1,12.212,-12.1,-2.96,-37.16,0,0,DCHG, ,
20049.4,1,1,1,1,4,10685.0,-1,12.212,-12.1,-2.96,-37.18,0,0,DCHG, ,
20054.4,1,1,1,1,4,10690.0,-1,12.212,-12.2,-2.96,-37.19,0,0,DCHG, ,
20059.4,1,1,1,1,4,10695.0,-0.99,12.211,-12.1,-2.96,-37.21,0,0,DCHG, ,
20064.4,1,1,1,1,4,10700.0,-1,12.211,-12.2,-2.96,-37.23,0,0,DCHG, ,
20069.4,1,1,1,1,4,10705.0,-0.99,12.211,-12.1,-2.97,-37.24,0,0,DCHG, ,
20074.4,1,1,1,1,4,10710.0,-1,12.211,-12.1,-2.97,-37.26,0,0,DCHG, ,
20079.4,1,1,1,1,4,10715.0,-1,12.21,-12.1,-2.97,-37.28,0,0,DCHG, ,
20084.4,1,1,1,1,4,10720.0,-1,12.21,-12.1,-2.97,-37.29,0,0,DCHG, ,
20089.4,1,1,1,1,4,10725.0,-1,12.21,-12.1,-2.97,-37.31,0,0,DCHG, ,
20094.4,1,1,1,1,4,10730.0,-1,12.21,-12.1,-2.97,-37.33,0,0,DCHG, ,
20099.4,1,1,1,1,4,10735.0,-1,12.209,-12.1,-2.97,-37.35,0,0,DCHG, ,
20104.4,1,1,1,1,4,10740.0,-1,12.209,-12.1,-2.98,-37.36,0,0,DCHG, ,
20109.4,1,1,1,1,4,10745.0,-1,12.208,-12.1,-2.98,-37.38,0,0,DCHG, ,
20114.4,1,1,1,1,4,10750.0,-1,12.208,-12.1,-2.98,-37.4,0,0,DCHG, ,
20119.4,1,1,1,1,4,10755.0,-1,12.208,-12.1,-2.98,-37.41,0,0,DCHG, ,
20124.4,1,1,1,1,4,10760.0,-1,12.208,-12.1,-2.98,-37.43,0,0,DCHG, ,
20129.4,1,1,1,1,4,10765.0,-1,12.207,-12.1,-2.98,-37.45,0,0,DCHG, ,
20134.4,1,1,1,1,4,10770.0,-0.99,12.207,-12.1,-2.98,-37.46,0,0,DCHG, ,
20139.4,1,1,1,1,4,10775.0,-1,12.207,-12.1,-2.99,-37.48,0,0,DCHG, ,
20144.4,1,1,1,1,4,10780.0,-1,12.207,-12.1,-2.99,-37.5,0,0,DCHG, ,
20149.4,1,1,1,1,4,10785.0,-1,12.206,-12.1,-2.99,-37.51,0,0,DCHG, ,
20154.4,1,1,1,1,4,10790.0,-1,12.206,-12.1,-2.99,-37.53,0,0,DCHG, ,
20159.4,1,1,1,1,4,10795.0,-1,12.206,-12.1,-2.99,-37.55,0,0,DCHG, ,
20164.4,1,1,1,1,4,10800.0,-1,12.206,-12.2,-2.99,-37.56,0,0,DCHG, ,
20169.4,1,1,1,1,4,10805.0,-1,12.205,-12.1,-2.99,-37.58,0,0,DCHG, ,
20174.4,1,1,1,1,4,10810.0,-1,12.205,-12.1,-3,-37.6,0,0,DCHG, ,
20179.4,1,1,1,1,4,10815.0,-1,12.205,-12.1,-3,-37.61,0,0,DCHG, ,
20184.4,1,1,1,1,4,10820.0,-1,12.204,-12.1,-3,-37.63,0,0,DCHG, ,
20189.4,1,1,1,1,4,10825.0,-1,12.204,-12.1,-3,-37.65,0,0,DCHG, ,
20194.4,1,1,1,1,4,10830.0,-1,12.204,-12.1,-3,-37.67,0,0,DCHG, ,
20199.4,1,1,1,1,4,10835.0,-1,12.204,-12.1,-3,-37.68,0,0,DCHG, ,
20204.4,1,1,1,1,4,10840.0,-1,12.203,-12.1,-3,-37.7,0,0,DCHG, ,
20209.4,1,1,1,1,4,10845.0,-1,12.203,-12.1,-3.01,-37.72,0,0,DCHG, ,
20214.4,1,1,1,1,4,10850.0,-1,12.202,-12.2,-3.01,-37.73,0,0,DCHG, ,
20219.4,1,1,1,1,4,10855.0,-1,12.202,-12.1,-3.01,-37.75,0,0,DCHG, ,
20224.4,1,1,1,1,4,10860.0,-1,12.202,-12.1,-3.01,-37.77,0,0,DCHG, ,
20229.4,1,1,1,1,4,10865.0,-1,12.202,-12.1,-3.01,-37.78,0,0,DCHG, ,
20234.4,1,1,1,1,4,10870.0,-0.99,12.201,-12.1,-3.01,-37.8,0,0,DCHG, ,
20239.4,1,1,1,1,4,10875.0,-1,12.201,-12.2,-3.01,-37.82,0,0,DCHG, ,
20244.4,1,1,1,1,4,10880.0,-1,12.201,-12.1,-3.01,-37.83,0,0,DCHG, ,
20249.4,1,1,1,1,4,10885.0,-1,12.201,-12.2,-3.02,-37.85,0,0,DCHG, ,
20254.4,1,1,1,1,4,10890.0,-1,12.2,-12.1,-3.02,-37.87,0,0,DCHG, ,
20259.4,1,1,1,1,4,10895.0,-1,12.2,-12.1,-3.02,-37.88,0,0,DCHG, ,
20264.4,1,1,1,1,4,10900.0,-1,12.2,-12.2,-3.02,-37.9,0,0,DCHG, ,
20269.4,1,1,1,1,4,10905.0,-1,12.199,-12.1,-3.02,-37.92,0,0,DCHG, ,
20274.4,1,1,1,1,4,10910.0,-1,12.199,-12.1,-3.02,-37.93,0,0,DCHG, ,
20279.4,1,1,1,1,4,10915.0,-1,12.199,-12.1,-3.02,-37.95,0,0,DCHG, ,
20284.4,1,1,1,1,4,10920.0,-1,12.198,-12.1,-3.03,-37.97,0,0,DCHG, ,
20289.4,1,1,1,1,4,10925.0,-1,12.198,-12.1,-3.03,-37.98,0,0,DCHG, ,
20294.4,1,1,1,1,4,10930.0,-1,12.198,-12.1,-3.03,-38,0,0,DCHG, ,
20299.4,1,1,1,1,4,10935.0,-1,12.198,-12.1,-3.03,-38.02,0,0,DCHG, ,
20304.4,1,1,1,1,4,10940.0,-1,12.197,-12.1,-3.03,-38.04,0,0,DCHG, ,
20309.4,1,1,1,1,4,10945.0,-1,12.198,-12.1,-3.03,-38.05,0,0,DCHG, ,
20314.4,1,1,1,1,4,10950.0,-0.99,12.197,-12,-3.03,-38.07,0,0,DCHG, ,
20319.4,1,1,1,1,4,10955.0,-1,12.197,-12.1,-3.04,-38.09,0,0,DCHG, ,
20324.4,1,1,1,1,4,10960.0,-1,12.197,-12.1,-3.04,-38.1,0,0,DCHG, ,
20329.4,1,1,1,1,4,10965.0,-1,12.196,-12.1,-3.04,-38.12,0,0,DCHG, ,
20334.4,1,1,1,1,4,10970.0,-1,12.196,-12.1,-3.04,-38.14,0,0,DCHG, ,
20339.4,1,1,1,1,4,10975.0,-1,12.196,-12.1,-3.04,-38.15,0,0,DCHG, ,
20344.4,1,1,1,1,4,10980.0,-1,12.195,-12.1,-3.04,-38.17,0,0,DCHG, ,
20349.4,1,1,1,1,4,10985.0,-1,12.195,-12.1,-3.04,-38.19,0,0,DCHG, ,
20354.4,1,1,1,1,4,10990.0,-1,12.195,-12.1,-3.05,-38.2,0,0,DCHG, ,
20359.4,1,1,1,1,4,10995.0,-1,12.194,-12.1,-3.05,-38.22,0,0,DCHG, ,
20364.4,1,1,1,1,4,11000.0,-1,12.194,-12.1,-3.05,-38.24,0,0,DCHG, ,
20369.4,1,1,1,1,4,11005.0,-1,12.194,-12.1,-3.05,-38.25,0,0,DCHG, ,
20374.4,1,1,1,1,4,11010.0,-1,12.193,-12.1,-3.05,-38.27,0,0,DCHG, ,
20379.4,1,1,1,1,4,11015.0,-1,12.193,-12.1,-3.05,-38.29,0,0,DCHG, ,
20384.4,1,1,1,1,4,11020.0,-1,12.193,-12.1,-3.05,-38.3,0,0,DCHG, ,
20389.4,1,1,1,1,4,11025.0,-1,12.192,-12.1,-3.06,-38.32,0,0,DCHG, ,
20394.4,1,1,1,1,4,11030.0,-1,12.192,-12.1,-3.06,-38.34,0,0,DCHG, ,
20399.4,1,1,1,1,4,11035.0,-1,12.191,-12.1,-3.06,-38.35,0,0,DCHG, ,
20404.4,1,1,1,1,4,11040.0,-1,12.191,-12.1,-3.06,-38.37,0,0,DCHG, ,
20409.4,1,1,1,1,4,11045.0,-1,12.191,-12.1,-3.06,-38.39,0,0,DCHG, ,
20414.4,1,1,1,1,4,11050.0,-1,12.191,-12.1,-3.06,-38.4,0,0,DCHG, ,
20419.4,1,1,1,1,4,11055.0,-1,12.19,-12.1,-3.06,-38.42,0,0,DCHG, ,
20424.4,1,1,1,1,4,11060.0,-1,12.19,-12.1,-3.06,-38.44,0,0,DCHG, ,
20429.4,1,1,1,1,4,11065.0,-1,12.19,-12.1,-3.07,-38.46,0,0,DCHG, ,
20434.4,1,1,1,1,4,11070.0,-1,12.19,-12.1,-3.07,-38.47,0,0,DCHG, ,
20439.4,1,1,1,1,4,11075.0,-1,12.19,-12.1,-3.07,-38.49,0,0,DCHG, ,
20444.4,1,1,1,1,4,11080.0,-0.99,12.189,-12,-3.07,-38.51,0,0,DCHG, ,
20449.4,1,1,1,1,4,11085.0,-1,12.189,-12.1,-3.07,-38.52,0,0,DCHG, ,
20454.4,1,1,1,1,4,11090.0,-1,12.188,-12.1,-3.07,-38.54,0,0,DCHG, ,
20459.4,1,1,1,1,4,11095.0,-1,12.188,-12.1,-3.07,-38.56,0,0,DCHG, ,
20464.4,1,1,1,1,4,11100.0,-0.99,12.188,-12,-3.08,-38.57,0,0,DCHG, ,
20469.4,1,1,1,1,4,11105.0,-1,12.188,-12.1,-3.08,-38.59,0,0,DCHG, ,
20474.4,1,1,1,1,4,11110.0,-1,12.188,-12.1,-3.08,-38.61,0,0,DCHG, ,
20479.4,1,1,1,1,4,11115.0,-1,12.187,-12.1,-3.08,-38.62,0,0,DCHG, ,
20484.4,1,1,1,1,4,11120.0,-1,12.187,-12.1,-3.08,-38.64,0,0,DCHG, ,
20489.4,1,1,1,1,4,11125.0,-1,12.187,-12.1,-3.08,-38.66,0,0,DCHG, ,
20494.4,1,1,1,1,4,11130.0,-1,12.187,-12.1,-3.08,-38.67,0,0,DCHG, ,
20499.4,1,1,1,1,4,11135.0,-1,12.186,-12.1,-3.09,-38.69,0,0,DCHG, ,
20504.4,1,1,1,1,4,11140.0,-1,12.186,-12.1,-3.09,-38.71,0,0,DCHG, ,
20509.4,1,1,1,1,4,11145.0,-1,12.185,-12.1,-3.09,-38.72,0,0,DCHG, ,
20514.4,1,1,1,1,4,11150.0,-1,12.185,-12.1,-3.09,-38.74,0,0,DCHG, ,
20519.4,1,1,1,1,4,11155.0,-1,12.185,-12.1,-3.09,-38.76,0,0,DCHG, ,
20524.4,1,1,1,1,4,11160.0,-1,12.185,-12.1,-3.09,-38.77,0,0,DCHG, ,
20529.4,1,1,1,1,4,11165.0,-1,12.184,-12.1,-3.09,-38.79,0,0,DCHG, ,
20534.4,1,1,1,1,4,11170.0,-1,12.184,-12.1,-3.1,-38.81,0,0,DCHG, ,
20539.4,1,1,1,1,4,11175.0,-1,12.183,-12.1,-3.1,-38.82,0,0,DCHG, ,
20544.4,1,1,1,1,4,11180.0,-1,12.183,-12.1,-3.1,-38.84,0,0,DCHG, ,
20549.4,1,1,1,1,4,11185.0,-1,12.183,-12.1,-3.1,-38.86,0,0,DCHG, ,
20554.4,1,1,1,1,4,11190.0,-1,12.182,-12.1,-3.1,-38.88,0,0,DCHG, ,
20559.4,1,1,1,1,4,11195.0,-1,12.182,-12.1,-3.1,-38.89,0,0,DCHG, ,
20564.4,1,1,1,1,4,11200.0,-1,12.182,-12.1,-3.1,-38.91,0,0,DCHG, ,
20569.4,1,1,1,1,4,11205.0,-1,12.182,-12.1,-3.11,-38.93,0,0,DCHG, ,
20574.4,1,1,1,1,4,11210.0,-1,12.182,-12.1,-3.11,-38.94,0,0,DCHG, ,
20579.4,1,1,1,1,4,11215.0,-1,12.181,-12.1,-3.11,-38.96,0,0,DCHG, ,
20584.4,1,1,1,1,4,11220.0,-1,12.181,-12.1,-3.11,-38.98,0,0,DCHG, ,
20589.4,1,1,1,1,4,11225.0,-0.99,12.18,-12,-3.11,-38.99,0,0,DCHG, ,
20594.4,1,1,1,1,4,11230.0,-1,12.18,-12.1,-3.11,-39.01,0,0,DCHG, ,
20599.4,1,1,1,1,4,11235.0,-1,12.18,-12.1,-3.11,-39.03,0,0,DCHG, ,
20604.4,1,1,1,1,4,11240.0,-1,12.18,-12.1,-3.11,-39.04,0,0,DCHG, ,
20609.4,1,1,1,1,4,11245.0,-1,12.179,-12.1,-3.12,-39.06,0,0,DCHG, ,
20614.4,1,1,1,1,4,11250.0,-1,12.179,-12.1,-3.12,-39.08,0,0,DCHG, ,
20619.4,1,1,1,1,4,11255.0,-1,12.179,-12.1,-3.12,-39.09,0,0,DCHG, ,
20624.4,1,1,1,1,4,11260.0,-1,12.179,-12.1,-3.12,-39.11,0,0,DCHG, ,
20629.4,1,1,1,1,4,11265.0,-1,12.178,-12.1,-3.12,-39.13,0,0,DCHG, ,
20634.4,1,1,1,1,4,11270.0,-1,12.178,-12.1,-3.12,-39.14,0,0,DCHG, ,
20639.4,1,1,1,1,4,11275.0,-1,12.178,-12.1,-3.12,-39.16,0,0,DCHG, ,
20644.4,1,1,1,1,4,11280.0,-1,12.177,-12.1,-3.13,-39.18,0,0,DCHG, ,
20649.4,1,1,1,1,4,11285.0,-1,12.177,-12.1,-3.13,-39.19,0,0,DCHG, ,
20654.4,1,1,1,1,4,11290.0,-1,12.177,-12.1,-3.13,-39.21,0,0,DCHG, ,
20659.4,1,1,1,1,4,11295.0,-1,12.177,-12.1,-3.13,-39.23,0,0,DCHG, ,
20664.4,1,1,1,1,4,11300.0,-1,12.176,-12.1,-3.13,-39.24,0,0,DCHG, ,
20669.4,1,1,1,1,4,11305.0,-0.99,12.176,-12,-3.13,-39.26,0,0,DCHG, ,
20674.4,1,1,1,1,4,11310.0,-1,12.176,-12.1,-3.13,-39.28,0,0,DCHG, ,
20679.4,1,1,1,1,4,11315.0,-1,12.176,-12.1,-3.14,-39.29,0,0,DCHG, ,
20684.4,1,1,1,1,4,11320.0,-1,12.175,-12.1,-3.14,-39.31,0,0,DCHG, ,
20689.4,1,1,1,1,4,11325.0,-1,12.175,-12.1,-3.14,-39.33,0,0,DCHG, ,
20694.4,1,1,1,1,4,11330.0,-1,12.175,-12.1,-3.14,-39.35,0,0,DCHG, ,
20699.4,1,1,1,1,4,11335.0,-1,12.174,-12.1,-3.14,-39.36,0,0,DCHG, ,
20704.4,1,1,1,1,4,11340.0,-1,12.174,-12.1,-3.14,-39.38,0,0,DCHG, ,
20709.4,1,1,1,1,4,11345.0,-1,12.174,-12.1,-3.14,-39.4,0,0,DCHG, ,
20714.4,1,1,1,1,4,11350.0,-1,12.174,-12.1,-3.15,-39.41,0,0,DCHG, ,
20719.4,1,1,1,1,4,11355.0,-1,12.173,-12.1,-3.15,-39.43,0,0,DCHG, ,
20724.4,1,1,1,1,4,11360.0,-1,12.173,-12.1,-3.15,-39.45,0,0,DCHG, ,
20729.4,1,1,1,1,4,11365.0,-1,12.173,-12.1,-3.15,-39.46,0,0,DCHG, ,
20734.4,1,1,1,1,4,11370.0,-1,12.172,-12.1,-3.15,-39.48,0,0,DCHG, ,
20739.4,1,1,1,1,4,11375.0,-1,12.172,-12.1,-3.15,-39.5,0,0,DCHG, ,
20744.4,1,1,1,1,4,11380.0,-1,12.172,-12.1,-3.15,-39.51,0,0,DCHG, ,
20749.4,1,1,1,1,4,11385.0,-1,12.172,-12.1,-3.15,-39.53,0,0,DCHG, ,
20754.4,1,1,1,1,4,11390.0,-1,12.171,-12.1,-3.16,-39.55,0,0,DCHG, ,
20759.4,1,1,1,1,4,11395.0,-1,12.171,-12.1,-3.16,-39.56,0,0,DCHG, ,
20764.4,1,1,1,1,4,11400.0,-1,12.171,-12.1,-3.16,-39.58,0,0,DCHG, ,
20769.4,1,1,1,1,4,11405.0,-1,12.17,-12.1,-3.16,-39.6,0,0,DCHG, ,
20774.4,1,1,1,1,4,11410.0,-1,12.17,-12.1,-3.16,-39.61,0,0,DCHG, ,
20779.4,1,1,1,1,4,11415.0,-1,12.17,-12.1,-3.16,-39.63,0,0,DCHG, ,
20784.4,1,1,1,1,4,11420.0,-1,12.169,-12.1,-3.16,-39.65,0,0,DCHG, ,
20789.4,1,1,1,1,4,11425.0,-1,12.169,-12.1,-3.17,-39.66,0,0,DCHG, ,
20794.4,1,1,1,1,4,11430.0,-1,12.169,-12.1,-3.17,-39.68,0,0,DCHG, ,
20799.4,1,1,1,1,4,11435.0,-1,12.168,-12.1,-3.17,-39.7,0,0,DCHG, ,
20804.4,1,1,1,1,4,11440.0,-1,12.168,-12.1,-3.17,-39.71,0,0,DCHG, ,
20809.4,1,1,1,1,4,11445.0,-1,12.168,-12.1,-3.17,-39.73,0,0,DCHG, ,
20814.4,1,1,1,1,4,11450.0,-1,12.168,-12.1,-3.17,-39.75,0,0,DCHG, ,
20819.4,1,1,1,1,4,11455.0,-1,12.167,-12.1,-3.17,-39.77,0,0,DCHG, ,
20824.4,1,1,1,1,4,11460.0,-1,12.168,-12.1,-3.18,-39.78,0,0,DCHG, ,
20829.4,1,1,1,1,4,11465.0,-1,12.168,-12.1,-3.18,-39.8,0,0,DCHG, ,
20834.4,1,1,1,1,4,11470.0,-1,12.167,-12.1,-3.18,-39.82,0,0,DCHG, ,
20839.4,1,1,1,1,4,11475.0,-1,12.166,-12.1,-3.18,-39.83,0,0,DCHG, ,
20844.4,1,1,1,1,4,11480.0,-1,12.166,-12.1,-3.18,-39.85,0,0,DCHG, ,
20849.4,1,1,1,1,4,11485.0,-1,12.166,-12.1,-3.18,-39.87,0,0,DCHG, ,
20854.4,1,1,1,1,4,11490.0,-1,12.166,-12.1,-3.18,-39.88,0,0,DCHG, ,
20859.4,1,1,1,1,4,11495.0,-1,12.166,-12.1,-3.19,-39.9,0,0,DCHG, ,
20864.4,1,1,1,1,4,11500.0,-1,12.165,-12.1,-3.19,-39.92,0,0,DCHG, ,
20869.4,1,1,1,1,4,11505.0,-1,12.165,-12.1,-3.19,-39.93,0,0,DCHG, ,
20874.4,1,1,1,1,4,11510.0,-1,12.165,-12.1,-3.19,-39.95,0,0,DCHG, ,
20879.4,1,1,1,1,4,11515.0,-1,12.164,-12.1,-3.19,-39.97,0,0,DCHG, ,
20884.4,1,1,1,1,4,11520.0,-1,12.163,-12.1,-3.19,-39.98,0,0,DCHG, ,
20889.4,1,1,1,1,4,11525.0,-1,12.163,-12.1,-3.19,-40,0,0,DCHG, ,
20894.4,1,1,1,1,4,11530.0,-1,12.163,-12.1,-3.2,-40.02,0,0,DCHG, ,
20899.4,1,1,1,1,4,11535.0,-1,12.163,-12.1,-3.2,-40.03,0,0,DCHG, ,
20904.4,1,1,1,1,4,11540.0,-1,12.162,-12.1,-3.2,-40.05,0,0,DCHG, ,
20909.4,1,1,1,1,4,11545.0,-1,12.162,-12.1,-3.2,-40.07,0,0,DCHG, ,
20914.4,1,1,1,1,4,11550.0,-1,12.162,-12.1,-3.2,-40.08,0,0,DCHG, ,
20919.4,1,1,1,1,4,11555.0,-1,12.161,-12.1,-3.2,-40.1,0,0,DCHG, ,
20924.4,1,1,1,1,4,11560.0,-1,12.161,-12.1,-3.2,-40.12,0,0,DCHG, ,
20929.4,1,1,1,1,4,11565.0,-1,12.161,-12.1,-3.2,-40.13,0,0,DCHG, ,
20934.4,1,1,1,1,4,11570.0,-1,12.16,-12.1,-3.21,-40.15,0,0,DCHG, ,
20939.4,1,1,1,1,4,11575.0,-1,12.16,-12.1,-3.21,-40.17,0,0,DCHG, ,
20944.4,1,1,1,1,4,11580.0,-1,12.16,-12.1,-3.21,-40.18,0,0,DCHG, ,
20949.4,1,1,1,1,4,11585.0,-1,12.16,-12.1,-3.21,-40.2,0,0,DCHG, ,
20954.4,1,1,1,1,4,11590.0,-1,12.16,-12.1,-3.21,-40.22,0,0,DCHG, ,
20959.4,1,1,1,1,4,11595.0,-1,12.16,-12.1,-3.21,-40.24,0,0,DCHG, ,
20964.4,1,1,1,1,4,11600.0,-1,12.159,-12.1,-3.21,-40.25,0,0,DCHG, ,
20969.4,1,1,1,1,4,11605.0,-1,12.159,-12.1,-3.22,-40.27,0,0,DCHG, ,
20974.4,1,1,1,1,4,11610.0,-1,12.158,-12.1,-3.22,-40.29,0,0,DCHG, ,
20979.4,1,1,1,1,4,11615.0,-1,12.158,-12.1,-3.22,-40.3,0,0,DCHG, ,
20984.4,1,1,1,1,4,11620.0,-1,12.158,-12.1,-3.22,-40.32,0,0,DCHG, ,
20989.4,1,1,1,1,4,11625.0,-1,12.157,-12.1,-3.22,-40.34,0,0,DCHG, ,
20994.4,1,1,1,1,4,11630.0,-1,12.158,-12.1,-3.22,-40.35,0,0,DCHG, ,
20999.4,1,1,1,1,4,11635.0,-1,12.157,-12.1,-3.22,-40.37,0,0,DCHG, ,
21004.4,1,1,1,1,4,11640.0,-1,12.157,-12.1,-3.23,-40.39,0,0,DCHG, ,
21009.4,1,1,1,1,4,11645.0,-1,12.157,-12.1,-3.23,-40.4,0,0,DCHG, ,
21014.4,1,1,1,1,4,11650.0,-1,12.156,-12.1,-3.23,-40.42,0,0,DCHG, ,
21019.4,1,1,1,1,4,11655.0,-1,12.156,-12.1,-3.23,-40.44,0,0,DCHG, ,
21024.4,1,1,1,1,4,11660.0,-1,12.156,-12.1,-3.23,-40.45,0,0,DCHG, ,
21029.4,1,1,1,1,4,11665.0,-1,12.155,-12.1,-3.23,-40.47,0,0,DCHG, ,
21034.4,1,1,1,1,4,11670.0,-1,12.155,-12.1,-3.23,-40.49,0,0,DCHG, ,
21039.4,1,1,1,1,4,11675.0,-1,12.155,-12.1,-3.24,-40.5,0,0,DCHG, ,
21044.4,1,1,1,1,4,11680.0,-1,12.154,-12.1,-3.24,-40.52,0,0,DCHG, ,
21049.4,1,1,1,1,4,11685.0,-1,12.154,-12.1,-3.24,-40.54,0,0,DCHG, ,
21054.4,1,1,1,1,4,11690.0,-1,12.154,-12.1,-3.24,-40.55,0,0,DCHG, ,
21059.4,1,1,1,1,4,11695.0,-1,12.154,-12.1,-3.24,-40.57,0,0,DCHG, ,
21064.4,1,1,1,1,4,11700.0,-1,12.154,-12.1,-3.24,-40.59,0,0,DCHG, ,
21069.4,1,1,1,1,4,11705.0,-1,12.153,-12.1,-3.24,-40.6,0,0,DCHG, ,
21074.4,1,1,1,1,4,11710.0,-1,12.152,-12.1,-3.25,-40.62,0,0,DCHG, ,
21079.4,1,1,1,1,4,11715.0,-1,12.153,-12.1,-3.25,-40.64,0,0,DCHG, ,
21084.4,1,1,1,1,4,11720.0,-1,12.152,-12.1,-3.25,-40.66,0,0,DCHG, ,
21089.4,1,1,1,1,4,11725.0,-1,12.152,-12.1,-3.25,-40.67,0,0,DCHG, ,
21094.4,1,1,1,1,4,11730.0,-1,12.152,-12.1,-3.25,-40.69,0,0,DCHG, ,
21099.4,1,1,1,1,4,11735.0,-1,12.151,-12.1,-3.25,-40.71,0,0,DCHG, ,
21104.4,1,1,1,1,4,11740.0,-1,12.151,-12.1,-3.25,-40.72,0,0,DCHG, ,
21109.4,1,1,1,1,4,11745.0,-1,12.15,-12.1,-3.25,-40.74,0,0,DCHG, ,
21114.4,1,1,1,1,4,11750.0,-1,12.15,-12.1,-3.26,-40.76,0,0,DCHG, ,
21119.4,1,1,1,1,4,11755.0,-1,12.15,-12.1,-3.26,-40.77,0,0,DCHG, ,
21124.4,1,1,1,1,4,11760.0,-1,12.149,-12.1,-3.26,-40.79,0,0,DCHG, ,
21129.4,1,1,1,1,4,11765.0,-1,12.149,-12.1,-3.26,-40.81,0,0,DCHG, ,
21134.4,1,1,1,1,4,11770.0,-1,12.149,-12.1,-3.26,-40.82,0,0,DCHG, ,
21139.4,1,1,1,1,4,11775.0,-1,12.149,-12.1,-3.26,-40.84,0,0,DCHG, ,
21144.4,1,1,1,1,4,11780.0,-1,12.149,-12.1,-3.26,-40.86,0,0,DCHG, ,
21149.4,1,1,1,1,4,11785.0,-1,12.148,-12.1,-3.27,-40.87,0,0,DCHG, ,
21154.4,1,1,1,1,4,11790.0,-1,12.148,-12.1,-3.27,-40.89,0,0,DCHG, ,
21159.4,1,1,1,1,4,11795.0,-1,12.148,-12.1,-3.27,-40.91,0,0,DCHG, ,
21164.4,1,1,1,1,4,11800.0,-1,12.147,-12.1,-3.27,-40.92,0,0,DCHG, ,
21169.4,1,1,1,1,4,11805.0,-1,12.147,-12.1,-3.27,-40.94,0,0,DCHG, ,
21174.4,1,1,1,1,4,11810.0,-1,12.147,-12.1,-3.27,-40.96,0,0,DCHG, ,
21179.4,1,1,1,1,4,11815.0,-1,12.146,-12.1,-3.27,-40.97,0,0,DCHG, ,
21184.4,1,1,1,1,4,11820.0,-1,12.146,-12.1,-3.28,-40.99,0,0,DCHG, ,
21189.4,1,1,1,1,4,11825.0,-1,12.146,-12.1,-3.28,-41.01,0,0,DCHG, ,
21194.4,1,1,1,1,4,11830.0,-1,12.146,-12.1,-3.28,-41.02,0,0,DCHG, ,
21199.4,1,1,1,1,4,11835.0,-1,12.145,-12.1,-3.28,-41.04,0,0,DCHG, ,
21204.4,1,1,1,1,4,11840.0,-1,12.145,-12.1,-3.28,-41.06,0,0,DCHG, ,
21209.4,1,1,1,1,4,11845.0,-1,12.144,-12.1,-3.28,-41.08,0,0,DCHG, ,
21214.4,1,1,1,1,4,11850.0,-0.99,12.144,-12,-3.28,-41.09,0,0,DCHG, ,
21219.4,1,1,1,1,4,11855.0,-1,12.144,-12.1,-3.29,-41.11,0,0,DCHG, ,
21224.4,1,1,1,1,4,11860.0,-1,12.144,-12.1,-3.29,-41.13,0,0,DCHG, ,
21229.4,1,1,1,1,4,11865.0,-1,12.144,-12.1,-3.29,-41.14,0,0,DCHG, ,
21234.4,1,1,1,1,4,11870.0,-1,12.143,-12.1,-3.29,-41.16,0,0,DCHG, ,
21239.4,1,1,1,1,4,11875.0,-1,12.143,-12.1,-3.29,-41.18,0,0,DCHG, ,
21244.4,1,1,1,1,4,11880.0,-1,12.143,-12.1,-3.29,-41.19,0,0,DCHG, ,
21249.4,1,1,1,1,4,11885.0,-1,12.142,-12.1,-3.29,-41.21,0,0,DCHG, ,
21254.4,1,1,1,1,4,11890.0,-1,12.142,-12.1,-3.3,-41.23,0,0,DCHG, ,
21259.4,1,1,1,1,4,11895.0,-1,12.142,-12.1,-3.3,-41.24,0,0,DCHG, ,
21264.4,1,1,1,1,4,11900.0,-1,12.142,-12.1,-3.3,-41.26,0,0,DCHG, ,
21269.4,1,1,1,1,4,11905.0,-1,12.141,-12.1,-3.3,-41.28,0,0,DCHG, ,
21274.4,1,1,1,1,4,11910.0,-1,12.141,-12.1,-3.3,-41.29,0,0,DCHG, ,
21279.4,1,1,1,1,4,11915.0,-1,12.14,-12.1,-3.3,-41.31,0,0,DCHG, ,
21284.4,1,1,1,1,4,11920.0,-1,12.14,-12.1,-3.3,-41.33,0,0,DCHG, ,
21289.4,1,1,1,1,4,11925.0,-1,12.14,-12.1,-3.3,-41.34,0,0,DCHG, ,
21294.4,1,1,1,1,4,11930.0,-1,12.14,-12.1,-3.31,-41.36,0,0,DCHG, ,
21299.4,1,1,1,1,4,11935.0,-1,12.139,-12.1,-3.31,-41.38,0,0,DCHG, ,
21304.4,1,1,1,1,4,11940.0,-1,12.139,-12.1,-3.31,-41.39,0,0,DCHG, ,
21309.4,1,1,1,1,4,11945.0,-1,12.139,-12.1,-3.31,-41.41,0,0,DCHG, ,
21314.4,1,1,1,1,4,11950.0,-0.99,12.138,-12,-3.31,-41.43,0,0,DCHG, ,
21319.4,1,1,1,1,4,11955.0,-1,12.138,-12.1,-3.31,-41.44,0,0,DCHG, ,
21324.4,1,1,1,1,4,11960.0,-1,12.138,-12.1,-3.31,-41.46,0,0,DCHG, ,
21329.4,1,1,1,1,4,11965.0,-1,12.138,-12.1,-3.32,-41.48,0,0,DCHG, ,
21334.4,1,1,1,1,4,11970.0,-1,12.137,-12.1,-3.32,-41.49,0,0,DCHG, ,
21339.4,1,1,1,1,4,11975.0,-1,12.137,-12.1,-3.32,-41.51,0,0,DCHG, ,
21344.4,1,1,1,1,4,11980.0,-1,12.137,-12.1,-3.32,-41.53,0,0,DCHG, ,
21349.4,1,1,1,1,4,11985.0,-1,12.136,-12.1,-3.32,-41.55,0,0,DCHG, ,
21354.4,1,1,1,1,4,11990.0,-1,12.136,-12.1,-3.32,-41.56,0,0,DCHG, ,
21359.4,1,1,1,1,4,11995.0,-1,12.136,-12.1,-3.32,-41.58,0,0,DCHG, ,
21364.4,1,1,1,1,4,12000.0,-1,12.136,-12.1,-3.33,-41.6,0,0,DCHG, ,
21369.4,1,1,1,1,4,12005.0,-1,12.136,-12.1,-3.33,-41.61,0,0,DCHG, ,
21374.4,1,1,1,1,4,12010.0,-1,12.135,-12.1,-3.33,-41.63,0,0,DCHG, ,
21379.4,1,1,1,1,4,12015.0,-1,12.135,-12.1,-3.33,-41.65,0,0,DCHG, ,
21384.4,1,1,1,1,4,12020.0,-1,12.134,-12.1,-3.33,-41.66,0,0,DCHG, ,
21389.4,1,1,1,1,4,12025.0,-1,12.134,-12.1,-3.33,-41.68,0,0,DCHG, ,
21394.4,1,1,1,1,4,12030.0,-1,12.134,-12.1,-3.33,-41.7,0,0,DCHG, ,
21399.4,1,1,1,1,4,12035.0,-1,12.134,-12.1,-3.34,-41.71,0,0,DCHG, ,
21404.4,1,1,1,1,4,12040.0,-1,12.133,-12.1,-3.34,-41.73,0,0,DCHG, ,
21409.4,1,1,1,1,4,12045.0,-1,12.133,-12.1,-3.34,-41.75,0,0,DCHG, ,
21414.4,1,1,1,1,4,12050.0,-0.99,12.133,-12,-3.34,-41.76,0,0,DCHG, ,
21419.4,1,1,1,1,4,12055.0,-1,12.133,-12.1,-3.34,-41.78,0,0,DCHG, ,
21424.4,1,1,1,1,4,12060.0,-1,12.132,-12.1,-3.34,-41.8,0,0,DCHG, ,
21429.4,1,1,1,1,4,12065.0,-1,12.132,-12.1,-3.34,-41.81,0,0,DCHG, ,
21434.4,1,1,1,1,4,12070.0,-1,12.131,-12.1,-3.35,-41.83,0,0,DCHG, ,
21439.4,1,1,1,1,4,12075.0,-0.99,12.131,-12,-3.35,-41.85,0,0,DCHG, ,
21444.4,1,1,1,1,4,12080.0,-0.99,12.131,-12,-3.35,-41.86,0,0,DCHG, ,
21449.4,1,1,1,1,4,12085.0,-1,12.13,-12.1,-3.35,-41.88,0,0,DCHG, ,
21454.4,1,1,1,1,4,12090.0,-1,12.13,-12.1,-3.35,-41.9,0,0,DCHG, ,
21459.4,1,1,1,1,4,12095.0,-1,12.13,-12.1,-3.35,-41.91,0,0,DCHG, ,
21464.4,1,1,1,1,4,12100.0,-1,12.129,-12.1,-3.35,-41.93,0,0,DCHG, ,
21469.4,1,1,1,1,4,12105.0,-1,12.129,-12.1,-3.35,-41.95,0,0,DCHG, ,
21474.4,1,1,1,1,4,12110.0,-1,12.128,-12.1,-3.36,-41.97,0,0,DCHG, ,
21479.4,1,1,1,1,4,12115.0,-1,12.128,-12.1,-3.36,-41.98,0,0,DCHG, ,
21484.4,1,1,1,1,4,12120.0,-1,12.128,-12.1,-3.36,-42,0,0,DCHG, ,
21489.4,1,1,1,1,4,12125.0,-1,12.128,-12.1,-3.36,-42.02,0,0,DCHG, ,
21494.4,1,1,1,1,4,12130.0,-1,12.128,-12.1,-3.36,-42.03,0,0,DCHG, ,
21499.4,1,1,1,1,4,12135.0,-1,12.128,-12.1,-3.36,-42.05,0,0,DCHG, ,
21504.4,1,1,1,1,4,12140.0,-1,12.127,-12.1,-3.36,-42.07,0,0,DCHG, ,
21509.4,1,1,1,1,4,12145.0,-1,12.127,-12.1,-3.37,-42.08,0,0,DCHG, ,
21514.4,1,1,1,1,4,12150.0,-1,12.127,-12.1,-3.37,-42.1,0,0,DCHG, ,
21519.4,1,1,1,1,4,12155.0,-1,12.126,-12.1,-3.37,-42.12,0,0,DCHG, ,
21524.4,1,1,1,1,4,12160.0,-1,12.126,-12.1,-3.37,-42.13,0,0,DCHG, ,
21529.4,1,1,1,1,4,12165.0,-1,12.126,-12.1,-3.37,-42.15,0,0,DCHG, ,
21534.4,1,1,1,1,4,12170.0,-1,12.126,-12.1,-3.37,-42.17,0,0,DCHG, ,
21539.4,1,1,1,1,4,12175.0,-1,12.125,-12.1,-3.37,-42.18,0,0,DCHG, ,
21544.4,1,1,1,1,4,12180.0,-1,12.125,-12.1,-3.38,-42.2,0,0,DCHG, ,
21549.4,1,1,1,1,4,12185.0,-1,12.124,-12.1,-3.38,-42.22,0,0,DCHG, ,
21554.4,1,1,1,1,4,12190.0,-1,12.124,-12.1,-3.38,-42.23,0,0,DCHG, ,
21559.4,1,1,1,1,4,12195.0,-1,12.124,-12.1,-3.38,-42.25,0,0,DCHG, ,
21564.4,1,1,1,1,4,12200.0,-1,12.124,-12.1,-3.38,-42.27,0,0,DCHG, ,
21569.4,1,1,1,1,4,12205.0,-1,12.123,-12.1,-3.38,-42.28,0,0,DCHG, ,
21574.4,1,1,1,1,4,12210.0,-1,12.123,-12.1,-3.38,-42.3,0,0,DCHG, ,
21579.4,1,1,1,1,4,12215.0,-0.99,12.123,-12,-3.39,-42.32,0,0,DCHG, ,
21584.4,1,1,1,1,4,12220.0,-1,12.122,-12.1,-3.39,-42.33,0,0,DCHG, ,
21589.4,1,1,1,1,4,12225.0,-1,12.122,-12.1,-3.39,-42.35,0,0,DCHG, ,
21594.4,1,1,1,1,4,12230.0,-1,12.122,-12.1,-3.39,-42.37,0,0,DCHG, ,
21599.4,1,1,1,1,4,12235.0,-1,12.122,-12.1,-3.39,-42.38,0,0,DCHG, ,
21604.4,1,1,1,1,4,12240.0,-0.99,12.121,-12,-3.39,-42.4,0,0,DCHG, ,
21609.4,1,1,1,1,4,12245.0,-1,12.121,-12.1,-3.39,-42.42,0,0,DCHG, ,
21614.4,1,1,1,1,4,12250.0,-1,12.121,-12,-3.4,-42.44,0,0,DCHG, ,
21619.4,1,1,1,1,4,12255.0,-0.99,12.121,-12,-3.4,-42.45,0,0,DCHG, ,
21624.4,1,1,1,1,4,12260.0,-1,12.12,-12.1,-3.4,-42.47,0,0,DCHG, ,
21629.4,1,1,1,1,4,12265.0,-1,12.12,-12,-3.4,-42.49,0,0,DCHG, ,
21634.4,1,1,1,1,4,12270.0,-1,12.119,-12,-3.4,-42.5,0,0,DCHG, ,
21639.4,1,1,1,1,4,12275.0,-1,12.119,-12,-3.4,-42.52,0,0,DCHG, ,
21644.4,1,1,1,1,4,12280.0,-1,12.119,-12,-3.4,-42.54,0,0,DCHG, ,
21649.4,1,1,1,1,4,12285.0,-0.99,12.119,-12,-3.4,-42.55,0,0,DCHG, ,
21654.4,1,1,1,1,4,12290.0,-1,12.118,-12,-3.41,-42.57,0,0,DCHG, ,
21659.4,1,1,1,1,4,12295.0,-1,12.117,-12.1,-3.41,-42.59,0,0,DCHG, ,
21664.4,1,1,1,1,4,12300.0,-1,12.118,-12,-3.41,-42.6,0,0,DCHG, ,
21669.4,1,1,1,1,4,12305.0,-1,12.117,-12,-3.41,-42.62,0,0,DCHG, ,
21674.4,1,1,1,1,4,12310.0,-1,12.117,-12,-3.41,-42.64,0,0,DCHG, ,
21679.4,1,1,1,1,4,12315.0,-1,12.117,-12.1,-3.41,-42.65,0,0,DCHG, ,
21684.4,1,1,1,1,4,12320.0,-1,12.116,-12,-3.41,-42.67,0,0,DCHG, ,
21689.4,1,1,1,1,4,12325.0,-1,12.116,-12,-3.42,-42.69,0,0,DCHG, ,
21694.4,1,1,1,1,4,12330.0,-1,12.116,-12,-3.42,-42.7,0,0,DCHG, ,
21699.4,1,1,1,1,4,12335.0,-1,12.116,-12,-3.42,-42.72,0,0,DCHG, ,
21704.4,1,1,1,1,4,12340.0,-1,12.115,-12,-3.42,-42.74,0,0,DCHG, ,
21709.4,1,1,1,1,4,12345.0,-1,12.115,-12,-3.42,-42.75,0,0,DCHG, ,
21714.4,1,1,1,1,4,12350.0,-1,12.114,-12,-3.42,-42.77,0,0,DCHG, ,
21719.4,1,1,1,1,4,12355.0,-1,12.115,-12,-3.42,-42.79,0,0,DCHG, ,
21724.4,1,1,1,1,4,12360.0,-1,12.114,-12,-3.43,-42.8,0,0,DCHG, ,
21729.4,1,1,1,1,4,12365.0,-1,12.113,-12,-3.43,-42.82,0,0,DCHG, ,
21734.4,1,1,1,1,4,12370.0,-1,12.114,-12,-3.43,-42.84,0,0,DCHG, ,
21739.4,1,1,1,1,4,12375.0,-1,12.113,-12.1,-3.43,-42.85,0,0,DCHG, ,
21744.4,1,1,1,1,4,12380.0,-1,12.113,-12,-3.43,-42.87,0,0,DCHG, ,
21749.4,1,1,1,1,4,12385.0,-1,12.113,-12,-3.43,-42.89,0,0,DCHG, ,
21754.4,1,1,1,1,4,12390.0,-0.99,12.112,-12,-3.43,-42.9,0,0,DCHG, ,
21759.4,1,1,1,1,4,12395.0,-1,12.112,-12,-3.44,-42.92,0,0,DCHG, ,
21764.4,1,1,1,1,4,12400.0,-1,12.111,-12.1,-3.44,-42.94,0,0,DCHG, ,
21769.4,1,1,1,1,4,12405.0,-1,12.111,-12,-3.44,-42.95,0,0,DCHG, ,
21774.4,1,1,1,1,4,12410.0,-1,12.111,-12,-3.44,-42.97,0,0,DCHG, ,
21779.4,1,1,1,1,4,12415.0,-1,12.111,-12,-3.44,-42.99,0,0,DCHG, ,
21784.4,1,1,1,1,4,12420.0,-1,12.11,-12,-3.44,-43,0,0,DCHG, ,
21789.4,1,1,1,1,4,12425.0,-1,12.11,-12.1,-3.44,-43.02,0,0,DCHG, ,
21794.4,1,1,1,1,4,12430.0,-1,12.11,-12,-3.45,-43.04,0,0,DCHG, ,
21799.4,1,1,1,1,4,12435.0,-1,12.109,-12,-3.45,-43.05,0,0,DCHG, ,
21804.4,1,1,1,1,4,12440.0,-1,12.109,-12,-3.45,-43.07,0,0,DCHG, ,
21809.4,1,1,1,1,4,12445.0,-1,12.109,-12.1,-3.45,-43.09,0,0,DCHG, ,
21814.4,1,1,1,1,4,12450.0,-1,12.109,-12,-3.45,-43.1,0,0,DCHG, ,
21819.4,1,1,1,1,4,12455.0,-1,12.108,-12,-3.45,-43.12,0,0,DCHG, ,
21824.4,1,1,1,1,4,12460.0,-1,12.108,-12,-3.45,-43.14,0,0,DCHG, ,
21829.4,1,1,1,1,4,12465.0,-1,12.107,-12,-3.45,-43.15,0,0,DCHG, ,
21834.4,1,1,1,1,4,12470.0,-1,12.107,-12.1,-3.46,-43.17,0,0,DCHG, ,
21839.4,1,1,1,1,4,12475.0,-1,12.107,-12,-3.46,-43.19,0,0,DCHG, ,
21844.4,1,1,1,1,4,12480.0,-1,12.106,-12,-3.46,-43.2,0,0,DCHG, ,
21849.4,1,1,1,1,4,12485.0,-1,12.106,-12.1,-3.46,-43.22,0,0,DCHG, ,
21854.4,1,1,1,1,4,12490.0,-0.99,12.106,-12,-3.46,-43.24,0,0,DCHG, ,
21859.4,1,1,1,1,4,12495.0,-1,12.106,-12,-3.46,-43.25,0,0,DCHG, ,
21864.4,1,1,1,1,4,12500.0,-1,12.106,-12.1,-3.46,-43.27,0,0,DCHG, ,
21869.4,1,1,1,1,4,12505.0,-1,12.105,-12.1,-3.47,-43.29,0,0,DCHG, ,
21874.4,1,1,1,1,4,12510.0,-1,12.105,-12,-3.47,-43.3,0,0,DCHG, ,
21879.4,1,1,1,1,4,12515.0,-1,12.105,-12,-3.47,-43.32,0,0,DCHG, ,
21884.4,1,1,1,1,4,12520.0,-1,12.104,-12,-3.47,-43.34,0,0,DCHG, ,
21889.4,1,1,1,1,4,12525.0,-1,12.104,-12.1,-3.47,-43.35,0,0,DCHG, ,
21894.4,1,1,1,1,4,12530.0,-1,12.104,-12,-3.47,-43.37,0,0,DCHG, ,
21899.4,1,1,1,1,4,12535.0,-1,12.104,-12.1,-3.47,-43.39,0,0,DCHG, ,
21904.4,1,1,1,1,4,12540.0,-1,12.103,-12.1,-3.48,-43.4,0,0,DCHG, ,
21909.4,1,1,1,1,4,12545.0,-1,12.103,-12.1,-3.48,-43.42,0,0,DCHG, ,
21914.4,1,1,1,1,4,12550.0,-1,12.102,-12,-3.48,-43.44,0,0,DCHG, ,
21919.4,1,1,1,1,4,12555.0,-1,12.102,-12,-3.48,-43.45,0,0,DCHG, ,
21924.4,1,1,1,1,4,12560.0,-0.99,12.102,-12,-3.48,-43.47,0,0,DCHG, ,
21929.4,1,1,1,1,4,12565.0,-1,12.101,-12.1,-3.48,-43.49,0,0,DCHG, ,
21934.4,1,1,1,1,4,12570.0,-1,12.101,-12.1,-3.48,-43.5,0,0,DCHG, ,
21939.4,1,1,1,1,4,12575.0,-0.99,12.101,-11.9,-3.49,-43.52,0,0,DCHG, ,
21944.4,1,1,1,1,4,12580.0,-1,12.101,-12,-3.49,-43.54,0,0,DCHG, ,
21949.4,1,1,1,1,4,12585.0,-1,12.1,-12,-3.49,-43.55,0,0,DCHG, ,
21954.4,1,1,1,1,4,12590.0,-1,12.1,-12,-3.49,-43.57,0,0,DCHG, ,
21959.4,1,1,1,1,4,12595.0,-1,12.1,-12,-3.49,-43.59,0,0,DCHG, ,
21964.4,1,1,1,1,4,12600.0,-1,12.099,-12,-3.49,-43.6,0,0,DCHG, ,
21969.4,1,1,1,1,4,12605.0,-1,12.099,-12,-3.49,-43.62,0,0,DCHG, ,
21974.4,1,1,1,1,4,12610.0,-1,12.099,-12,-3.49,-43.64,0,0,DCHG, ,
21979.4,1,1,1,1,4,12615.0,-1,12.098,-12,-3.5,-43.65,0,0,DCHG, ,
21984.4,1,1,1,1,4,12620.0,-1,12.099,-12,-3.5,-43.67,0,0,DCHG, ,
21989.4,1,1,1,1,4,12625.0,-1,12.098,-12,-3.5,-43.69,0,0,DCHG, ,
21994.4,1,1,1,1,4,12630.0,-1,12.098,-12,-3.5,-43.7,0,0,DCHG, ,
21999.4,1,1,1,1,4,12635.0,-0.99,12.098,-11.9,-3.5,-43.72,0,0,DCHG, ,
22004.4,1,1,1,1,4,12640.0,-1,12.097,-12,-3.5,-43.74,0,0,DCHG, ,
22009.4,1,1,1,1,4,12645.0,-1,12.097,-12,-3.5,-43.75,0,0,DCHG, ,
22014.4,1,1,1,1,4,12650.0,-1,12.097,-12,-3.51,-43.77,0,0,DCHG, ,
22019.4,1,1,1,1,4,12655.0,-1,12.097,-12,-3.51,-43.79,0,0,DCHG, ,
22024.4,1,1,1,1,4,12660.0,-1,12.096,-12,-3.51,-43.8,0,0,DCHG, ,
22029.4,1,1,1,1,4,12665.0,-1,12.096,-12,-3.51,-43.82,0,0,DCHG, ,
22034.4,1,1,1,1,4,12670.0,-1,12.096,-12,-3.51,-43.84,0,0,DCHG, ,
22039.4,1,1,1,1,4,12675.0,-1,12.095,-12,-3.51,-43.85,0,0,DCHG, ,
22044.4,1,1,1,1,4,12680.0,-1,12.095,-12,-3.51,-43.87,0,0,DCHG, ,
22049.4,1,1,1,1,4,12685.0,-1,12.095,-12,-3.52,-43.89,0,0,DCHG, ,
22054.4,1,1,1,1,4,12690.0,-1,12.095,-12,-3.52,-43.9,0,0,DCHG, ,
22059.4,1,1,1,1,4,12695.0,-1,12.094,-12,-3.52,-43.92,0,0,DCHG, ,
22064.4,1,1,1,1,4,12700.0,-1,12.094,-12,-3.52,-43.94,0,0,DCHG, ,
22069.4,1,1,1,1,4,12705.0,-1,12.094,-12,-3.52,-43.95,0,0,DCHG, ,
22074.4,1,1,1,1,4,12710.0,-1,12.093,-12,-3.52,-43.97,0,0,DCHG, ,
22079.4,1,1,1,1,4,12715.0,-1,12.093,-12,-3.52,-43.99,0,0,DCHG, ,
22084.4,1,1,1,1,4,12720.0,-1,12.092,-12,-3.53,-44,0,0,DCHG, ,
22089.4,1,1,1,1,4,12725.0,-1,12.092,-12,-3.53,-44.02,0,0,DCHG, ,
22094.4,1,1,1,1,4,12730.0,-1,12.092,-12,-3.53,-44.04,0,0,DCHG, ,
22099.4,1,1,1,1,4,12735.0,-1,12.091,-12,-3.53,-44.05,0,0,DCHG, ,
22104.4,1,1,1,1,4,12740.0,-1,12.091,-12,-3.53,-44.07,0,0,DCHG, ,
22109.4,1,1,1,1,4,12745.0,-1,12.091,-12,-3.53,-44.09,0,0,DCHG, ,
22114.4,1,1,1,1,4,12750.0,-1,12.09,-12,-3.53,-44.1,0,0,DCHG, ,
22119.4,1,1,1,1,4,12755.0,-0.99,12.09,-12,-3.54,-44.12,0,0,DCHG, ,
22124.4,1,1,1,1,4,12760.0,-1,12.09,-12,-3.54,-44.14,0,0,DCHG, ,
22129.4,1,1,1,1,4,12765.0,-1,12.09,-12,-3.54,-44.15,0,0,DCHG, ,
22134.4,1,1,1,1,4,12770.0,-1,12.089,-12,-3.54,-44.17,0,0,DCHG, ,
22139.4,1,1,1,1,4,12775.0,-0.99,12.089,-11.9,-3.54,-44.19,0,0,DCHG, ,
22144.4,1,1,1,1,4,12780.0,-1,12.089,-12,-3.54,-44.2,0,0,DCHG, ,
22149.4,1,1,1,1,4,12785.0,-1,12.088,-12,-3.54,-44.22,0,0,DCHG, ,
22154.4,1,1,1,1,4,12790.0,-1,12.088,-12,-3.54,-44.24,0,0,DCHG, ,
22159.4,1,1,1,1,4,12795.0,-1,12.088,-12,-3.55,-44.25,0,0,DCHG, ,
22164.4,1,1,1,1,4,12800.0,-1,12.087,-12,-3.55,-44.27,0,0,DCHG, ,
22169.4,1,1,1,1,4,12805.0,-1,12.087,-12,-3.55,-44.29,0,0,DCHG, ,
22174.4,1,1,1,1,4,12810.0,-1,12.087,-12,-3.55,-44.3,0,0,DCHG, ,
22179.4,1,1,1,1,4,12815.0,-1,12.087,-12,-3.55,-44.32,0,0,DCHG, ,
22184.4,1,1,1,1,4,12820.0,-1,12.087,-12,-3.55,-44.34,0,0,DCHG, ,
22189.4,1,1,1,1,4,12825.0,-1,12.086,-12,-3.55,-44.35,0,0,DCHG, ,
22194.4,1,1,1,1,4,12830.0,-0.99,12.085,-11.9,-3.56,-44.37,0,0,DCHG, ,
22199.4,1,1,1,1,4,12835.0,-1,12.085,-12,-3.56,-44.39,0,0,DCHG, ,
22204.4,1,1,1,1,4,12840.0,-0.99,12.085,-11.9,-3.56,-44.4,0,0,DCHG, ,
22209.4,1,1,1,1,4,12845.0,-1,12.085,-12,-3.56,-44.42,0,0,DCHG, ,
22214.4,1,1,1,1,4,12850.0,-1,12.085,-12,-3.56,-44.44,0,0,DCHG, ,
22219.4,1,1,1,1,4,12855.0,-0.99,12.084,-12,-3.56,-44.45,0,0,DCHG, ,
22224.4,1,1,1,1,4,12860.0,-1,12.084,-12,-3.56,-44.47,0,0,DCHG, ,
22229.4,1,1,1,1,4,12865.0,-1,12.084,-12,-3.57,-44.49,0,0,DCHG, ,
22234.4,1,1,1,1,4,12870.0,-1,12.083,-12,-3.57,-44.5,0,0,DCHG, ,
22239.4,1,1,1,1,4,12875.0,-1,12.083,-12,-3.57,-44.52,0,0,DCHG, ,
22244.4,1,1,1,1,4,12880.0,-1,12.083,-12,-3.57,-44.54,0,0,DCHG, ,
22249.4,1,1,1,1,4,12885.0,-1,12.082,-12,-3.57,-44.55,0,0,DCHG, ,
22254.4,1,1,1,1,4,12890.0,-1,12.082,-12,-3.57,-44.57,0,0,DCHG, ,
22259.4,1,1,1,1,4,12895.0,-1,12.082,-12,-3.57,-44.59,0,0,DCHG, ,
22264.4,1,1,1,1,4,12900.0,-1,12.082,-12,-3.58,-44.6,0,0,DCHG, ,
22269.4,1,1,1,1,4,12905.0,-1,12.081,-12,-3.58,-44.62,0,0,DCHG, ,
22274.4,1,1,1,1,4,12910.0,-1,12.081,-12,-3.58,-44.64,0,0,DCHG, ,
22279.4,1,1,1,1,4,12915.0,-1,12.081,-12,-3.58,-44.65,0,0,DCHG, ,
22284.4,1,1,1,1,4,12920.0,-1,12.08,-12,-3.58,-44.67,0,0,DCHG, ,
22289.4,1,1,1,1,4,12925.0,-1,12.079,-12,-3.58,-44.69,0,0,DCHG, ,
22294.4,1,1,1,1,4,12930.0,-1,12.079,-12,-3.58,-44.7,0,0,DCHG, ,
22299.4,1,1,1,1,4,12935.0,-1,12.08,-12,-3.59,-44.72,0,0,DCHG, ,
22304.4,1,1,1,1,4,12940.0,-1,12.079,-12,-3.59,-44.74,0,0,DCHG, ,
22309.4,1,1,1,1,4,12945.0,-1,12.079,-12,-3.59,-44.75,0,0,DCHG, ,
22314.4,1,1,1,1,4,12950.0,-1,12.079,-12,-3.59,-44.77,0,0,DCHG, ,
22319.4,1,1,1,1,4,12955.0,-0.99,12.078,-11.9,-3.59,-44.79,0,0,DCHG, ,
22324.4,1,1,1,1,4,12960.0,-1,12.078,-12,-3.59,-44.8,0,0,DCHG, ,
22329.4,1,1,1,1,4,12965.0,-1,12.078,-12,-3.59,-44.82,0,0,DCHG, ,
22334.4,1,1,1,1,4,12970.0,-1,12.077,-12,-3.59,-44.84,0,0,DCHG, ,
22339.4,1,1,1,1,4,12975.0,-1,12.077,-12,-3.6,-44.85,0,0,DCHG, ,
22344.4,1,1,1,1,4,12980.0,-1,12.077,-12,-3.6,-44.87,0,0,DCHG, ,
22349.4,1,1,1,1,4,12985.0,-1,12.076,-12,-3.6,-44.89,0,0,DCHG, ,
22354.4,1,1,1,1,4,12990.0,-1,12.076,-12,-3.6,-44.9,0,0,DCHG, ,
22359.4,1,1,1,1,4,12995.0,-1,12.076,-12,-3.6,-44.92,0,0,DCHG, ,
22364.4,1,1,1,1,4,13000.0,-1,12.076,-12,-3.6,-44.94,0,0,DCHG, ,
22369.4,1,1,1,1,4,13005.0,-0.99,12.076,-11.9,-3.6,-44.95,0,0,DCHG, ,
22374.4,1,1,1,1,4,13010.0,-1,12.075,-12,-3.61,-44.97,0,0,DCHG, ,
22379.4,1,1,1,1,4,13015.0,-1,12.075,-12,-3.61,-44.99,0,0,DCHG, ,
22384.4,1,1,1,1,4,13020.0,-1,12.075,-12,-3.61,-45,0,0,DCHG, ,
22389.4,1,1,1,1,4,13025.0,-1,12.074,-12,-3.61,-45.02,0,0,DCHG, ,
22394.4,1,1,1,1,4,13030.0,-1,12.074,-12,-3.61,-45.04,0,0,DCHG, ,
22399.4,1,1,1,1,4,13035.0,-0.99,12.074,-11.9,-3.61,-45.05,0,0,DCHG, ,
22404.4,1,1,1,1,4,13040.0,-1,12.073,-12,-3.61,-45.07,0,0,DCHG, ,
22409.4,1,1,1,1,4,13045.0,-1,12.073,-12,-3.62,-45.09,0,0,DCHG, ,
22414.4,1,1,1,1,4,13050.0,-1,12.073,-12,-3.62,-45.1,0,0,DCHG, ,
22419.4,1,1,1,1,4,13055.0,-0.99,12.072,-11.9,-3.62,-45.12,0,0,DCHG, ,
22424.4,1,1,1,1,4,13060.0,-0.99,12.072,-11.9,-3.62,-45.14,0,0,DCHG, ,
22429.4,1,1,1,1,4,13065.0,-1,12.072,-12,-3.62,-45.15,0,0,DCHG, ,
22434.4,1,1,1,1,4,13070.0,-1,12.072,-12,-3.62,-45.17,0,0,DCHG, ,
22439.4,1,1,1,1,4,13075.0,-1,12.071,-12,-3.62,-45.19,0,0,DCHG, ,
22444.4,1,1,1,1,4,13080.0,-1,12.071,-12,-3.63,-45.2,0,0,DCHG, ,
22449.4,1,1,1,1,4,13085.0,-1,12.07,-12,-3.63,-45.22,0,0,DCHG, ,
22454.4,1,1,1,1,4,13090.0,-1,12.07,-12,-3.63,-45.24,0,0,DCHG, ,
22459.4,1,1,1,1,4,13095.0,-1,12.07,-12,-3.63,-45.25,0,0,DCHG, ,
22464.4,1,1,1,1,4,13100.0,-1,12.069,-12,-3.63,-45.27,0,0,DCHG, ,
22469.4,1,1,1,1,4,13105.0,-1,12.07,-12,-3.63,-45.29,0,0,DCHG, ,
22474.4,1,1,1,1,4,13110.0,-1,12.069,-12,-3.63,-45.3,0,0,DCHG, ,
22479.4,1,1,1,1,4,13115.0,-1,12.069,-12,-3.64,-45.32,0,0,DCHG, ,
22484.4,1,1,1,1,4,13120.0,-1,12.068,-12,-3.64,-45.34,0,0,DCHG, ,
22489.4,1,1,1,1,4,13125.0,-1,12.068,-12,-3.64,-45.35,0,0,DCHG, ,
22494.4,1,1,1,1,4,13130.0,-1,12.068,-12,-3.64,-45.37,0,0,DCHG, ,
22499.4,1,1,1,1,4,13135.0,-1,12.067,-12,-3.64,-45.39,0,0,DCHG, ,
22504.4,1,1,1,1,4,13140.0,-1,12.067,-12,-3.64,-45.4,0,0,DCHG, ,
22509.4,1,1,1,1,4,13145.0,-1,12.067,-12,-3.64,-45.42,0,0,DCHG, ,
22514.4,1,1,1,1,4,13150.0,-1,12.067,-12,-3.64,-45.44,0,0,DCHG, ,
22519.4,1,1,1,1,4,13155.0,-1,12.066,-12,-3.65,-45.45,0,0,DCHG, ,
22524.4,1,1,1,1,4,13160.0,-1,12.066,-12,-3.65,-45.47,0,0,DCHG, ,
22529.4,1,1,1,1,4,13165.0,-1,12.066,-12,-3.65,-45.49,0,0,DCHG, ,
22534.4,1,1,1,1,4,13170.0,-1,12.065,-12,-3.65,-45.5,0,0,DCHG, ,
22539.4,1,1,1,1,4,13175.0,-1,12.066,-12,-3.65,-45.52,0,0,DCHG, ,
22544.4,1,1,1,1,4,13180.0,-1,12.065,-12,-3.65,-45.54,0,0,DCHG, ,
22549.4,1,1,1,1,4,13185.0,-1,12.065,-12,-3.65,-45.55,0,0,DCHG, ,
22554.4,1,1,1,1,4,13190.0,-1,12.064,-12,-3.66,-45.57,0,0,DCHG, ,
22559.4,1,1,1,1,4,13195.0,-1,12.064,-12,-3.66,-45.59,0,0,DCHG, ,
22564.4,1,1,1,1,4,13200.0,-1,12.064,-12,-3.66,-45.6,0,0,DCHG, ,
22569.4,1,1,1,1,4,13205.0,-1,12.063,-12,-3.66,-45.62,0,0,DCHG, ,
22574.4,1,1,1,1,4,13210.0,-0.99,12.063,-11.9,-3.66,-45.64,0,0,DCHG, ,
22579.4,1,1,1,1,4,13215.0,-1,12.063,-12,-3.66,-45.65,0,0,DCHG, ,
22584.4,1,1,1,1,4,13220.0,-1,12.062,-12,-3.66,-45.67,0,0,DCHG, ,
22589.4,1,1,1,1,4,13225.0,-1,12.062,-12,-3.67,-45.69,0,0,DCHG, ,
22594.4,1,1,1,1,4,13230.0,-1,12.062,-12,-3.67,-45.7,0,0,DCHG, ,
22599.4,1,1,1,1,4,13235.0,-1,12.062,-12,-3.67,-45.72,0,0,DCHG, ,
22604.4,1,1,1,1,4,13240.0,-1,12.061,-12,-3.67,-45.74,0,0,DCHG, ,
22609.4,1,1,1,1,4,13245.0,-1,12.061,-12,-3.67,-45.75,0,0,DCHG, ,
22614.4,1,1,1,1,4,13250.0,-1,12.06,-12,-3.67,-45.77,0,0,DCHG, ,
22619.4,1,1,1,1,4,13255.0,-1,12.06,-12,-3.67,-45.79,0,0,DCHG, ,
22624.4,1,1,1,1,4,13260.0,-1,12.06,-12,-3.68,-45.8,0,0,DCHG, ,
22629.4,1,1,1,1,4,13265.0,-1,12.06,-12,-3.68,-45.82,0,0,DCHG, ,
22634.4,1,1,1,1,4,13270.0,-0.99,12.06,-11.9,-3.68,-45.84,0,0,DCHG, ,
22639.4,1,1,1,1,4,13275.0,-1,12.059,-12,-3.68,-45.85,0,0,DCHG, ,
22644.4,1,1,1,1,4,13280.0,-1,12.059,-12,-3.68,-45.87,0,0,DCHG, ,
22649.4,1,1,1,1,4,13285.0,-1,12.058,-12,-3.68,-45.89,0,0,DCHG, ,
22654.4,1,1,1,1,4,13290.0,-1,12.058,-12,-3.68,-45.9,0,0,DCHG, ,
22659.4,1,1,1,1,4,13295.0,-1,12.058,-12,-3.69,-45.92,0,0,DCHG, ,
22664.4,1,1,1,1,4,13300.0,-1,12.057,-12,-3.69,-45.94,0,0,DCHG, ,
22669.4,1,1,1,1,4,13305.0,-1,12.057,-12,-3.69,-45.95,0,0,DCHG, ,
22674.4,1,1,1,1,4,13310.0,-1,12.057,-12,-3.69,-45.97,0,0,DCHG, ,
22679.4,1,1,1,1,4,13315.0,-1,12.057,-12,-3.69,-45.99,0,0,DCHG, ,
22684.4,1,1,1,1,4,13320.0,-1,12.056,-12,-3.69,-46,0,0,DCHG, ,
22689.4,1,1,1,1,4,13325.0,-1,12.056,-12,-3.69,-46.02,0,0,DCHG, ,
22694.4,1,1,1,1,4,13330.0,-1,12.056,-12,-3.69,-46.04,0,0,DCHG, ,
22699.4,1,1,1,1,4,13335.0,-1,12.055,-12,-3.7,-46.05,0,0,DCHG, ,
22704.4,1,1,1,1,4,13340.0,-1,12.055,-12,-3.7,-46.07,0,0,DCHG, ,
22709.4,1,1,1,1,4,13345.0,-1,12.054,-12,-3.7,-46.09,0,0,DCHG, ,
22714.4,1,1,1,1,4,13350.0,-1,12.054,-12,-3.7,-46.1,0,0,DCHG, ,
22719.4,1,1,1,1,4,13355.0,-1,12.054,-12,-3.7,-46.12,0,0,DCHG, ,
22724.4,1,1,1,1,4,13360.0,-1,12.054,-12,-3.7,-46.14,0,0,DCHG, ,
22729.4,1,1,1,1,4,13365.0,-1,12.053,-12,-3.7,-46.15,0,0,DCHG, ,
22734.4,1,1,1,1,4,13370.0,-1,12.053,-12,-3.71,-46.17,0,0,DCHG, ,
22739.4,1,1,1,1,4,13375.0,-1,12.053,-12,-3.71,-46.19,0,0,DCHG, ,
22744.4,1,1,1,1,4,13380.0,-1,12.053,-12,-3.71,-46.2,0,0,DCHG, ,
22749.4,1,1,1,1,4,13385.0,-1,12.052,-12,-3.71,-46.22,0,0,DCHG, ,
22754.4,1,1,1,1,4,13390.0,-1,12.052,-12,-3.71,-46.24,0,0,DCHG, ,
22759.4,1,1,1,1,4,13395.0,-0.99,12.052,-11.9,-3.71,-46.25,0,0,DCHG, ,
22764.4,1,1,1,1,4,13400.0,-1,12.051,-12,-3.71,-46.27,0,0,DCHG, ,
22769.4,1,1,1,1,4,13405.0,-1,12.051,-12,-3.72,-46.29,0,0,DCHG, ,
22774.4,1,1,1,1,4,13410.0,-1,12.05,-12,-3.72,-46.3,0,0,DCHG, ,
22779.4,1,1,1,1,4,13415.0,-1,12.05,-12,-3.72,-46.32,0,0,DCHG, ,
22784.4,1,1,1,1,4,13420.0,-1,12.05,-12,-3.72,-46.34,0,0,DCHG, ,
22789.4,1,1,1,1,4,13425.0,-1,12.049,-12,-3.72,-46.35,0,0,DCHG, ,
22794.4,1,1,1,1,4,13430.0,-1,12.049,-12,-3.72,-46.37,0,0,DCHG, ,
22799.4,1,1,1,1,4,13435.0,-1,12.049,-12,-3.72,-46.39,0,0,DCHG, ,
22804.4,1,1,1,1,4,13440.0,-1,12.049,-12,-3.73,-46.4,0,0,DCHG, ,
22809.4,1,1,1,1,4,13445.0,-1,12.048,-12,-3.73,-46.42,0,0,DCHG, ,
22814.4,1,1,1,1,4,13450.0,-1,12.048,-12,-3.73,-46.44,0,0,DCHG, ,
22819.4,1,1,1,1,4,13455.0,-1,12.048,-12,-3.73,-46.45,0,0,DCHG, ,
22824.4,1,1,1,1,4,13460.0,-1,12.048,-12,-3.73,-46.47,0,0,DCHG, ,
22829.4,1,1,1,1,4,13465.0,-1,12.047,-12,-3.73,-46.49,0,0,DCHG, ,
22834.4,1,1,1,1,4,13470.0,-1,12.047,-12,-3.73,-46.5,0,0,DCHG, ,
22839.4,1,1,1,1,4,13475.0,-1,12.047,-12,-3.74,-46.52,0,0,DCHG, ,
22844.4,1,1,1,1,4,13480.0,-1,12.046,-12,-3.74,-46.54,0,0,DCHG, ,
22849.4,1,1,1,1,4,13485.0,-0.99,12.046,-11.9,-3.74,-46.55,0,0,DCHG, ,
22854.4,1,1,1,1,4,13490.0,-1,12.045,-12,-3.74,-46.57,0,0,DCHG, ,
22859.4,1,1,1,1,4,13495.0,-1,12.045,-12,-3.74,-46.59,0,0,DCHG, ,
22864.4,1,1,1,1,4,13500.0,-1,12.045,-12,-3.74,-46.6,0,0,DCHG, ,
22869.4,1,1,1,1,4,13505.0,-1,12.045,-12,-3.74,-46.62,0,0,DCHG, ,
22874.4,1,1,1,1,4,13510.0,-1,12.044,-12,-3.74,-46.64,0,0,DCHG, ,
22879.4,1,1,1,1,4,13515.0,-1,12.044,-12,-3.75,-46.65,0,0,DCHG, ,
22884.4,1,1,1,1,4,13520.0,-1,12.044,-12,-3.75,-46.67,0,0,DCHG, ,
22889.4,1,1,1,1,4,13525.0,-1,12.044,-12,-3.75,-46.69,0,0,DCHG, ,
22894.4,1,1,1,1,4,13530.0,-0.99,12.043,-11.9,-3.75,-46.7,0,0,DCHG, ,
22899.4,1,1,1,1,4,13535.0,-1,12.043,-12,-3.75,-46.72,0,0,DCHG, ,
22904.4,1,1,1,1,4,13540.0,-1,12.042,-12,-3.75,-46.74,0,0,DCHG, ,
22909.4,1,1,1,1,4,13545.0,-1,12.043,-12,-3.75,-46.75,0,0,DCHG, ,
22914.4,1,1,1,1,4,13550.0,-1,12.042,-12,-3.76,-46.77,0,0,DCHG, ,
22919.4,1,1,1,1,4,13555.0,-1,12.041,-12,-3.76,-46.79,0,0,DCHG, ,
22924.4,1,1,1,1,4,13560.0,-1,12.041,-12,-3.76,-46.8,0,0,DCHG, ,
22929.4,1,1,1,1,4,13565.0,-1,12.041,-12,-3.76,-46.82,0,0,DCHG, ,
22934.4,1,1,1,1,4,13570.0,-1,12.041,-12,-3.76,-46.84,0,0,DCHG, ,
22939.4,1,1,1,1,4,13575.0,-1,12.041,-12,-3.76,-46.85,0,0,DCHG, ,
22944.4,1,1,1,1,4,13580.0,-1,12.04,-12,-3.76,-46.87,0,0,DCHG, ,
22949.4,1,1,1,1,4,13585.0,-0.99,12.04,-11.9,-3.77,-46.89,0,0,DCHG, ,
22954.4,1,1,1,1,4,13590.0,-1,12.04,-12,-3.77,-46.9,0,0,DCHG, ,
22959.4,1,1,1,1,4,13595.0,-1,12.04,-12,-3.77,-46.92,0,0,DCHG, ,
22964.4,1,1,1,1,4,13600.0,-1,12.039,-12,-3.77,-46.94,0,0,DCHG, ,
22969.4,1,1,1,1,4,13605.0,-1,12.039,-12,-3.77,-46.95,0,0,DCHG, ,
22974.4,1,1,1,1,4,13610.0,-1,12.038,-12,-3.77,-46.97,0,0,DCHG, ,
22979.4,1,1,1,1,4,13615.0,-1,12.038,-12,-3.77,-46.99,0,0,DCHG, ,
22984.4,1,1,1,1,4,13620.0,-1,12.038,-12,-3.78,-47,0,0,DCHG, ,
22989.4,1,1,1,1,4,13625.0,-1,12.037,-12,-3.78,-47.02,0,0,DCHG, ,
22994.4,1,1,1,1,4,13630.0,-1,12.037,-12,-3.78,-47.03,0,0,DCHG, ,
22999.4,1,1,1,1,4,13635.0,-1,12.037,-12,-3.78,-47.05,0,0,DCHG, ,
23004.4,1,1,1,1,4,13640.0,-1,12.037,-12,-3.78,-47.07,0,0,DCHG, ,
23009.4,1,1,1,1,4,13645.0,-1,12.037,-12,-3.78,-47.08,0,0,DCHG, ,
23014.4,1,1,1,1,4,13650.0,-1,12.036,-12,-3.78,-47.1,0,0,DCHG, ,
23019.4,1,1,1,1,4,13655.0,-1,12.036,-12,-3.79,-47.12,0,0,DCHG, ,
23024.4,1,1,1,1,4,13660.0,-1,12.035,-12,-3.79,-47.13,0,0,DCHG, ,
23029.4,1,1,1,1,4,13665.0,-1,12.035,-12,-3.79,-47.15,0,0,DCHG, ,
23034.4,1,1,1,1,4,13670.0,-1,12.035,-12,-3.79,-47.17,0,0,DCHG, ,
23039.4,1,1,1,1,4,13675.0,-0.99,12.035,-11.9,-3.79,-47.18,0,0,DCHG, ,
23044.4,1,1,1,1,4,13680.0,-1,12.034,-12,-3.79,-47.2,0,0,DCHG, ,
23049.4,1,1,1,1,4,13685.0,-1,12.034,-12,-3.79,-47.22,0,0,DCHG, ,
23054.4,1,1,1,1,4,13690.0,-1,12.034,-12,-3.79,-47.23,0,0,DCHG, ,
23059.4,1,1,1,1,4,13695.0,-1,12.034,-12,-3.8,-47.25,0,0,DCHG, ,
23064.4,1,1,1,1,4,13700.0,-1,12.033,-12,-3.8,-47.27,0,0,DCHG, ,
23069.4,1,1,1,1,4,13705.0,-1,12.032,-12,-3.8,-47.28,0,0,DCHG, ,
23074.4,1,1,1,1,4,13710.0,-0.99,12.032,-11.9,-3.8,-47.3,0,0,DCHG, ,
23079.4,1,1,1,1,4,13715.0,-1,12.032,-12,-3.8,-47.32,0,0,DCHG, ,
23084.4,1,1,1,1,4,13720.0,-1,12.032,-12,-3.8,-47.33,0,0,DCHG, ,
23089.4,1,1,1,1,4,13725.0,-1,12.032,-12,-3.8,-47.35,0,0,DCHG, ,
23094.4,1,1,1,1,4,13730.0,-1,12.031,-12,-3.81,-47.37,0,0,DCHG, ,
23099.4,1,1,1,1,4,13735.0,-1,12.031,-12,-3.81,-47.38,0,0,DCHG, ,
23104.4,1,1,1,1,4,13740.0,-1,12.031,-12,-3.81,-47.4,0,0,DCHG, ,
23109.4,1,1,1,1,4,13745.0,-1,12.03,-12,-3.81,-47.42,0,0,DCHG, ,
23114.4,1,1,1,1,4,13750.0,-1,12.031,-12,-3.81,-47.43,0,0,DCHG, ,
23119.4,1,1,1,1,4,13755.0,-1,12.03,-12,-3.81,-47.45,0,0,DCHG, ,
23124.4,1,1,1,1,4,13760.0,-1,12.029,-12,-3.81,-47.47,0,0,DCHG, ,
23129.4,1,1,1,1,4,13765.0,-1,12.029,-12,-3.82,-47.48,0,0,DCHG, ,
23134.4,1,1,1,1,4,13770.0,-1,12.029,-12,-3.82,-47.5,0,0,DCHG, ,
23139.4,1,1,1,1,4,13775.0,-1,12.029,-12,-3.82,-47.52,0,0,DCHG, ,
23144.4,1,1,1,1,4,13780.0,-1,12.028,-12,-3.82,-47.53,0,0,DCHG, ,
23149.4,1,1,1,1,4,13785.0,-1,12.027,-12,-3.82,-47.55,0,0,DCHG, ,
23154.4,1,1,1,1,4,13790.0,-1,12.027,-12,-3.82,-47.57,0,0,DCHG, ,
23159.4,1,1,1,1,4,13795.0,-1,12.027,-12,-3.82,-47.58,0,0,DCHG, ,
23164.4,1,1,1,1,4,13800.0,-1,12.027,-12,-3.83,-47.6,0,0,DCHG, ,
23169.4,1,1,1,1,4,13805.0,-1,12.027,-12,-3.83,-47.62,0,0,DCHG, ,
23174.4,1,1,1,1,4,13810.0,-1,12.026,-12,-3.83,-47.63,0,0,DCHG, ,
23179.4,1,1,1,1,4,13815.0,-1,12.026,-12,-3.83,-47.65,0,0,DCHG, ,
23184.4,1,1,1,1,4,13820.0,-1,12.026,-12,-3.83,-47.67,0,0,DCHG, ,
23189.4,1,1,1,1,4,13825.0,-1,12.025,-12,-3.83,-47.68,0,0,DCHG, ,
23194.4,1,1,1,1,4,13830.0,-1,12.025,-12,-3.83,-47.7,0,0,DCHG, ,
23199.4,1,1,1,1,4,13835.0,-1,12.024,-12,-3.83,-47.72,0,0,DCHG, ,
23204.4,1,1,1,1,4,13840.0,-1,12.024,-12,-3.84,-47.73,0,0,DCHG, ,
23209.4,1,1,1,1,4,13845.0,-1,12.024,-12,-3.84,-47.75,0,0,DCHG, ,
23214.4,1,1,1,1,4,13850.0,-0.99,12.024,-11.9,-3.84,-47.77,0,0,DCHG, ,
23219.4,1,1,1,1,4,13855.0,-1,12.024,-12,-3.84,-47.78,0,0,DCHG, ,
23224.4,1,1,1,1,4,13860.0,-1,12.023,-12,-3.84,-47.8,0,0,DCHG, ,
23229.4,1,1,1,1,4,13865.0,-1,12.023,-12,-3.84,-47.82,0,0,DCHG, ,
23234.4,1,1,1,1,4,13870.0,-1,12.023,-12,-3.84,-47.83,0,0,DCHG, ,
23239.4,1,1,1,1,4,13875.0,-1,12.022,-12,-3.85,-47.85,0,0,DCHG, ,
23244.4,1,1,1,1,4,13880.0,-1,12.022,-12,-3.85,-47.87,0,0,DCHG, ,
23249.4,1,1,1,1,4,13885.0,-1,12.022,-12,-3.85,-47.88,0,0,DCHG, ,
23254.4,1,1,1,1,4,13890.0,-1,12.022,-12,-3.85,-47.9,0,0,DCHG, ,
23259.4,1,1,1,1,4,13895.0,-1,12.021,-12,-3.85,-47.92,0,0,DCHG, ,
23264.4,1,1,1,1,4,13900.0,-1,12.02,-11.9,-3.85,-47.93,0,0,DCHG, ,
23269.4,1,1,1,1,4,13905.0,-1,12.021,-12,-3.85,-47.95,0,0,DCHG, ,
23274.4,1,1,1,1,4,13910.0,-1,12.02,-12,-3.86,-47.97,0,0,DCHG, ,
23279.4,1,1,1,1,4,13915.0,-1,12.019,-12,-3.86,-47.98,0,0,DCHG, ,
23284.4,1,1,1,1,4,13920.0,-1,12.019,-11.9,-3.86,-48,0,0,DCHG, ,
23289.4,1,1,1,1,4,13925.0,-1,12.019,-11.9,-3.86,-48.02,0,0,DCHG, ,
23294.4,1,1,1,1,4,13930.0,-1,12.019,-12,-3.86,-48.03,0,0,DCHG, ,
23299.4,1,1,1,1,4,13935.0,-1,12.018,-11.9,-3.86,-48.05,0,0,DCHG, ,
23304.4,1,1,1,1,4,13940.0,-1,12.018,-11.9,-3.86,-48.07,0,0,DCHG, ,
23309.4,1,1,1,1,4,13945.0,-1,12.018,-11.9,-3.87,-48.08,0,0,DCHG, ,
23314.4,1,1,1,1,4,13950.0,-1,12.017,-11.9,-3.87,-48.1,0,0,DCHG, ,
23319.4,1,1,1,1,4,13955.0,-0.99,12.017,-11.9,-3.87,-48.12,0,0,DCHG, ,
23324.4,1,1,1,1,4,13960.0,-1,12.016,-11.9,-3.87,-48.13,0,0,DCHG, ,
23329.4,1,1,1,1,4,13965.0,-1,12.016,-11.9,-3.87,-48.15,0,0,DCHG, ,
23334.4,1,1,1,1,4,13970.0,-1,12.016,-11.9,-3.87,-48.17,0,0,DCHG, ,
23339.4,1,1,1,1,4,13975.0,-1,12.016,-12,-3.87,-48.18,0,0,DCHG, ,
23344.4,1,1,1,1,4,13980.0,-1,12.015,-12,-3.88,-48.2,0,0,DCHG, ,
23349.4,1,1,1,1,4,13985.0,-1,12.015,-11.9,-3.88,-48.22,0,0,DCHG, ,
23354.4,1,1,1,1,4,13990.0,-1,12.015,-11.9,-3.88,-48.23,0,0,DCHG, ,
23359.4,1,1,1,1,4,13995.0,-1,12.014,-11.9,-3.88,-48.25,0,0,DCHG, ,
23364.4,1,1,1,1,4,14000.0,-1,12.014,-11.9,-3.88,-48.27,0,0,DCHG, ,
23369.4,1,1,1,1,4,14005.0,-0.99,12.014,-11.9,-3.88,-48.28,0,0,DCHG, ,
23374.4,1,1,1,1,4,14010.0,-1,12.013,-11.9,-3.88,-48.3,0,0,DCHG, ,
23379.4,1,1,1,1,4,14015.0,-0.99,12.013,-11.9,-3.88,-48.32,0,0,DCHG, ,
23384.4,1,1,1,1,4,14020.0,-1,12.012,-12,-3.89,-48.33,0,0,DCHG, ,
23389.4,1,1,1,1,4,14025.0,-1,12.013,-11.9,-3.89,-48.35,0,0,DCHG, ,
23394.4,1,1,1,1,4,14030.0,-1,12.012,-11.9,-3.89,-48.36,0,0,DCHG, ,
23399.4,1,1,1,1,4,14035.0,-1,12.012,-12,-3.89,-48.38,0,0,DCHG, ,
23404.4,1,1,1,1,4,14040.0,-1,12.012,-11.9,-3.89,-48.4,0,0,DCHG, ,
23409.4,1,1,1,1,4,14045.0,-1,12.011,-11.9,-3.89,-48.41,0,0,DCHG, ,
23414.4,1,1,1,1,4,14050.0,-1,12.011,-12,-3.89,-48.43,0,0,DCHG, ,
23419.4,1,1,1,1,4,14055.0,-1,12.011,-12,-3.9,-48.45,0,0,DCHG, ,
23424.4,1,1,1,1,4,14060.0,-1,12.01,-11.9,-3.9,-48.46,0,0,DCHG, ,
23429.4,1,1,1,1,4,14065.0,-1,12.01,-12,-3.9,-48.48,0,0,DCHG, ,
23434.4,1,1,1,1,4,14070.0,-1,12.01,-11.9,-3.9,-48.5,0,0,DCHG, ,
23439.4,1,1,1,1,4,14075.0,-1,12.009,-11.9,-3.9,-48.51,0,0,DCHG, ,
23444.4,1,1,1,1,4,14080.0,-1,12.009,-11.9,-3.9,-48.53,0,0,DCHG, ,
23449.4,1,1,1,1,4,14085.0,-1,12.009,-11.9,-3.9,-48.55,0,0,DCHG, ,
23454.4,1,1,1,1,4,14090.0,-1,12.008,-11.9,-3.91,-48.56,0,0,DCHG, ,
23459.4,1,1,1,1,4,14095.0,-1,12.008,-11.9,-3.91,-48.58,0,0,DCHG, ,
23464.4,1,1,1,1,4,14100.0,-1,12.008,-11.9,-3.91,-48.6,0,0,DCHG, ,
23469.4,1,1,1,1,4,14105.0,-1,12.008,-12,-3.91,-48.61,0,0,DCHG, ,
23474.4,1,1,1,1,4,14110.0,-1,12.007,-11.9,-3.91,-48.63,0,0,DCHG, ,
23479.4,1,1,1,1,4,14115.0,-1,12.007,-11.9,-3.91,-48.65,0,0,DCHG, ,
23484.4,1,1,1,1,4,14120.0,-1,12.007,-11.9,-3.91,-48.66,0,0,DCHG, ,
23489.4,1,1,1,1,4,14125.0,-1,12.006,-11.9,-3.92,-48.68,0,0,DCHG, ,
23494.4,1,1,1,1,4,14130.0,-1,12.006,-11.9,-3.92,-48.7,0,0,DCHG, ,
23499.4,1,1,1,1,4,14135.0,-1,12.005,-11.9,-3.92,-48.71,0,0,DCHG, ,
23504.4,1,1,1,1,4,14140.0,-1,12.005,-11.9,-3.92,-48.73,0,0,DCHG, ,
23509.4,1,1,1,1,4,14145.0,-1,12.005,-11.9,-3.92,-48.75,0,0,DCHG, ,
23514.4,1,1,1,1,4,14150.0,-1,12.005,-11.9,-3.92,-48.76,0,0,DCHG, ,
23519.4,1,1,1,1,4,14155.0,-1,12.004,-11.9,-3.92,-48.78,0,0,DCHG, ,
23524.4,1,1,1,1,4,14160.0,-1,12.004,-11.9,-3.93,-48.8,0,0,DCHG, ,
23529.4,1,1,1,1,4,14165.0,-1,12.004,-11.9,-3.93,-48.81,0,0,DCHG, ,
23534.4,1,1,1,1,4,14170.0,-1,12.004,-11.9,-3.93,-48.83,0,0,DCHG, ,
23539.4,1,1,1,1,4,14175.0,-1,12.004,-11.9,-3.93,-48.84,0,0,DCHG, ,
23544.4,1,1,1,1,4,14180.0,-1,12.003,-11.9,-3.93,-48.86,0,0,DCHG, ,
23549.4,1,1,1,1,4,14185.0,-1,12.003,-11.9,-3.93,-48.88,0,0,DCHG, ,
23554.4,1,1,1,1,4,14190.0,-1,12.002,-11.9,-3.93,-48.89,0,0,DCHG, ,
23559.4,1,1,1,1,4,14195.0,-0.99,12.002,-11.9,-3.93,-48.91,0,0,DCHG, ,
23564.4,1,1,1,1,4,14200.0,-1,12.001,-11.9,-3.94,-48.93,0,0,DCHG, ,
23569.4,1,1,1,1,4,14205.0,-1,12.002,-11.9,-3.94,-48.94,0,0,DCHG, ,
23574.4,1,1,1,1,4,14210.0,-0.99,12.001,-11.9,-3.94,-48.96,0,0,DCHG, ,
23579.4,1,1,1,1,4,14215.0,-1,12.001,-11.9,-3.94,-48.98,0,0,DCHG, ,
23584.4,1,1,1,1,4,14220.0,-1,12.001,-11.9,-3.94,-48.99,0,0,DCHG, ,
23589.4,1,1,1,1,4,14225.0,-1,12,-11.9,-3.94,-49.01,0,0,DCHG, ,
23594.4,1,1,1,1,4,14230.0,-1,12,-11.9,-3.94,-49.03,0,0,DCHG, ,
23599.4,1,1,1,1,4,14235.0,-1,12,-11.9,-3.95,-49.04,0,0,DCHG, ,
23604.4,1,1,1,1,4,14240.0,-1,12,-11.9,-3.95,-49.06,0,0,DCHG, ,
23609.4,1,1,1,1,4,14245.0,-1,11.999,-11.9,-3.95,-49.08,0,0,DCHG, ,
23614.4,1,1,1,1,4,14250.0,-1,11.999,-11.9,-3.95,-49.09,0,0,DCHG, ,
23619.4,1,1,1,1,4,14255.0,-1,11.999,-11.9,-3.95,-49.11,0,0,DCHG, ,
23624.4,1,1,1,1,4,14260.0,-1,11.998,-11.9,-3.95,-49.13,0,0,DCHG, ,
23629.4,1,1,1,1,4,14265.0,-1,11.998,-11.9,-3.95,-49.14,0,0,DCHG, ,
23634.4,1,1,1,1,4,14270.0,-1,11.997,-11.9,-3.96,-49.16,0,0,DCHG, ,
23639.4,1,1,1,1,4,14275.0,-1,11.997,-11.9,-3.96,-49.18,0,0,DCHG, ,
23644.4,1,1,1,1,4,14280.0,-1,11.997,-11.9,-3.96,-49.19,0,0,DCHG, ,
23649.4,1,1,1,1,4,14285.0,-1,11.997,-11.9,-3.96,-49.21,0,0,DCHG, ,
23654.4,1,1,1,1,4,14290.0,-1,11.996,-11.9,-3.96,-49.23,0,0,DCHG, ,
23659.4,1,1,1,1,4,14295.0,-1,11.996,-11.9,-3.96,-49.24,0,0,DCHG, ,
23664.4,1,1,1,1,4,14300.0,-1,11.995,-11.9,-3.96,-49.26,0,0,DCHG, ,
23669.4,1,1,1,1,4,14305.0,-1,11.995,-11.9,-3.97,-49.27,0,0,DCHG, ,
23674.4,1,1,1,1,4,14310.0,-1,11.995,-11.9,-3.97,-49.29,0,0,DCHG, ,
23679.4,1,1,1,1,4,14315.0,-1,11.994,-11.9,-3.97,-49.31,0,0,DCHG, ,
23684.4,1,1,1,1,4,14320.0,-1,11.994,-11.9,-3.97,-49.32,0,0,DCHG, ,
23689.4,1,1,1,1,4,14325.0,-1,11.994,-11.9,-3.97,-49.34,0,0,DCHG, ,
23694.4,1,1,1,1,4,14330.0,-1,11.994,-11.9,-3.97,-49.36,0,0,DCHG, ,
23699.4,1,1,1,1,4,14335.0,-1,11.994,-11.9,-3.97,-49.37,0,0,DCHG, ,
23704.4,1,1,1,1,4,14340.0,-1,11.993,-11.9,-3.98,-49.39,0,0,DCHG, ,
23709.4,1,1,1,1,4,14345.0,-1,11.993,-11.9,-3.98,-49.41,0,0,DCHG, ,
23714.4,1,1,1,1,4,14350.0,-1,11.993,-11.9,-3.98,-49.42,0,0,DCHG, ,
23719.4,1,1,1,1,4,14355.0,-1,11.993,-11.9,-3.98,-49.44,0,0,DCHG, ,
23724.4,1,1,1,1,4,14360.0,-1,11.992,-11.9,-3.98,-49.46,0,0,DCHG, ,
23729.4,1,1,1,1,4,14365.0,-1,11.991,-11.9,-3.98,-49.47,0,0,DCHG, ,
23734.4,1,1,1,1,4,14370.0,-1,11.991,-11.9,-3.98,-49.49,0,0,DCHG, ,
23739.4,1,1,1,1,4,14375.0,-0.99,11.991,-11.8,-3.98,-49.51,0,0,DCHG, ,
23744.4,1,1,1,1,4,14380.0,-1,11.991,-11.9,-3.99,-49.52,0,0,DCHG, ,
23749.4,1,1,1,1,4,14385.0,-1,11.99,-11.9,-3.99,-49.54,0,0,DCHG, ,
23754.4,1,1,1,1,4,14390.0,-1,11.99,-11.9,-3.99,-49.56,0,0,DCHG, ,
23759.4,1,1,1,1,4,14395.0,-1,11.99,-11.9,-3.99,-49.57,0,0,DCHG, ,
23764.4,1,1,1,1,4,14400.0,-1,11.99,-11.9,-3.99,-49.59,0,0,DCHG, ,
23769.4,1,1,1,1,4,14405.0,-1,11.989,-11.9,-3.99,-49.6,0,0,DCHG, ,
23774.4,1,1,1,1,4,14410.0,-1,11.989,-11.9,-3.99,-49.62,0,0,DCHG, ,
23779.4,1,1,1,1,4,14415.0,-1,11.989,-11.9,-4,-49.64,0,0,DCHG, ,
23784.4,1,1,1,1,4,14420.0,-1,11.988,-11.9,-4,-49.65,0,0,DCHG, ,
23789.4,1,1,1,1,4,14425.0,-1,11.988,-11.9,-4,-49.67,0,0,DCHG, ,
23794.4,1,1,1,1,4,14430.0,-1,11.988,-11.9,-4,-49.69,0,0,DCHG, ,
23799.4,1,1,1,1,4,14435.0,-1,11.987,-11.9,-4,-49.7,0,0,DCHG, ,
23804.4,1,1,1,1,4,14440.0,-1,11.987,-11.9,-4,-49.72,0,0,DCHG, ,
23809.4,1,1,1,1,4,14445.0,-1,11.986,-11.9,-4,-49.74,0,0,DCHG, ,
23814.4,1,1,1,1,4,14450.0,-1,11.986,-11.9,-4.01,-49.75,0,0,DCHG, ,
23819.4,1,1,1,1,4,14455.0,-1,11.986,-11.9,-4.01,-49.77,0,0,DCHG, ,
23824.4,1,1,1,1,4,14460.0,-1,11.985,-11.9,-4.01,-49.79,0,0,DCHG, ,
23829.4,1,1,1,1,4,14465.0,-1,11.985,-11.9,-4.01,-49.8,0,0,DCHG, ,
23834.4,1,1,1,1,4,14470.0,-1,11.985,-11.9,-4.01,-49.82,0,0,DCHG, ,
23839.4,1,1,1,1,4,14475.0,-1,11.985,-11.9,-4.01,-49.84,0,0,DCHG, ,
23844.4,1,1,1,1,4,14480.0,-1,11.984,-11.9,-4.01,-49.85,0,0,DCHG, ,
23849.4,1,1,1,1,4,14485.0,-1,11.985,-11.9,-4.02,-49.87,0,0,DCHG, ,
23854.4,1,1,1,1,4,14490.0,-1,11.984,-11.9,-4.02,-49.89,0,0,DCHG, ,
23859.4,1,1,1,1,4,14495.0,-1,11.984,-11.9,-4.02,-49.9,0,0,DCHG, ,
23864.4,1,1,1,1,4,14500.0,-1,11.983,-11.9,-4.02,-49.92,0,0,DCHG, ,
23869.4,1,1,1,1,4,14505.0,-1,11.982,-11.9,-4.02,-49.94,0,0,DCHG, ,
23874.4,1,1,1,1,4,14510.0,-0.99,11.983,-11.8,-4.02,-49.95,0,0,DCHG, ,
23879.4,1,1,1,1,4,14515.0,-1,11.982,-11.9,-4.02,-49.97,0,0,DCHG, ,
23884.4,1,1,1,1,4,14520.0,-1,11.982,-11.9,-4.03,-49.98,0,0,DCHG, ,
23889.4,1,1,1,1,4,14525.0,-1,11.982,-11.9,-4.03,-50,0,0,DCHG, ,
23894.4,1,1,1,1,4,14530.0,-1,11.981,-11.9,-4.03,-50.02,0,0,DCHG, ,
23899.4,1,1,1,1,4,14535.0,-1,11.981,-11.9,-4.03,-50.03,0,0,DCHG, ,
23904.4,1,1,1,1,4,14540.0,-1,11.98,-11.9,-4.03,-50.05,0,0,DCHG, ,
23909.4,1,1,1,1,4,14545.0,-1,11.98,-11.9,-4.03,-50.07,0,0,DCHG, ,
23914.4,1,1,1,1,4,14550.0,-1,11.98,-11.9,-4.03,-50.08,0,0,DCHG, ,
23919.4,1,1,1,1,4,14555.0,-1,11.979,-11.9,-4.03,-50.1,0,0,DCHG, ,
23924.4,1,1,1,1,4,14560.0,-1,11.979,-11.9,-4.04,-50.12,0,0,DCHG, ,
23929.4,1,1,1,1,4,14565.0,-1,11.979,-11.9,-4.04,-50.13,0,0,DCHG, ,
23934.4,1,1,1,1,4,14570.0,-1,11.978,-11.9,-4.04,-50.15,0,0,DCHG, ,
23939.4,1,1,1,1,4,14575.0,-1,11.978,-11.9,-4.04,-50.17,0,0,DCHG, ,
23944.4,1,1,1,1,4,14580.0,-1,11.978,-11.9,-4.04,-50.18,0,0,DCHG, ,
23949.4,1,1,1,1,4,14585.0,-1,11.978,-11.9,-4.04,-50.2,0,0,DCHG, ,
23954.4,1,1,1,1,4,14590.0,-0.99,11.977,-11.8,-4.04,-50.22,0,0,DCHG, ,
23959.4,1,1,1,1,4,14595.0,-1,11.977,-11.9,-4.05,-50.23,0,0,DCHG, ,
23964.4,1,1,1,1,4,14600.0,-1,11.977,-11.9,-4.05,-50.25,0,0,DCHG, ,
23969.4,1,1,1,1,4,14605.0,-1,11.977,-11.9,-4.05,-50.27,0,0,DCHG, ,
23974.4,1,1,1,1,4,14610.0,-1,11.976,-11.9,-4.05,-50.28,0,0,DCHG, ,
23979.4,1,1,1,1,4,14615.0,-1,11.975,-11.9,-4.05,-50.3,0,0,DCHG, ,
23984.4,1,1,1,1,4,14620.0,-1,11.975,-11.9,-4.05,-50.32,0,0,DCHG, ,
23989.4,1,1,1,1,4,14625.0,-1,11.975,-11.9,-4.05,-50.33,0,0,DCHG, ,
23994.4,1,1,1,1,4,14630.0,-1,11.975,-11.9,-4.06,-50.35,0,0,DCHG, ,
23999.4,1,1,1,1,4,14635.0,-1,11.974,-11.9,-4.06,-50.36,0,0,DCHG, ,
24004.4,1,1,1,1,4,14640.0,-1,11.974,-11.9,-4.06,-50.38,0,0,DCHG, ,
24009.4,1,1,1,1,4,14645.0,-1,11.974,-11.9,-4.06,-50.4,0,0,DCHG, ,
24014.4,1,1,1,1,4,14650.0,-1,11.974,-11.9,-4.06,-50.41,0,0,DCHG, ,
24019.4,1,1,1,1,4,14655.0,-1,11.973,-11.9,-4.06,-50.43,0,0,DCHG, ,
24024.4,1,1,1,1,4,14660.0,-1,11.973,-11.9,-4.06,-50.45,0,0,DCHG, ,
24029.4,1,1,1,1,4,14665.0,-1,11.973,-11.9,-4.07,-50.46,0,0,DCHG, ,
24034.4,1,1,1,1,4,14670.0,-1,11.972,-11.9,-4.07,-50.48,0,0,DCHG, ,
24039.4,1,1,1,1,4,14675.0,-1,11.972,-11.9,-4.07,-50.5,0,0,DCHG, ,
24044.4,1,1,1,1,4,14680.0,-1,11.972,-11.9,-4.07,-50.51,0,0,DCHG, ,
24049.4,1,1,1,1,4,14685.0,-1,11.971,-11.9,-4.07,-50.53,0,0,DCHG, ,
24054.4,1,1,1,1,4,14690.0,-1,11.971,-11.9,-4.07,-50.55,0,0,DCHG, ,
24059.4,1,1,1,1,4,14695.0,-1,11.971,-11.9,-4.07,-50.56,0,0,DCHG, ,
24064.4,1,1,1,1,4,14700.0,-1,11.971,-11.9,-4.08,-50.58,0,0,DCHG, ,
24069.4,1,1,1,1,4,14705.0,-1,11.97,-11.9,-4.08,-50.6,0,0,DCHG, ,
24074.4,1,1,1,1,4,14710.0,-1,11.97,-11.9,-4.08,-50.61,0,0,DCHG, ,
24079.4,1,1,1,1,4,14715.0,-1,11.97,-11.9,-4.08,-50.63,0,0,DCHG, ,
24084.4,1,1,1,1,4,14720.0,-1,11.969,-11.9,-4.08,-50.65,0,0,DCHG, ,
24089.4,1,1,1,1,4,14725.0,-1,11.969,-11.9,-4.08,-50.66,0,0,DCHG, ,
24094.4,1,1,1,1,4,14730.0,-1,11.969,-11.9,-4.08,-50.68,0,0,DCHG, ,
24099.4,1,1,1,1,4,14735.0,-1,11.969,-11.9,-4.08,-50.7,0,0,DCHG, ,
24104.4,1,1,1,1,4,14740.0,-1,11.968,-11.9,-4.09,-50.71,0,0,DCHG, ,
24109.4,1,1,1,1,4,14745.0,-1,11.968,-11.9,-4.09,-50.73,0,0,DCHG, ,
24114.4,1,1,1,1,4,14750.0,-1,11.967,-11.9,-4.09,-50.74,0,0,DCHG, ,
24119.4,1,1,1,1,4,14755.0,-1,11.966,-11.9,-4.09,-50.76,0,0,DCHG, ,
24124.4,1,1,1,1,4,14760.0,-1,11.966,-11.9,-4.09,-50.78,0,0,DCHG, ,
24129.4,1,1,1,1,4,14765.0,-1,11.966,-11.9,-4.09,-50.79,0,0,DCHG, ,
24134.4,1,1,1,1,4,14770.0,-1,11.966,-11.9,-4.09,-50.81,0,0,DCHG, ,
24139.4,1,1,1,1,4,14775.0,-1,11.965,-11.9,-4.1,-50.83,0,0,DCHG, ,
24144.4,1,1,1,1,4,14780.0,-1,11.965,-11.9,-4.1,-50.84,0,0,DCHG, ,
24149.4,1,1,1,1,4,14785.0,-0.99,11.965,-11.8,-4.1,-50.86,0,0,DCHG, ,
24154.4,1,1,1,1,4,14790.0,-1,11.965,-11.9,-4.1,-50.88,0,0,DCHG, ,
24159.4,1,1,1,1,4,14795.0,-1,11.964,-11.9,-4.1,-50.89,0,0,DCHG, ,
24164.4,1,1,1,1,4,14800.0,-1,11.964,-11.9,-4.1,-50.91,0,0,DCHG, ,
24169.4,1,1,1,1,4,14805.0,-1,11.964,-11.9,-4.1,-50.93,0,0,DCHG, ,
24174.4,1,1,1,1,4,14810.0,-0.99,11.963,-11.8,-4.11,-50.94,0,0,DCHG, ,
24179.4,1,1,1,1,4,14815.0,-1,11.963,-11.9,-4.11,-50.96,0,0,DCHG, ,
24184.4,1,1,1,1,4,14820.0,-1,11.963,-11.9,-4.11,-50.98,0,0,DCHG, ,
24189.4,1,1,1,1,4,14825.0,-1,11.963,-11.9,-4.11,-50.99,0,0,DCHG, ,
24194.4,1,1,1,1,4,14830.0,-1,11.963,-11.9,-4.11,-51.01,0,0,DCHG, ,
24199.4,1,1,1,1,4,14835.0,-1,11.962,-11.9,-4.11,-51.03,0,0,DCHG, ,
24204.4,1,1,1,1,4,14840.0,-1,11.961,-11.9,-4.11,-51.04,0,0,DCHG, ,
24209.4,1,1,1,1,4,14845.0,-1,11.961,-11.9,-4.12,-51.06,0,0,DCHG, ,
24214.4,1,1,1,1,4,14850.0,-1,11.961,-11.9,-4.12,-51.08,0,0,DCHG, ,
24219.4,1,1,1,1,4,14855.0,-1,11.961,-11.9,-4.12,-51.09,0,0,DCHG, ,
24224.4,1,1,1,1,4,14860.0,-1,11.961,-11.9,-4.12,-51.11,0,0,DCHG, ,
24229.4,1,1,1,1,4,14865.0,-1,11.96,-11.9,-4.12,-51.12,0,0,DCHG, ,
24234.4,1,1,1,1,4,14870.0,-1,11.959,-11.9,-4.12,-51.14,0,0,DCHG, ,
24239.4,1,1,1,1,4,14875.0,-1,11.959,-11.9,-4.12,-51.16,0,0,DCHG, ,
24244.4,1,1,1,1,4,14880.0,-1,11.959,-11.9,-4.13,-51.17,0,0,DCHG, ,
24249.4,1,1,1,1,4,14885.0,-1,11.958,-11.9,-4.13,-51.19,0,0,DCHG, ,
24254.4,1,1,1,1,4,14890.0,-1,11.958,-11.9,-4.13,-51.21,0,0,DCHG, ,
24259.4,1,1,1,1,4,14895.0,-1,11.958,-11.9,-4.13,-51.22,0,0,DCHG, ,
24264.4,1,1,1,1,4,14900.0,-1,11.958,-11.9,-4.13,-51.24,0,0,DCHG, ,
24269.4,1,1,1,1,4,14905.0,-1,11.957,-11.9,-4.13,-51.26,0,0,DCHG, ,
24274.4,1,1,1,1,4,14910.0,-1,11.957,-11.9,-4.13,-51.27,0,0,DCHG, ,
24279.4,1,1,1,1,4,14915.0,-1,11.956,-11.9,-4.13,-51.29,0,0,DCHG, ,
24284.4,1,1,1,1,4,14920.0,-1,11.956,-11.9,-4.14,-51.31,0,0,DCHG, ,
24289.4,1,1,1,1,4,14925.0,-1,11.956,-11.9,-4.14,-51.32,0,0,DCHG, ,
24294.4,1,1,1,1,4,14930.0,-1,11.956,-11.9,-4.14,-51.34,0,0,DCHG, ,
24299.4,1,1,1,1,4,14935.0,-1,11.955,-11.9,-4.14,-51.36,0,0,DCHG, ,
24304.4,1,1,1,1,4,14940.0,-1,11.955,-11.9,-4.14,-51.37,0,0,DCHG, ,
24309.4,1,1,1,1,4,14945.0,-1,11.955,-11.9,-4.14,-51.39,0,0,DCHG, ,
24314.4,1,1,1,1,4,14950.0,-1,11.955,-11.9,-4.14,-51.41,0,0,DCHG, ,
24319.4,1,1,1,1,4,14955.0,-1,11.954,-11.9,-4.15,-51.42,0,0,DCHG, ,
24324.4,1,1,1,1,4,14960.0,-1,11.953,-11.9,-4.15,-51.44,0,0,DCHG, ,
24329.4,1,1,1,1,4,14965.0,-1,11.953,-11.9,-4.15,-51.46,0,0,DCHG, ,
24334.4,1,1,1,1,4,14970.0,-1,11.953,-11.9,-4.15,-51.47,0,0,DCHG, ,
24339.4,1,1,1,1,4,14975.0,-1,11.953,-11.9,-4.15,-51.49,0,0,DCHG, ,
24344.4,1,1,1,1,4,14980.0,-1,11.952,-11.9,-4.15,-51.5,0,0,DCHG, ,
24349.4,1,1,1,1,4,14985.0,-1,11.952,-11.9,-4.15,-51.52,0,0,DCHG, ,
24354.4,1,1,1,1,4,14990.0,-1,11.952,-11.9,-4.16,-51.54,0,0,DCHG, ,
24359.4,1,1,1,1,4,14995.0,-1,11.952,-11.9,-4.16,-51.55,0,0,DCHG, ,
24364.4,1,1,1,1,4,15000.0,-1,11.951,-11.9,-4.16,-51.57,0,0,DCHG, ,
24369.4,1,1,1,1,4,15005.0,-1,11.951,-11.9,-4.16,-51.59,0,0,DCHG, ,
24374.4,1,1,1,1,4,15010.0,-1,11.951,-11.9,-4.16,-51.6,0,0,DCHG, ,
24379.4,1,1,1,1,4,15015.0,-1,11.95,-11.9,-4.16,-51.62,0,0,DCHG, ,
24384.4,1,1,1,1,4,15020.0,-1,11.95,-11.9,-4.16,-51.64,0,0,DCHG, ,
24389.4,1,1,1,1,4,15025.0,-1,11.95,-11.9,-4.17,-51.65,0,0,DCHG, ,
24394.4,1,1,1,1,4,15030.0,-1,11.95,-11.9,-4.17,-51.67,0,0,DCHG, ,
24399.4,1,1,1,1,4,15035.0,-1,11.949,-11.9,-4.17,-51.69,0,0,DCHG, ,
24404.4,1,1,1,1,4,15040.0,-1,11.949,-11.9,-4.17,-51.7,0,0,DCHG, ,
24409.4,1,1,1,1,4,15045.0,-1,11.949,-11.9,-4.17,-51.72,0,0,DCHG, ,
24414.4,1,1,1,1,4,15050.0,-1,11.948,-11.9,-4.17,-51.74,0,0,DCHG, ,
24419.4,1,1,1,1,4,15055.0,-1,11.948,-11.9,-4.17,-51.75,0,0,DCHG, ,
24424.4,1,1,1,1,4,15060.0,-1,11.948,-11.9,-4.18,-51.77,0,0,DCHG, ,
24429.4,1,1,1,1,4,15065.0,-1,11.947,-11.9,-4.18,-51.79,0,0,DCHG, ,
24434.4,1,1,1,1,4,15070.0,-0.99,11.947,-11.8,-4.18,-51.8,0,0,DCHG, ,
24439.4,1,1,1,1,4,15075.0,-1,11.947,-11.9,-4.18,-51.82,0,0,DCHG, ,
24444.4,1,1,1,1,4,15080.0,-1,11.946,-11.9,-4.18,-51.83,0,0,DCHG, ,
24449.4,1,1,1,1,4,15085.0,-1,11.946,-11.9,-4.18,-51.85,0,0,DCHG, ,
24454.4,1,1,1,1,4,15090.0,-1,11.945,-11.9,-4.18,-51.87,0,0,DCHG, ,
24459.4,1,1,1,1,4,15095.0,-1,11.945,-11.9,-4.18,-51.88,0,0,DCHG, ,
24464.4,1,1,1,1,4,15100.0,-1,11.945,-11.9,-4.19,-51.9,0,0,DCHG, ,
24469.4,1,1,1,1,4,15105.0,-1,11.945,-11.9,-4.19,-51.92,0,0,DCHG, ,
24474.4,1,1,1,1,4,15110.0,-1,11.944,-11.9,-4.19,-51.93,0,0,DCHG, ,
24479.4,1,1,1,1,4,15115.0,-1,11.944,-11.9,-4.19,-51.95,0,0,DCHG, ,
24484.4,1,1,1,1,4,15120.0,-1,11.944,-11.9,-4.19,-51.97,0,0,DCHG, ,
24489.4,1,1,1,1,4,15125.0,-1,11.944,-11.9,-4.19,-51.98,0,0,DCHG, ,
24494.4,1,1,1,1,4,15130.0,-1,11.943,-11.9,-4.19,-52,0,0,DCHG, ,
24499.4,1,1,1,1,4,15135.0,-1,11.943,-11.9,-4.2,-52.02,0,0,DCHG, ,
24504.4,1,1,1,1,4,15140.0,-1,11.942,-11.9,-4.2,-52.03,0,0,DCHG, ,
24509.4,1,1,1,1,4,15145.0,-1,11.942,-11.9,-4.2,-52.05,0,0,DCHG, ,
24514.4,1,1,1,1,4,15150.0,-1,11.942,-11.9,-4.2,-52.07,0,0,DCHG, ,
24519.4,1,1,1,1,4,15155.0,-1,11.942,-11.9,-4.2,-52.08,0,0,DCHG, ,
24524.4,1,1,1,1,4,15160.0,-1,11.941,-11.9,-4.2,-52.1,0,0,DCHG, ,
24529.4,1,1,1,1,4,15165.0,-1,11.941,-11.9,-4.2,-52.12,0,0,DCHG, ,
24534.4,1,1,1,1,4,15170.0,-1,11.941,-11.9,-4.21,-52.13,0,0,DCHG, ,
24539.4,1,1,1,1,4,15175.0,-1,11.941,-11.9,-4.21,-52.15,0,0,DCHG, ,
24544.4,1,1,1,1,4,15180.0,-1,11.94,-11.9,-4.21,-52.17,0,0,DCHG, ,
24549.4,1,1,1,1,4,15185.0,-1,11.94,-11.9,-4.21,-52.18,0,0,DCHG, ,
24554.4,1,1,1,1,4,15190.0,-1,11.939,-11.9,-4.21,-52.2,0,0,DCHG, ,
24559.4,1,1,1,1,4,15195.0,-1,11.939,-11.9,-4.21,-52.21,0,0,DCHG, ,
24564.4,1,1,1,1,4,15200.0,-1,11.938,-11.9,-4.21,-52.23,0,0,DCHG, ,
24569.4,1,1,1,1,4,15205.0,-1,11.938,-11.9,-4.22,-52.25,0,0,DCHG, ,
24574.4,1,1,1,1,4,15210.0,-1,11.938,-11.9,-4.22,-52.26,0,0,DCHG, ,
24579.4,1,1,1,1,4,15215.0,-1,11.937,-11.8,-4.22,-52.28,0,0,DCHG, ,
24584.4,1,1,1,1,4,15220.0,-0.99,11.937,-11.8,-4.22,-52.3,0,0,DCHG, ,
24589.4,1,1,1,1,4,15225.0,-1,11.937,-11.9,-4.22,-52.31,0,0,DCHG, ,
24594.4,1,1,1,1,4,15230.0,-1,11.937,-11.9,-4.22,-52.33,0,0,DCHG, ,
24599.4,1,1,1,1,4,15235.0,-1,11.936,-11.9,-4.22,-52.35,0,0,DCHG, ,
24604.4,1,1,1,1,4,15240.0,-1,11.936,-11.9,-4.22,-52.36,0,0,DCHG, ,
24609.4,1,1,1,1,4,15245.0,-0.99,11.935,-11.8,-4.23,-52.38,0,0,DCHG, ,
24614.4,1,1,1,1,4,15250.0,-1,11.935,-11.9,-4.23,-52.4,0,0,DCHG, ,
24619.4,1,1,1,1,4,15255.0,-1,11.935,-11.9,-4.23,-52.41,0,0,DCHG, ,
24624.4,1,1,1,1,4,15260.0,-1,11.934,-11.9,-4.23,-52.43,0,0,DCHG, ,
24629.4,1,1,1,1,4,15265.0,-1,11.935,-11.9,-4.23,-52.45,0,0,DCHG, ,
24634.4,1,1,1,1,4,15270.0,-1,11.934,-11.9,-4.23,-52.46,0,0,DCHG, ,
24639.4,1,1,1,1,4,15275.0,-1,11.934,-11.9,-4.23,-52.48,0,0,DCHG, ,
24644.4,1,1,1,1,4,15280.0,-0.99,11.934,-11.8,-4.24,-52.5,0,0,DCHG, ,
24649.4,1,1,1,1,4,15285.0,-1,11.933,-11.9,-4.24,-52.51,0,0,DCHG, ,
24654.4,1,1,1,1,4,15290.0,-1,11.933,-11.9,-4.24,-52.53,0,0,DCHG, ,
24659.4,1,1,1,1,4,15295.0,-1,11.933,-11.9,-4.24,-52.55,0,0,DCHG, ,
24664.4,1,1,1,1,4,15300.0,-1,11.932,-11.9,-4.24,-52.56,0,0,DCHG, ,
24669.4,1,1,1,1,4,15305.0,-1,11.932,-11.9,-4.24,-52.58,0,0,DCHG, ,
24674.4,1,1,1,1,4,15310.0,-1,11.932,-11.9,-4.24,-52.59,0,0,DCHG, ,
24679.4,1,1,1,1,4,15315.0,-1,11.931,-11.9,-4.25,-52.61,0,0,DCHG, ,
24684.4,1,1,1,1,4,15320.0,-1,11.931,-11.9,-4.25,-52.63,0,0,DCHG, ,
24689.4,1,1,1,1,4,15325.0,-1,11.93,-11.9,-4.25,-52.64,0,0,DCHG, ,
24694.4,1,1,1,1,4,15330.0,-1,11.931,-11.9,-4.25,-52.66,0,0,DCHG, ,
24699.4,1,1,1,1,4,15335.0,-1,11.93,-11.9,-4.25,-52.68,0,0,DCHG, ,
24704.4,1,1,1,1,4,15340.0,-1,11.929,-11.9,-4.25,-52.69,0,0,DCHG, ,
24709.4,1,1,1,1,4,15345.0,-0.99,11.929,-11.8,-4.25,-52.71,0,0,DCHG, ,
24714.4,1,1,1,1,4,15350.0,-1,11.929,-11.9,-4.26,-52.73,0,0,DCHG, ,
24719.4,1,1,1,1,4,15355.0,-1,11.928,-11.9,-4.26,-52.74,0,0,DCHG, ,
24724.4,1,1,1,1,4,15360.0,-1,11.928,-11.9,-4.26,-52.76,0,0,DCHG, ,
24729.4,1,1,1,1,4,15365.0,-1,11.928,-11.9,-4.26,-52.78,0,0,DCHG, ,
24734.4,1,1,1,1,4,15370.0,-1,11.927,-11.9,-4.26,-52.79,0,0,DCHG, ,
24739.4,1,1,1,1,4,15375.0,-1,11.927,-11.9,-4.26,-52.81,0,0,DCHG, ,
24744.4,1,1,1,1,4,15380.0,-1,11.927,-11.9,-4.26,-52.83,0,0,DCHG, ,
24749.4,1,1,1,1,4,15385.0,-1,11.926,-11.9,-4.27,-52.84,0,0,DCHG, ,
24754.4,1,1,1,1,4,15390.0,-1,11.926,-11.9,-4.27,-52.86,0,0,DCHG, ,
24759.4,1,1,1,1,4,15395.0,-0.99,11.926,-11.8,-4.27,-52.88,0,0,DCHG, ,
24764.4,1,1,1,1,4,15400.0,-1,11.926,-11.9,-4.27,-52.89,0,0,DCHG, ,
24769.4,1,1,1,1,4,15405.0,-1,11.925,-11.9,-4.27,-52.91,0,0,DCHG, ,
24774.4,1,1,1,1,4,15410.0,-1,11.925,-11.9,-4.27,-52.93,0,0,DCHG, ,
24779.4,1,1,1,1,4,15415.0,-1,11.925,-11.8,-4.27,-52.94,0,0,DCHG, ,
24784.4,1,1,1,1,4,15420.0,-0.99,11.925,-11.8,-4.27,-52.96,0,0,DCHG, ,
24789.4,1,1,1,1,4,15425.0,-1,11.924,-11.9,-4.28,-52.97,0,0,DCHG, ,
24794.4,1,1,1,1,4,15430.0,-1,11.924,-11.9,-4.28,-52.99,0,0,DCHG, ,
24799.4,1,1,1,1,4,15435.0,-1,11.923,-11.9,-4.28,-53.01,0,0,DCHG, ,
24804.4,1,1,1,1,4,15440.0,-1,11.923,-11.9,-4.28,-53.02,0,0,DCHG, ,
24809.4,1,1,1,1,4,15445.0,-1,11.923,-11.9,-4.28,-53.04,0,0,DCHG, ,
24814.4,1,1,1,1,4,15450.0,-1,11.923,-11.9,-4.28,-53.06,0,0,DCHG, ,
24819.4,1,1,1,1,4,15455.0,-1,11.922,-11.9,-4.28,-53.07,0,0,DCHG, ,
24824.4,1,1,1,1,4,15460.0,-1,11.922,-11.9,-4.29,-53.09,0,0,DCHG, ,
24829.4,1,1,1,1,4,15465.0,-1,11.922,-11.9,-4.29,-53.11,0,0,DCHG, ,
24834.4,1,1,1,1,4,15470.0,-0.99,11.921,-11.8,-4.29,-53.12,0,0,DCHG, ,
24839.4,1,1,1,1,4,15475.0,-1,11.921,-11.9,-4.29,-53.14,0,0,DCHG, ,
24844.4,1,1,1,1,4,15480.0,-1,11.92,-11.9,-4.29,-53.16,0,0,DCHG, ,
24849.4,1,1,1,1,4,15485.0,-1,11.92,-11.9,-4.29,-53.17,0,0,DCHG, ,
24854.4,1,1,1,1,4,15490.0,-1,11.92,-11.9,-4.29,-53.19,0,0,DCHG, ,
24859.4,1,1,1,1,4,15495.0,-1,11.92,-11.8,-4.3,-53.21,0,0,DCHG, ,
24864.4,1,1,1,1,4,15500.0,-0.99,11.919,-11.8,-4.3,-53.22,0,0,DCHG, ,
24869.4,1,1,1,1,4,15505.0,-1,11.919,-11.8,-4.3,-53.24,0,0,DCHG, ,
24874.4,1,1,1,1,4,15510.0,-1,11.919,-11.8,-4.3,-53.25,0,0,DCHG, ,
24879.4,1,1,1,1,4,15515.0,-1,11.919,-11.8,-4.3,-53.27,0,0,DCHG, ,
24884.4,1,1,1,1,4,15520.0,-1,11.919,-11.8,-4.3,-53.29,0,0,DCHG, ,
24889.4,1,1,1,1,4,15525.0,-1,11.918,-11.8,-4.3,-53.3,0,0,DCHG, ,
24894.4,1,1,1,1,4,15530.0,-1,11.917,-11.8,-4.31,-53.32,0,0,DCHG, ,
24899.4,1,1,1,1,4,15535.0,-1,11.917,-11.8,-4.31,-53.34,0,0,DCHG, ,
24904.4,1,1,1,1,4,15540.0,-1,11.917,-11.8,-4.31,-53.35,0,0,DCHG, ,
24909.4,1,1,1,1,4,15545.0,-1,11.916,-11.8,-4.31,-53.37,0,0,DCHG, ,
24914.4,1,1,1,1,4,15550.0,-1,11.916,-11.9,-4.31,-53.39,0,0,DCHG, ,
24919.4,1,1,1,1,4,15555.0,-1,11.915,-11.8,-4.31,-53.4,0,0,DCHG, ,
24924.4,1,1,1,1,4,15560.0,-1,11.915,-11.9,-4.31,-53.42,0,0,DCHG, ,
24929.4,1,1,1,1,4,15565.0,-0.99,11.915,-11.8,-4.32,-53.44,0,0,DCHG, ,
24934.4,1,1,1,1,4,15570.0,-1,11.915,-11.9,-4.32,-53.45,0,0,DCHG, ,
24939.4,1,1,1,1,4,15575.0,-0.99,11.915,-11.8,-4.32,-53.47,0,0,DCHG, ,
24944.4,1,1,1,1,4,15580.0,-1,11.914,-11.8,-4.32,-53.48,0,0,DCHG, ,
24949.4,1,1,1,1,4,15585.0,-1,11.914,-11.9,-4.32,-53.5,0,0,DCHG, ,
24954.4,1,1,1,1,4,15590.0,-1,11.913,-11.8,-4.32,-53.52,0,0,DCHG, ,
24959.4,1,1,1,1,4,15595.0,-1,11.913,-11.8,-4.32,-53.53,0,0,DCHG, ,
24964.4,1,1,1,1,4,15600.0,-1,11.913,-11.8,-4.32,-53.55,0,0,DCHG, ,
24969.4,1,1,1,1,4,15605.0,-1,11.912,-11.8,-4.33,-53.57,0,0,DCHG, ,
24974.4,1,1,1,1,4,15610.0,-1,11.912,-11.8,-4.33,-53.58,0,0,DCHG, ,
24979.4,1,1,1,1,4,15615.0,-1,11.912,-11.8,-4.33,-53.6,0,0,DCHG, ,
24984.4,1,1,1,1,4,15620.0,-1,11.912,-11.8,-4.33,-53.62,0,0,DCHG, ,
24989.4,1,1,1,1,4,15625.0,-1,11.911,-11.8,-4.33,-53.63,0,0,DCHG, ,
24994.4,1,1,1,1,4,15630.0,-1,11.911,-11.9,-4.33,-53.65,0,0,DCHG, ,
24999.4,1,1,1,1,4,15635.0,-1,11.911,-11.9,-4.33,-53.67,0,0,DCHG, ,
25004.4,1,1,1,1,4,15640.0,-1,11.911,-11.8,-4.34,-53.68,0,0,DCHG, ,
25009.4,1,1,1,1,4,15645.0,-1,11.91,-11.8,-4.34,-53.7,0,0,DCHG, ,
25014.4,1,1,1,1,4,15650.0,-1,11.909,-11.8,-4.34,-53.71,0,0,DCHG, ,
25019.4,1,1,1,1,4,15655.0,-1,11.909,-11.8,-4.34,-53.73,0,0,DCHG, ,
25024.4,1,1,1,1,4,15660.0,-1,11.909,-11.8,-4.34,-53.75,0,0,DCHG, ,
25029.4,1,1,1,1,4,15665.0,-1,11.909,-11.8,-4.34,-53.76,0,0,DCHG, ,
25034.4,1,1,1,1,4,15670.0,-1,11.908,-11.8,-4.34,-53.78,0,0,DCHG, ,
25039.4,1,1,1,1,4,15675.0,-1,11.908,-11.9,-4.35,-53.8,0,0,DCHG, ,
25044.4,1,1,1,1,4,15680.0,-1,11.908,-11.8,-4.35,-53.81,0,0,DCHG, ,
25049.4,1,1,1,1,4,15685.0,-1,11.908,-11.8,-4.35,-53.83,0,0,DCHG, ,
25054.4,1,1,1,1,4,15690.0,-1,11.907,-11.9,-4.35,-53.85,0,0,DCHG, ,
25059.4,1,1,1,1,4,15695.0,-1,11.907,-11.9,-4.35,-53.86,0,0,DCHG, ,
25064.4,1,1,1,1,4,15700.0,-0.99,11.906,-11.8,-4.35,-53.88,0,0,DCHG, ,
25069.4,1,1,1,1,4,15705.0,-1,11.906,-11.9,-4.35,-53.9,0,0,DCHG, ,
25074.4,1,1,1,1,4,15710.0,-1,11.905,-11.8,-4.36,-53.91,0,0,DCHG, ,
25079.4,1,1,1,1,4,15715.0,-1,11.905,-11.8,-4.36,-53.93,0,0,DCHG, ,
25084.4,1,1,1,1,4,15720.0,-1,11.905,-11.8,-4.36,-53.94,0,0,DCHG, ,
25089.4,1,1,1,1,4,15725.0,-1,11.904,-11.8,-4.36,-53.96,0,0,DCHG, ,
25094.4,1,1,1,1,4,15730.0,-1,11.904,-11.8,-4.36,-53.98,0,0,DCHG, ,
25099.4,1,1,1,1,4,15735.0,-1,11.904,-11.9,-4.36,-53.99,0,0,DCHG, ,
25104.4,1,1,1,1,4,15740.0,-1,11.903,-11.8,-4.36,-54.01,0,0,DCHG, ,
25109.4,1,1,1,1,4,15745.0,-0.99,11.903,-11.8,-4.37,-54.03,0,0,DCHG, ,
25114.4,1,1,1,1,4,15750.0,-1,11.903,-11.8,-4.37,-54.04,0,0,DCHG, ,
25119.4,1,1,1,1,4,15755.0,-1,11.903,-11.8,-4.37,-54.06,0,0,DCHG, ,
25124.4,1,1,1,1,4,15760.0,-1,11.902,-11.9,-4.37,-54.08,0,0,DCHG, ,
25129.4,1,1,1,1,4,15765.0,-1,11.901,-11.8,-4.37,-54.09,0,0,DCHG, ,
25134.4,1,1,1,1,4,15770.0,-1,11.901,-11.8,-4.37,-54.11,0,0,DCHG, ,
25139.4,1,1,1,1,4,15775.0,-1,11.901,-11.8,-4.37,-54.12,0,0,DCHG, ,
25144.4,1,1,1,1,4,15780.0,-1,11.901,-11.8,-4.37,-54.14,0,0,DCHG, ,
25149.4,1,1,1,1,4,15785.0,-0.99,11.901,-11.8,-4.38,-54.16,0,0,DCHG, ,
25154.4,1,1,1,1,4,15790.0,-1,11.9,-11.8,-4.38,-54.17,0,0,DCHG, ,
25159.4,1,1,1,1,4,15795.0,-1,11.9,-11.9,-4.38,-54.19,0,0,DCHG, ,
25164.4,1,1,1,1,4,15800.0,-1,11.9,-11.8,-4.38,-54.21,0,0,DCHG, ,
25169.4,1,1,1,1,4,15805.0,-1,11.899,-11.8,-4.38,-54.22,0,0,DCHG, ,
25174.4,1,1,1,1,4,15810.0,-0.99,11.899,-11.8,-4.38,-54.24,0,0,DCHG, ,
25179.4,1,1,1,1,4,15815.0,-1,11.899,-11.8,-4.38,-54.26,0,0,DCHG, ,
25184.4,1,1,1,1,4,15820.0,-1,11.898,-11.8,-4.39,-54.27,0,0,DCHG, ,
25189.4,1,1,1,1,4,15825.0,-1,11.898,-11.8,-4.39,-54.29,0,0,DCHG, ,
25194.4,1,1,1,1,4,15830.0,-1,11.897,-11.8,-4.39,-54.31,0,0,DCHG, ,
25199.4,1,1,1,1,4,15835.0,-1,11.897,-11.8,-4.39,-54.32,0,0,DCHG, ,
25204.4,1,1,1,1,4,15840.0,-1,11.897,-11.8,-4.39,-54.34,0,0,DCHG, ,
25209.4,1,1,1,1,4,15845.0,-1,11.897,-11.8,-4.39,-54.35,0,0,DCHG, ,
25214.4,1,1,1,1,4,15850.0,-1,11.896,-11.8,-4.39,-54.37,0,0,DCHG, ,
25219.4,1,1,1,1,4,15855.0,-1,11.896,-11.8,-4.4,-54.39,0,0,DCHG, ,
25224.4,1,1,1,1,4,15860.0,-1,11.896,-11.8,-4.4,-54.4,0,0,DCHG, ,
25229.4,1,1,1,1,4,15865.0,-0.99,11.896,-11.7,-4.4,-54.42,0,0,DCHG, ,
25234.4,1,1,1,1,4,15870.0,-1,11.895,-11.8,-4.4,-54.44,0,0,DCHG, ,
25239.4,1,1,1,1,4,15875.0,-1,11.895,-11.8,-4.4,-54.45,0,0,DCHG, ,
25244.4,1,1,1,1,4,15880.0,-0.99,11.895,-11.7,-4.4,-54.47,0,0,DCHG, ,
25249.4,1,1,1,1,4,15885.0,-1,11.894,-11.8,-4.4,-54.49,0,0,DCHG, ,
25254.4,1,1,1,1,4,15890.0,-1,11.894,-11.8,-4.41,-54.5,0,0,DCHG, ,
25259.4,1,1,1,1,4,15895.0,-1,11.893,-11.8,-4.41,-54.52,0,0,DCHG, ,
25264.4,1,1,1,1,4,15900.0,-1,11.893,-11.8,-4.41,-54.53,0,0,DCHG, ,
25269.4,1,1,1,1,4,15905.0,-0.99,11.893,-11.7,-4.41,-54.55,0,0,DCHG, ,
25274.4,1,1,1,1,4,15910.0,-1,11.893,-11.8,-4.41,-54.57,0,0,DCHG, ,
25279.4,1,1,1,1,4,15915.0,-1,11.892,-11.8,-4.41,-54.58,0,0,DCHG, ,
25284.4,1,1,1,1,4,15920.0,-1,11.892,-11.8,-4.41,-54.6,0,0,DCHG, ,
25289.4,1,1,1,1,4,15925.0,-1,11.892,-11.8,-4.42,-54.62,0,0,DCHG, ,
25294.4,1,1,1,1,4,15930.0,-1,11.891,-11.8,-4.42,-54.63,0,0,DCHG, ,
25299.4,1,1,1,1,4,15935.0,-1,11.891,-11.8,-4.42,-54.65,0,0,DCHG, ,
25304.4,1,1,1,1,4,15940.0,-1,11.891,-11.8,-4.42,-54.67,0,0,DCHG, ,
25309.4,1,1,1,1,4,15945.0,-1,11.89,-11.8,-4.42,-54.68,0,0,DCHG, ,
25314.4,1,1,1,1,4,15950.0,-1,11.89,-11.8,-4.42,-54.7,0,0,DCHG, ,
25319.4,1,1,1,1,4,15955.0,-1,11.889,-11.8,-4.42,-54.71,0,0,DCHG, ,
25324.4,1,1,1,1,4,15960.0,-1,11.889,-11.8,-4.42,-54.73,0,0,DCHG, ,
25329.4,1,1,1,1,4,15965.0,-1,11.889,-11.8,-4.43,-54.75,0,0,DCHG, ,
25334.4,1,1,1,1,4,15970.0,-1,11.889,-11.8,-4.43,-54.76,0,0,DCHG, ,
25339.4,1,1,1,1,4,15975.0,-1,11.889,-11.8,-4.43,-54.78,0,0,DCHG, ,
25344.4,1,1,1,1,4,15980.0,-0.99,11.888,-11.7,-4.43,-54.8,0,0,DCHG, ,
25349.4,1,1,1,1,4,15985.0,-1,11.887,-11.8,-4.43,-54.81,0,0,DCHG, ,
25354.4,1,1,1,1,4,15990.0,-1,11.887,-11.8,-4.43,-54.83,0,0,DCHG, ,
25359.4,1,1,1,1,4,15995.0,-1,11.887,-11.8,-4.43,-54.85,0,0,DCHG, ,
25364.4,1,1,1,1,4,16000.0,-1,11.887,-11.8,-4.44,-54.86,0,0,DCHG, ,
25369.4,1,1,1,1,4,16005.0,-1,11.886,-11.8,-4.44,-54.88,0,0,DCHG, ,
25374.4,1,1,1,1,4,16010.0,-1,11.886,-11.8,-4.44,-54.9,0,0,DCHG, ,
25379.4,1,1,1,1,4,16015.0,-1,11.885,-11.8,-4.44,-54.91,0,0,DCHG, ,
25384.4,1,1,1,1,4,16020.0,-1,11.885,-11.8,-4.44,-54.93,0,0,DCHG, ,
25389.4,1,1,1,1,4,16025.0,-1,11.885,-11.8,-4.44,-54.94,0,0,DCHG, ,
25394.4,1,1,1,1,4,16030.0,-1,11.885,-11.8,-4.44,-54.96,0,0,DCHG, ,
25399.4,1,1,1,1,4,16035.0,-1,11.884,-11.8,-4.45,-54.98,0,0,DCHG, ,
25404.4,1,1,1,1,4,16040.0,-1,11.884,-11.8,-4.45,-54.99,0,0,DCHG, ,
25409.4,1,1,1,1,4,16045.0,-1,11.884,-11.8,-4.45,-55.01,0,0,DCHG, ,
25414.4,1,1,1,1,4,16050.0,-1,11.884,-11.8,-4.45,-55.03,0,0,DCHG, ,
25419.4,1,1,1,1,4,16055.0,-1,11.883,-11.8,-4.45,-55.04,0,0,DCHG, ,
25424.4,1,1,1,1,4,16060.0,-1,11.883,-11.8,-4.45,-55.06,0,0,DCHG, ,
25429.4,1,1,1,1,4,16065.0,-1,11.882,-11.8,-4.45,-55.08,0,0,DCHG, ,
25434.4,1,1,1,1,4,16070.0,-0.99,11.882,-11.7,-4.46,-55.09,0,0,DCHG, ,
25439.4,1,1,1,1,4,16075.0,-1,11.882,-11.8,-4.46,-55.11,0,0,DCHG, ,
25444.4,1,1,1,1,4,16080.0,-1,11.882,-11.8,-4.46,-55.12,0,0,DCHG, ,
25449.4,1,1,1,1,4,16085.0,-1,11.881,-11.8,-4.46,-55.14,0,0,DCHG, ,
25454.4,1,1,1,1,4,16090.0,-1,11.881,-11.8,-4.46,-55.16,0,0,DCHG, ,
25459.4,1,1,1,1,4,16095.0,-1,11.88,-11.8,-4.46,-55.17,0,0,DCHG, ,
25464.4,1,1,1,1,4,16100.0,-1,11.88,-11.8,-4.46,-55.19,0,0,DCHG, ,
25469.4,1,1,1,1,4,16105.0,-1,11.88,-11.8,-4.47,-55.21,0,0,DCHG, ,
25474.4,1,1,1,1,4,16110.0,-1,11.879,-11.8,-4.47,-55.22,0,0,DCHG, ,
25479.4,1,1,1,1,4,16115.0,-1,11.879,-11.8,-4.47,-55.24,0,0,DCHG, ,
25484.4,1,1,1,1,4,16120.0,-1,11.879,-11.8,-4.47,-55.26,0,0,DCHG, ,
25489.4,1,1,1,1,4,16125.0,-1,11.879,-11.8,-4.47,-55.27,0,0,DCHG, ,
25494.4,1,1,1,1,4,16130.0,-1,11.878,-11.8,-4.47,-55.29,0,0,DCHG, ,
25499.4,1,1,1,1,4,16135.0,-1,11.878,-11.8,-4.47,-55.3,0,0,DCHG, ,
25504.4,1,1,1,1,4,16140.0,-1,11.878,-11.8,-4.47,-55.32,0,0,DCHG, ,
25509.4,1,1,1,1,4,16145.0,-1,11.878,-11.8,-4.48,-55.34,0,0,DCHG, ,
25514.4,1,1,1,1,4,16150.0,-1,11.877,-11.8,-4.48,-55.35,0,0,DCHG, ,
25519.4,1,1,1,1,4,16155.0,-1,11.877,-11.8,-4.48,-55.37,0,0,DCHG, ,
25524.4,1,1,1,1,4,16160.0,-1,11.877,-11.8,-4.48,-55.39,0,0,DCHG, ,
25529.4,1,1,1,1,4,16165.0,-1,11.876,-11.8,-4.48,-55.4,0,0,DCHG, ,
25534.4,1,1,1,1,4,16170.0,-1,11.876,-11.8,-4.48,-55.42,0,0,DCHG, ,
25539.4,1,1,1,1,4,16175.0,-1,11.875,-11.8,-4.48,-55.44,0,0,DCHG, ,
25544.4,1,1,1,1,4,16180.0,-1,11.875,-11.8,-4.49,-55.45,0,0,DCHG, ,
25549.4,1,1,1,1,4,16185.0,-1,11.875,-11.8,-4.49,-55.47,0,0,DCHG, ,
25554.4,1,1,1,1,4,16190.0,-1,11.874,-11.8,-4.49,-55.48,0,0,DCHG, ,
25559.4,1,1,1,1,4,16195.0,-1,11.874,-11.8,-4.49,-55.5,0,0,DCHG, ,
25564.4,1,1,1,1,4,16200.0,-1,11.873,-11.8,-4.49,-55.52,0,0,DCHG, ,
25569.4,1,1,1,1,4,16205.0,-1,11.873,-11.8,-4.49,-55.53,0,0,DCHG, ,
25574.4,1,1,1,1,4,16210.0,-1,11.873,-11.8,-4.49,-55.55,0,0,DCHG, ,
25579.4,1,1,1,1,4,16215.0,-1,11.873,-11.8,-4.5,-55.57,0,0,DCHG, ,
25584.4,1,1,1,1,4,16220.0,-1,11.872,-11.8,-4.5,-55.58,0,0,DCHG, ,
25589.4,1,1,1,1,4,16225.0,-1,11.872,-11.8,-4.5,-55.6,0,0,DCHG, ,
25594.4,1,1,1,1,4,16230.0,-1,11.872,-11.8,-4.5,-55.62,0,0,DCHG, ,
25599.4,1,1,1,1,4,16235.0,-1,11.871,-11.8,-4.5,-55.63,0,0,DCHG, ,
25604.4,1,1,1,1,4,16240.0,-1,11.871,-11.8,-4.5,-55.65,0,0,DCHG, ,
25609.4,1,1,1,1,4,16245.0,-1,11.871,-11.8,-4.5,-55.66,0,0,DCHG, ,
25614.4,1,1,1,1,4,16250.0,-1,11.87,-11.8,-4.51,-55.68,0,0,DCHG, ,
25619.4,1,1,1,1,4,16255.0,-1,11.87,-11.8,-4.51,-55.7,0,0,DCHG, ,
25624.4,1,1,1,1,4,16260.0,-1,11.87,-11.8,-4.51,-55.71,0,0,DCHG, ,
25629.4,1,1,1,1,4,16265.0,-1,11.87,-11.8,-4.51,-55.73,0,0,DCHG, ,
25634.4,1,1,1,1,4,16270.0,-1,11.869,-11.8,-4.51,-55.75,0,0,DCHG, ,
25639.4,1,1,1,1,4,16275.0,-1,11.869,-11.8,-4.51,-55.76,0,0,DCHG, ,
25644.4,1,1,1,1,4,16280.0,-1,11.869,-11.8,-4.51,-55.78,0,0,DCHG, ,
25649.4,1,1,1,1,4,16285.0,-1,11.868,-11.8,-4.52,-55.8,0,0,DCHG, ,
25654.4,1,1,1,1,4,16290.0,-1,11.868,-11.8,-4.52,-55.81,0,0,DCHG, ,
25659.4,1,1,1,1,4,16295.0,-1,11.868,-11.8,-4.52,-55.83,0,0,DCHG, ,
25664.4,1,1,1,1,4,16300.0,-1,11.867,-11.8,-4.52,-55.85,0,0,DCHG, ,
25669.4,1,1,1,1,4,16305.0,-1,11.867,-11.8,-4.52,-55.86,0,0,DCHG, ,
25674.4,1,1,1,1,4,16310.0,-1,11.867,-11.8,-4.52,-55.88,0,0,DCHG, ,
25679.4,1,1,1,1,4,16315.0,-1,11.866,-11.8,-4.52,-55.89,0,0,DCHG, ,
25684.4,1,1,1,1,4,16320.0,-1,11.866,-11.8,-4.52,-55.91,0,0,DCHG, ,
25689.4,1,1,1,1,4,16325.0,-1,11.866,-11.8,-4.53,-55.93,0,0,DCHG, ,
25694.4,1,1,1,1,4,16330.0,-1,11.865,-11.8,-4.53,-55.94,0,0,DCHG, ,
25699.4,1,1,1,1,4,16335.0,-1,11.865,-11.8,-4.53,-55.96,0,0,DCHG, ,
25704.4,1,1,1,1,4,16340.0,-1,11.864,-11.8,-4.53,-55.98,0,0,DCHG, ,
25709.4,1,1,1,1,4,16345.0,-1,11.864,-11.8,-4.53,-55.99,0,0,DCHG, ,
25714.4,1,1,1,1,4,16350.0,-1,11.864,-11.8,-4.53,-56.01,0,0,DCHG, ,
25719.4,1,1,1,1,4,16355.0,-1,11.863,-11.8,-4.53,-56.03,0,0,DCHG, ,
25724.4,1,1,1,1,4,16360.0,-1,11.863,-11.8,-4.54,-56.04,0,0,DCHG, ,
25729.4,1,1,1,1,4,16365.0,-1,11.863,-11.8,-4.54,-56.06,0,0,DCHG, ,
25734.4,1,1,1,1,4,16370.0,-1,11.862,-11.8,-4.54,-56.07,0,0,DCHG, ,
25739.4,1,1,1,1,4,16375.0,-1,11.862,-11.8,-4.54,-56.09,0,0,DCHG, ,
25744.4,1,1,1,1,4,16380.0,-1,11.862,-11.8,-4.54,-56.11,0,0,DCHG, ,
25749.4,1,1,1,1,4,16385.0,-1,11.862,-11.8,-4.54,-56.12,0,0,DCHG, ,
25754.4,1,1,1,1,4,16390.0,-1,11.861,-11.8,-4.54,-56.14,0,0,DCHG, ,
25759.4,1,1,1,1,4,16395.0,-1,11.86,-11.8,-4.55,-56.16,0,0,DCHG, ,
25764.4,1,1,1,1,4,16400.0,-1,11.861,-11.8,-4.55,-56.17,0,0,DCHG, ,
25769.4,1,1,1,1,4,16405.0,-1,11.86,-11.8,-4.55,-56.19,0,0,DCHG, ,
25774.4,1,1,1,1,4,16410.0,-1,11.86,-11.8,-4.55,-56.21,0,0,DCHG, ,
25779.4,1,1,1,1,4,16415.0,-1,11.86,-11.8,-4.55,-56.22,0,0,DCHG, ,
25784.4,1,1,1,1,4,16420.0,-1,11.859,-11.8,-4.55,-56.24,0,0,DCHG, ,
25789.4,1,1,1,1,4,16425.0,-1,11.859,-11.8,-4.55,-56.25,0,0,DCHG, ,
25794.4,1,1,1,1,4,16430.0,-1,11.858,-11.8,-4.56,-56.27,0,0,DCHG, ,
25799.4,1,1,1,1,4,16435.0,-1,11.858,-11.8,-4.56,-56.29,0,0,DCHG, ,
25804.4,1,1,1,1,4,16440.0,-1,11.857,-11.8,-4.56,-56.3,0,0,DCHG, ,
25809.4,1,1,1,1,4,16445.0,-1,11.857,-11.8,-4.56,-56.32,0,0,DCHG, ,
25814.4,1,1,1,1,4,16450.0,-0.99,11.857,-11.7,-4.56,-56.34,0,0,DCHG, ,
25819.4,1,1,1,1,4,16455.0,-1,11.857,-11.8,-4.56,-56.35,0,0,DCHG, ,
25824.4,1,1,1,1,4,16460.0,-1,11.857,-11.8,-4.56,-56.37,0,0,DCHG, ,
25829.4,1,1,1,1,4,16465.0,-1,11.857,-11.8,-4.56,-56.39,0,0,DCHG, ,
25834.4,1,1,1,1,4,16470.0,-1,11.856,-11.8,-4.57,-56.4,0,0,DCHG, ,
25839.4,1,1,1,1,4,16475.0,-1,11.856,-11.8,-4.57,-56.42,0,0,DCHG, ,
25844.4,1,1,1,1,4,16480.0,-1,11.855,-11.8,-4.57,-56.43,0,0,DCHG, ,
25849.4,1,1,1,1,4,16485.0,-1,11.855,-11.8,-4.57,-56.45,0,0,DCHG, ,
25854.4,1,1,1,1,4,16490.0,-1,11.855,-11.8,-4.57,-56.47,0,0,DCHG, ,
25859.4,1,1,1,1,4,16495.0,-1,11.854,-11.8,-4.57,-56.48,0,0,DCHG, ,
25864.4,1,1,1,1,4,16500.0,-1,11.854,-11.8,-4.57,-56.5,0,0,DCHG, ,
25869.4,1,1,1,1,4,16505.0,-1,11.854,-11.8,-4.58,-56.52,0,0,DCHG, ,
25874.4,1,1,1,1,4,16510.0,-0.99,11.853,-11.7,-4.58,-56.53,0,0,DCHG, ,
25879.4,1,1,1,1,4,16515.0,-1,11.853,-11.8,-4.58,-56.55,0,0,DCHG, ,
25884.4,1,1,1,1,4,16520.0,-1,11.853,-11.8,-4.58,-56.57,0,0,DCHG, ,
25889.4,1,1,1,1,4,16525.0,-1,11.852,-11.8,-4.58,-56.58,0,0,DCHG, ,
25894.4,1,1,1,1,4,16530.0,-1,11.852,-11.8,-4.58,-56.6,0,0,DCHG, ,
25899.4,1,1,1,1,4,16535.0,-1,11.852,-11.8,-4.58,-56.61,0,0,DCHG, ,
25904.4,1,1,1,1,4,16540.0,-1,11.851,-11.8,-4.59,-56.63,0,0,DCHG, ,
25909.4,1,1,1,1,4,16545.0,-1,11.851,-11.8,-4.59,-56.65,0,0,DCHG, ,
25914.4,1,1,1,1,4,16550.0,-1,11.85,-11.8,-4.59,-56.66,0,0,DCHG, ,
25919.4,1,1,1,1,4,16555.0,-1,11.85,-11.8,-4.59,-56.68,0,0,DCHG, ,
25924.4,1,1,1,1,4,16560.0,-1,11.85,-11.8,-4.59,-56.7,0,0,DCHG, ,
25929.4,1,1,1,1,4,16565.0,-1,11.85,-11.8,-4.59,-56.71,0,0,DCHG, ,
25934.4,1,1,1,1,4,16570.0,-1,11.849,-11.8,-4.59,-56.73,0,0,DCHG, ,
25939.4,1,1,1,1,4,16575.0,-1,11.849,-11.8,-4.6,-56.75,0,0,DCHG, ,
25944.4,1,1,1,1,4,16580.0,-1,11.849,-11.8,-4.6,-56.76,0,0,DCHG, ,
25949.4,1,1,1,1,4,16585.0,-1,11.848,-11.8,-4.6,-56.78,0,0,DCHG, ,
25954.4,1,1,1,1,4,16590.0,-1,11.848,-11.8,-4.6,-56.79,0,0,DCHG, ,
25959.4,1,1,1,1,4,16595.0,-1,11.848,-11.8,-4.6,-56.81,0,0,DCHG, ,
25964.4,1,1,1,1,4,16600.0,-1,11.847,-11.8,-4.6,-56.83,0,0,DCHG, ,
25969.4,1,1,1,1,4,16605.0,-1,11.846,-11.8,-4.6,-56.84,0,0,DCHG, ,
25974.4,1,1,1,1,4,16610.0,-1,11.847,-11.8,-4.61,-56.86,0,0,DCHG, ,
25979.4,1,1,1,1,4,16615.0,-1,11.846,-11.8,-4.61,-56.88,0,0,DCHG, ,
25984.4,1,1,1,1,4,16620.0,-1,11.846,-11.8,-4.61,-56.89,0,0,DCHG, ,
25989.4,1,1,1,1,4,16625.0,-1,11.846,-11.8,-4.61,-56.91,0,0,DCHG, ,
25994.4,1,1,1,1,4,16630.0,-1,11.845,-11.8,-4.61,-56.93,0,0,DCHG, ,
25999.4,1,1,1,1,4,16635.0,-1,11.845,-11.8,-4.61,-56.94,0,0,DCHG, ,
26004.4,1,1,1,1,4,16640.0,-1,11.844,-11.8,-4.61,-56.96,0,0,DCHG, ,
26009.4,1,1,1,1,4,16645.0,-1,11.844,-11.8,-4.61,-56.98,0,0,DCHG, ,
26014.4,1,1,1,1,4,16650.0,-1,11.844,-11.8,-4.62,-56.99,0,0,DCHG, ,
26019.4,1,1,1,1,4,16655.0,-1,11.843,-11.8,-4.62,-57.01,0,0,DCHG, ,
26024.4,1,1,1,1,4,16660.0,-1,11.843,-11.8,-4.62,-57.02,0,0,DCHG, ,
26029.4,1,1,1,1,4,16665.0,-1,11.843,-11.8,-4.62,-57.04,0,0,DCHG, ,
26034.4,1,1,1,1,4,16670.0,-1,11.842,-11.8,-4.62,-57.06,0,0,DCHG, ,
26039.4,1,1,1,1,4,16675.0,-1,11.842,-11.8,-4.62,-57.07,0,0,DCHG, ,
26044.4,1,1,1,1,4,16680.0,-1,11.842,-11.8,-4.62,-57.09,0,0,DCHG, ,
26049.4,1,1,1,1,4,16685.0,-0.99,11.841,-11.7,-4.63,-57.11,0,0,DCHG, ,
26054.4,1,1,1,1,4,16690.0,-1,11.841,-11.8,-4.63,-57.12,0,0,DCHG, ,
26059.4,1,1,1,1,4,16695.0,-1,11.841,-11.8,-4.63,-57.14,0,0,DCHG, ,
26064.4,1,1,1,1,4,16700.0,-1,11.841,-11.8,-4.63,-57.16,0,0,DCHG, ,
26069.4,1,1,1,1,4,16705.0,-1,11.84,-11.8,-4.63,-57.17,0,0,DCHG, ,
26074.4,1,1,1,1,4,16710.0,-1,11.84,-11.8,-4.63,-57.19,0,0,DCHG, ,
26079.4,1,1,1,1,4,16715.0,-1,11.839,-11.8,-4.63,-57.2,0,0,DCHG, ,
26084.4,1,1,1,1,4,16720.0,-1,11.839,-11.8,-4.64,-57.22,0,0,DCHG, ,
26089.4,1,1,1,1,4,16725.0,-1,11.839,-11.8,-4.64,-57.24,0,0,DCHG, ,
26094.4,1,1,1,1,4,16730.0,-1,11.838,-11.8,-4.64,-57.25,0,0,DCHG, ,
26099.4,1,1,1,1,4,16735.0,-1,11.838,-11.8,-4.64,-57.27,0,0,DCHG, ,
26104.4,1,1,1,1,4,16740.0,-1,11.838,-11.8,-4.64,-57.29,0,0,DCHG, ,
26109.4,1,1,1,1,4,16745.0,-1,11.837,-11.8,-4.64,-57.3,0,0,DCHG, ,
26114.4,1,1,1,1,4,16750.0,-1,11.837,-11.8,-4.64,-57.32,0,0,DCHG, ,
26119.4,1,1,1,1,4,16755.0,-1,11.837,-11.8,-4.65,-57.34,0,0,DCHG, ,
26124.4,1,1,1,1,4,16760.0,-1,11.837,-11.8,-4.65,-57.35,0,0,DCHG, ,
26129.4,1,1,1,1,4,16765.0,-1,11.836,-11.8,-4.65,-57.37,0,0,DCHG, ,
26134.4,1,1,1,1,4,16770.0,-1,11.836,-11.8,-4.65,-57.38,0,0,DCHG, ,
26139.4,1,1,1,1,4,16775.0,-1,11.835,-11.8,-4.65,-57.4,0,0,DCHG, ,
26144.4,1,1,1,1,4,16780.0,-1,11.835,-11.8,-4.65,-57.42,0,0,DCHG, ,
26149.4,1,1,1,1,4,16785.0,-1,11.835,-11.8,-4.65,-57.43,0,0,DCHG, ,
26154.4,1,1,1,1,4,16790.0,-1,11.834,-11.8,-4.66,-57.45,0,0,DCHG, ,
26159.4,1,1,1,1,4,16795.0,-1,11.834,-11.8,-4.66,-57.47,0,0,DCHG, ,
26164.4,1,1,1,1,4,16800.0,-1,11.834,-11.8,-4.66,-57.48,0,0,DCHG, ,
26169.4,1,1,1,1,4,16805.0,-0.99,11.833,-11.7,-4.66,-57.5,0,0,DCHG, ,
26174.4,1,1,1,1,4,16810.0,-1,11.833,-11.8,-4.66,-57.52,0,0,DCHG, ,
26179.4,1,1,1,1,4,16815.0,-1,11.833,-11.8,-4.66,-57.53,0,0,DCHG, ,
26184.4,1,1,1,1,4,16820.0,-1,11.832,-11.8,-4.66,-57.55,0,0,DCHG, ,
26189.4,1,1,1,1,4,16825.0,-1,11.832,-11.8,-4.66,-57.56,0,0,DCHG, ,
26194.4,1,1,1,1,4,16830.0,-1,11.832,-11.8,-4.67,-57.58,0,0,DCHG, ,
26199.4,1,1,1,1,4,16835.0,-1,11.831,-11.8,-4.67,-57.6,0,0,DCHG, ,
26204.4,1,1,1,1,4,16840.0,-1,11.831,-11.8,-4.67,-57.61,0,0,DCHG, ,
26209.4,1,1,1,1,4,16845.0,-0.99,11.83,-11.7,-4.67,-57.63,0,0,DCHG, ,
26214.4,1,1,1,1,4,16850.0,-1,11.83,-11.8,-4.67,-57.65,0,0,DCHG, ,
26219.4,1,1,1,1,4,16855.0,-1,11.829,-11.8,-4.67,-57.66,0,0,DCHG, ,
26224.4,1,1,1,1,4,16860.0,-1,11.829,-11.8,-4.67,-57.68,0,0,DCHG, ,
26229.4,1,1,1,1,4,16865.0,-1,11.829,-11.8,-4.68,-57.7,0,0,DCHG, ,
26234.4,1,1,1,1,4,16870.0,-1,11.829,-11.8,-4.68,-57.71,0,0,DCHG, ,
26239.4,1,1,1,1,4,16875.0,-1,11.829,-11.8,-4.68,-57.73,0,0,DCHG, ,
26244.4,1,1,1,1,4,16880.0,-1,11.828,-11.8,-4.68,-57.74,0,0,DCHG, ,
26249.4,1,1,1,1,4,16885.0,-1,11.828,-11.8,-4.68,-57.76,0,0,DCHG, ,
26254.4,1,1,1,1,4,16890.0,-1,11.827,-11.8,-4.68,-57.78,0,0,DCHG, ,
26259.4,1,1,1,1,4,16895.0,-1,11.827,-11.8,-4.68,-57.79,0,0,DCHG, ,
26264.4,1,1,1,1,4,16900.0,-1,11.827,-11.8,-4.69,-57.81,0,0,DCHG, ,
26269.4,1,1,1,1,4,16905.0,-1,11.826,-11.8,-4.69,-57.83,0,0,DCHG, ,
26274.4,1,1,1,1,4,16910.0,-1,11.826,-11.8,-4.69,-57.84,0,0,DCHG, ,
26279.4,1,1,1,1,4,16915.0,-1,11.826,-11.8,-4.69,-57.86,0,0,DCHG, ,
26284.4,1,1,1,1,4,16920.0,-1,11.826,-11.8,-4.69,-57.88,0,0,DCHG, ,
26289.4,1,1,1,1,4,16925.0,-1,11.825,-11.8,-4.69,-57.89,0,0,DCHG, ,
26294.4,1,1,1,1,4,16930.0,-1,11.825,-11.8,-4.69,-57.91,0,0,DCHG, ,
26299.4,1,1,1,1,4,16935.0,-1,11.824,-11.8,-4.7,-57.92,0,0,DCHG, ,
26304.4,1,1,1,1,4,16940.0,-1,11.824,-11.8,-4.7,-57.94,0,0,DCHG, ,
26309.4,1,1,1,1,4,16945.0,-1,11.824,-11.8,-4.7,-57.96,0,0,DCHG, ,
26314.4,1,1,1,1,4,16950.0,-1,11.823,-11.8,-4.7,-57.97,0,0,DCHG, ,
26319.4,1,1,1,1,4,16955.0,-1,11.823,-11.8,-4.7,-57.99,0,0,DCHG, ,
26324.4,1,1,1,1,4,16960.0,-1,11.822,-11.8,-4.7,-58.01,0,0,DCHG, ,
26329.4,1,1,1,1,4,16965.0,-1,11.822,-11.8,-4.7,-58.02,0,0,DCHG, ,
26334.4,1,1,1,1,4,16970.0,-1,11.822,-11.8,-4.71,-58.04,0,0,DCHG, ,
26339.4,1,1,1,1,4,16975.0,-1,11.822,-11.8,-4.71,-58.06,0,0,DCHG, ,
26344.4,1,1,1,1,4,16980.0,-1,11.822,-11.8,-4.71,-58.07,0,0,DCHG, ,
26349.4,1,1,1,1,4,16985.0,-1,11.821,-11.8,-4.71,-58.09,0,0,DCHG, ,
26354.4,1,1,1,1,4,16990.0,-1,11.821,-11.8,-4.71,-58.11,0,0,DCHG, ,
26359.4,1,1,1,1,4,16995.0,-1,11.821,-11.8,-4.71,-58.12,0,0,DCHG, ,
26364.4,1,1,1,1,4,17000.0,-1,11.821,-11.8,-4.71,-58.14,0,0,DCHG, ,
26369.4,1,1,1,1,4,17005.0,-0.99,11.82,-11.7,-4.71,-58.15,0,0,DCHG, ,
26374.4,1,1,1,1,4,17010.0,-1,11.819,-11.8,-4.72,-58.17,0,0,DCHG, ,
26379.4,1,1,1,1,4,17015.0,-1,11.819,-11.7,-4.72,-58.19,0,0,DCHG, ,
26384.4,1,1,1,1,4,17020.0,-1,11.819,-11.8,-4.72,-58.2,0,0,DCHG, ,
26389.4,1,1,1,1,4,17025.0,-1,11.819,-11.8,-4.72,-58.22,0,0,DCHG, ,
26394.4,1,1,1,1,4,17030.0,-1,11.818,-11.8,-4.72,-58.24,0,0,DCHG, ,
26399.4,1,1,1,1,4,17035.0,-1,11.818,-11.7,-4.72,-58.25,0,0,DCHG, ,
26404.4,1,1,1,1,4,17040.0,-1,11.817,-11.7,-4.72,-58.27,0,0,DCHG, ,
26409.4,1,1,1,1,4,17045.0,-1,11.817,-11.7,-4.73,-58.28,0,0,DCHG, ,
26414.4,1,1,1,1,4,17050.0,-1,11.817,-11.7,-4.73,-58.3,0,0,DCHG, ,
26419.4,1,1,1,1,4,17055.0,-1,11.816,-11.7,-4.73,-58.32,0,0,DCHG, ,
26424.4,1,1,1,1,4,17060.0,-1,11.816,-11.7,-4.73,-58.33,0,0,DCHG, ,
26429.4,1,1,1,1,4,17065.0,-1,11.816,-11.7,-4.73,-58.35,0,0,DCHG, ,
26434.4,1,1,1,1,4,17070.0,-1,11.815,-11.7,-4.73,-58.37,0,0,DCHG, ,
26439.4,1,1,1,1,4,17075.0,-1,11.815,-11.7,-4.73,-58.38,0,0,DCHG, ,
26444.4,1,1,1,1,4,17080.0,-1,11.815,-11.7,-4.74,-58.4,0,0,DCHG, ,
26449.4,1,1,1,1,4,17085.0,-1,11.814,-11.7,-4.74,-58.41,0,0,DCHG, ,
26454.4,1,1,1,1,4,17090.0,-1,11.814,-11.7,-4.74,-58.43,0,0,DCHG, ,
26459.4,1,1,1,1,4,17095.0,-1,11.814,-11.7,-4.74,-58.45,0,0,DCHG, ,
26464.4,1,1,1,1,4,17100.0,-1,11.813,-11.7,-4.74,-58.46,0,0,DCHG, ,
26469.4,1,1,1,1,4,17105.0,-1,11.813,-11.7,-4.74,-58.48,0,0,DCHG, ,
26474.4,1,1,1,1,4,17110.0,-1,11.812,-11.7,-4.74,-58.5,0,0,DCHG, ,
26479.4,1,1,1,1,4,17115.0,-0.99,11.812,-11.7,-4.75,-58.51,0,0,DCHG, ,
26484.4,1,1,1,1,4,17120.0,-1,11.812,-11.8,-4.75,-58.53,0,0,DCHG, ,
26489.4,1,1,1,1,4,17125.0,-1,11.811,-11.7,-4.75,-58.55,0,0,DCHG, ,
26494.4,1,1,1,1,4,17130.0,-1,11.811,-11.7,-4.75,-58.56,0,0,DCHG, ,
26499.4,1,1,1,1,4,17135.0,-1,11.811,-11.7,-4.75,-58.58,0,0,DCHG, ,
26504.4,1,1,1,1,4,17140.0,-1,11.811,-11.7,-4.75,-58.59,0,0,DCHG, ,
26509.4,1,1,1,1,4,17145.0,-1,11.81,-11.7,-4.75,-58.61,0,0,DCHG, ,
26514.4,1,1,1,1,4,17150.0,-0.99,11.809,-11.7,-4.76,-58.63,0,0,DCHG, ,
26519.4,1,1,1,1,4,17155.0,-1,11.809,-11.7,-4.76,-58.64,0,0,DCHG, ,
26524.4,1,1,1,1,4,17160.0,-1,11.809,-11.7,-4.76,-58.66,0,0,DCHG, ,
26529.4,1,1,1,1,4,17165.0,-1,11.808,-11.8,-4.76,-58.68,0,0,DCHG, ,
26534.4,1,1,1,1,4,17170.0,-0.99,11.808,-11.7,-4.76,-58.69,0,0,DCHG, ,
26539.4,1,1,1,1,4,17175.0,-1,11.808,-11.7,-4.76,-58.71,0,0,DCHG, ,
26544.4,1,1,1,1,4,17180.0,-1,11.808,-11.7,-4.76,-58.72,0,0,DCHG, ,
26549.4,1,1,1,1,4,17185.0,-1,11.807,-11.8,-4.76,-58.74,0,0,DCHG, ,
26554.4,1,1,1,1,4,17190.0,-1,11.807,-11.7,-4.77,-58.76,0,0,DCHG, ,
26559.4,1,1,1,1,4,17195.0,-1,11.807,-11.7,-4.77,-58.77,0,0,DCHG, ,
26564.4,1,1,1,1,4,17200.0,-1,11.806,-11.7,-4.77,-58.79,0,0,DCHG, ,
26569.4,1,1,1,1,4,17205.0,-1,11.806,-11.7,-4.77,-58.81,0,0,DCHG, ,
26574.4,1,1,1,1,4,17210.0,-1,11.806,-11.8,-4.77,-58.82,0,0,DCHG, ,
26579.4,1,1,1,1,4,17215.0,-1,11.805,-11.7,-4.77,-58.84,0,0,DCHG, ,
26584.4,1,1,1,1,4,17220.0,-1,11.805,-11.7,-4.77,-58.85,0,0,DCHG, ,
26589.4,1,1,1,1,4,17225.0,-1,11.805,-11.7,-4.78,-58.87,0,0,DCHG, ,
26594.4,1,1,1,1,4,17230.0,-1,11.804,-11.7,-4.78,-58.89,0,0,DCHG, ,
26599.4,1,1,1,1,4,17235.0,-1,11.803,-11.8,-4.78,-58.9,0,0,DCHG, ,
26604.4,1,1,1,1,4,17240.0,-1,11.803,-11.7,-4.78,-58.92,0,0,DCHG, ,
26609.4,1,1,1,1,4,17245.0,-0.99,11.803,-11.7,-4.78,-58.94,0,0,DCHG, ,
26614.4,1,1,1,1,4,17250.0,-1,11.803,-11.7,-4.78,-58.95,0,0,DCHG, ,
26619.4,1,1,1,1,4,17255.0,-1,11.802,-11.7,-4.78,-58.97,0,0,DCHG, ,
26624.4,1,1,1,1,4,17260.0,-1,11.802,-11.7,-4.79,-58.98,0,0,DCHG, ,
26629.4,1,1,1,1,4,17265.0,-1,11.802,-11.7,-4.79,-59,0,0,DCHG, ,
26634.4,1,1,1,1,4,17270.0,-1,11.802,-11.7,-4.79,-59.02,0,0,DCHG, ,
26639.4,1,1,1,1,4,17275.0,-1,11.801,-11.7,-4.79,-59.03,0,0,DCHG, ,
26644.4,1,1,1,1,4,17280.0,-1,11.801,-11.8,-4.79,-59.05,0,0,DCHG, ,
26649.4,1,1,1,1,4,17285.0,-1,11.8,-11.7,-4.79,-59.07,0,0,DCHG, ,
26654.4,1,1,1,1,4,17290.0,-1,11.8,-11.7,-4.79,-59.08,0,0,DCHG, ,
26659.4,1,1,1,1,4,17295.0,-1,11.8,-11.7,-4.8,-59.1,0,0,DCHG, ,
26664.4,1,1,1,1,4,17300.0,-1,11.799,-11.7,-4.8,-59.11,0,0,DCHG, ,
26669.4,1,1,1,1,4,17305.0,-1,11.799,-11.7,-4.8,-59.13,0,0,DCHG, ,
26674.4,1,1,1,1,4,17310.0,-1,11.799,-11.7,-4.8,-59.15,0,0,DCHG, ,
26679.4,1,1,1,1,4,17315.0,-1,11.798,-11.7,-4.8,-59.16,0,0,DCHG, ,
26684.4,1,1,1,1,4,17320.0,-1,11.798,-11.7,-4.8,-59.18,0,0,DCHG, ,
26689.4,1,1,1,1,4,17325.0,-1,11.797,-11.7,-4.8,-59.2,0,0,DCHG, ,
26694.4,1,1,1,1,4,17330.0,-1,11.797,-11.7,-4.81,-59.21,0,0,DCHG, ,
26699.4,1,1,1,1,4,17335.0,-1,11.797,-11.7,-4.81,-59.23,0,0,DCHG, ,
26704.4,1,1,1,1,4,17340.0,-1,11.796,-11.7,-4.81,-59.24,0,0,DCHG, ,
26709.4,1,1,1,1,4,17345.0,-1,11.796,-11.7,-4.81,-59.26,0,0,DCHG, ,
26714.4,1,1,1,1,4,17350.0,-1,11.796,-11.7,-4.81,-59.28,0,0,DCHG, ,
26719.4,1,1,1,1,4,17355.0,-1,11.796,-11.7,-4.81,-59.29,0,0,DCHG, ,
26724.4,1,1,1,1,4,17360.0,-1,11.796,-11.7,-4.81,-59.31,0,0,DCHG, ,
26729.4,1,1,1,1,4,17365.0,-1,11.795,-11.7,-4.81,-59.33,0,0,DCHG, ,
26734.4,1,1,1,1,4,17370.0,-1,11.794,-11.7,-4.82,-59.34,0,0,DCHG, ,
26739.4,1,1,1,1,4,17375.0,-1,11.794,-11.7,-4.82,-59.36,0,0,DCHG, ,
26744.4,1,1,1,1,4,17380.0,-1,11.794,-11.7,-4.82,-59.37,0,0,DCHG, ,
26749.4,1,1,1,1,4,17385.0,-1,11.793,-11.7,-4.82,-59.39,0,0,DCHG, ,
26754.4,1,1,1,1,4,17390.0,-1,11.793,-11.7,-4.82,-59.41,0,0,DCHG, ,
26759.4,1,1,1,1,4,17395.0,-1,11.792,-11.7,-4.82,-59.42,0,0,DCHG, ,
26764.4,1,1,1,1,4,17400.0,-1,11.793,-11.7,-4.82,-59.44,0,0,DCHG, ,
26769.4,1,1,1,1,4,17405.0,-1,11.792,-11.7,-4.83,-59.46,0,0,DCHG, ,
26774.4,1,1,1,1,4,17410.0,-1,11.792,-11.7,-4.83,-59.47,0,0,DCHG, ,
26779.4,1,1,1,1,4,17415.0,-1,11.791,-11.7,-4.83,-59.49,0,0,DCHG, ,
26784.4,1,1,1,1,4,17420.0,-1,11.791,-11.7,-4.83,-59.5,0,0,DCHG, ,
26789.4,1,1,1,1,4,17425.0,-1,11.791,-11.7,-4.83,-59.52,0,0,DCHG, ,
26794.4,1,1,1,1,4,17430.0,-1,11.791,-11.7,-4.83,-59.54,0,0,DCHG, ,
26799.4,1,1,1,1,4,17435.0,-1,11.789,-11.7,-4.83,-59.55,0,0,DCHG, ,
26804.4,1,1,1,1,4,17440.0,-1,11.789,-11.7,-4.84,-59.57,0,0,DCHG, ,
26809.4,1,1,1,1,4,17445.0,-1,11.789,-11.7,-4.84,-59.59,0,0,DCHG, ,
26814.4,1,1,1,1,4,17450.0,-1,11.788,-11.7,-4.84,-59.6,0,0,DCHG, ,
26819.4,1,1,1,1,4,17455.0,-1,11.788,-11.7,-4.84,-59.62,0,0,DCHG, ,
26824.4,1,1,1,1,4,17460.0,-0.99,11.788,-11.7,-4.84,-59.63,0,0,DCHG, ,
26829.4,1,1,1,1,4,17465.0,-1,11.788,-11.7,-4.84,-59.65,0,0,DCHG, ,
26834.4,1,1,1,1,4,17470.0,-1,11.787,-11.7,-4.84,-59.67,0,0,DCHG, ,
26839.4,1,1,1,1,4,17475.0,-1,11.787,-11.7,-4.85,-59.68,0,0,DCHG, ,
26844.4,1,1,1,1,4,17480.0,-0.99,11.787,-11.6,-4.85,-59.7,0,0,DCHG, ,
26849.4,1,1,1,1,4,17485.0,-1,11.786,-11.7,-4.85,-59.72,0,0,DCHG, ,
26854.4,1,1,1,1,4,17490.0,-1,11.786,-11.7,-4.85,-59.73,0,0,DCHG, ,
26859.4,1,1,1,1,4,17495.0,-1,11.786,-11.7,-4.85,-59.75,0,0,DCHG, ,
26864.4,1,1,1,1,4,17500.0,-1,11.785,-11.7,-4.85,-59.76,0,0,DCHG, ,
26869.4,1,1,1,1,4,17505.0,-1,11.785,-11.7,-4.85,-59.78,0,0,DCHG, ,
26874.4,1,1,1,1,4,17510.0,-1,11.785,-11.7,-4.86,-59.8,0,0,DCHG, ,
26879.4,1,1,1,1,4,17515.0,-1,11.785,-11.7,-4.86,-59.81,0,0,DCHG, ,
26884.4,1,1,1,1,4,17520.0,-1,11.785,-11.7,-4.86,-59.83,0,0,DCHG, ,
26889.4,1,1,1,1,4,17525.0,-1,11.784,-11.7,-4.86,-59.85,0,0,DCHG, ,
26894.4,1,1,1,1,4,17530.0,-1,11.784,-11.7,-4.86,-59.86,0,0,DCHG, ,
26899.4,1,1,1,1,4,17535.0,-1,11.783,-11.7,-4.86,-59.88,0,0,DCHG, ,
26904.4,1,1,1,1,4,17540.0,-1,11.783,-11.7,-4.86,-59.89,0,0,DCHG, ,
26909.4,1,1,1,1,4,17545.0,-1,11.782,-11.7,-4.86,-59.91,0,0,DCHG, ,
26914.4,1,1,1,1,4,17550.0,-1,11.782,-11.7,-4.87,-59.93,0,0,DCHG, ,
26919.4,1,1,1,1,4,17555.0,-1,11.781,-11.7,-4.87,-59.94,0,0,DCHG, ,
26924.4,1,1,1,1,4,17560.0,-1,11.781,-11.7,-4.87,-59.96,0,0,DCHG, ,
26929.4,1,1,1,1,4,17565.0,-1,11.781,-11.7,-4.87,-59.98,0,0,DCHG, ,
26934.4,1,1,1,1,4,17570.0,-0.99,11.78,-11.6,-4.87,-59.99,0,0,DCHG, ,
26939.4,1,1,1,1,4,17575.0,-1,11.779,-11.7,-4.87,-60.01,0,0,DCHG, ,
26944.4,1,1,1,1,4,17580.0,-1,11.779,-11.7,-4.87,-60.02,0,0,DCHG, ,
26949.4,1,1,1,1,4,17585.0,-1,11.778,-11.7,-4.88,-60.04,0,0,DCHG, ,
26954.4,1,1,1,1,4,17590.0,-1,11.778,-11.7,-4.88,-60.06,0,0,DCHG, ,
26959.4,1,1,1,1,4,17595.0,-1,11.778,-11.7,-4.88,-60.07,0,0,DCHG, ,
26964.4,1,1,1,1,4,17600.0,-1,11.778,-11.7,-4.88,-60.09,0,0,DCHG, ,
26969.4,1,1,1,1,4,17605.0,-1,11.778,-11.7,-4.88,-60.11,0,0,DCHG, ,
26974.4,1,1,1,1,4,17610.0,-1,11.777,-11.7,-4.88,-60.12,0,0,DCHG, ,
26979.4,1,1,1,1,4,17615.0,-1,11.777,-11.7,-4.88,-60.14,0,0,DCHG, ,
26984.4,1,1,1,1,4,17620.0,-1,11.777,-11.7,-4.89,-60.15,0,0,DCHG, ,
26989.4,1,1,1,1,4,17625.0,-1,11.776,-11.7,-4.89,-60.17,0,0,DCHG, ,
26994.4,1,1,1,1,4,17630.0,-1,11.776,-11.7,-4.89,-60.19,0,0,DCHG, ,
26999.4,1,1,1,1,4,17635.0,-1,11.776,-11.7,-4.89,-60.2,0,0,DCHG, ,
27004.4,1,1,1,1,4,17640.0,-1,11.775,-11.7,-4.89,-60.22,0,0,DCHG, ,
27009.4,1,1,1,1,4,17645.0,-1,11.775,-11.7,-4.89,-60.24,0,0,DCHG, ,
27014.4,1,1,1,1,4,17650.0,-1,11.774,-11.7,-4.89,-60.25,0,0,DCHG, ,
27019.4,1,1,1,1,4,17655.0,-1,11.773,-11.7,-4.9,-60.27,0,0,DCHG, ,
27024.4,1,1,1,1,4,17660.0,-1,11.773,-11.7,-4.9,-60.28,0,0,DCHG, ,
27029.4,1,1,1,1,4,17665.0,-1,11.773,-11.7,-4.9,-60.3,0,0,DCHG, ,
27034.4,1,1,1,1,4,17670.0,-1,11.772,-11.7,-4.9,-60.32,0,0,DCHG, ,
27039.4,1,1,1,1,4,17675.0,-1,11.772,-11.7,-4.9,-60.33,0,0,DCHG, ,
27044.4,1,1,1,1,4,17680.0,-1,11.772,-11.7,-4.9,-60.35,0,0,DCHG, ,
27049.4,1,1,1,1,4,17685.0,-1,11.772,-11.7,-4.9,-60.37,0,0,DCHG, ,
27054.4,1,1,1,1,4,17690.0,-1,11.771,-11.7,-4.91,-60.38,0,0,DCHG, ,
27059.4,1,1,1,1,4,17695.0,-1,11.771,-11.7,-4.91,-60.4,0,0,DCHG, ,
27064.4,1,1,1,1,4,17700.0,-1,11.771,-11.7,-4.91,-60.41,0,0,DCHG, ,
27069.4,1,1,1,1,4,17705.0,-1,11.77,-11.7,-4.91,-60.43,0,0,DCHG, ,
27074.4,1,1,1,1,4,17710.0,-1,11.77,-11.7,-4.91,-60.45,0,0,DCHG, ,
27079.4,1,1,1,1,4,17715.0,-0.99,11.77,-11.6,-4.91,-60.46,0,0,DCHG, ,
27084.4,1,1,1,1,4,17720.0,-1,11.769,-11.7,-4.91,-60.48,0,0,DCHG, ,
27089.4,1,1,1,1,4,17725.0,-1,11.769,-11.7,-4.91,-60.5,0,0,DCHG, ,
27094.4,1,1,1,1,4,17730.0,-1,11.768,-11.7,-4.92,-60.51,0,0,DCHG, ,
27099.4,1,1,1,1,4,17735.0,-1,11.768,-11.7,-4.92,-60.53,0,0,DCHG, ,
27104.4,1,1,1,1,4,17740.0,-1,11.768,-11.7,-4.92,-60.54,0,0,DCHG, ,
27109.4,1,1,1,1,4,17745.0,-1,11.767,-11.7,-4.92,-60.56,0,0,DCHG, ,
27114.4,1,1,1,1,4,17750.0,-1,11.767,-11.7,-4.92,-60.58,0,0,DCHG, ,
27119.4,1,1,1,1,4,17755.0,-1,11.767,-11.7,-4.92,-60.59,0,0,DCHG, ,
27124.4,1,1,1,1,4,17760.0,-1,11.766,-11.7,-4.92,-60.61,0,0,DCHG, ,
27129.4,1,1,1,1,4,17765.0,-1,11.766,-11.7,-4.93,-60.63,0,0,DCHG, ,
27134.4,1,1,1,1,4,17770.0,-1,11.766,-11.7,-4.93,-60.64,0,0,DCHG, ,
27139.4,1,1,1,1,4,17775.0,-1,11.766,-11.7,-4.93,-60.66,0,0,DCHG, ,
27144.4,1,1,1,1,4,17780.0,-1,11.765,-11.7,-4.93,-60.67,0,0,DCHG, ,
27149.4,1,1,1,1,4,17785.0,-1,11.765,-11.7,-4.93,-60.69,0,0,DCHG, ,
27154.4,1,1,1,1,4,17790.0,-1,11.764,-11.7,-4.93,-60.71,0,0,DCHG, ,
27159.4,1,1,1,1,4,17795.0,-1,11.764,-11.7,-4.93,-60.72,0,0,DCHG, ,
27164.4,1,1,1,1,4,17800.0,-1,11.764,-11.7,-4.94,-60.74,0,0,DCHG, ,
27169.4,1,1,1,1,4,17805.0,-1,11.763,-11.7,-4.94,-60.75,0,0,DCHG, ,
27174.4,1,1,1,1,4,17810.0,-1,11.763,-11.7,-4.94,-60.77,0,0,DCHG, ,
27179.4,1,1,1,1,4,17815.0,-1,11.762,-11.7,-4.94,-60.79,0,0,DCHG, ,
27184.4,1,1,1,1,4,17820.0,-1,11.762,-11.7,-4.94,-60.8,0,0,DCHG, ,
27189.4,1,1,1,1,4,17825.0,-1,11.762,-11.7,-4.94,-60.82,0,0,DCHG, ,
27194.4,1,1,1,1,4,17830.0,-1,11.762,-11.7,-4.94,-60.84,0,0,DCHG, ,
27199.4,1,1,1,1,4,17835.0,-1,11.761,-11.7,-4.95,-60.85,0,0,DCHG, ,
27204.4,1,1,1,1,4,17840.0,-1,11.761,-11.7,-4.95,-60.87,0,0,DCHG, ,
27209.4,1,1,1,1,4,17845.0,-1,11.761,-11.7,-4.95,-60.88,0,0,DCHG, ,
27214.4,1,1,1,1,4,17850.0,-1,11.76,-11.7,-4.95,-60.9,0,0,DCHG, ,
27219.4,1,1,1,1,4,17855.0,-1,11.759,-11.7,-4.95,-60.92,0,0,DCHG, ,
27224.4,1,1,1,1,4,17860.0,-1,11.759,-11.7,-4.95,-60.93,0,0,DCHG, ,
27229.4,1,1,1,1,4,17865.0,-1,11.759,-11.7,-4.95,-60.95,0,0,DCHG, ,
27234.4,1,1,1,1,4,17870.0,-1,11.758,-11.7,-4.95,-60.97,0,0,DCHG, ,
27239.4,1,1,1,1,4,17875.0,-1,11.758,-11.7,-4.96,-60.98,0,0,DCHG, ,
27244.4,1,1,1,1,4,17880.0,-1,11.758,-11.7,-4.96,-61,0,0,DCHG, ,
27249.4,1,1,1,1,4,17885.0,-1,11.758,-11.7,-4.96,-61.01,0,0,DCHG, ,
27254.4,1,1,1,1,4,17890.0,-1,11.758,-11.7,-4.96,-61.03,0,0,DCHG, ,
27259.4,1,1,1,1,4,17895.0,-1,11.758,-11.7,-4.96,-61.05,0,0,DCHG, ,
27264.4,1,1,1,1,4,17900.0,-1,11.757,-11.7,-4.96,-61.06,0,0,DCHG, ,
27269.4,1,1,1,1,4,17905.0,-1,11.756,-11.7,-4.96,-61.08,0,0,DCHG, ,
27274.4,1,1,1,1,4,17910.0,-1,11.756,-11.7,-4.97,-61.1,0,0,DCHG, ,
27279.4,1,1,1,1,4,17915.0,-1,11.756,-11.7,-4.97,-61.11,0,0,DCHG, ,
27284.4,1,1,1,1,4,17920.0,-1,11.756,-11.7,-4.97,-61.13,0,0,DCHG, ,
27289.4,1,1,1,1,4,17925.0,-1,11.755,-11.7,-4.97,-61.14,0,0,DCHG, ,
27294.4,1,1,1,1,4,17930.0,-1,11.755,-11.7,-4.97,-61.16,0,0,DCHG, ,
27299.4,1,1,1,1,4,17935.0,-1,11.754,-11.7,-4.97,-61.18,0,0,DCHG, ,
27304.4,1,1,1,1,4,17940.0,-1,11.754,-11.7,-4.97,-61.19,0,0,DCHG, ,
27309.4,1,1,1,1,4,17945.0,-1,11.754,-11.7,-4.98,-61.21,0,0,DCHG, ,
27314.4,1,1,1,1,4,17950.0,-1,11.753,-11.7,-4.98,-61.23,0,0,DCHG, ,
27319.4,1,1,1,1,4,17955.0,-1,11.753,-11.7,-4.98,-61.24,0,0,DCHG, ,
27324.4,1,1,1,1,4,17960.0,-1,11.752,-11.7,-4.98,-61.26,0,0,DCHG, ,
27329.4,1,1,1,1,4,17965.0,-1,11.752,-11.7,-4.98,-61.27,0,0,DCHG, ,
27334.4,1,1,1,1,4,17970.0,-1,11.751,-11.7,-4.98,-61.29,0,0,DCHG, ,
27339.4,1,1,1,1,4,17975.0,-1,11.751,-11.7,-4.98,-61.31,0,0,DCHG, ,
27344.4,1,1,1,1,4,17980.0,-1,11.751,-11.7,-4.99,-61.32,0,0,DCHG, ,
27349.4,1,1,1,1,4,17985.0,-1,11.751,-11.7,-4.99,-61.34,0,0,DCHG, ,
27354.4,1,1,1,1,4,17990.0,-1,11.75,-11.7,-4.99,-61.36,0,0,DCHG, ,
27359.4,1,1,1,1,4,17995.0,-1,11.75,-11.7,-4.99,-61.37,0,0,DCHG, ,
27364.4,1,1,1,1,4,18000.0,-1,11.75,-11.7,-4.99,-61.39,0,0,DCHG, ,
27369.4,1,1,1,1,4,18005.0,-1,11.749,-11.7,-4.99,-61.4,0,0,DCHG, ,
27374.4,1,1,1,1,4,18010.0,-1,11.749,-11.7,-4.99,-61.42,0,0,DCHG, ,
27379.4,1,1,1,1,4,18015.0,-1,11.748,-11.7,-5,-61.44,0,0,DCHG, ,
27384.4,1,1,1,1,4,18020.0,-1,11.748,-11.7,-5,-61.45,0,0,DCHG, ,
27389.4,1,1,1,1,4,18025.0,-1,11.748,-11.7,-5,-61.47,0,0,DCHG, ,
27394.4,1,1,1,1,4,18030.0,-1,11.747,-11.7,-5,-61.49,0,0,DCHG, ,
27399.4,1,1,1,1,4,18035.0,-1,11.747,-11.7,-5,-61.5,0,0,DCHG, ,
27404.4,1,1,1,1,4,18040.0,-1,11.747,-11.7,-5,-61.52,0,0,DCHG, ,
27409.4,1,1,1,1,4,18045.0,-1,11.746,-11.7,-5,-61.53,0,0,DCHG, ,
27414.4,1,1,1,1,4,18050.0,-1,11.746,-11.7,-5,-61.55,0,0,DCHG, ,
27419.4,1,1,1,1,4,18055.0,-1,11.746,-11.7,-5.01,-61.57,0,0,DCHG, ,
27424.4,1,1,1,1,4,18060.0,-0.99,11.745,-11.6,-5.01,-61.58,0,0,DCHG, ,
27429.4,1,1,1,1,4,18065.0,-1,11.745,-11.7,-5.01,-61.6,0,0,DCHG, ,
27434.4,1,1,1,1,4,18070.0,-1,11.745,-11.7,-5.01,-61.62,0,0,DCHG, ,
27439.4,1,1,1,1,4,18075.0,-1,11.744,-11.7,-5.01,-61.63,0,0,DCHG, ,
27444.4,1,1,1,1,4,18080.0,-1,11.744,-11.7,-5.01,-61.65,0,0,DCHG, ,
27449.4,1,1,1,1,4,18085.0,-1,11.743,-11.7,-5.01,-61.66,0,0,DCHG, ,
27454.4,1,1,1,1,4,18090.0,-1,11.743,-11.7,-5.02,-61.68,0,0,DCHG, ,
27459.4,1,1,1,1,4,18095.0,-1,11.743,-11.7,-5.02,-61.7,0,0,DCHG, ,
27464.4,1,1,1,1,4,18100.0,-1,11.742,-11.7,-5.02,-61.71,0,0,DCHG, ,
27469.4,1,1,1,1,4,18105.0,-1,11.742,-11.7,-5.02,-61.73,0,0,DCHG, ,
27474.4,1,1,1,1,4,18110.0,-1,11.742,-11.7,-5.02,-61.75,0,0,DCHG, ,
27479.4,1,1,1,1,4,18115.0,-1,11.742,-11.7,-5.02,-61.76,0,0,DCHG, ,
27484.4,1,1,1,1,4,18120.0,-1,11.741,-11.7,-5.02,-61.78,0,0,DCHG, ,
27489.4,1,1,1,1,4,18125.0,-1,11.741,-11.7,-5.03,-61.79,0,0,DCHG, ,
27494.4,1,1,1,1,4,18130.0,-1,11.74,-11.7,-5.03,-61.81,0,0,DCHG, ,
27499.4,1,1,1,1,4,18135.0,-0.99,11.74,-11.6,-5.03,-61.83,0,0,DCHG, ,
27504.4,1,1,1,1,4,18140.0,-1,11.74,-11.7,-5.03,-61.84,0,0,DCHG, ,
27509.4,1,1,1,1,4,18145.0,-1,11.739,-11.7,-5.03,-61.86,0,0,DCHG, ,
27514.4,1,1,1,1,4,18150.0,-0.99,11.739,-11.6,-5.03,-61.88,0,0,DCHG, ,
27519.4,1,1,1,1,4,18155.0,-1,11.738,-11.7,-5.03,-61.89,0,0,DCHG, ,
27524.4,1,1,1,1,4,18160.0,-1,11.738,-11.7,-5.04,-61.91,0,0,DCHG, ,
27529.4,1,1,1,1,4,18165.0,-1,11.737,-11.7,-5.04,-61.92,0,0,DCHG, ,
27534.4,1,1,1,1,4,18170.0,-1,11.737,-11.7,-5.04,-61.94,0,0,DCHG, ,
27539.4,1,1,1,1,4,18175.0,-1,11.737,-11.7,-5.04,-61.96,0,0,DCHG, ,
27544.4,1,1,1,1,4,18180.0,-1,11.737,-11.7,-5.04,-61.97,0,0,DCHG, ,
27549.4,1,1,1,1,4,18185.0,-1,11.736,-11.7,-5.04,-61.99,0,0,DCHG, ,
27554.4,1,1,1,1,4,18190.0,-1,11.736,-11.7,-5.04,-62.01,0,0,DCHG, ,
27559.4,1,1,1,1,4,18195.0,-1,11.736,-11.7,-5.05,-62.02,0,0,DCHG, ,
27564.4,1,1,1,1,4,18200.0,-1,11.735,-11.7,-5.05,-62.04,0,0,DCHG, ,
27569.4,1,1,1,1,4,18205.0,-1,11.735,-11.7,-5.05,-62.05,0,0,DCHG, ,
27574.4,1,1,1,1,4,18210.0,-1,11.735,-11.6,-5.05,-62.07,0,0,DCHG, ,
27579.4,1,1,1,1,4,18215.0,-1,11.734,-11.7,-5.05,-62.09,0,0,DCHG, ,
27584.4,1,1,1,1,4,18220.0,-1,11.734,-11.7,-5.05,-62.1,0,0,DCHG, ,
27589.4,1,1,1,1,4,18225.0,-1,11.733,-11.7,-5.05,-62.12,0,0,DCHG, ,
27594.4,1,1,1,1,4,18230.0,-1,11.733,-11.7,-5.05,-62.14,0,0,DCHG, ,
27599.4,1,1,1,1,4,18235.0,-0.99,11.733,-11.6,-5.06,-62.15,0,0,DCHG, ,
27604.4,1,1,1,1,4,18240.0,-1,11.732,-11.7,-5.06,-62.17,0,0,DCHG, ,
27609.4,1,1,1,1,4,18245.0,-1,11.732,-11.7,-5.06,-62.18,0,0,DCHG, ,
27614.4,1,1,1,1,4,18250.0,-1,11.731,-11.7,-5.06,-62.2,0,0,DCHG, ,
27619.4,1,1,1,1,4,18255.0,-1,11.731,-11.7,-5.06,-62.22,0,0,DCHG, ,
27624.4,1,1,1,1,4,18260.0,-1,11.731,-11.7,-5.06,-62.23,0,0,DCHG, ,
27629.4,1,1,1,1,4,18265.0,-1,11.731,-11.7,-5.06,-62.25,0,0,DCHG, ,
27634.4,1,1,1,1,4,18270.0,-1,11.73,-11.7,-5.07,-62.27,0,0,DCHG, ,
27639.4,1,1,1,1,4,18275.0,-1,11.73,-11.7,-5.07,-62.28,0,0,DCHG, ,
27644.4,1,1,1,1,4,18280.0,-1,11.73,-11.7,-5.07,-62.3,0,0,DCHG, ,
27649.4,1,1,1,1,4,18285.0,-1,11.729,-11.7,-5.07,-62.31,0,0,DCHG, ,
27654.4,1,1,1,1,4,18290.0,-1,11.729,-11.7,-5.07,-62.33,0,0,DCHG, ,
27659.4,1,1,1,1,4,18295.0,-1,11.729,-11.7,-5.07,-62.35,0,0,DCHG, ,
27664.4,1,1,1,1,4,18300.0,-1,11.728,-11.7,-5.07,-62.36,0,0,DCHG, ,
27669.4,1,1,1,1,4,18305.0,-1,11.728,-11.7,-5.08,-62.38,0,0,DCHG, ,
27674.4,1,1,1,1,4,18310.0,-0.99,11.727,-11.6,-5.08,-62.4,0,0,DCHG, ,
27679.4,1,1,1,1,4,18315.0,-0.99,11.727,-11.6,-5.08,-62.41,0,0,DCHG, ,
27684.4,1,1,1,1,4,18320.0,-1,11.727,-11.7,-5.08,-62.43,0,0,DCHG, ,
27689.4,1,1,1,1,4,18325.0,-1,11.727,-11.7,-5.08,-62.44,0,0,DCHG, ,
27694.4,1,1,1,1,4,18330.0,-1,11.726,-11.7,-5.08,-62.46,0,0,DCHG, ,
27699.4,1,1,1,1,4,18335.0,-1,11.726,-11.7,-5.08,-62.48,0,0,DCHG, ,
27704.4,1,1,1,1,4,18340.0,-1,11.726,-11.7,-5.09,-62.49,0,0,DCHG, ,
27709.4,1,1,1,1,4,18345.0,-1,11.725,-11.7,-5.09,-62.51,0,0,DCHG, ,
27714.4,1,1,1,1,4,18350.0,-1,11.725,-11.7,-5.09,-62.52,0,0,DCHG, ,
27719.4,1,1,1,1,4,18355.0,-1,11.724,-11.7,-5.09,-62.54,0,0,DCHG, ,
27724.4,1,1,1,1,4,18360.0,-1,11.724,-11.7,-5.09,-62.56,0,0,DCHG, ,
27729.4,1,1,1,1,4,18365.0,-1,11.724,-11.7,-5.09,-62.57,0,0,DCHG, ,
27734.4,1,1,1,1,4,18370.0,-1,11.723,-11.7,-5.09,-62.59,0,0,DCHG, ,
27739.4,1,1,1,1,4,18375.0,-1,11.723,-11.7,-5.1,-62.61,0,0,DCHG, ,
27744.4,1,1,1,1,4,18380.0,-1,11.723,-11.7,-5.1,-62.62,0,0,DCHG, ,
27749.4,1,1,1,1,4,18385.0,-1,11.723,-11.7,-5.1,-62.64,0,0,DCHG, ,
27754.4,1,1,1,1,4,18390.0,-1,11.722,-11.7,-5.1,-62.65,0,0,DCHG, ,
27759.4,1,1,1,1,4,18395.0,-1,11.721,-11.7,-5.1,-62.67,0,0,DCHG, ,
27764.4,1,1,1,1,4,18400.0,-1,11.721,-11.7,-5.1,-62.69,0,0,DCHG, ,
27769.4,1,1,1,1,4,18405.0,-0.99,11.721,-11.6,-5.1,-62.7,0,0,DCHG, ,
27774.4,1,1,1,1,4,18410.0,-1,11.72,-11.7,-5.1,-62.72,0,0,DCHG, ,
27779.4,1,1,1,1,4,18415.0,-0.99,11.72,-11.6,-5.11,-62.74,0,0,DCHG, ,
27784.4,1,1,1,1,4,18420.0,-1,11.72,-11.7,-5.11,-62.75,0,0,DCHG, ,
27789.4,1,1,1,1,4,18425.0,-1,11.719,-11.7,-5.11,-62.77,0,0,DCHG, ,
27794.4,1,1,1,1,4,18430.0,-1,11.719,-11.7,-5.11,-62.78,0,0,DCHG, ,
27799.4,1,1,1,1,4,18435.0,-1,11.718,-11.7,-5.11,-62.8,0,0,DCHG, ,
27804.4,1,1,1,1,4,18440.0,-1,11.718,-11.7,-5.11,-62.82,0,0,DCHG, ,
27809.4,1,1,1,1,4,18445.0,-1,11.718,-11.7,-5.11,-62.83,0,0,DCHG, ,
27814.4,1,1,1,1,4,18450.0,-1,11.717,-11.6,-5.12,-62.85,0,0,DCHG, ,
27819.4,1,1,1,1,4,18455.0,-1,11.717,-11.6,-5.12,-62.87,0,0,DCHG, ,
27824.4,1,1,1,1,4,18460.0,-1,11.717,-11.6,-5.12,-62.88,0,0,DCHG, ,
27829.4,1,1,1,1,4,18465.0,-1,11.716,-11.6,-5.12,-62.9,0,0,DCHG, ,
27834.4,1,1,1,1,4,18470.0,-0.99,11.716,-11.6,-5.12,-62.91,0,0,DCHG, ,
27839.4,1,1,1,1,4,18475.0,-1,11.716,-11.6,-5.12,-62.93,0,0,DCHG, ,
27844.4,1,1,1,1,4,18480.0,-1,11.715,-11.7,-5.12,-62.95,0,0,DCHG, ,
27849.4,1,1,1,1,4,18485.0,-1,11.715,-11.6,-5.13,-62.96,0,0,DCHG, ,
27854.4,1,1,1,1,4,18490.0,-1,11.714,-11.6,-5.13,-62.98,0,0,DCHG, ,
27859.4,1,1,1,1,4,18495.0,-1,11.714,-11.6,-5.13,-62.99,0,0,DCHG, ,
27864.4,1,1,1,1,4,18500.0,-0.99,11.714,-11.6,-5.13,-63.01,0,0,DCHG, ,
27869.4,1,1,1,1,4,18505.0,-1,11.713,-11.7,-5.13,-63.03,0,0,DCHG, ,
27874.4,1,1,1,1,4,18510.0,-1,11.713,-11.6,-5.13,-63.04,0,0,DCHG, ,
27879.4,1,1,1,1,4,18515.0,-0.99,11.712,-11.6,-5.13,-63.06,0,0,DCHG, ,
27884.4,1,1,1,1,4,18520.0,-1,11.712,-11.7,-5.14,-63.08,0,0,DCHG, ,
27889.4,1,1,1,1,4,18525.0,-1,11.711,-11.6,-5.14,-63.09,0,0,DCHG, ,
27894.4,1,1,1,1,4,18530.0,-1,11.711,-11.6,-5.14,-63.11,0,0,DCHG, ,
27899.4,1,1,1,1,4,18535.0,-1,11.711,-11.6,-5.14,-63.12,0,0,DCHG, ,
27904.4,1,1,1,1,4,18540.0,-1,11.711,-11.6,-5.14,-63.14,0,0,DCHG, ,
27909.4,1,1,1,1,4,18545.0,-1,11.71,-11.6,-5.14,-63.16,0,0,DCHG, ,
27914.4,1,1,1,1,4,18550.0,-1,11.71,-11.6,-5.14,-63.17,0,0,DCHG, ,
27919.4,1,1,1,1,4,18555.0,-1,11.709,-11.7,-5.15,-63.19,0,0,DCHG, ,
27924.4,1,1,1,1,4,18560.0,-1,11.709,-11.6,-5.15,-63.2,0,0,DCHG, ,
27929.4,1,1,1,1,4,18565.0,-1,11.709,-11.6,-5.15,-63.22,0,0,DCHG, ,
27934.4,1,1,1,1,4,18570.0,-1,11.708,-11.7,-5.15,-63.24,0,0,DCHG, ,
27939.4,1,1,1,1,4,18575.0,-1,11.708,-11.6,-5.15,-63.25,0,0,DCHG, ,
27944.4,1,1,1,1,4,18580.0,-1,11.707,-11.7,-5.15,-63.27,0,0,DCHG, ,
27949.4,1,1,1,1,4,18585.0,-1,11.707,-11.6,-5.15,-63.29,0,0,DCHG, ,
27954.4,1,1,1,1,4,18590.0,-1,11.707,-11.6,-5.15,-63.3,0,0,DCHG, ,
27959.4,1,1,1,1,4,18595.0,-1,11.707,-11.6,-5.16,-63.32,0,0,DCHG, ,
27964.4,1,1,1,1,4,18600.0,-1,11.707,-11.7,-5.16,-63.33,0,0,DCHG, ,
27969.4,1,1,1,1,4,18605.0,-1,11.706,-11.6,-5.16,-63.35,0,0,DCHG, ,
27974.4,1,1,1,1,4,18610.0,-1,11.706,-11.7,-5.16,-63.37,0,0,DCHG, ,
27979.4,1,1,1,1,4,18615.0,-0.99,11.705,-11.6,-5.16,-63.38,0,0,DCHG, ,
27984.4,1,1,1,1,4,18620.0,-1,11.705,-11.7,-5.16,-63.4,0,0,DCHG, ,
27989.4,1,1,1,1,4,18625.0,-1,11.704,-11.6,-5.16,-63.41,0,0,DCHG, ,
27994.4,1,1,1,1,4,18630.0,-1,11.704,-11.6,-5.17,-63.43,0,0,DCHG, ,
27999.4,1,1,1,1,4,18635.0,-1,11.704,-11.6,-5.17,-63.45,0,0,DCHG, ,
28004.4,1,1,1,1,4,18640.0,-1,11.704,-11.6,-5.17,-63.46,0,0,DCHG, ,
28009.4,1,1,1,1,4,18645.0,-1,11.702,-11.6,-5.17,-63.48,0,0,DCHG, ,
28014.4,1,1,1,1,4,18650.0,-1,11.702,-11.6,-5.17,-63.5,0,0,DCHG, ,
28019.4,1,1,1,1,4,18655.0,-1,11.702,-11.6,-5.17,-63.51,0,0,DCHG, ,
28024.4,1,1,1,1,4,18660.0,-1,11.702,-11.6,-5.17,-63.53,0,0,DCHG, ,
28029.4,1,1,1,1,4,18665.0,-1,11.701,-11.6,-5.18,-63.54,0,0,DCHG, ,
28034.4,1,1,1,1,4,18670.0,-1,11.701,-11.6,-5.18,-63.56,0,0,DCHG, ,
28039.4,1,1,1,1,4,18675.0,-1,11.701,-11.6,-5.18,-63.58,0,0,DCHG, ,
28044.4,1,1,1,1,4,18680.0,-1,11.7,-11.6,-5.18,-63.59,0,0,DCHG, ,
28049.4,1,1,1,1,4,18685.0,-1,11.7,-11.6,-5.18,-63.61,0,0,DCHG, ,
28054.4,1,1,1,1,4,18690.0,-1,11.699,-11.6,-5.18,-63.62,0,0,DCHG, ,
28059.4,1,1,1,1,4,18695.0,-1,11.699,-11.6,-5.18,-63.64,0,0,DCHG, ,
28064.4,1,1,1,1,4,18700.0,-1,11.699,-11.6,-5.19,-63.66,0,0,DCHG, ,
28069.4,1,1,1,1,4,18705.0,-0.99,11.699,-11.6,-5.19,-63.67,0,0,DCHG, ,
28074.4,1,1,1,1,4,18710.0,-0.99,11.698,-11.6,-5.19,-63.69,0,0,DCHG, ,
28079.4,1,1,1,1,4,18715.0,-1,11.698,-11.6,-5.19,-63.7,0,0,DCHG, ,
28084.4,1,1,1,1,4,18720.0,-1,11.697,-11.6,-5.19,-63.72,0,0,DCHG, ,
28089.4,1,1,1,1,4,18725.0,-1,11.697,-11.6,-5.19,-63.74,0,0,DCHG, ,
28094.4,1,1,1,1,4,18730.0,-1,11.696,-11.6,-5.19,-63.75,0,0,DCHG, ,
28099.4,1,1,1,1,4,18735.0,-1,11.696,-11.6,-5.2,-63.77,0,0,DCHG, ,
28104.4,1,1,1,1,4,18740.0,-1,11.695,-11.6,-5.2,-63.79,0,0,DCHG, ,
28109.4,1,1,1,1,4,18745.0,-1,11.695,-11.6,-5.2,-63.8,0,0,DCHG, ,
28114.4,1,1,1,1,4,18750.0,-1,11.695,-11.6,-5.2,-63.82,0,0,DCHG, ,
28119.4,1,1,1,1,4,18755.0,-1,11.695,-11.6,-5.2,-63.83,0,0,DCHG, ,
28124.4,1,1,1,1,4,18760.0,-1,11.694,-11.6,-5.2,-63.85,0,0,DCHG, ,
28129.4,1,1,1,1,4,18765.0,-1,11.694,-11.6,-5.2,-63.87,0,0,DCHG, ,
28134.4,1,1,1,1,4,18770.0,-1,11.694,-11.6,-5.2,-63.88,0,0,DCHG, ,
28139.4,1,1,1,1,4,18775.0,-1,11.693,-11.6,-5.21,-63.9,0,0,DCHG, ,
28144.4,1,1,1,1,4,18780.0,-1,11.693,-11.6,-5.21,-63.91,0,0,DCHG, ,
28149.4,1,1,1,1,4,18785.0,-0.99,11.693,-11.5,-5.21,-63.93,0,0,DCHG, ,
28154.4,1,1,1,1,4,18790.0,-1,11.693,-11.6,-5.21,-63.95,0,0,DCHG, ,
28159.4,1,1,1,1,4,18795.0,-1,11.692,-11.6,-5.21,-63.96,0,0,DCHG, ,
28164.4,1,1,1,1,4,18800.0,-1,11.691,-11.6,-5.21,-63.98,0,0,DCHG, ,
28169.4,1,1,1,1,4,18805.0,-1,11.691,-11.6,-5.21,-63.99,0,0,DCHG, ,
28174.4,1,1,1,1,4,18810.0,-1,11.69,-11.6,-5.22,-64.01,0,0,DCHG, ,
28179.4,1,1,1,1,4,18815.0,-1,11.69,-11.6,-5.22,-64.03,0,0,DCHG, ,
28184.4,1,1,1,1,4,18820.0,-1,11.69,-11.6,-5.22,-64.04,0,0,DCHG, ,
28189.4,1,1,1,1,4,18825.0,-1,11.69,-11.6,-5.22,-64.06,0,0,DCHG, ,
28194.4,1,1,1,1,4,18830.0,-0.99,11.689,-11.5,-5.22,-64.08,0,0,DCHG, ,
28199.4,1,1,1,1,4,18835.0,-1,11.688,-11.6,-5.22,-64.09,0,0,DCHG, ,
28204.4,1,1,1,1,4,18840.0,-1,11.688,-11.6,-5.22,-64.11,0,0,DCHG, ,
28209.4,1,1,1,1,4,18845.0,-1,11.688,-11.6,-5.23,-64.12,0,0,DCHG, ,
28214.4,1,1,1,1,4,18850.0,-1,11.688,-11.6,-5.23,-64.14,0,0,DCHG, ,
28219.4,1,1,1,1,4,18855.0,-1,11.687,-11.6,-5.23,-64.16,0,0,DCHG, ,
28224.4,1,1,1,1,4,18860.0,-1,11.687,-11.6,-5.23,-64.17,0,0,DCHG, ,
28229.4,1,1,1,1,4,18865.0,-1,11.687,-11.6,-5.23,-64.19,0,0,DCHG, ,
28234.4,1,1,1,1,4,18870.0,-1,11.687,-11.6,-5.23,-64.2,0,0,DCHG, ,
28239.4,1,1,1,1,4,18875.0,-0.99,11.685,-11.5,-5.23,-64.22,0,0,DCHG, ,
28244.4,1,1,1,1,4,18880.0,-1,11.685,-11.6,-5.24,-64.24,0,0,DCHG, ,
28249.4,1,1,1,1,4,18885.0,-1,11.685,-11.6,-5.24,-64.25,0,0,DCHG, ,
28254.4,1,1,1,1,4,18890.0,-1,11.684,-11.6,-5.24,-64.27,0,0,DCHG, ,
28259.4,1,1,1,1,4,18895.0,-1,11.684,-11.6,-5.24,-64.28,0,0,DCHG, ,
28264.4,1,1,1,1,4,18900.0,-1,11.683,-11.6,-5.24,-64.3,0,0,DCHG, ,
28269.4,1,1,1,1,4,18905.0,-1,11.683,-11.6,-5.24,-64.32,0,0,DCHG, ,
28274.4,1,1,1,1,4,18910.0,-1,11.683,-11.6,-5.24,-64.33,0,0,DCHG, ,
28279.4,1,1,1,1,4,18915.0,-1,11.683,-11.6,-5.25,-64.35,0,0,DCHG, ,
28284.4,1,1,1,1,4,18920.0,-1,11.683,-11.6,-5.25,-64.36,0,0,DCHG, ,
28289.4,1,1,1,1,4,18925.0,-1,11.682,-11.6,-5.25,-64.38,0,0,DCHG, ,
28294.4,1,1,1,1,4,18930.0,-1,11.681,-11.6,-5.25,-64.4,0,0,DCHG, ,
28299.4,1,1,1,1,4,18935.0,-1,11.681,-11.6,-5.25,-64.41,0,0,DCHG, ,
28304.4,1,1,1,1,4,18940.0,-0.99,11.681,-11.5,-5.25,-64.43,0,0,DCHG, ,
28309.4,1,1,1,1,4,18945.0,-1,11.68,-11.6,-5.25,-64.45,0,0,DCHG, ,
28314.4,1,1,1,1,4,18950.0,-1,11.68,-11.6,-5.25,-64.46,0,0,DCHG, ,
28319.4,1,1,1,1,4,18955.0,-1,11.679,-11.6,-5.26,-64.48,0,0,DCHG, ,
28324.4,1,1,1,1,4,18960.0,-1,11.679,-11.6,-5.26,-64.49,0,0,DCHG, ,
28329.4,1,1,1,1,4,18965.0,-1,11.679,-11.6,-5.26,-64.51,0,0,DCHG, ,
28334.4,1,1,1,1,4,18970.0,-0.99,11.679,-11.5,-5.26,-64.53,0,0,DCHG, ,
28339.4,1,1,1,1,4,18975.0,-1,11.678,-11.6,-5.26,-64.54,0,0,DCHG, ,
28344.4,1,1,1,1,4,18980.0,-1,11.678,-11.6,-5.26,-64.56,0,0,DCHG, ,
28349.4,1,1,1,1,4,18985.0,-0.99,11.677,-11.5,-5.26,-64.57,0,0,DCHG, ,
28354.4,1,1,1,1,4,18990.0,-1,11.677,-11.6,-5.27,-64.59,0,0,DCHG, ,
28359.4,1,1,1,1,4,18995.0,-1,11.677,-11.6,-5.27,-64.61,0,0,DCHG, ,
28364.4,1,1,1,1,4,19000.0,-1,11.676,-11.6,-5.27,-64.62,0,0,DCHG, ,
28369.4,1,1,1,1,4,19005.0,-1,11.676,-11.6,-5.27,-64.64,0,0,DCHG, ,
28374.4,1,1,1,1,4,19010.0,-1,11.676,-11.6,-5.27,-64.65,0,0,DCHG, ,
28379.4,1,1,1,1,4,19015.0,-1,11.675,-11.6,-5.27,-64.67,0,0,DCHG, ,
28384.4,1,1,1,1,4,19020.0,-1,11.675,-11.6,-5.27,-64.69,0,0,DCHG, ,
28389.4,1,1,1,1,4,19025.0,-1,11.674,-11.6,-5.28,-64.7,0,0,DCHG, ,
28394.4,1,1,1,1,4,19030.0,-0.99,11.674,-11.5,-5.28,-64.72,0,0,DCHG, ,
28399.4,1,1,1,1,4,19035.0,-1,11.674,-11.6,-5.28,-64.74,0,0,DCHG, ,
28404.4,1,1,1,1,4,19040.0,-1,11.673,-11.6,-5.28,-64.75,0,0,DCHG, ,
28409.4,1,1,1,1,4,19045.0,-1,11.673,-11.6,-5.28,-64.77,0,0,DCHG, ,
28414.4,1,1,1,1,4,19050.0,-1,11.672,-11.6,-5.28,-64.78,0,0,DCHG, ,
28419.4,1,1,1,1,4,19055.0,-0.99,11.672,-11.5,-5.28,-64.8,0,0,DCHG, ,
28424.4,1,1,1,1,4,19060.0,-1,11.672,-11.6,-5.29,-64.82,0,0,DCHG, ,
28429.4,1,1,1,1,4,19065.0,-1,11.671,-11.6,-5.29,-64.83,0,0,DCHG, ,
28434.4,1,1,1,1,4,19070.0,-1,11.671,-11.6,-5.29,-64.85,0,0,DCHG, ,
28439.4,1,1,1,1,4,19075.0,-1,11.671,-11.6,-5.29,-64.86,0,0,DCHG, ,
28444.4,1,1,1,1,4,19080.0,-1,11.67,-11.6,-5.29,-64.88,0,0,DCHG, ,
28449.4,1,1,1,1,4,19085.0,-1,11.67,-11.6,-5.29,-64.9,0,0,DCHG, ,
28454.4,1,1,1,1,4,19090.0,-1,11.669,-11.6,-5.29,-64.91,0,0,DCHG, ,
28459.4,1,1,1,1,4,19095.0,-1,11.669,-11.6,-5.29,-64.93,0,0,DCHG, ,
28464.4,1,1,1,1,4,19100.0,-1,11.668,-11.6,-5.3,-64.94,0,0,DCHG, ,
28469.4,1,1,1,1,4,19105.0,-1,11.668,-11.6,-5.3,-64.96,0,0,DCHG, ,
28474.4,1,1,1,1,4,19110.0,-1,11.668,-11.6,-5.3,-64.98,0,0,DCHG, ,
28479.4,1,1,1,1,4,19115.0,-1,11.667,-11.6,-5.3,-64.99,0,0,DCHG, ,
28484.4,1,1,1,1,4,19120.0,-1,11.667,-11.6,-5.3,-65.01,0,0,DCHG, ,
28489.4,1,1,1,1,4,19125.0,-1,11.667,-11.6,-5.3,-65.02,0,0,DCHG, ,
28494.4,1,1,1,1,4,19130.0,-1,11.666,-11.6,-5.3,-65.04,0,0,DCHG, ,
28499.4,1,1,1,1,4,19135.0,-0.99,11.666,-11.5,-5.31,-65.06,0,0,DCHG, ,
28504.4,1,1,1,1,4,19140.0,-1,11.665,-11.6,-5.31,-65.07,0,0,DCHG, ,
28509.4,1,1,1,1,4,19145.0,-1,11.665,-11.6,-5.31,-65.09,0,0,DCHG, ,
28514.4,1,1,1,1,4,19150.0,-1,11.665,-11.6,-5.31,-65.11,0,0,DCHG, ,
28519.4,1,1,1,1,4,19155.0,-0.99,11.665,-11.5,-5.31,-65.12,0,0,DCHG, ,
28524.4,1,1,1,1,4,19160.0,-0.99,11.664,-11.5,-5.31,-65.14,0,0,DCHG, ,
28529.4,1,1,1,1,4,19165.0,-1,11.664,-11.6,-5.31,-65.15,0,0,DCHG, ,
28534.4,1,1,1,1,4,19170.0,-1,11.663,-11.6,-5.32,-65.17,0,0,DCHG, ,
28539.4,1,1,1,1,4,19175.0,-1,11.663,-11.6,-5.32,-65.19,0,0,DCHG, ,
28544.4,1,1,1,1,4,19180.0,-1,11.662,-11.6,-5.32,-65.2,0,0,DCHG, ,
28549.4,1,1,1,1,4,19185.0,-1,11.662,-11.6,-5.32,-65.22,0,0,DCHG, ,
28554.4,1,1,1,1,4,19190.0,-1,11.661,-11.6,-5.32,-65.23,0,0,DCHG, ,
28559.4,1,1,1,1,4,19195.0,-1,11.661,-11.6,-5.32,-65.25,0,0,DCHG, ,
28564.4,1,1,1,1,4,19200.0,-1,11.661,-11.6,-5.32,-65.27,0,0,DCHG, ,
28569.4,1,1,1,1,4,19205.0,-1,11.66,-11.6,-5.33,-65.28,0,0,DCHG, ,
28574.4,1,1,1,1,4,19210.0,-1,11.66,-11.6,-5.33,-65.3,0,0,DCHG, ,
28579.4,1,1,1,1,4,19215.0,-1,11.66,-11.6,-5.33,-65.31,0,0,DCHG, ,
28584.4,1,1,1,1,4,19220.0,-1,11.659,-11.6,-5.33,-65.33,0,0,DCHG, ,
28589.4,1,1,1,1,4,19225.0,-1,11.658,-11.6,-5.33,-65.35,0,0,DCHG, ,
28594.4,1,1,1,1,4,19230.0,-1,11.658,-11.6,-5.33,-65.36,0,0,DCHG, ,
28599.4,1,1,1,1,4,19235.0,-1,11.658,-11.6,-5.33,-65.38,0,0,DCHG, ,
28604.4,1,1,1,1,4,19240.0,-0.99,11.658,-11.5,-5.34,-65.4,0,0,DCHG, ,
28609.4,1,1,1,1,4,19245.0,-1,11.657,-11.6,-5.34,-65.41,0,0,DCHG, ,
28614.4,1,1,1,1,4,19250.0,-1,11.657,-11.6,-5.34,-65.43,0,0,DCHG, ,
28619.4,1,1,1,1,4,19255.0,-1,11.657,-11.6,-5.34,-65.44,0,0,DCHG, ,
28624.4,1,1,1,1,4,19260.0,-1,11.656,-11.6,-5.34,-65.46,0,0,DCHG, ,
28629.4,1,1,1,1,4,19265.0,-1,11.656,-11.6,-5.34,-65.48,0,0,DCHG, ,
28634.4,1,1,1,1,4,19270.0,-1,11.656,-11.6,-5.34,-65.49,0,0,DCHG, ,
28639.4,1,1,1,1,4,19275.0,-1,11.655,-11.6,-5.34,-65.51,0,0,DCHG, ,
28644.4,1,1,1,1,4,19280.0,-1,11.655,-11.6,-5.35,-65.52,0,0,DCHG, ,
28649.4,1,1,1,1,4,19285.0,-1,11.654,-11.6,-5.35,-65.54,0,0,DCHG, ,
28654.4,1,1,1,1,4,19290.0,-1,11.654,-11.6,-5.35,-65.56,0,0,DCHG, ,
28659.4,1,1,1,1,4,19295.0,-1,11.654,-11.6,-5.35,-65.57,0,0,DCHG, ,
28664.4,1,1,1,1,4,19300.0,-1,11.653,-11.6,-5.35,-65.59,0,0,DCHG, ,
28669.4,1,1,1,1,4,19305.0,-1,11.653,-11.6,-5.35,-65.6,0,0,DCHG, ,
28674.4,1,1,1,1,4,19310.0,-1,11.652,-11.6,-5.35,-65.62,0,0,DCHG, ,
28679.4,1,1,1,1,4,19315.0,-1,11.652,-11.6,-5.36,-65.64,0,0,DCHG, ,
28684.4,1,1,1,1,4,19320.0,-0.99,11.651,-11.5,-5.36,-65.65,0,0,DCHG, ,
28689.4,1,1,1,1,4,19325.0,-1,11.651,-11.6,-5.36,-65.67,0,0,DCHG, ,
28694.4,1,1,1,1,4,19330.0,-1,11.651,-11.6,-5.36,-65.68,0,0,DCHG, ,
28699.4,1,1,1,1,4,19335.0,-0.99,11.65,-11.5,-5.36,-65.7,0,0,DCHG, ,
28704.4,1,1,1,1,4,19340.0,-1,11.65,-11.6,-5.36,-65.72,0,0,DCHG, ,
28709.4,1,1,1,1,4,19345.0,-0.99,11.65,-11.5,-5.36,-65.73,0,0,DCHG, ,
28714.4,1,1,1,1,4,19350.0,-1,11.649,-11.6,-5.37,-65.75,0,0,DCHG, ,
28719.4,1,1,1,1,4,19355.0,-1,11.649,-11.6,-5.37,-65.77,0,0,DCHG, ,
28724.4,1,1,1,1,4,19360.0,-1,11.649,-11.6,-5.37,-65.78,0,0,DCHG, ,
28729.4,1,1,1,1,4,19365.0,-1,11.649,-11.6,-5.37,-65.8,0,0,DCHG, ,
28734.4,1,1,1,1,4,19370.0,-1,11.648,-11.6,-5.37,-65.81,0,0,DCHG, ,
28739.4,1,1,1,1,4,19375.0,-1,11.647,-11.6,-5.37,-65.83,0,0,DCHG, ,
28744.4,1,1,1,1,4,19380.0,-1,11.647,-11.6,-5.37,-65.85,0,0,DCHG, ,
28749.4,1,1,1,1,4,19385.0,-1,11.646,-11.6,-5.38,-65.86,0,0,DCHG, ,
28754.4,1,1,1,1,4,19390.0,-1,11.646,-11.6,-5.38,-65.88,0,0,DCHG, ,
28759.4,1,1,1,1,4,19395.0,-1,11.646,-11.6,-5.38,-65.89,0,0,DCHG, ,
28764.4,1,1,1,1,4,19400.0,-1,11.645,-11.6,-5.38,-65.91,0,0,DCHG, ,
28769.4,1,1,1,1,4,19405.0,-1,11.645,-11.6,-5.38,-65.93,0,0,DCHG, ,
28774.4,1,1,1,1,4,19410.0,-1,11.644,-11.6,-5.38,-65.94,0,0,DCHG, ,
28779.4,1,1,1,1,4,19415.0,-1,11.644,-11.6,-5.38,-65.96,0,0,DCHG, ,
28784.4,1,1,1,1,4,19420.0,-1,11.644,-11.6,-5.39,-65.97,0,0,DCHG, ,
28789.4,1,1,1,1,4,19425.0,-1,11.643,-11.6,-5.39,-65.99,0,0,DCHG, ,
28794.4,1,1,1,1,4,19430.0,-1,11.643,-11.6,-5.39,-66.01,0,0,DCHG, ,
28799.4,1,1,1,1,4,19435.0,-0.99,11.643,-11.5,-5.39,-66.02,0,0,DCHG, ,
28804.4,1,1,1,1,4,19440.0,-1,11.642,-11.6,-5.39,-66.04,0,0,DCHG, ,
28809.4,1,1,1,1,4,19445.0,-1,11.642,-11.6,-5.39,-66.06,0,0,DCHG, ,
28814.4,1,1,1,1,4,19450.0,-1,11.642,-11.6,-5.39,-66.07,0,0,DCHG, ,
28819.4,1,1,1,1,4,19455.0,-1,11.641,-11.6,-5.39,-66.09,0,0,DCHG, ,
28824.4,1,1,1,1,4,19460.0,-1,11.641,-11.6,-5.4,-66.1,0,0,DCHG, ,
28829.4,1,1,1,1,4,19465.0,-1,11.64,-11.6,-5.4,-66.12,0,0,DCHG, ,
28834.4,1,1,1,1,4,19470.0,-0.99,11.64,-11.5,-5.4,-66.14,0,0,DCHG, ,
28839.4,1,1,1,1,4,19475.0,-1,11.639,-11.6,-5.4,-66.15,0,0,DCHG, ,
28844.4,1,1,1,1,4,19480.0,-1,11.639,-11.6,-5.4,-66.17,0,0,DCHG, ,
28849.4,1,1,1,1,4,19485.0,-1,11.639,-11.6,-5.4,-66.18,0,0,DCHG, ,
28854.4,1,1,1,1,4,19490.0,-1,11.638,-11.6,-5.4,-66.2,0,0,DCHG, ,
28859.4,1,1,1,1,4,19495.0,-1,11.638,-11.6,-5.41,-66.22,0,0,DCHG, ,
28864.4,1,1,1,1,4,19500.0,-0.99,11.638,-11.5,-5.41,-66.23,0,0,DCHG, ,
28869.4,1,1,1,1,4,19505.0,-0.99,11.637,-11.5,-5.41,-66.25,0,0,DCHG, ,
28874.4,1,1,1,1,4,19510.0,-1,11.637,-11.6,-5.41,-66.26,0,0,DCHG, ,
28879.4,1,1,1,1,4,19515.0,-1,11.636,-11.6,-5.41,-66.28,0,0,DCHG, ,
28884.4,1,1,1,1,4,19520.0,-1,11.636,-11.6,-5.41,-66.3,0,0,DCHG, ,
28889.4,1,1,1,1,4,19525.0,-1,11.635,-11.6,-5.41,-66.31,0,0,DCHG, ,
28894.4,1,1,1,1,4,19530.0,-1,11.635,-11.6,-5.42,-66.33,0,0,DCHG, ,
28899.4,1,1,1,1,4,19535.0,-0.99,11.635,-11.5,-5.42,-66.35,0,0,DCHG, ,
28904.4,1,1,1,1,4,19540.0,-1,11.635,-11.6,-5.42,-66.36,0,0,DCHG, ,
28909.4,1,1,1,1,4,19545.0,-1,11.635,-11.6,-5.42,-66.38,0,0,DCHG, ,
28914.4,1,1,1,1,4,19550.0,-1,11.633,-11.6,-5.42,-66.39,0,0,DCHG, ,
28919.4,1,1,1,1,4,19555.0,-1,11.633,-11.6,-5.42,-66.41,0,0,DCHG, ,
28924.4,1,1,1,1,4,19560.0,-1,11.633,-11.6,-5.42,-66.43,0,0,DCHG, ,
28929.4,1,1,1,1,4,19565.0,-0.99,11.633,-11.5,-5.43,-66.44,0,0,DCHG, ,
28934.4,1,1,1,1,4,19570.0,-1,11.632,-11.6,-5.43,-66.46,0,0,DCHG, ,
28939.4,1,1,1,1,4,19575.0,-1,11.632,-11.6,-5.43,-66.47,0,0,DCHG, ,
28944.4,1,1,1,1,4,19580.0,-1,11.632,-11.6,-5.43,-66.49,0,0,DCHG, ,
28949.4,1,1,1,1,4,19585.0,-1,11.631,-11.6,-5.43,-66.51,0,0,DCHG, ,
28954.4,1,1,1,1,4,19590.0,-1,11.631,-11.6,-5.43,-66.52,0,0,DCHG, ,
28959.4,1,1,1,1,4,19595.0,-1,11.63,-11.6,-5.43,-66.54,0,0,DCHG, ,
28964.4,1,1,1,1,4,19600.0,-0.99,11.63,-11.5,-5.44,-66.55,0,0,DCHG, ,
28969.4,1,1,1,1,4,19605.0,-1,11.629,-11.6,-5.44,-66.57,0,0,DCHG, ,
28974.4,1,1,1,1,4,19610.0,-1,11.629,-11.6,-5.44,-66.59,0,0,DCHG, ,
28979.4,1,1,1,1,4,19615.0,-0.99,11.628,-11.5,-5.44,-66.6,0,0,DCHG, ,
28984.4,1,1,1,1,4,19620.0,-1,11.628,-11.6,-5.44,-66.62,0,0,DCHG, ,
28989.4,1,1,1,1,4,19625.0,-1,11.628,-11.6,-5.44,-66.63,0,0,DCHG, ,
28994.4,1,1,1,1,4,19630.0,-1,11.627,-11.6,-5.44,-66.65,0,0,DCHG, ,
28999.4,1,1,1,1,4,19635.0,-1,11.627,-11.6,-5.44,-66.67,0,0,DCHG, ,
29004.4,1,1,1,1,4,19640.0,-1,11.627,-11.6,-5.45,-66.68,0,0,DCHG, ,
29009.4,1,1,1,1,4,19645.0,-1,11.626,-11.6,-5.45,-66.7,0,0,DCHG, ,
29014.4,1,1,1,1,4,19650.0,-1,11.626,-11.6,-5.45,-66.72,0,0,DCHG, ,
29019.4,1,1,1,1,4,19655.0,-1,11.626,-11.6,-5.45,-66.73,0,0,DCHG, ,
29024.4,1,1,1,1,4,19660.0,-0.99,11.625,-11.5,-5.45,-66.75,0,0,DCHG, ,
29029.4,1,1,1,1,4,19665.0,-1,11.625,-11.6,-5.45,-66.76,0,0,DCHG, ,
29034.4,1,1,1,1,4,19670.0,-1,11.624,-11.6,-5.45,-66.78,0,0,DCHG, ,
29039.4,1,1,1,1,4,19675.0,-1,11.624,-11.6,-5.46,-66.8,0,0,DCHG, ,
29044.4,1,1,1,1,4,19680.0,-1,11.624,-11.6,-5.46,-66.81,0,0,DCHG, ,
29049.4,1,1,1,1,4,19685.0,-1,11.623,-11.6,-5.46,-66.83,0,0,DCHG, ,
29054.4,1,1,1,1,4,19690.0,-1,11.623,-11.6,-5.46,-66.84,0,0,DCHG, ,
29059.4,1,1,1,1,4,19695.0,-1,11.622,-11.6,-5.46,-66.86,0,0,DCHG, ,
29064.4,1,1,1,1,4,19700.0,-1,11.622,-11.6,-5.46,-66.88,0,0,DCHG, ,
29069.4,1,1,1,1,4,19705.0,-1,11.622,-11.6,-5.46,-66.89,0,0,DCHG, ,
29074.4,1,1,1,1,4,19710.0,-1,11.621,-11.6,-5.47,-66.91,0,0,DCHG, ,
29079.4,1,1,1,1,4,19715.0,-1,11.62,-11.6,-5.47,-66.92,0,0,DCHG, ,
29084.4,1,1,1,1,4,19720.0,-0.99,11.62,-11.5,-5.47,-66.94,0,0,DCHG, ,
29089.4,1,1,1,1,4,19725.0,-1,11.62,-11.6,-5.47,-66.96,0,0,DCHG, ,
29094.4,1,1,1,1,4,19730.0,-1,11.62,-11.6,-5.47,-66.97,0,0,DCHG, ,
29099.4,1,1,1,1,4,19735.0,-0.99,11.619,-11.5,-5.47,-66.99,0,0,DCHG, ,
29104.4,1,1,1,1,4,19740.0,-1,11.619,-11.6,-5.47,-67.01,0,0,DCHG, ,
29109.4,1,1,1,1,4,19745.0,-1,11.618,-11.6,-5.48,-67.02,0,0,DCHG, ,
29114.4,1,1,1,1,4,19750.0,-1,11.618,-11.6,-5.48,-67.04,0,0,DCHG, ,
29119.4,1,1,1,1,4,19755.0,-1,11.617,-11.6,-5.48,-67.05,0,0,DCHG, ,
29124.4,1,1,1,1,4,19760.0,-1,11.617,-11.6,-5.48,-67.07,0,0,DCHG, ,
29129.4,1,1,1,1,4,19765.0,-1,11.617,-11.5,-5.48,-67.09,0,0,DCHG, ,
29134.4,1,1,1,1,4,19770.0,-1,11.616,-11.5,-5.48,-67.1,0,0,DCHG, ,
29139.4,1,1,1,1,4,19775.0,-1,11.615,-11.5,-5.48,-67.12,0,0,DCHG, ,
29144.4,1,1,1,1,4,19780.0,-1,11.615,-11.5,-5.49,-67.13,0,0,DCHG, ,
29149.4,1,1,1,1,4,19785.0,-0.99,11.615,-11.5,-5.49,-67.15,0,0,DCHG, ,
29154.4,1,1,1,1,4,19790.0,-1,11.614,-11.5,-5.49,-67.17,0,0,DCHG, ,
29159.4,1,1,1,1,4,19795.0,-1,11.614,-11.5,-5.49,-67.18,0,0,DCHG, ,
29164.4,1,1,1,1,4,19800.0,-1,11.614,-11.5,-5.49,-67.2,0,0,DCHG, ,
29169.4,1,1,1,1,4,19805.0,-1,11.614,-11.6,-5.49,-67.21,0,0,DCHG, ,
29174.4,1,1,1,1,4,19810.0,-1,11.613,-11.5,-5.49,-67.23,0,0,DCHG, ,
29179.4,1,1,1,1,4,19815.0,-1,11.613,-11.5,-5.49,-67.25,0,0,DCHG, ,
29184.4,1,1,1,1,4,19820.0,-1,11.612,-11.5,-5.5,-67.26,0,0,DCHG, ,
29189.4,1,1,1,1,4,19825.0,-0.99,11.612,-11.5,-5.5,-67.28,0,0,DCHG, ,
29194.4,1,1,1,1,4,19830.0,-1,11.611,-11.5,-5.5,-67.29,0,0,DCHG, ,
29199.4,1,1,1,1,4,19835.0,-1,11.611,-11.5,-5.5,-67.31,0,0,DCHG, ,
29204.4,1,1,1,1,4,19840.0,-1,11.61,-11.5,-5.5,-67.33,0,0,DCHG, ,
29209.4,1,1,1,1,4,19845.0,-1,11.61,-11.5,-5.5,-67.34,0,0,DCHG, ,
29214.4,1,1,1,1,4,19850.0,-1,11.609,-11.5,-5.5,-67.36,0,0,DCHG, ,
29219.4,1,1,1,1,4,19855.0,-1,11.609,-11.6,-5.51,-67.37,0,0,DCHG, ,
29224.4,1,1,1,1,4,19860.0,-1,11.609,-11.6,-5.51,-67.39,0,0,DCHG, ,
29229.4,1,1,1,1,4,19865.0,-1,11.608,-11.5,-5.51,-67.41,0,0,DCHG, ,
29234.4,1,1,1,1,4,19870.0,-1,11.608,-11.5,-5.51,-67.42,0,0,DCHG, ,
29239.4,1,1,1,1,4,19875.0,-1,11.608,-11.5,-5.51,-67.44,0,0,DCHG, ,
29244.4,1,1,1,1,4,19880.0,-1,11.607,-11.5,-5.51,-67.45,0,0,DCHG, ,
29249.4,1,1,1,1,4,19885.0,-1,11.607,-11.5,-5.51,-67.47,0,0,DCHG, ,
29254.4,1,1,1,1,4,19890.0,-1,11.607,-11.5,-5.52,-67.49,0,0,DCHG, ,
29259.4,1,1,1,1,4,19895.0,-1,11.606,-11.5,-5.52,-67.5,0,0,DCHG, ,
29264.4,1,1,1,1,4,19900.0,-1,11.606,-11.5,-5.52,-67.52,0,0,DCHG, ,
29269.4,1,1,1,1,4,19905.0,-1,11.605,-11.5,-5.52,-67.53,0,0,DCHG, ,
29274.4,1,1,1,1,4,19910.0,-1,11.605,-11.5,-5.52,-67.55,0,0,DCHG, ,
29279.4,1,1,1,1,4,19915.0,-1,11.605,-11.6,-5.52,-67.57,0,0,DCHG, ,
29284.4,1,1,1,1,4,19920.0,-1,11.605,-11.5,-5.52,-67.58,0,0,DCHG, ,
29289.4,1,1,1,1,4,19925.0,-1,11.604,-11.6,-5.53,-67.6,0,0,DCHG, ,
29294.4,1,1,1,1,4,19930.0,-1,11.604,-11.5,-5.53,-67.61,0,0,DCHG, ,
29299.4,1,1,1,1,4,19935.0,-1,11.603,-11.5,-5.53,-67.63,0,0,DCHG, ,
29304.4,1,1,1,1,4,19940.0,-0.99,11.603,-11.5,-5.53,-67.65,0,0,DCHG, ,
29309.4,1,1,1,1,4,19945.0,-1,11.602,-11.5,-5.53,-67.66,0,0,DCHG, ,
29314.4,1,1,1,1,4,19950.0,-0.99,11.602,-11.5,-5.53,-67.68,0,0,DCHG, ,
29319.4,1,1,1,1,4,19955.0,-1,11.602,-11.5,-5.53,-67.69,0,0,DCHG, ,
29324.4,1,1,1,1,4,19960.0,-1,11.601,-11.5,-5.54,-67.71,0,0,DCHG, ,
29329.4,1,1,1,1,4,19965.0,-1,11.601,-11.5,-5.54,-67.73,0,0,DCHG, ,
29334.4,1,1,1,1,4,19970.0,-1,11.6,-11.5,-5.54,-67.74,0,0,DCHG, ,
29339.4,1,1,1,1,4,19975.0,-1,11.6,-11.5,-5.54,-67.76,0,0,DCHG, ,
29344.4,1,1,1,1,4,19980.0,-1,11.599,-11.5,-5.54,-67.77,0,0,DCHG, ,
29349.4,1,1,1,1,4,19985.0,-1,11.598,-11.5,-5.54,-67.79,0,0,DCHG, ,
29354.4,1,1,1,1,4,19990.0,-1,11.598,-11.5,-5.54,-67.81,0,0,DCHG, ,
29359.4,1,1,1,1,4,19995.0,-1,11.598,-11.5,-5.54,-67.82,0,0,DCHG, ,
29364.4,1,1,1,1,4,20000.0,-0.99,11.598,-11.4,-5.55,-67.84,0,0,DCHG, ,
29369.4,1,1,1,1,4,20005.0,-1,11.597,-11.5,-5.55,-67.85,0,0,DCHG, ,
29374.4,1,1,1,1,4,20010.0,-1,11.597,-11.5,-5.55,-67.87,0,0,DCHG, ,
29379.4,1,1,1,1,4,20015.0,-1,11.596,-11.5,-5.55,-67.89,0,0,DCHG, ,
29384.4,1,1,1,1,4,20020.0,-1,11.596,-11.5,-5.55,-67.9,0,0,DCHG, ,
29389.4,1,1,1,1,4,20025.0,-1,11.596,-11.5,-5.55,-67.92,0,0,DCHG, ,
29394.4,1,1,1,1,4,20030.0,-1,11.595,-11.5,-5.55,-67.93,0,0,DCHG, ,
29399.4,1,1,1,1,4,20035.0,-1,11.595,-11.5,-5.56,-67.95,0,0,DCHG, ,
29404.4,1,1,1,1,4,20040.0,-1,11.595,-11.5,-5.56,-67.96,0,0,DCHG, ,
29409.4,1,1,1,1,4,20045.0,-1,11.594,-11.5,-5.56,-67.98,0,0,DCHG, ,
29414.4,1,1,1,1,4,20050.0,-1,11.594,-11.5,-5.56,-68,0,0,DCHG, ,
29419.4,1,1,1,1,4,20055.0,-1,11.593,-11.5,-5.56,-68.01,0,0,DCHG, ,
29424.4,1,1,1,1,4,20060.0,-1,11.592,-11.5,-5.56,-68.03,0,0,DCHG, ,
29429.4,1,1,1,1,4,20065.0,-1,11.592,-11.5,-5.56,-68.04,0,0,DCHG, ,
29434.4,1,1,1,1,4,20070.0,-1,11.592,-11.5,-5.57,-68.06,0,0,DCHG, ,
29439.4,1,1,1,1,4,20075.0,-1,11.592,-11.5,-5.57,-68.08,0,0,DCHG, ,
29444.4,1,1,1,1,4,20080.0,-1,11.591,-11.5,-5.57,-68.09,0,0,DCHG, ,
29449.4,1,1,1,1,4,20085.0,-1,11.591,-11.5,-5.57,-68.11,0,0,DCHG, ,
29454.4,1,1,1,1,4,20090.0,-1,11.59,-11.5,-5.57,-68.12,0,0,DCHG, ,
29459.4,1,1,1,1,4,20095.0,-1,11.59,-11.5,-5.57,-68.14,0,0,DCHG, ,
29464.4,1,1,1,1,4,20100.0,-1,11.589,-11.5,-5.57,-68.16,0,0,DCHG, ,
29469.4,1,1,1,1,4,20105.0,-1,11.588,-11.5,-5.58,-68.17,0,0,DCHG, ,
29474.4,1,1,1,1,4,20110.0,-1,11.588,-11.5,-5.58,-68.19,0,0,DCHG, ,
29479.4,1,1,1,1,4,20115.0,-1,11.588,-11.5,-5.58,-68.2,0,0,DCHG, ,
29484.4,1,1,1,1,4,20120.0,-1,11.587,-11.5,-5.58,-68.22,0,0,DCHG, ,
29489.4,1,1,1,1,4,20125.0,-1,11.587,-11.5,-5.58,-68.24,0,0,DCHG, ,
29494.4,1,1,1,1,4,20130.0,-1,11.587,-11.5,-5.58,-68.25,0,0,DCHG, ,
29499.4,1,1,1,1,4,20135.0,-1,11.586,-11.5,-5.58,-68.27,0,0,DCHG, ,
29504.4,1,1,1,1,4,20140.0,-1,11.586,-11.5,-5.59,-68.28,0,0,DCHG, ,
29509.4,1,1,1,1,4,20145.0,-1,11.586,-11.5,-5.59,-68.3,0,0,DCHG, ,
29514.4,1,1,1,1,4,20150.0,-1,11.585,-11.5,-5.59,-68.32,0,0,DCHG, ,
29519.4,1,1,1,1,4,20155.0,-1,11.584,-11.5,-5.59,-68.33,0,0,DCHG, ,
29524.4,1,1,1,1,4,20160.0,-1,11.584,-11.5,-5.59,-68.35,0,0,DCHG, ,
29529.4,1,1,1,1,4,20165.0,-1,11.584,-11.5,-5.59,-68.36,0,0,DCHG, ,
29534.4,1,1,1,1,4,20170.0,-1,11.583,-11.5,-5.59,-68.38,0,0,DCHG, ,
29539.4,1,1,1,1,4,20175.0,-1,11.583,-11.5,-5.59,-68.4,0,0,DCHG, ,
29544.4,1,1,1,1,4,20180.0,-1,11.583,-11.5,-5.6,-68.41,0,0,DCHG, ,
29549.4,1,1,1,1,4,20185.0,-1,11.582,-11.5,-5.6,-68.43,0,0,DCHG, ,
29554.4,1,1,1,1,4,20190.0,-1,11.582,-11.5,-5.6,-68.44,0,0,DCHG, ,
29559.4,1,1,1,1,4,20195.0,-1,11.581,-11.5,-5.6,-68.46,0,0,DCHG, ,
29564.4,1,1,1,1,4,20200.0,-1,11.581,-11.5,-5.6,-68.48,0,0,DCHG, ,
29569.4,1,1,1,1,4,20205.0,-1,11.58,-11.5,-5.6,-68.49,0,0,DCHG, ,
29574.4,1,1,1,1,4,20210.0,-1,11.58,-11.5,-5.6,-68.51,0,0,DCHG, ,
29579.4,1,1,1,1,4,20215.0,-1,11.579,-11.5,-5.61,-68.52,0,0,DCHG, ,
29584.4,1,1,1,1,4,20220.0,-1,11.579,-11.5,-5.61,-68.54,0,0,DCHG, ,
29589.4,1,1,1,1,4,20225.0,-1,11.579,-11.5,-5.61,-68.56,0,0,DCHG, ,
29594.4,1,1,1,1,4,20230.0,-1,11.578,-11.5,-5.61,-68.57,0,0,DCHG, ,
29599.4,1,1,1,1,4,20235.0,-1,11.578,-11.5,-5.61,-68.59,0,0,DCHG, ,
29604.4,1,1,1,1,4,20240.0,-1,11.577,-11.5,-5.61,-68.6,0,0,DCHG, ,
29609.4,1,1,1,1,4,20245.0,-1,11.577,-11.5,-5.61,-68.62,0,0,DCHG, ,
29614.4,1,1,1,1,4,20250.0,-0.99,11.577,-11.4,-5.62,-68.64,0,0,DCHG, ,
29619.4,1,1,1,1,4,20255.0,-1,11.576,-11.5,-5.62,-68.65,0,0,DCHG, ,
29624.4,1,1,1,1,4,20260.0,-1,11.575,-11.5,-5.62,-68.67,0,0,DCHG, ,
29629.4,1,1,1,1,4,20265.0,-1,11.575,-11.5,-5.62,-68.68,0,0,DCHG, ,
29634.4,1,1,1,1,4,20270.0,-1,11.575,-11.5,-5.62,-68.7,0,0,DCHG, ,
29639.4,1,1,1,1,4,20275.0,-1,11.575,-11.5,-5.62,-68.72,0,0,DCHG, ,
29644.4,1,1,1,1,4,20280.0,-1,11.574,-11.5,-5.62,-68.73,0,0,DCHG, ,
29649.4,1,1,1,1,4,20285.0,-1,11.574,-11.5,-5.63,-68.75,0,0,DCHG, ,
29654.4,1,1,1,1,4,20290.0,-1,11.573,-11.5,-5.63,-68.76,0,0,DCHG, ,
29659.4,1,1,1,1,4,20295.0,-1,11.573,-11.5,-5.63,-68.78,0,0,DCHG, ,
29664.4,1,1,1,1,4,20300.0,-1,11.572,-11.5,-5.63,-68.79,0,0,DCHG, ,
29669.4,1,1,1,1,4,20305.0,-1,11.572,-11.5,-5.63,-68.81,0,0,DCHG, ,
29674.4,1,1,1,1,4,20310.0,-0.99,11.572,-11.4,-5.63,-68.83,0,0,DCHG, ,
29679.4,1,1,1,1,4,20315.0,-1,11.571,-11.5,-5.63,-68.84,0,0,DCHG, ,
29684.4,1,1,1,1,4,20320.0,-1,11.571,-11.5,-5.63,-68.86,0,0,DCHG, ,
29689.4,1,1,1,1,4,20325.0,-1,11.57,-11.5,-5.64,-68.87,0,0,DCHG, ,
29694.4,1,1,1,1,4,20330.0,-1,11.57,-11.5,-5.64,-68.89,0,0,DCHG, ,
29699.4,1,1,1,1,4,20335.0,-1,11.57,-11.5,-5.64,-68.91,0,0,DCHG, ,
29704.4,1,1,1,1,4,20340.0,-1,11.569,-11.5,-5.64,-68.92,0,0,DCHG, ,
29709.4,1,1,1,1,4,20345.0,-1,11.569,-11.5,-5.64,-68.94,0,0,DCHG, ,
29714.4,1,1,1,1,4,20350.0,-1,11.568,-11.5,-5.64,-68.95,0,0,DCHG, ,
29719.4,1,1,1,1,4,20355.0,-1,11.567,-11.5,-5.64,-68.97,0,0,DCHG, ,
29724.4,1,1,1,1,4,20360.0,-1,11.567,-11.5,-5.65,-68.99,0,0,DCHG, ,
29729.4,1,1,1,1,4,20365.0,-1,11.566,-11.5,-5.65,-69,0,0,DCHG, ,
29734.4,1,1,1,1,4,20370.0,-1,11.567,-11.5,-5.65,-69.02,0,0,DCHG, ,
29739.4,1,1,1,1,4,20375.0,-1,11.565,-11.5,-5.65,-69.03,0,0,DCHG, ,
29744.4,1,1,1,1,4,20380.0,-1,11.565,-11.5,-5.65,-69.05,0,0,DCHG, ,
29749.4,1,1,1,1,4,20385.0,-1,11.566,-11.5,-5.65,-69.07,0,0,DCHG, ,
29754.4,1,1,1,1,4,20390.0,-1,11.565,-11.5,-5.65,-69.08,0,0,DCHG, ,
29759.4,1,1,1,1,4,20395.0,-1,11.565,-11.5,-5.66,-69.1,0,0,DCHG, ,
29764.4,1,1,1,1,4,20400.0,-1,11.564,-11.5,-5.66,-69.11,0,0,DCHG, ,
29769.4,1,1,1,1,4,20405.0,-1,11.564,-11.5,-5.66,-69.13,0,0,DCHG, ,
29774.4,1,1,1,1,4,20410.0,-1,11.563,-11.5,-5.66,-69.15,0,0,DCHG, ,
29779.4,1,1,1,1,4,20415.0,-1,11.563,-11.5,-5.66,-69.16,0,0,DCHG, ,
29784.4,1,1,1,1,4,20420.0,-1,11.562,-11.5,-5.66,-69.18,0,0,DCHG, ,
29789.4,1,1,1,1,4,20425.0,-1,11.562,-11.5,-5.66,-69.19,0,0,DCHG, ,
29794.4,1,1,1,1,4,20430.0,-1,11.561,-11.5,-5.67,-69.21,0,0,DCHG, ,
29799.4,1,1,1,1,4,20435.0,-1,11.561,-11.5,-5.67,-69.23,0,0,DCHG, ,
29804.4,1,1,1,1,4,20440.0,-1,11.561,-11.5,-5.67,-69.24,0,0,DCHG, ,
29809.4,1,1,1,1,4,20445.0,-1,11.56,-11.5,-5.67,-69.26,0,0,DCHG, ,
29814.4,1,1,1,1,4,20450.0,-1,11.56,-11.5,-5.67,-69.27,0,0,DCHG, ,
29819.4,1,1,1,1,4,20455.0,-1,11.559,-11.5,-5.67,-69.29,0,0,DCHG, ,
29824.4,1,1,1,1,4,20460.0,-0.99,11.559,-11.4,-5.67,-69.31,0,0,DCHG, ,
29829.4,1,1,1,1,4,20465.0,-1,11.559,-11.5,-5.68,-69.32,0,0,DCHG, ,
29834.4,1,1,1,1,4,20470.0,-1,11.557,-11.5,-5.68,-69.34,0,0,DCHG, ,
29839.4,1,1,1,1,4,20475.0,-1,11.557,-11.5,-5.68,-69.35,0,0,DCHG, ,
29844.4,1,1,1,1,4,20480.0,-1,11.557,-11.5,-5.68,-69.37,0,0,DCHG, ,
29849.4,1,1,1,1,4,20485.0,-1,11.557,-11.5,-5.68,-69.39,0,0,DCHG, ,
29854.4,1,1,1,1,4,20490.0,-1,11.556,-11.5,-5.68,-69.4,0,0,DCHG, ,
29859.4,1,1,1,1,4,20495.0,-1,11.556,-11.5,-5.68,-69.42,0,0,DCHG, ,
29864.4,1,1,1,1,4,20500.0,-1,11.555,-11.5,-5.68,-69.43,0,0,DCHG, ,
29869.4,1,1,1,1,4,20505.0,-1,11.555,-11.5,-5.69,-69.45,0,0,DCHG, ,
29874.4,1,1,1,1,4,20510.0,-1,11.555,-11.5,-5.69,-69.47,0,0,DCHG, ,
29879.4,1,1,1,1,4,20515.0,-1,11.554,-11.5,-5.69,-69.48,0,0,DCHG, ,
29884.4,1,1,1,1,4,20520.0,-1,11.553,-11.5,-5.69,-69.5,0,0,DCHG, ,
29889.4,1,1,1,1,4,20525.0,-1,11.553,-11.5,-5.69,-69.51,0,0,DCHG, ,
29894.4,1,1,1,1,4,20530.0,-1,11.553,-11.5,-5.69,-69.53,0,0,DCHG, ,
29899.4,1,1,1,1,4,20535.0,-1,11.553,-11.5,-5.69,-69.55,0,0,DCHG, ,
29904.4,1,1,1,1,4,20540.0,-1,11.552,-11.5,-5.7,-69.56,0,0,DCHG, ,
29909.4,1,1,1,1,4,20545.0,-1,11.551,-11.5,-5.7,-69.58,0,0,DCHG, ,
29914.4,1,1,1,1,4,20550.0,-1,11.551,-11.5,-5.7,-69.59,0,0,DCHG, ,
29919.4,1,1,1,1,4,20555.0,-1,11.551,-11.5,-5.7,-69.61,0,0,DCHG, ,
29924.4,1,1,1,1,4,20560.0,-1,11.55,-11.5,-5.7,-69.62,0,0,DCHG, ,
29929.4,1,1,1,1,4,20565.0,-1,11.55,-11.5,-5.7,-69.64,0,0,DCHG, ,
29934.4,1,1,1,1,4,20570.0,-1,11.549,-11.5,-5.7,-69.66,0,0,DCHG, ,
29939.4,1,1,1,1,4,20575.0,-1,11.549,-11.5,-5.71,-69.67,0,0,DCHG, ,
29944.4,1,1,1,1,4,20580.0,-1,11.548,-11.5,-5.71,-69.69,0,0,DCHG, ,
29949.4,1,1,1,1,4,20585.0,-0.99,11.548,-11.4,-5.71,-69.7,0,0,DCHG, ,
29954.4,1,1,1,1,4,20590.0,-1,11.548,-11.5,-5.71,-69.72,0,0,DCHG, ,
29959.4,1,1,1,1,4,20595.0,-1,11.547,-11.5,-5.71,-69.74,0,0,DCHG, ,
29964.4,1,1,1,1,4,20600.0,-1,11.547,-11.5,-5.71,-69.75,0,0,DCHG, ,
29969.4,1,1,1,1,4,20605.0,-1,11.546,-11.5,-5.71,-69.77,0,0,DCHG, ,
29974.4,1,1,1,1,4,20610.0,-1,11.546,-11.5,-5.72,-69.78,0,0,DCHG, ,
29979.4,1,1,1,1,4,20615.0,-1,11.545,-11.5,-5.72,-69.8,0,0,DCHG, ,
29984.4,1,1,1,1,4,20620.0,-1,11.545,-11.5,-5.72,-69.82,0,0,DCHG, ,
29989.4,1,1,1,1,4,20625.0,-0.99,11.544,-11.4,-5.72,-69.83,0,0,DCHG, ,
29994.4,1,1,1,1,4,20630.0,-1,11.544,-11.5,-5.72,-69.85,0,0,DCHG, ,
29999.4,1,1,1,1,4,20635.0,-1,11.543,-11.5,-5.72,-69.86,0,0,DCHG, ,
30004.4,1,1,1,1,4,20640.0,-1,11.543,-11.5,-5.72,-69.88,0,0,DCHG, ,
30009.4,1,1,1,1,4,20645.0,-1,11.543,-11.5,-5.73,-69.9,0,0,DCHG, ,
30014.4,1,1,1,1,4,20650.0,-1,11.543,-11.5,-5.73,-69.91,0,0,DCHG, ,
30019.4,1,1,1,1,4,20655.0,-1,11.542,-11.5,-5.73,-69.93,0,0,DCHG, ,
30024.4,1,1,1,1,4,20660.0,-1,11.542,-11.5,-5.73,-69.94,0,0,DCHG, ,
30029.4,1,1,1,1,4,20665.0,-1,11.541,-11.5,-5.73,-69.96,0,0,DCHG, ,
30034.4,1,1,1,1,4,20670.0,-1,11.541,-11.5,-5.73,-69.98,0,0,DCHG, ,
30039.4,1,1,1,1,4,20675.0,-1,11.54,-11.5,-5.73,-69.99,0,0,DCHG, ,
30044.4,1,1,1,1,4,20680.0,-1,11.54,-11.5,-5.73,-70.01,0,0,DCHG, ,
30049.4,1,1,1,1,4,20685.0,-0.99,11.538,-11.4,-5.74,-70.02,0,0,DCHG, ,
30054.4,1,1,1,1,4,20690.0,-1,11.539,-11.5,-5.74,-70.04,0,0,DCHG, ,
30059.4,1,1,1,1,4,20695.0,-1,11.538,-11.5,-5.74,-70.06,0,0,DCHG, ,
30064.4,1,1,1,1,4,20700.0,-1,11.538,-11.5,-5.74,-70.07,0,0,DCHG, ,
30069.4,1,1,1,1,4,20705.0,-1,11.537,-11.5,-5.74,-70.09,0,0,DCHG, ,
30074.4,1,1,1,1,4,20710.0,-1,11.537,-11.5,-5.74,-70.1,0,0,DCHG, ,
30079.4,1,1,1,1,4,20715.0,-0.99,11.536,-11.4,-5.74,-70.12,0,0,DCHG, ,
30084.4,1,1,1,1,4,20720.0,-1,11.536,-11.5,-5.75,-70.14,0,0,DCHG, ,
30089.4,1,1,1,1,4,20725.0,-1,11.536,-11.5,-5.75,-70.15,0,0,DCHG, ,
30094.4,1,1,1,1,4,20730.0,-1,11.535,-11.5,-5.75,-70.17,0,0,DCHG, ,
30099.4,1,1,1,1,4,20735.0,-1,11.535,-11.5,-5.75,-70.18,0,0,DCHG, ,
30104.4,1,1,1,1,4,20740.0,-1,11.534,-11.5,-5.75,-70.2,0,0,DCHG, ,
30109.4,1,1,1,1,4,20745.0,-1,11.534,-11.5,-5.75,-70.22,0,0,DCHG, ,
30114.4,1,1,1,1,4,20750.0,-1,11.533,-11.5,-5.75,-70.23,0,0,DCHG, ,
30119.4,1,1,1,1,4,20755.0,-1,11.533,-11.5,-5.76,-70.25,0,0,DCHG, ,
30124.4,1,1,1,1,4,20760.0,-1,11.532,-11.5,-5.76,-70.26,0,0,DCHG, ,
30129.4,1,1,1,1,4,20765.0,-1,11.532,-11.5,-5.76,-70.28,0,0,DCHG, ,
30134.4,1,1,1,1,4,20770.0,-1,11.531,-11.5,-5.76,-70.3,0,0,DCHG, ,
30139.4,1,1,1,1,4,20775.0,-1,11.532,-11.5,-5.76,-70.31,0,0,DCHG, ,
30144.4,1,1,1,1,4,20780.0,-1,11.531,-11.5,-5.76,-70.33,0,0,DCHG, ,
30149.4,1,1,1,1,4,20785.0,-1,11.531,-11.5,-5.76,-70.34,0,0,DCHG, ,
30154.4,1,1,1,1,4,20790.0,-1,11.53,-11.5,-5.77,-70.36,0,0,DCHG, ,
30159.4,1,1,1,1,4,20795.0,-1,11.529,-11.5,-5.77,-70.38,0,0,DCHG, ,
30164.4,1,1,1,1,4,20800.0,-1,11.529,-11.5,-5.77,-70.39,0,0,DCHG, ,
30169.4,1,1,1,1,4,20805.0,-1,11.528,-11.5,-5.77,-70.41,0,0,DCHG, ,
30174.4,1,1,1,1,4,20810.0,-1,11.528,-11.5,-5.77,-70.42,0,0,DCHG, ,
30179.4,1,1,1,1,4,20815.0,-1,11.528,-11.5,-5.77,-70.44,0,0,DCHG, ,
30184.4,1,1,1,1,4,20820.0,-1,11.527,-11.5,-5.77,-70.45,0,0,DCHG, ,
30189.4,1,1,1,1,4,20825.0,-1,11.526,-11.5,-5.78,-70.47,0,0,DCHG, ,
30194.4,1,1,1,1,4,20830.0,-1,11.526,-11.5,-5.78,-70.49,0,0,DCHG, ,
30199.4,1,1,1,1,4,20835.0,-1,11.526,-11.5,-5.78,-70.5,0,0,DCHG, ,
30204.4,1,1,1,1,4,20840.0,-1,11.525,-11.5,-5.78,-70.52,0,0,DCHG, ,
30209.4,1,1,1,1,4,20845.0,-1,11.525,-11.5,-5.78,-70.53,0,0,DCHG, ,
30214.4,1,1,1,1,4,20850.0,-1,11.524,-11.5,-5.78,-70.55,0,0,DCHG, ,
30219.4,1,1,1,1,4,20855.0,-1,11.524,-11.5,-5.78,-70.57,0,0,DCHG, ,
30224.4,1,1,1,1,4,20860.0,-1,11.523,-11.5,-5.78,-70.58,0,0,DCHG, ,
30229.4,1,1,1,1,4,20865.0,-1,11.523,-11.5,-5.79,-70.6,0,0,DCHG, ,
30234.4,1,1,1,1,4,20870.0,-1,11.523,-11.5,-5.79,-70.61,0,0,DCHG, ,
30239.4,1,1,1,1,4,20875.0,-1,11.523,-11.5,-5.79,-70.63,0,0,DCHG, ,
30244.4,1,1,1,1,4,20880.0,-1,11.522,-11.5,-5.79,-70.65,0,0,DCHG, ,
30249.4,1,1,1,1,4,20885.0,-1,11.521,-11.5,-5.79,-70.66,0,0,DCHG, ,
30254.4,1,1,1,1,4,20890.0,-1,11.521,-11.5,-5.79,-70.68,0,0,DCHG, ,
30259.4,1,1,1,1,4,20895.0,-1,11.521,-11.5,-5.79,-70.69,0,0,DCHG, ,
30264.4,1,1,1,1,4,20900.0,-1,11.52,-11.5,-5.8,-70.71,0,0,DCHG, ,
30269.4,1,1,1,1,4,20905.0,-1,11.519,-11.5,-5.8,-70.73,0,0,DCHG, ,
30274.4,1,1,1,1,4,20910.0,-1,11.519,-11.5,-5.8,-70.74,0,0,DCHG, ,
30279.4,1,1,1,1,4,20915.0,-1,11.519,-11.5,-5.8,-70.76,0,0,DCHG, ,
30284.4,1,1,1,1,4,20920.0,-1,11.518,-11.5,-5.8,-70.77,0,0,DCHG, ,
30289.4,1,1,1,1,4,20925.0,-1,11.518,-11.5,-5.8,-70.79,0,0,DCHG, ,
30294.4,1,1,1,1,4,20930.0,-0.99,11.518,-11.4,-5.8,-70.81,0,0,DCHG, ,
30299.4,1,1,1,1,4,20935.0,-1,11.517,-11.5,-5.81,-70.82,0,0,DCHG, ,
30304.4,1,1,1,1,4,20940.0,-1,11.517,-11.5,-5.81,-70.84,0,0,DCHG, ,
30309.4,1,1,1,1,4,20945.0,-1,11.516,-11.5,-5.81,-70.85,0,0,DCHG, ,
30314.4,1,1,1,1,4,20950.0,-0.99,11.516,-11.4,-5.81,-70.87,0,0,DCHG, ,
30319.4,1,1,1,1,4,20955.0,-1,11.515,-11.4,-5.81,-70.89,0,0,DCHG, ,
30324.4,1,1,1,1,4,20960.0,-1,11.515,-11.4,-5.81,-70.9,0,0,DCHG, ,
30329.4,1,1,1,1,4,20965.0,-1,11.515,-11.4,-5.81,-70.92,0,0,DCHG, ,
30334.4,1,1,1,1,4,20970.0,-1,11.515,-11.4,-5.82,-70.93,0,0,DCHG, ,
30339.4,1,1,1,1,4,20975.0,-1,11.514,-11.4,-5.82,-70.95,0,0,DCHG, ,
30344.4,1,1,1,1,4,20980.0,-1,11.513,-11.4,-5.82,-70.97,0,0,DCHG, ,
30349.4,1,1,1,1,4,20985.0,-1,11.513,-11.4,-5.82,-70.98,0,0,DCHG, ,
30354.4,1,1,1,1,4,20990.0,-1,11.512,-11.4,-5.82,-71,0,0,DCHG, ,
30359.4,1,1,1,1,4,20995.0,-1,11.512,-11.4,-5.82,-71.01,0,0,DCHG, ,
30364.4,1,1,1,1,4,21000.0,-1,11.511,-11.5,-5.82,-71.03,0,0,DCHG, ,
30369.4,1,1,1,1,4,21005.0,-1,11.511,-11.4,-5.83,-71.04,0,0,DCHG, ,
30374.4,1,1,1,1,4,21010.0,-1,11.51,-11.4,-5.83,-71.06,0,0,DCHG, ,
30379.4,1,1,1,1,4,21015.0,-1,11.51,-11.4,-5.83,-71.08,0,0,DCHG, ,
30384.4,1,1,1,1,4,21020.0,-1,11.509,-11.4,-5.83,-71.09,0,0,DCHG, ,
30389.4,1,1,1,1,4,21025.0,-1,11.509,-11.5,-5.83,-71.11,0,0,DCHG, ,
30394.4,1,1,1,1,4,21030.0,-1,11.509,-11.5,-5.83,-71.12,0,0,DCHG, ,
30399.4,1,1,1,1,4,21035.0,-1,11.508,-11.4,-5.83,-71.14,0,0,DCHG, ,
30404.4,1,1,1,1,4,21040.0,-1,11.508,-11.4,-5.83,-71.16,0,0,DCHG, ,
30409.4,1,1,1,1,4,21045.0,-1,11.507,-11.4,-5.84,-71.17,0,0,DCHG, ,
30414.4,1,1,1,1,4,21050.0,-1,11.507,-11.4,-5.84,-71.19,0,0,DCHG, ,
30419.4,1,1,1,1,4,21055.0,-1,11.506,-11.4,-5.84,-71.2,0,0,DCHG, ,
30424.4,1,1,1,1,4,21060.0,-1,11.506,-11.5,-5.84,-71.22,0,0,DCHG, ,
30429.4,1,1,1,1,4,21065.0,-1,11.505,-11.5,-5.84,-71.23,0,0,DCHG, ,
30434.4,1,1,1,1,4,21070.0,-1,11.505,-11.5,-5.84,-71.25,0,0,DCHG, ,
30439.4,1,1,1,1,4,21075.0,-1,11.505,-11.4,-5.84,-71.27,0,0,DCHG, ,
30444.4,1,1,1,1,4,21080.0,-0.99,11.504,-11.4,-5.85,-71.28,0,0,DCHG, ,
30449.4,1,1,1,1,4,21085.0,-1,11.504,-11.5,-5.85,-71.3,0,0,DCHG, ,
30454.4,1,1,1,1,4,21090.0,-1,11.503,-11.4,-5.85,-71.31,0,0,DCHG, ,
30459.4,1,1,1,1,4,21095.0,-1,11.503,-11.5,-5.85,-71.33,0,0,DCHG, ,
30464.4,1,1,1,1,4,21100.0,-1,11.502,-11.4,-5.85,-71.35,0,0,DCHG, ,
30469.4,1,1,1,1,4,21105.0,-1,11.502,-11.5,-5.85,-71.36,0,0,DCHG, ,
30474.4,1,1,1,1,4,21110.0,-1,11.501,-11.4,-5.85,-71.38,0,0,DCHG, ,
30479.4,1,1,1,1,4,21115.0,-1,11.501,-11.5,-5.86,-71.39,0,0,DCHG, ,
30484.4,1,1,1,1,4,21120.0,-1,11.5,-11.4,-5.86,-71.41,0,0,DCHG, ,
30489.4,1,1,1,1,4,21125.0,-1,11.5,-11.4,-5.86,-71.42,0,0,DCHG, ,
30494.4,1,1,1,1,4,21130.0,-1,11.499,-11.4,-5.86,-71.44,0,0,DCHG, ,
30499.4,1,1,1,1,4,21135.0,-1,11.499,-11.4,-5.86,-71.46,0,0,DCHG, ,
30504.4,1,1,1,1,4,21140.0,-1,11.499,-11.4,-5.86,-71.47,0,0,DCHG, ,
30509.4,1,1,1,1,4,21145.0,-1,11.498,-11.4,-5.86,-71.49,0,0,DCHG, ,
30514.4,1,1,1,1,4,21150.0,-1,11.498,-11.4,-5.87,-71.5,0,0,DCHG, ,
30519.4,1,1,1,1,4,21155.0,-1,11.497,-11.4,-5.87,-71.52,0,0,DCHG, ,
30524.4,1,1,1,1,4,21160.0,-1,11.496,-11.4,-5.87,-71.54,0,0,DCHG, ,
30529.4,1,1,1,1,4,21165.0,-1,11.496,-11.4,-5.87,-71.55,0,0,DCHG, ,
30534.4,1,1,1,1,4,21170.0,-1,11.496,-11.4,-5.87,-71.57,0,0,DCHG, ,
30539.4,1,1,1,1,4,21175.0,-1,11.495,-11.4,-5.87,-71.58,0,0,DCHG, ,
30544.4,1,1,1,1,4,21180.0,-1,11.495,-11.4,-5.87,-71.6,0,0,DCHG, ,
30549.4,1,1,1,1,4,21185.0,-1,11.495,-11.4,-5.88,-71.61,0,0,DCHG, ,
30554.4,1,1,1,1,4,21190.0,-1,11.494,-11.4,-5.88,-71.63,0,0,DCHG, ,
30559.4,1,1,1,1,4,21195.0,-1,11.493,-11.4,-5.88,-71.65,0,0,DCHG, ,
30564.4,1,1,1,1,4,21200.0,-1,11.493,-11.4,-5.88,-71.66,0,0,DCHG, ,
30569.4,1,1,1,1,4,21205.0,-1,11.493,-11.4,-5.88,-71.68,0,0,DCHG, ,
30574.4,1,1,1,1,4,21210.0,-1,11.492,-11.4,-5.88,-71.69,0,0,DCHG, ,
30579.4,1,1,1,1,4,21215.0,-1,11.492,-11.4,-5.88,-71.71,0,0,DCHG, ,
30584.4,1,1,1,1,4,21220.0,-1,11.491,-11.4,-5.88,-71.73,0,0,DCHG, ,
30589.4,1,1,1,1,4,21225.0,-1,11.491,-11.4,-5.89,-71.74,0,0,DCHG, ,
30594.4,1,1,1,1,4,21230.0,-0.99,11.491,-11.3,-5.89,-71.76,0,0,DCHG, ,
30599.4,1,1,1,1,4,21235.0,-1,11.491,-11.4,-5.89,-71.77,0,0,DCHG, ,
30604.4,1,1,1,1,4,21240.0,-1,11.489,-11.4,-5.89,-71.79,0,0,DCHG, ,
30609.4,1,1,1,1,4,21245.0,-1,11.489,-11.4,-5.89,-71.8,0,0,DCHG, ,
30614.4,1,1,1,1,4,21250.0,-1,11.488,-11.4,-5.89,-71.82,0,0,DCHG, ,
30619.4,1,1,1,1,4,21255.0,-1,11.488,-11.4,-5.89,-71.84,0,0,DCHG, ,
30624.4,1,1,1,1,4,21260.0,-1,11.488,-11.4,-5.9,-71.85,0,0,DCHG, ,
30629.4,1,1,1,1,4,21265.0,-1,11.487,-11.4,-5.9,-71.87,0,0,DCHG, ,
30634.4,1,1,1,1,4,21270.0,-1,11.486,-11.4,-5.9,-71.88,0,0,DCHG, ,
30639.4,1,1,1,1,4,21275.0,-1,11.485,-11.4,-5.9,-71.9,0,0,DCHG, ,
30644.4,1,1,1,1,4,21280.0,-1,11.485,-11.4,-5.9,-71.92,0,0,DCHG, ,
30649.4,1,1,1,1,4,21285.0,-1,11.485,-11.4,-5.9,-71.93,0,0,DCHG, ,
30654.4,1,1,1,1,4,21290.0,-1,11.484,-11.4,-5.9,-71.95,0,0,DCHG, ,
30659.4,1,1,1,1,4,21295.0,-1,11.483,-11.4,-5.91,-71.96,0,0,DCHG, ,
30664.4,1,1,1,1,4,21300.0,-1,11.483,-11.4,-5.91,-71.98,0,0,DCHG, ,
30669.4,1,1,1,1,4,21305.0,-1,11.483,-11.4,-5.91,-71.99,0,0,DCHG, ,
30674.4,1,1,1,1,4,21310.0,-1,11.482,-11.4,-5.91,-72.01,0,0,DCHG, ,
30679.4,1,1,1,1,4,21315.0,-1,11.482,-11.4,-5.91,-72.03,0,0,DCHG, ,
30684.4,1,1,1,1,4,21320.0,-1,11.482,-11.4,-5.91,-72.04,0,0,DCHG, ,
30689.4,1,1,1,1,4,21325.0,-1,11.481,-11.4,-5.91,-72.06,0,0,DCHG, ,
30694.4,1,1,1,1,4,21330.0,-1,11.48,-11.4,-5.92,-72.07,0,0,DCHG, ,
30699.4,1,1,1,1,4,21335.0,-1,11.48,-11.4,-5.92,-72.09,0,0,DCHG, ,
30704.4,1,1,1,1,4,21340.0,-1,11.48,-11.4,-5.92,-72.11,0,0,DCHG, ,
30709.4,1,1,1,1,4,21345.0,-1,11.479,-11.4,-5.92,-72.12,0,0,DCHG, ,
30714.4,1,1,1,1,4,21350.0,-1,11.479,-11.4,-5.92,-72.14,0,0,DCHG, ,
30719.4,1,1,1,1,4,21355.0,-1,11.479,-11.4,-5.92,-72.15,0,0,DCHG, ,
30724.4,1,1,1,1,4,21360.0,-1,11.478,-11.4,-5.92,-72.17,0,0,DCHG, ,
30729.4,1,1,1,1,4,21365.0,-1,11.477,-11.4,-5.93,-72.18,0,0,DCHG, ,
30734.4,1,1,1,1,4,21370.0,-0.99,11.477,-11.3,-5.93,-72.2,0,0,DCHG, ,
30739.4,1,1,1,1,4,21375.0,-1,11.476,-11.4,-5.93,-72.22,0,0,DCHG, ,
30744.4,1,1,1,1,4,21380.0,-1,11.476,-11.4,-5.93,-72.23,0,0,DCHG, ,
30749.4,1,1,1,1,4,21385.0,-1,11.475,-11.4,-5.93,-72.25,0,0,DCHG, ,
30754.4,1,1,1,1,4,21390.0,-1,11.475,-11.4,-5.93,-72.26,0,0,DCHG, ,
30759.4,1,1,1,1,4,21395.0,-1,11.474,-11.4,-5.93,-72.28,0,0,DCHG, ,
30764.4,1,1,1,1,4,21400.0,-1,11.474,-11.4,-5.93,-72.3,0,0,DCHG, ,
30769.4,1,1,1,1,4,21405.0,-1,11.473,-11.4,-5.94,-72.31,0,0,DCHG, ,
30774.4,1,1,1,1,4,21410.0,-1,11.473,-11.4,-5.94,-72.33,0,0,DCHG, ,
30779.4,1,1,1,1,4,21415.0,-1,11.472,-11.4,-5.94,-72.34,0,0,DCHG, ,
30784.4,1,1,1,1,4,21420.0,-1,11.472,-11.4,-5.94,-72.36,0,0,DCHG, ,
30789.4,1,1,1,1,4,21425.0,-1,11.472,-11.4,-5.94,-72.37,0,0,DCHG, ,
30794.4,1,1,1,1,4,21430.0,-1,11.471,-11.4,-5.94,-72.39,0,0,DCHG, ,
30799.4,1,1,1,1,4,21435.0,-1,11.471,-11.4,-5.94,-72.41,0,0,DCHG, ,
30804.4,1,1,1,1,4,21440.0,-1,11.47,-11.4,-5.95,-72.42,0,0,DCHG, ,
30809.4,1,1,1,1,4,21445.0,-1,11.47,-11.4,-5.95,-72.44,0,0,DCHG, ,
30814.4,1,1,1,1,4,21450.0,-1,11.469,-11.4,-5.95,-72.45,0,0,DCHG, ,
30819.4,1,1,1,1,4,21455.0,-1,11.469,-11.4,-5.95,-72.47,0,0,DCHG, ,
30824.4,1,1,1,1,4,21460.0,-1,11.468,-11.4,-5.95,-72.49,0,0,DCHG, ,
30829.4,1,1,1,1,4,21465.0,-1,11.468,-11.4,-5.95,-72.5,0,0,DCHG, ,
30834.4,1,1,1,1,4,21470.0,-1,11.467,-11.4,-5.95,-72.52,0,0,DCHG, ,
30839.4,1,1,1,1,4,21475.0,-1,11.466,-11.4,-5.96,-72.53,0,0,DCHG, ,
30844.4,1,1,1,1,4,21480.0,-1,11.466,-11.4,-5.96,-72.55,0,0,DCHG, ,
30849.4,1,1,1,1,4,21485.0,-0.99,11.466,-11.3,-5.96,-72.56,0,0,DCHG, ,
30854.4,1,1,1,1,4,21490.0,-1,11.465,-11.4,-5.96,-72.58,0,0,DCHG, ,
30859.4,1,1,1,1,4,21495.0,-1,11.464,-11.4,-5.96,-72.6,0,0,DCHG, ,
30864.4,1,1,1,1,4,21500.0,-1,11.464,-11.4,-5.96,-72.61,0,0,DCHG, ,
30869.4,1,1,1,1,4,21505.0,-0.99,11.464,-11.3,-5.96,-72.63,0,0,DCHG, ,
30874.4,1,1,1,1,4,21510.0,-1,11.463,-11.4,-5.97,-72.64,0,0,DCHG, ,
30879.4,1,1,1,1,4,21515.0,-1,11.463,-11.4,-5.97,-72.66,0,0,DCHG, ,
30884.4,1,1,1,1,4,21520.0,-1,11.463,-11.4,-5.97,-72.67,0,0,DCHG, ,
30889.4,1,1,1,1,4,21525.0,-1,11.462,-11.4,-5.97,-72.69,0,0,DCHG, ,
30894.4,1,1,1,1,4,21530.0,-1,11.461,-11.4,-5.97,-72.71,0,0,DCHG, ,
30899.4,1,1,1,1,4,21535.0,-1,11.461,-11.4,-5.97,-72.72,0,0,DCHG, ,
30904.4,1,1,1,1,4,21540.0,-1,11.461,-11.4,-5.97,-72.74,0,0,DCHG, ,
30909.4,1,1,1,1,4,21545.0,-1,11.46,-11.4,-5.97,-72.75,0,0,DCHG, ,
30914.4,1,1,1,1,4,21550.0,-1,11.46,-11.4,-5.98,-72.77,0,0,DCHG, ,
30919.4,1,1,1,1,4,21555.0,-1,11.459,-11.4,-5.98,-72.79,0,0,DCHG, ,
30924.4,1,1,1,1,4,21560.0,-1,11.459,-11.4,-5.98,-72.8,0,0,DCHG, ,
30929.4,1,1,1,1,4,21565.0,-1,11.459,-11.4,-5.98,-72.82,0,0,DCHG, ,
30934.4,1,1,1,1,4,21570.0,-1,11.457,-11.4,-5.98,-72.83,0,0,DCHG, ,
30939.4,1,1,1,1,4,21575.0,-1,11.457,-11.4,-5.98,-72.85,0,0,DCHG, ,
30944.4,1,1,1,1,4,21580.0,-1,11.456,-11.4,-5.98,-72.86,0,0,DCHG, ,
30949.4,1,1,1,1,4,21585.0,-1,11.456,-11.4,-5.99,-72.88,0,0,DCHG, ,
30954.4,1,1,1,1,4,21590.0,-1,11.455,-11.4,-5.99,-72.9,0,0,DCHG, ,
30959.4,1,1,1,1,4,21595.0,-1,11.455,-11.4,-5.99,-72.91,0,0,DCHG, ,
30964.4,1,1,1,1,4,21600.0,-1,11.455,-11.4,-5.99,-72.93,0,0,DCHG, ,
30969.4,1,1,1,1,4,21605.0,-0.99,11.454,-11.3,-5.99,-72.94,0,0,DCHG, ,
30974.4,1,1,1,1,4,21610.0,-1,11.453,-11.4,-5.99,-72.96,0,0,DCHG, ,
30979.4,1,1,1,1,4,21615.0,-1,11.453,-11.4,-5.99,-72.98,0,0,DCHG, ,
30984.4,1,1,1,1,4,21620.0,-0.99,11.453,-11.3,-6,-72.99,0,0,DCHG, ,
30989.4,1,1,1,1,4,21625.0,-1,11.453,-11.4,-6,-73.01,0,0,DCHG, ,
30994.4,1,1,1,1,4,21630.0,-1,11.452,-11.4,-6,-73.02,0,0,DCHG, ,
30999.4,1,1,1,1,4,21635.0,-1,11.452,-11.4,-6,-73.04,0,0,DCHG, ,
31004.4,1,1,1,1,4,21640.0,-1,11.451,-11.4,-6,-73.05,0,0,DCHG, ,
31009.4,1,1,1,1,4,21645.0,-1,11.45,-11.4,-6,-73.07,0,0,DCHG, ,
31014.4,1,1,1,1,4,21650.0,-1,11.45,-11.4,-6,-73.09,0,0,DCHG, ,
31019.4,1,1,1,1,4,21655.0,-1,11.449,-11.4,-6.01,-73.1,0,0,DCHG, ,
31024.4,1,1,1,1,4,21660.0,-1,11.449,-11.4,-6.01,-73.12,0,0,DCHG, ,
31029.4,1,1,1,1,4,21665.0,-1,11.449,-11.4,-6.01,-73.13,0,0,DCHG, ,
31034.4,1,1,1,1,4,21670.0,-1,11.448,-11.4,-6.01,-73.15,0,0,DCHG, ,
31039.4,1,1,1,1,4,21675.0,-1,11.447,-11.4,-6.01,-73.17,0,0,DCHG, ,
31044.4,1,1,1,1,4,21680.0,-1,11.447,-11.4,-6.01,-73.18,0,0,DCHG, ,
31049.4,1,1,1,1,4,21685.0,-1,11.446,-11.4,-6.01,-73.2,0,0,DCHG, ,
31054.4,1,1,1,1,4,21690.0,-1,11.446,-11.4,-6.02,-73.21,0,0,DCHG, ,
31059.4,1,1,1,1,4,21695.0,-1,11.445,-11.4,-6.02,-73.23,0,0,DCHG, ,
31064.4,1,1,1,1,4,21700.0,-1,11.445,-11.4,-6.02,-73.24,0,0,DCHG, ,
31069.4,1,1,1,1,4,21705.0,-1,11.444,-11.4,-6.02,-73.26,0,0,DCHG, ,
31074.4,1,1,1,1,4,21710.0,-1,11.444,-11.4,-6.02,-73.28,0,0,DCHG, ,
31079.4,1,1,1,1,4,21715.0,-1,11.443,-11.4,-6.02,-73.29,0,0,DCHG, ,
31084.4,1,1,1,1,4,21720.0,-1,11.443,-11.4,-6.02,-73.31,0,0,DCHG, ,
31089.4,1,1,1,1,4,21725.0,-0.99,11.442,-11.3,-6.02,-73.32,0,0,DCHG, ,
31094.4,1,1,1,1,4,21730.0,-1,11.441,-11.4,-6.03,-73.34,0,0,DCHG, ,
31099.4,1,1,1,1,4,21735.0,-1,11.441,-11.4,-6.03,-73.36,0,0,DCHG, ,
31104.4,1,1,1,1,4,21740.0,-1,11.44,-11.4,-6.03,-73.37,0,0,DCHG, ,
31109.4,1,1,1,1,4,21745.0,-1,11.44,-11.4,-6.03,-73.39,0,0,DCHG, ,
31114.4,1,1,1,1,4,21750.0,-1,11.439,-11.4,-6.03,-73.4,0,0,DCHG, ,
31119.4,1,1,1,1,4,21755.0,-1,11.439,-11.4,-6.03,-73.42,0,0,DCHG, ,
31124.4,1,1,1,1,4,21760.0,-1,11.438,-11.4,-6.03,-73.43,0,0,DCHG, ,
31129.4,1,1,1,1,4,21765.0,-1,11.438,-11.4,-6.04,-73.45,0,0,DCHG, ,
31134.4,1,1,1,1,4,21770.0,-1,11.438,-11.4,-6.04,-73.47,0,0,DCHG, ,
31139.4,1,1,1,1,4,21775.0,-1,11.437,-11.4,-6.04,-73.48,0,0,DCHG, ,
31144.4,1,1,1,1,4,21780.0,-1,11.437,-11.4,-6.04,-73.5,0,0,DCHG, ,
31149.4,1,1,1,1,4,21785.0,-1,11.436,-11.4,-6.04,-73.51,0,0,DCHG, ,
31154.4,1,1,1,1,4,21790.0,-1,11.435,-11.4,-6.04,-73.53,0,0,DCHG, ,
31159.4,1,1,1,1,4,21795.0,-1,11.435,-11.4,-6.04,-73.55,0,0,DCHG, ,
31164.4,1,1,1,1,4,21800.0,-1,11.434,-11.4,-6.05,-73.56,0,0,DCHG, ,
31169.4,1,1,1,1,4,21805.0,-1,11.434,-11.4,-6.05,-73.58,0,0,DCHG, ,
31174.4,1,1,1,1,4,21810.0,-1,11.433,-11.4,-6.05,-73.59,0,0,DCHG, ,
31179.4,1,1,1,1,4,21815.0,-1,11.433,-11.4,-6.05,-73.61,0,0,DCHG, ,
31184.4,1,1,1,1,4,21820.0,-0.99,11.433,-11.3,-6.05,-73.62,0,0,DCHG, ,
31189.4,1,1,1,1,4,21825.0,-1,11.432,-11.4,-6.05,-73.64,0,0,DCHG, ,
31194.4,1,1,1,1,4,21830.0,-1,11.432,-11.4,-6.05,-73.66,0,0,DCHG, ,
31199.4,1,1,1,1,4,21835.0,-1,11.431,-11.4,-6.06,-73.67,0,0,DCHG, ,
31204.4,1,1,1,1,4,21840.0,-1,11.431,-11.4,-6.06,-73.69,0,0,DCHG, ,
31209.4,1,1,1,1,4,21845.0,-0.99,11.431,-11.3,-6.06,-73.7,0,0,DCHG, ,
31214.4,1,1,1,1,4,21850.0,-0.99,11.429,-11.3,-6.06,-73.72,0,0,DCHG, ,
31219.4,1,1,1,1,4,21855.0,-0.99,11.429,-11.3,-6.06,-73.74,0,0,DCHG, ,
31224.4,1,1,1,1,4,21860.0,-1,11.428,-11.4,-6.06,-73.75,0,0,DCHG, ,
31229.4,1,1,1,1,4,21865.0,-1,11.428,-11.4,-6.06,-73.77,0,0,DCHG, ,
31234.4,1,1,1,1,4,21870.0,-1,11.428,-11.4,-6.07,-73.78,0,0,DCHG, ,
31239.4,1,1,1,1,4,21875.0,-1,11.427,-11.4,-6.07,-73.8,0,0,DCHG, ,
31244.4,1,1,1,1,4,21880.0,-1,11.427,-11.4,-6.07,-73.81,0,0,DCHG, ,
31249.4,1,1,1,1,4,21885.0,-1,11.426,-11.4,-6.07,-73.83,0,0,DCHG, ,
31254.4,1,1,1,1,4,21890.0,-1,11.425,-11.4,-6.07,-73.85,0,0,DCHG, ,
31259.4,1,1,1,1,4,21895.0,-1,11.425,-11.3,-6.07,-73.86,0,0,DCHG, ,
31264.4,1,1,1,1,4,21900.0,-1,11.424,-11.4,-6.07,-73.88,0,0,DCHG, ,
31269.4,1,1,1,1,4,21905.0,-1,11.424,-11.4,-6.07,-73.89,0,0,DCHG, ,
31274.4,1,1,1,1,4,21910.0,-1,11.423,-11.4,-6.08,-73.91,0,0,DCHG, ,
31279.4,1,1,1,1,4,21915.0,-1,11.422,-11.4,-6.08,-73.92,0,0,DCHG, ,
31284.4,1,1,1,1,4,21920.0,-1,11.422,-11.4,-6.08,-73.94,0,0,DCHG, ,
31289.4,1,1,1,1,4,21925.0,-1,11.422,-11.4,-6.08,-73.96,0,0,DCHG, ,
31294.4,1,1,1,1,4,21930.0,-0.99,11.421,-11.3,-6.08,-73.97,0,0,DCHG, ,
31299.4,1,1,1,1,4,21935.0,-1,11.421,-11.4,-6.08,-73.99,0,0,DCHG, ,
31304.4,1,1,1,1,4,21940.0,-1,11.42,-11.4,-6.08,-74,0,0,DCHG, ,
31309.4,1,1,1,1,4,21945.0,-1,11.42,-11.4,-6.09,-74.02,0,0,DCHG, ,
31314.4,1,1,1,1,4,21950.0,-1,11.419,-11.4,-6.09,-74.04,0,0,DCHG, ,
31319.4,1,1,1,1,4,21955.0,-1,11.419,-11.4,-6.09,-74.05,0,0,DCHG, ,
31324.4,1,1,1,1,4,21960.0,-1,11.419,-11.4,-6.09,-74.07,0,0,DCHG, ,
31329.4,1,1,1,1,4,21965.0,-1,11.418,-11.4,-6.09,-74.08,0,0,DCHG, ,
31334.4,1,1,1,1,4,21970.0,-1,11.417,-11.4,-6.09,-74.1,0,0,DCHG, ,
31339.4,1,1,1,1,4,21975.0,-1,11.417,-11.4,-6.09,-74.11,0,0,DCHG, ,
31344.4,1,1,1,1,4,21980.0,-1,11.416,-11.4,-6.1,-74.13,0,0,DCHG, ,
31349.4,1,1,1,1,4,21985.0,-1,11.415,-11.4,-6.1,-74.15,0,0,DCHG, ,
31354.4,1,1,1,1,4,21990.0,-1,11.415,-11.3,-6.1,-74.16,0,0,DCHG, ,
31359.4,1,1,1,1,4,21995.0,-1,11.415,-11.3,-6.1,-74.18,0,0,DCHG, ,
31364.4,1,1,1,1,4,22000.0,-1,11.414,-11.4,-6.1,-74.19,0,0,DCHG, ,
31369.4,1,1,1,1,4,22005.0,-1,11.413,-11.3,-6.1,-74.21,0,0,DCHG, ,
31374.4,1,1,1,1,4,22010.0,-1,11.413,-11.4,-6.1,-74.23,0,0,DCHG, ,
31379.4,1,1,1,1,4,22015.0,-1,11.412,-11.3,-6.11,-74.24,0,0,DCHG, ,
31384.4,1,1,1,1,4,22020.0,-1,11.412,-11.3,-6.11,-74.26,0,0,DCHG, ,
31389.4,1,1,1,1,4,22025.0,-1,11.411,-11.3,-6.11,-74.27,0,0,DCHG, ,
31394.4,1,1,1,1,4,22030.0,-1,11.411,-11.3,-6.11,-74.29,0,0,DCHG, ,
31399.4,1,1,1,1,4,22035.0,-1,11.411,-11.3,-6.11,-74.3,0,0,DCHG, ,
31404.4,1,1,1,1,4,22040.0,-1,11.41,-11.4,-6.11,-74.32,0,0,DCHG, ,
31409.4,1,1,1,1,4,22045.0,-1,11.409,-11.3,-6.11,-74.34,0,0,DCHG, ,
31414.4,1,1,1,1,4,22050.0,-1,11.409,-11.3,-6.12,-74.35,0,0,DCHG, ,
31419.4,1,1,1,1,4,22055.0,-1,11.408,-11.3,-6.12,-74.37,0,0,DCHG, ,
31424.4,1,1,1,1,4,22060.0,-1,11.408,-11.3,-6.12,-74.38,0,0,DCHG, ,
31429.4,1,1,1,1,4,22065.0,-0.99,11.408,-11.3,-6.12,-74.4,0,0,DCHG, ,
31434.4,1,1,1,1,4,22070.0,-1,11.407,-11.3,-6.12,-74.41,0,0,DCHG, ,
31439.4,1,1,1,1,4,22075.0,-1,11.406,-11.4,-6.12,-74.43,0,0,DCHG, ,
31444.4,1,1,1,1,4,22080.0,-1,11.406,-11.3,-6.12,-74.45,0,0,DCHG, ,
31449.4,1,1,1,1,4,22085.0,-1,11.405,-11.4,-6.12,-74.46,0,0,DCHG, ,
31454.4,1,1,1,1,4,22090.0,-1,11.404,-11.3,-6.13,-74.48,0,0,DCHG, ,
31459.4,1,1,1,1,4,22095.0,-1,11.404,-11.3,-6.13,-74.49,0,0,DCHG, ,
31464.4,1,1,1,1,4,22100.0,-1,11.404,-11.4,-6.13,-74.51,0,0,DCHG, ,
31469.4,1,1,1,1,4,22105.0,-1,11.403,-11.3,-6.13,-74.52,0,0,DCHG, ,
31474.4,1,1,1,1,4,22110.0,-1,11.402,-11.4,-6.13,-74.54,0,0,DCHG, ,
31479.4,1,1,1,1,4,22115.0,-1,11.402,-11.4,-6.13,-74.56,0,0,DCHG, ,
31484.4,1,1,1,1,4,22120.0,-0.99,11.401,-11.3,-6.13,-74.57,0,0,DCHG, ,
31489.4,1,1,1,1,4,22125.0,-1,11.401,-11.4,-6.14,-74.59,0,0,DCHG, ,
31494.4,1,1,1,1,4,22130.0,-1,11.401,-11.3,-6.14,-74.6,0,0,DCHG, ,
31499.4,1,1,1,1,4,22135.0,-1,11.4,-11.3,-6.14,-74.62,0,0,DCHG, ,
31504.4,1,1,1,1,4,22140.0,-1,11.399,-11.3,-6.14,-74.63,0,0,DCHG, ,
31509.4,1,1,1,1,4,22145.0,-1,11.399,-11.3,-6.14,-74.65,0,0,DCHG, ,
31514.4,1,1,1,1,4,22150.0,-0.99,11.398,-11.2,-6.14,-74.67,0,0,DCHG, ,
31519.4,1,1,1,1,4,22155.0,-0.99,11.398,-11.2,-6.14,-74.68,0,0,DCHG, ,
31524.4,1,1,1,1,4,22160.0,-1,11.397,-11.3,-6.15,-74.7,0,0,DCHG, ,
31529.4,1,1,1,1,4,22165.0,-1,11.397,-11.3,-6.15,-74.71,0,0,DCHG, ,
31534.4,1,1,1,1,4,22170.0,-1,11.397,-11.3,-6.15,-74.73,0,0,DCHG, ,
31539.4,1,1,1,1,4,22175.0,-1,11.395,-11.3,-6.15,-74.74,0,0,DCHG, ,
31544.4,1,1,1,1,4,22180.0,-1,11.395,-11.3,-6.15,-74.76,0,0,DCHG, ,
31549.4,1,1,1,1,4,22185.0,-1,11.395,-11.3,-6.15,-74.77,0,0,DCHG, ,
31554.4,1,1,1,1,4,22190.0,-1,11.394,-11.3,-6.15,-74.79,0,0,DCHG, ,
31559.4,1,1,1,1,4,22195.0,-1,11.393,-11.3,-6.16,-74.81,0,0,DCHG, ,
31564.4,1,1,1,1,4,22200.0,-1,11.393,-11.3,-6.16,-74.82,0,0,DCHG, ,
31569.4,1,1,1,1,4,22205.0,-0.99,11.392,-11.2,-6.16,-74.84,0,0,DCHG, ,
31574.4,1,1,1,1,4,22210.0,-1,11.392,-11.3,-6.16,-74.85,0,0,DCHG, ,
31579.4,1,1,1,1,4,22215.0,-1,11.391,-11.3,-6.16,-74.87,0,0,DCHG, ,
31584.4,1,1,1,1,4,22220.0,-1,11.39,-11.3,-6.16,-74.88,0,0,DCHG, ,
31589.4,1,1,1,1,4,22225.0,-1,11.39,-11.3,-6.16,-74.9,0,0,DCHG, ,
31594.4,1,1,1,1,4,22230.0,-1,11.39,-11.3,-6.17,-74.92,0,0,DCHG, ,
31599.4,1,1,1,1,4,22235.0,-1,11.389,-11.3,-6.17,-74.93,0,0,DCHG, ,
31604.4,1,1,1,1,4,22240.0,-1,11.389,-11.3,-6.17,-74.95,0,0,DCHG, ,
31609.4,1,1,1,1,4,22245.0,-1,11.388,-11.3,-6.17,-74.96,0,0,DCHG, ,
31614.4,1,1,1,1,4,22250.0,-1,11.388,-11.3,-6.17,-74.98,0,0,DCHG, ,
31619.4,1,1,1,1,4,22255.0,-1,11.387,-11.3,-6.17,-74.99,0,0,DCHG, ,
31624.4,1,1,1,1,4,22260.0,-1,11.387,-11.3,-6.17,-75.01,0,0,DCHG, ,
31629.4,1,1,1,1,4,22265.0,-1,11.386,-11.3,-6.17,-75.03,0,0,DCHG, ,
31634.4,1,1,1,1,4,22270.0,-1,11.385,-11.3,-6.18,-75.04,0,0,DCHG, ,
31639.4,1,1,1,1,4,22275.0,-1,11.385,-11.3,-6.18,-75.06,0,0,DCHG, ,
31644.4,1,1,1,1,4,22280.0,-1,11.385,-11.3,-6.18,-75.07,0,0,DCHG, ,
31649.4,1,1,1,1,4,22285.0,-1,11.383,-11.3,-6.18,-75.09,0,0,DCHG, ,
31654.4,1,1,1,1,4,22290.0,-1,11.383,-11.3,-6.18,-75.1,0,0,DCHG, ,
31659.4,1,1,1,1,4,22295.0,-1,11.382,-11.3,-6.18,-75.12,0,0,DCHG, ,
31664.4,1,1,1,1,4,22300.0,-1,11.382,-11.3,-6.18,-75.14,0,0,DCHG, ,
31669.4,1,1,1,1,4,22305.0,-0.99,11.382,-11.2,-6.19,-75.15,0,0,DCHG, ,
31674.4,1,1,1,1,4,22310.0,-1,11.381,-11.3,-6.19,-75.17,0,0,DCHG, ,
31679.4,1,1,1,1,4,22315.0,-1,11.381,-11.3,-6.19,-75.18,0,0,DCHG, ,
31684.4,1,1,1,1,4,22320.0,-1,11.38,-11.3,-6.19,-75.2,0,0,DCHG, ,
31689.4,1,1,1,1,4,22325.0,-1,11.379,-11.3,-6.19,-75.21,0,0,DCHG, ,
31694.4,1,1,1,1,4,22330.0,-1,11.379,-11.3,-6.19,-75.23,0,0,DCHG, ,
31699.4,1,1,1,1,4,22335.0,-1,11.378,-11.3,-6.19,-75.25,0,0,DCHG, ,
31704.4,1,1,1,1,4,22340.0,-0.99,11.378,-11.2,-6.2,-75.26,0,0,DCHG, ,
31709.4,1,1,1,1,4,22345.0,-1,11.377,-11.3,-6.2,-75.28,0,0,DCHG, ,
31714.4,1,1,1,1,4,22350.0,-1,11.377,-11.3,-6.2,-75.29,0,0,DCHG, ,
31719.4,1,1,1,1,4,22355.0,-1,11.376,-11.3,-6.2,-75.31,0,0,DCHG, ,
31724.4,1,1,1,1,4,22360.0,-1,11.376,-11.3,-6.2,-75.32,0,0,DCHG, ,
31729.4,1,1,1,1,4,22365.0,-1,11.375,-11.3,-6.2,-75.34,0,0,DCHG, ,
31734.4,1,1,1,1,4,22370.0,-1,11.374,-11.3,-6.2,-75.36,0,0,DCHG, ,
31739.4,1,1,1,1,4,22375.0,-1,11.374,-11.3,-6.21,-75.37,0,0,DCHG, ,
31744.4,1,1,1,1,4,22380.0,-1,11.373,-11.3,-6.21,-75.39,0,0,DCHG, ,
31749.4,1,1,1,1,4,22385.0,-1,11.373,-11.3,-6.21,-75.4,0,0,DCHG, ,
31754.4,1,1,1,1,4,22390.0,-1,11.372,-11.3,-6.21,-75.42,0,0,DCHG, ,
31759.4,1,1,1,1,4,22395.0,-0.99,11.372,-11.2,-6.21,-75.43,0,0,DCHG, ,
31764.4,1,1,1,1,4,22400.0,-1,11.371,-11.3,-6.21,-75.45,0,0,DCHG, ,
31769.4,1,1,1,1,4,22405.0,-1,11.371,-11.3,-6.21,-75.46,0,0,DCHG, ,
31774.4,1,1,1,1,4,22410.0,-1,11.37,-11.3,-6.22,-75.48,0,0,DCHG, ,
31779.4,1,1,1,1,4,22415.0,-1,11.369,-11.3,-6.22,-75.5,0,0,DCHG, ,
31784.4,1,1,1,1,4,22420.0,-1,11.369,-11.3,-6.22,-75.51,0,0,DCHG, ,
31789.4,1,1,1,1,4,22425.0,-1,11.368,-11.3,-6.22,-75.53,0,0,DCHG, ,
31794.4,1,1,1,1,4,22430.0,-1,11.368,-11.3,-6.22,-75.54,0,0,DCHG, ,
31799.4,1,1,1,1,4,22435.0,-1,11.367,-11.3,-6.22,-75.56,0,0,DCHG, ,
31804.4,1,1,1,1,4,22440.0,-1,11.366,-11.3,-6.22,-75.57,0,0,DCHG, ,
31809.4,1,1,1,1,4,22445.0,-1,11.366,-11.3,-6.22,-75.59,0,0,DCHG, ,
31814.4,1,1,1,1,4,22450.0,-1,11.365,-11.3,-6.23,-75.61,0,0,DCHG, ,
31819.4,1,1,1,1,4,22455.0,-1,11.365,-11.3,-6.23,-75.62,0,0,DCHG, ,
31824.4,1,1,1,1,4,22460.0,-1,11.364,-11.3,-6.23,-75.64,0,0,DCHG, ,
31829.4,1,1,1,1,4,22465.0,-1,11.364,-11.3,-6.23,-75.65,0,0,DCHG, ,
31834.4,1,1,1,1,4,22470.0,-0.99,11.363,-11.2,-6.23,-75.67,0,0,DCHG, ,
31839.4,1,1,1,1,4,22475.0,-1,11.362,-11.3,-6.23,-75.68,0,0,DCHG, ,
31844.4,1,1,1,1,4,22480.0,-1,11.361,-11.3,-6.23,-75.7,0,0,DCHG, ,
31849.4,1,1,1,1,4,22485.0,-1,11.361,-11.3,-6.24,-75.72,0,0,DCHG, ,
31854.4,1,1,1,1,4,22490.0,-1,11.361,-11.3,-6.24,-75.73,0,0,DCHG, ,
31859.4,1,1,1,1,4,22495.0,-1,11.36,-11.3,-6.24,-75.75,0,0,DCHG, ,
31864.4,1,1,1,1,4,22500.0,-1,11.36,-11.3,-6.24,-75.76,0,0,DCHG, ,
31869.4,1,1,1,1,4,22505.0,-1,11.359,-11.3,-6.24,-75.78,0,0,DCHG, ,
31874.4,1,1,1,1,4,22510.0,-1,11.358,-11.3,-6.24,-75.79,0,0,DCHG, ,
31879.4,1,1,1,1,4,22515.0,-1,11.358,-11.3,-6.24,-75.81,0,0,DCHG, ,
31884.4,1,1,1,1,4,22520.0,-1,11.357,-11.3,-6.25,-75.83,0,0,DCHG, ,
31889.4,1,1,1,1,4,22525.0,-1,11.357,-11.3,-6.25,-75.84,0,0,DCHG, ,
31894.4,1,1,1,1,4,22530.0,-1,11.356,-11.3,-6.25,-75.86,0,0,DCHG, ,
31899.4,1,1,1,1,4,22535.0,-1,11.356,-11.3,-6.25,-75.87,0,0,DCHG, ,
31904.4,1,1,1,1,4,22540.0,-1,11.355,-11.3,-6.25,-75.89,0,0,DCHG, ,
31909.4,1,1,1,1,4,22545.0,-1,11.355,-11.3,-6.25,-75.9,0,0,DCHG, ,
31914.4,1,1,1,1,4,22550.0,-1,11.354,-11.3,-6.25,-75.92,0,0,DCHG, ,
31919.4,1,1,1,1,4,22555.0,-0.99,11.353,-11.2,-6.26,-75.94,0,0,DCHG, ,
31924.4,1,1,1,1,4,22560.0,-1,11.353,-11.3,-6.26,-75.95,0,0,DCHG, ,
31929.4,1,1,1,1,4,22565.0,-1,11.352,-11.3,-6.26,-75.97,0,0,DCHG, ,
31934.4,1,1,1,1,4,22570.0,-1,11.351,-11.3,-6.26,-75.98,0,0,DCHG, ,
31939.4,1,1,1,1,4,22575.0,-1,11.351,-11.3,-6.26,-76,0,0,DCHG, ,
31944.4,1,1,1,1,4,22580.0,-0.99,11.35,-11.2,-6.26,-76.01,0,0,DCHG, ,
31949.4,1,1,1,1,4,22585.0,-1,11.35,-11.3,-6.26,-76.03,0,0,DCHG, ,
31954.4,1,1,1,1,4,22590.0,-1,11.349,-11.3,-6.27,-76.05,0,0,DCHG, ,
31959.4,1,1,1,1,4,22595.0,-1,11.349,-11.3,-6.27,-76.06,0,0,DCHG, ,
31964.4,1,1,1,1,4,22600.0,-1,11.348,-11.3,-6.27,-76.08,0,0,DCHG, ,
31969.4,1,1,1,1,4,22605.0,-0.99,11.348,-11.2,-6.27,-76.09,0,0,DCHG, ,
31974.4,1,1,1,1,4,22610.0,-1,11.347,-11.3,-6.27,-76.11,0,0,DCHG, ,
31979.4,1,1,1,1,4,22615.0,-1,11.346,-11.3,-6.27,-76.12,0,0,DCHG, ,
31984.4,1,1,1,1,4,22620.0,-1,11.346,-11.3,-6.27,-76.14,0,0,DCHG, ,
31989.4,1,1,1,1,4,22625.0,-1,11.346,-11.3,-6.27,-76.16,0,0,DCHG, ,
31994.4,1,1,1,1,4,22630.0,-1,11.345,-11.3,-6.28,-76.17,0,0,DCHG, ,
31999.4,1,1,1,1,4,22635.0,-1,11.344,-11.3,-6.28,-76.19,0,0,DCHG, ,
32004.4,1,1,1,1,4,22640.0,-1,11.343,-11.3,-6.28,-76.2,0,0,DCHG, ,
32009.4,1,1,1,1,4,22645.0,-1,11.343,-11.3,-6.28,-76.22,0,0,DCHG, ,
32014.4,1,1,1,1,4,22650.0,-1,11.342,-11.3,-6.28,-76.23,0,0,DCHG, ,
32019.4,1,1,1,1,4,22655.0,-1,11.342,-11.3,-6.28,-76.25,0,0,DCHG, ,
32024.4,1,1,1,1,4,22660.0,-1,11.341,-11.3,-6.28,-76.26,0,0,DCHG, ,
32029.4,1,1,1,1,4,22665.0,-1,11.341,-11.3,-6.29,-76.28,0,0,DCHG, ,
32034.4,1,1,1,1,4,22670.0,-1,11.34,-11.3,-6.29,-76.3,0,0,DCHG, ,
32039.4,1,1,1,1,4,22675.0,-1,11.339,-11.3,-6.29,-76.31,0,0,DCHG, ,
32044.4,1,1,1,1,4,22680.0,-1,11.339,-11.3,-6.29,-76.33,0,0,DCHG, ,
32049.4,1,1,1,1,4,22685.0,-1,11.338,-11.3,-6.29,-76.34,0,0,DCHG, ,
32054.4,1,1,1,1,4,22690.0,-1,11.337,-11.3,-6.29,-76.36,0,0,DCHG, ,
32059.4,1,1,1,1,4,22695.0,-1,11.336,-11.3,-6.29,-76.37,0,0,DCHG, ,
32064.4,1,1,1,1,4,22700.0,-1,11.336,-11.3,-6.3,-76.39,0,0,DCHG, ,
32069.4,1,1,1,1,4,22705.0,-1,11.336,-11.3,-6.3,-76.41,0,0,DCHG, ,
32074.4,1,1,1,1,4,22710.0,-1,11.335,-11.3,-6.3,-76.42,0,0,DCHG, ,
32079.4,1,1,1,1,4,22715.0,-1,11.335,-11.3,-6.3,-76.44,0,0,DCHG, ,
32084.4,1,1,1,1,4,22720.0,-1,11.334,-11.3,-6.3,-76.45,0,0,DCHG, ,
32089.4,1,1,1,1,4,22725.0,-1,11.333,-11.3,-6.3,-76.47,0,0,DCHG, ,
32094.4,1,1,1,1,4,22730.0,-1,11.333,-11.3,-6.3,-76.48,0,0,DCHG, ,
32099.4,1,1,1,1,4,22735.0,-1,11.332,-11.3,-6.31,-76.5,0,0,DCHG, ,
32104.4,1,1,1,1,4,22740.0,-1,11.331,-11.3,-6.31,-76.52,0,0,DCHG, ,
32109.4,1,1,1,1,4,22745.0,-1,11.331,-11.3,-6.31,-76.53,0,0,DCHG, ,
32114.4,1,1,1,1,4,22750.0,-1,11.33,-11.3,-6.31,-76.55,0,0,DCHG, ,
32119.4,1,1,1,1,4,22755.0,-0.99,11.33,-11.2,-6.31,-76.56,0,0,DCHG, ,
32124.4,1,1,1,1,4,22760.0,-1,11.329,-11.3,-6.31,-76.58,0,0,DCHG, ,
32129.4,1,1,1,1,4,22765.0,-0.99,11.329,-11.2,-6.31,-76.59,0,0,DCHG, ,
32134.4,1,1,1,1,4,22770.0,-1,11.327,-11.3,-6.31,-76.61,0,0,DCHG, ,
32139.4,1,1,1,1,4,22775.0,-1,11.327,-11.3,-6.32,-76.63,0,0,DCHG, ,
32144.4,1,1,1,1,4,22780.0,-1,11.326,-11.3,-6.32,-76.64,0,0,DCHG, ,
32149.4,1,1,1,1,4,22785.0,-1,11.326,-11.3,-6.32,-76.66,0,0,DCHG, ,
32154.4,1,1,1,1,4,22790.0,-1,11.326,-11.2,-6.32,-76.67,0,0,DCHG, ,
32159.4,1,1,1,1,4,22795.0,-1,11.325,-11.3,-6.32,-76.69,0,0,DCHG, ,
32164.4,1,1,1,1,4,22800.0,-1,11.325,-11.3,-6.32,-76.7,0,0,DCHG, ,
32169.4,1,1,1,1,4,22805.0,-1,11.324,-11.3,-6.32,-76.72,0,0,DCHG, ,
32174.4,1,1,1,1,4,22810.0,-1,11.323,-11.3,-6.33,-76.74,0,0,DCHG, ,
32179.4,1,1,1,1,4,22815.0,-1,11.323,-11.3,-6.33,-76.75,0,0,DCHG, ,
32184.4,1,1,1,1,4,22820.0,-1,11.322,-11.3,-6.33,-76.77,0,0,DCHG, ,
32189.4,1,1,1,1,4,22825.0,-0.99,11.321,-11.2,-6.33,-76.78,0,0,DCHG, ,
32194.4,1,1,1,1,4,22830.0,-1,11.321,-11.3,-6.33,-76.8,0,0,DCHG, ,
32199.4,1,1,1,1,4,22835.0,-1,11.32,-11.3,-6.33,-76.81,0,0,DCHG, ,
32204.4,1,1,1,1,4,22840.0,-0.99,11.32,-11.2,-6.33,-76.83,0,0,DCHG, ,
32209.4,1,1,1,1,4,22845.0,-1,11.319,-11.3,-6.34,-76.85,0,0,DCHG, ,
32214.4,1,1,1,1,4,22850.0,-1,11.319,-11.3,-6.34,-76.86,0,0,DCHG, ,
32219.4,1,1,1,1,4,22855.0,-1,11.318,-11.2,-6.34,-76.88,0,0,DCHG, ,
32224.4,1,1,1,1,4,22860.0,-1,11.318,-11.3,-6.34,-76.89,0,0,DCHG, ,
32229.4,1,1,1,1,4,22865.0,-1,11.316,-11.3,-6.34,-76.91,0,0,DCHG, ,
32234.4,1,1,1,1,4,22870.0,-1,11.316,-11.3,-6.34,-76.92,0,0,DCHG, ,
32239.4,1,1,1,1,4,22875.0,-1,11.315,-11.3,-6.34,-76.94,0,0,DCHG, ,
32244.4,1,1,1,1,4,22880.0,-1,11.315,-11.2,-6.35,-76.95,0,0,DCHG, ,
32249.4,1,1,1,1,4,22885.0,-1,11.314,-11.3,-6.35,-76.97,0,0,DCHG, ,
32254.4,1,1,1,1,4,22890.0,-1,11.314,-11.2,-6.35,-76.99,0,0,DCHG, ,
32259.4,1,1,1,1,4,22895.0,-0.99,11.313,-11.2,-6.35,-77,0,0,DCHG, ,
32264.4,1,1,1,1,4,22900.0,-1,11.312,-11.2,-6.35,-77.02,0,0,DCHG, ,
32269.4,1,1,1,1,4,22905.0,-1,11.311,-11.3,-6.35,-77.03,0,0,DCHG, ,
32274.4,1,1,1,1,4,22910.0,-1,11.31,-11.2,-6.35,-77.05,0,0,DCHG, ,
32279.4,1,1,1,1,4,22915.0,-1,11.311,-11.2,-6.36,-77.06,0,0,DCHG, ,
32284.4,1,1,1,1,4,22920.0,-1,11.309,-11.2,-6.36,-77.08,0,0,DCHG, ,
32289.4,1,1,1,1,4,22925.0,-1,11.309,-11.2,-6.36,-77.1,0,0,DCHG, ,
32294.4,1,1,1,1,4,22930.0,-1,11.309,-11.2,-6.36,-77.11,0,0,DCHG, ,
32299.4,1,1,1,1,4,22935.0,-1,11.308,-11.2,-6.36,-77.13,0,0,DCHG, ,
32304.4,1,1,1,1,4,22940.0,-1,11.308,-11.2,-6.36,-77.14,0,0,DCHG, ,
32309.4,1,1,1,1,4,22945.0,-1,11.307,-11.2,-6.36,-77.16,0,0,DCHG, ,
32314.4,1,1,1,1,4,22950.0,-1,11.306,-11.3,-6.36,-77.17,0,0,DCHG, ,
32319.4,1,1,1,1,4,22955.0,-1,11.305,-11.2,-6.37,-77.19,0,0,DCHG, ,
32324.4,1,1,1,1,4,22960.0,-1,11.305,-11.2,-6.37,-77.2,0,0,DCHG, ,
32329.4,1,1,1,1,4,22965.0,-1,11.305,-11.2,-6.37,-77.22,0,0,DCHG, ,
32334.4,1,1,1,1,4,22970.0,-1,11.303,-11.2,-6.37,-77.24,0,0,DCHG, ,
32339.4,1,1,1,1,4,22975.0,-1,11.303,-11.3,-6.37,-77.25,0,0,DCHG, ,
32344.4,1,1,1,1,4,22980.0,-1,11.302,-11.2,-6.37,-77.27,0,0,DCHG, ,
32349.4,1,1,1,1,4,22985.0,-1,11.302,-11.2,-6.37,-77.28,0,0,DCHG, ,
32354.4,1,1,1,1,4,22990.0,-1,11.301,-11.2,-6.38,-77.3,0,0,DCHG, ,
32359.4,1,1,1,1,4,22995.0,-1,11.3,-11.2,-6.38,-77.31,0,0,DCHG, ,
32364.4,1,1,1,1,4,23000.0,-1,11.3,-11.2,-6.38,-77.33,0,0,DCHG, ,
32369.4,1,1,1,1,4,23005.0,-1,11.299,-11.2,-6.38,-77.34,0,0,DCHG, ,
32374.4,1,1,1,1,4,23010.0,-1,11.299,-11.2,-6.38,-77.36,0,0,DCHG, ,
32379.4,1,1,1,1,4,23015.0,-1,11.298,-11.2,-6.38,-77.38,0,0,DCHG, ,
32384.4,1,1,1,1,4,23020.0,-1,11.297,-11.2,-6.38,-77.39,0,0,DCHG, ,
32389.4,1,1,1,1,4,23025.0,-1,11.297,-11.2,-6.39,-77.41,0,0,DCHG, ,
32394.4,1,1,1,1,4,23030.0,-1,11.296,-11.2,-6.39,-77.42,0,0,DCHG, ,
32399.4,1,1,1,1,4,23035.0,-1,11.296,-11.2,-6.39,-77.44,0,0,DCHG, ,
32404.4,1,1,1,1,4,23040.0,-1,11.295,-11.2,-6.39,-77.45,0,0,DCHG, ,
32409.4,1,1,1,1,4,23045.0,-1,11.294,-11.2,-6.39,-77.47,0,0,DCHG, ,
32414.4,1,1,1,1,4,23050.0,-1,11.294,-11.2,-6.39,-77.48,0,0,DCHG, ,
32419.4,1,1,1,1,4,23055.0,-1,11.293,-11.2,-6.39,-77.5,0,0,DCHG, ,
32424.4,1,1,1,1,4,23060.0,-1,11.292,-11.2,-6.4,-77.52,0,0,DCHG, ,
32429.4,1,1,1,1,4,23065.0,-1,11.291,-11.2,-6.4,-77.53,0,0,DCHG, ,
32434.4,1,1,1,1,4,23070.0,-1,11.291,-11.2,-6.4,-77.55,0,0,DCHG, ,
32439.4,1,1,1,1,4,23075.0,-1,11.29,-11.2,-6.4,-77.56,0,0,DCHG, ,
32444.4,1,1,1,1,4,23080.0,-1,11.289,-11.2,-6.4,-77.58,0,0,DCHG, ,
32449.4,1,1,1,1,4,23085.0,-1,11.289,-11.2,-6.4,-77.59,0,0,DCHG, ,
32454.4,1,1,1,1,4,23090.0,-1,11.288,-11.2,-6.4,-77.61,0,0,DCHG, ,
32459.4,1,1,1,1,4,23095.0,-1,11.288,-11.2,-6.41,-77.62,0,0,DCHG, ,
32464.4,1,1,1,1,4,23100.0,-1,11.287,-11.2,-6.41,-77.64,0,0,DCHG, ,
32469.4,1,1,1,1,4,23105.0,-1,11.286,-11.2,-6.41,-77.66,0,0,DCHG, ,
32474.4,1,1,1,1,4,23110.0,-1,11.285,-11.2,-6.41,-77.67,0,0,DCHG, ,
32479.4,1,1,1,1,4,23115.0,-1,11.285,-11.2,-6.41,-77.69,0,0,DCHG, ,
32484.4,1,1,1,1,4,23120.0,-1,11.284,-11.2,-6.41,-77.7,0,0,DCHG, ,
32489.4,1,1,1,1,4,23125.0,-1,11.283,-11.2,-6.41,-77.72,0,0,DCHG, ,
32494.4,1,1,1,1,4,23130.0,-1,11.283,-11.2,-6.41,-77.73,0,0,DCHG, ,
32499.4,1,1,1,1,4,23135.0,-1,11.282,-11.2,-6.42,-77.75,0,0,DCHG, ,
32504.4,1,1,1,1,4,23140.0,-1,11.281,-11.2,-6.42,-77.76,0,0,DCHG, ,
32509.4,1,1,1,1,4,23145.0,-1,11.281,-11.2,-6.42,-77.78,0,0,DCHG, ,
32514.4,1,1,1,1,4,23150.0,-1,11.28,-11.2,-6.42,-77.8,0,0,DCHG, ,
32519.4,1,1,1,1,4,23155.0,-1,11.28,-11.2,-6.42,-77.81,0,0,DCHG, ,
32524.4,1,1,1,1,4,23160.0,-1,11.279,-11.2,-6.42,-77.83,0,0,DCHG, ,
32529.4,1,1,1,1,4,23165.0,-1,11.278,-11.2,-6.42,-77.84,0,0,DCHG, ,
32534.4,1,1,1,1,4,23170.0,-1,11.278,-11.2,-6.43,-77.86,0,0,DCHG, ,
32539.4,1,1,1,1,4,23175.0,-1,11.277,-11.2,-6.43,-77.87,0,0,DCHG, ,
32544.4,1,1,1,1,4,23180.0,-1,11.276,-11.2,-6.43,-77.89,0,0,DCHG, ,
32549.4,1,1,1,1,4,23185.0,-1,11.276,-11.2,-6.43,-77.9,0,0,DCHG, ,
32554.4,1,1,1,1,4,23190.0,-1,11.274,-11.2,-6.43,-77.92,0,0,DCHG, ,
32559.4,1,1,1,1,4,23195.0,-1,11.274,-11.2,-6.43,-77.94,0,0,DCHG, ,
32564.4,1,1,1,1,4,23200.0,-1,11.274,-11.2,-6.43,-77.95,0,0,DCHG, ,
32569.4,1,1,1,1,4,23205.0,-1,11.273,-11.2,-6.44,-77.97,0,0,DCHG, ,
32574.4,1,1,1,1,4,23210.0,-1,11.272,-11.2,-6.44,-77.98,0,0,DCHG, ,
32579.4,1,1,1,1,4,23215.0,-1,11.271,-11.2,-6.44,-78,0,0,DCHG, ,
32584.4,1,1,1,1,4,23220.0,-1,11.271,-11.2,-6.44,-78.01,0,0,DCHG, ,
32589.4,1,1,1,1,4,23225.0,-1,11.27,-11.2,-6.44,-78.03,0,0,DCHG, ,
32594.4,1,1,1,1,4,23230.0,-1,11.269,-11.2,-6.44,-78.04,0,0,DCHG, ,
32599.4,1,1,1,1,4,23235.0,-0.99,11.269,-11.1,-6.44,-78.06,0,0,DCHG, ,
32604.4,1,1,1,1,4,23240.0,-1,11.268,-11.2,-6.45,-78.08,0,0,DCHG, ,
32609.4,1,1,1,1,4,23245.0,-1,11.267,-11.2,-6.45,-78.09,0,0,DCHG, ,
32614.4,1,1,1,1,4,23250.0,-1,11.267,-11.2,-6.45,-78.11,0,0,DCHG, ,
32619.4,1,1,1,1,4,23255.0,-1,11.266,-11.2,-6.45,-78.12,0,0,DCHG, ,
32624.4,1,1,1,1,4,23260.0,-1,11.265,-11.2,-6.45,-78.14,0,0,DCHG, ,
32629.4,1,1,1,1,4,23265.0,-1,11.264,-11.2,-6.45,-78.15,0,0,DCHG, ,
32634.4,1,1,1,1,4,23270.0,-1,11.264,-11.2,-6.45,-78.17,0,0,DCHG, ,
32639.4,1,1,1,1,4,23275.0,-1,11.264,-11.2,-6.46,-78.18,0,0,DCHG, ,
32644.4,1,1,1,1,4,23280.0,-1,11.263,-11.2,-6.46,-78.2,0,0,DCHG, ,
32649.4,1,1,1,1,4,23285.0,-1,11.262,-11.2,-6.46,-78.22,0,0,DCHG, ,
32654.4,1,1,1,1,4,23290.0,-1,11.261,-11.2,-6.46,-78.23,0,0,DCHG, ,
32659.4,1,1,1,1,4,23295.0,-1,11.261,-11.2,-6.46,-78.25,0,0,DCHG, ,
32664.4,1,1,1,1,4,23300.0,-1,11.26,-11.2,-6.46,-78.26,0,0,DCHG, ,
32669.4,1,1,1,1,4,23305.0,-0.99,11.259,-11.1,-6.46,-78.28,0,0,DCHG, ,
32674.4,1,1,1,1,4,23310.0,-1,11.259,-11.2,-6.46,-78.29,0,0,DCHG, ,
32679.4,1,1,1,1,4,23315.0,-1,11.258,-11.2,-6.47,-78.31,0,0,DCHG, ,
32684.4,1,1,1,1,4,23320.0,-1,11.258,-11.2,-6.47,-78.32,0,0,DCHG, ,
32689.4,1,1,1,1,4,23325.0,-1,11.256,-11.2,-6.47,-78.34,0,0,DCHG, ,
32694.4,1,1,1,1,4,23330.0,-1,11.256,-11.2,-6.47,-78.35,0,0,DCHG, ,
32699.4,1,1,1,1,4,23335.0,-1,11.255,-11.2,-6.47,-78.37,0,0,DCHG, ,
32704.4,1,1,1,1,4,23340.0,-1,11.255,-11.2,-6.47,-78.39,0,0,DCHG, ,
32709.4,1,1,1,1,4,23345.0,-1,11.254,-11.2,-6.47,-78.4,0,0,DCHG, ,
32714.4,1,1,1,1,4,23350.0,-1,11.253,-11.2,-6.48,-78.42,0,0,DCHG, ,
32719.4,1,1,1,1,4,23355.0,-1,11.253,-11.2,-6.48,-78.43,0,0,DCHG, ,
32724.4,1,1,1,1,4,23360.0,-1,11.252,-11.2,-6.48,-78.45,0,0,DCHG, ,
32729.4,1,1,1,1,4,23365.0,-1,11.251,-11.2,-6.48,-78.46,0,0,DCHG, ,
32734.4,1,1,1,1,4,23370.0,-1,11.251,-11.2,-6.48,-78.48,0,0,DCHG, ,
32739.4,1,1,1,1,4,23375.0,-1,11.25,-11.2,-6.48,-78.49,0,0,DCHG, ,
32744.4,1,1,1,1,4,23380.0,-1,11.249,-11.2,-6.48,-78.51,0,0,DCHG, ,
32749.4,1,1,1,1,4,23385.0,-1,11.248,-11.2,-6.49,-78.53,0,0,DCHG, ,
32754.4,1,1,1,1,4,23390.0,-1,11.248,-11.2,-6.49,-78.54,0,0,DCHG, ,
32759.4,1,1,1,1,4,23395.0,-1,11.247,-11.2,-6.49,-78.56,0,0,DCHG, ,
32764.4,1,1,1,1,4,23400.0,-1,11.247,-11.2,-6.49,-78.57,0,0,DCHG, ,
32769.4,1,1,1,1,4,23405.0,-1,11.246,-11.2,-6.49,-78.59,0,0,DCHG, ,
32774.4,1,1,1,1,4,23410.0,-1,11.245,-11.2,-6.49,-78.6,0,0,DCHG, ,
32779.4,1,1,1,1,4,23415.0,-1,11.245,-11.2,-6.49,-78.62,0,0,DCHG, ,
32784.4,1,1,1,1,4,23420.0,-1,11.244,-11.2,-6.5,-78.63,0,0,DCHG, ,
32789.4,1,1,1,1,4,23425.0,-1,11.243,-11.2,-6.5,-78.65,0,0,DCHG, ,
32794.4,1,1,1,1,4,23430.0,-1,11.243,-11.2,-6.5,-78.67,0,0,DCHG, ,
32799.4,1,1,1,1,4,23435.0,-1,11.242,-11.2,-6.5,-78.68,0,0,DCHG, ,
32804.4,1,1,1,1,4,23440.0,-1,11.241,-11.2,-6.5,-78.7,0,0,DCHG, ,
32809.4,1,1,1,1,4,23445.0,-1,11.24,-11.2,-6.5,-78.71,0,0,DCHG, ,
32814.4,1,1,1,1,4,23450.0,-0.99,11.239,-11.1,-6.5,-78.73,0,0,DCHG, ,
32819.4,1,1,1,1,4,23455.0,-1,11.239,-11.2,-6.51,-78.74,0,0,DCHG, ,
32824.4,1,1,1,1,4,23460.0,-1,11.238,-11.2,-6.51,-78.76,0,0,DCHG, ,
32829.4,1,1,1,1,4,23465.0,-1,11.237,-11.2,-6.51,-78.77,0,0,DCHG, ,
32834.4,1,1,1,1,4,23470.0,-1,11.237,-11.2,-6.51,-78.79,0,0,DCHG, ,
32839.4,1,1,1,1,4,23475.0,-1,11.236,-11.2,-6.51,-78.81,0,0,DCHG, ,
32844.4,1,1,1,1,4,23480.0,-1,11.235,-11.2,-6.51,-78.82,0,0,DCHG, ,
32849.4,1,1,1,1,4,23485.0,-1,11.234,-11.2,-6.51,-78.84,0,0,DCHG, ,
32854.4,1,1,1,1,4,23490.0,-1,11.234,-11.2,-6.51,-78.85,0,0,DCHG, ,
32859.4,1,1,1,1,4,23495.0,-1,11.233,-11.2,-6.52,-78.87,0,0,DCHG, ,
32864.4,1,1,1,1,4,23500.0,-0.99,11.232,-11.1,-6.52,-78.88,0,0,DCHG, ,
32869.4,1,1,1,1,4,23505.0,-1,11.232,-11.2,-6.52,-78.9,0,0,DCHG, ,
32874.4,1,1,1,1,4,23510.0,-1,11.23,-11.2,-6.52,-78.91,0,0,DCHG, ,
32879.4,1,1,1,1,4,23515.0,-1,11.23,-11.2,-6.52,-78.93,0,0,DCHG, ,
32884.4,1,1,1,1,4,23520.0,-1,11.229,-11.2,-6.52,-78.95,0,0,DCHG, ,
32889.4,1,1,1,1,4,23525.0,-1,11.228,-11.2,-6.52,-78.96,0,0,DCHG, ,
32894.4,1,1,1,1,4,23530.0,-1,11.228,-11.2,-6.53,-78.98,0,0,DCHG, ,
32899.4,1,1,1,1,4,23535.0,-1,11.227,-11.2,-6.53,-78.99,0,0,DCHG, ,
32904.4,1,1,1,1,4,23540.0,-1,11.226,-11.2,-6.53,-79.01,0,0,DCHG, ,
32909.4,1,1,1,1,4,23545.0,-1,11.226,-11.2,-6.53,-79.02,0,0,DCHG, ,
32914.4,1,1,1,1,4,23550.0,-1,11.225,-11.2,-6.53,-79.04,0,0,DCHG, ,
32919.4,1,1,1,1,4,23555.0,-1,11.224,-11.2,-6.53,-79.05,0,0,DCHG, ,
32924.4,1,1,1,1,4,23560.0,-1,11.223,-11.2,-6.53,-79.07,0,0,DCHG, ,
32929.4,1,1,1,1,4,23565.0,-1,11.223,-11.2,-6.54,-79.09,0,0,DCHG, ,
32934.4,1,1,1,1,4,23570.0,-1,11.222,-11.2,-6.54,-79.1,0,0,DCHG, ,
32939.4,1,1,1,1,4,23575.0,-1,11.222,-11.2,-6.54,-79.12,0,0,DCHG, ,
32944.4,1,1,1,1,4,23580.0,-1,11.221,-11.2,-6.54,-79.13,0,0,DCHG, ,
32949.4,1,1,1,1,4,23585.0,-1,11.22,-11.2,-6.54,-79.15,0,0,DCHG, ,
32954.4,1,1,1,1,4,23590.0,-1,11.219,-11.2,-6.54,-79.16,0,0,DCHG, ,
32959.4,1,1,1,1,4,23595.0,-1,11.218,-11.2,-6.54,-79.18,0,0,DCHG, ,
32964.4,1,1,1,1,4,23600.0,-1,11.218,-11.2,-6.55,-79.19,0,0,DCHG, ,
32969.4,1,1,1,1,4,23605.0,-1,11.217,-11.2,-6.55,-79.21,0,0,DCHG, ,
32974.4,1,1,1,1,4,23610.0,-1,11.216,-11.2,-6.55,-79.23,0,0,DCHG, ,
32979.4,1,1,1,1,4,23615.0,-1,11.216,-11.2,-6.55,-79.24,0,0,DCHG, ,
32984.4,1,1,1,1,4,23620.0,-1,11.215,-11.2,-6.55,-79.26,0,0,DCHG, ,
32989.4,1,1,1,1,4,23625.0,-1,11.214,-11.2,-6.55,-79.27,0,0,DCHG, ,
32994.4,1,1,1,1,4,23630.0,-1,11.213,-11.2,-6.55,-79.29,0,0,DCHG, ,
32999.4,1,1,1,1,4,23635.0,-1,11.212,-11.1,-6.56,-79.3,0,0,DCHG, ,
33004.4,1,1,1,1,4,23640.0,-1,11.212,-11.1,-6.56,-79.32,0,0,DCHG, ,
33009.4,1,1,1,1,4,23645.0,-1,11.211,-11.1,-6.56,-79.33,0,0,DCHG, ,
33014.4,1,1,1,1,4,23650.0,-0.99,11.21,-11.1,-6.56,-79.35,0,0,DCHG, ,
33019.4,1,1,1,1,4,23655.0,-1,11.209,-11.1,-6.56,-79.36,0,0,DCHG, ,
33024.4,1,1,1,1,4,23660.0,-1,11.209,-11.2,-6.56,-79.38,0,0,DCHG, ,
33029.4,1,1,1,1,4,23665.0,-1,11.208,-11.1,-6.56,-79.4,0,0,DCHG, ,
33034.4,1,1,1,1,4,23670.0,-1,11.207,-11.1,-6.56,-79.41,0,0,DCHG, ,
33039.4,1,1,1,1,4,23675.0,-1,11.206,-11.2,-6.57,-79.43,0,0,DCHG, ,
33044.4,1,1,1,1,4,23680.0,-1,11.205,-11.1,-6.57,-79.44,0,0,DCHG, ,
33049.4,1,1,1,1,4,23685.0,-1,11.204,-11.1,-6.57,-79.46,0,0,DCHG, ,
33054.4,1,1,1,1,4,23690.0,-1,11.204,-11.1,-6.57,-79.47,0,0,DCHG, ,
33059.4,1,1,1,1,4,23695.0,-1,11.203,-11.1,-6.57,-79.49,0,0,DCHG, ,
33064.4,1,1,1,1,4,23700.0,-1,11.202,-11.1,-6.57,-79.5,0,0,DCHG, ,
33069.4,1,1,1,1,4,23705.0,-1,11.201,-11.2,-6.57,-79.52,0,0,DCHG, ,
33074.4,1,1,1,1,4,23710.0,-1,11.201,-11.1,-6.58,-79.53,0,0,DCHG, ,
33079.4,1,1,1,1,4,23715.0,-1,11.2,-11.1,-6.58,-79.55,0,0,DCHG, ,
33084.4,1,1,1,1,4,23720.0,-1,11.199,-11.1,-6.58,-79.57,0,0,DCHG, ,
33089.4,1,1,1,1,4,23725.0,-1,11.198,-11.1,-6.58,-79.58,0,0,DCHG, ,
33094.4,1,1,1,1,4,23730.0,-0.99,11.198,-11,-6.58,-79.6,0,0,DCHG, ,
33099.4,1,1,1,1,4,23735.0,-1,11.197,-11.1,-6.58,-79.61,0,0,DCHG, ,
33104.4,1,1,1,1,4,23740.0,-1,11.196,-11.1,-6.58,-79.63,0,0,DCHG, ,
33109.4,1,1,1,1,4,23745.0,-1,11.195,-11.1,-6.59,-79.64,0,0,DCHG, ,
33114.4,1,1,1,1,4,23750.0,-1,11.195,-11.1,-6.59,-79.66,0,0,DCHG, ,
33119.4,1,1,1,1,4,23755.0,-1,11.194,-11.1,-6.59,-79.67,0,0,DCHG, ,
33124.4,1,1,1,1,4,23760.0,-1,11.193,-11.1,-6.59,-79.69,0,0,DCHG, ,
33129.4,1,1,1,1,4,23765.0,-1,11.192,-11.1,-6.59,-79.7,0,0,DCHG, ,
33134.4,1,1,1,1,4,23770.0,-1,11.192,-11.1,-6.59,-79.72,0,0,DCHG, ,
33139.4,1,1,1,1,4,23775.0,-1,11.191,-11.1,-6.59,-79.74,0,0,DCHG, ,
33144.4,1,1,1,1,4,23780.0,-1,11.19,-11.1,-6.6,-79.75,0,0,DCHG, ,
33149.4,1,1,1,1,4,23785.0,-1,11.189,-11.1,-6.6,-79.77,0,0,DCHG, ,
33154.4,1,1,1,1,4,23790.0,-1,11.188,-11.1,-6.6,-79.78,0,0,DCHG, ,
33159.4,1,1,1,1,4,23795.0,-1,11.187,-11.1,-6.6,-79.8,0,0,DCHG, ,
33164.4,1,1,1,1,4,23800.0,-0.99,11.187,-11,-6.6,-79.81,0,0,DCHG, ,
33169.4,1,1,1,1,4,23805.0,-1,11.185,-11.1,-6.6,-79.83,0,0,DCHG, ,
33174.4,1,1,1,1,4,23810.0,-1,11.185,-11.1,-6.6,-79.84,0,0,DCHG, ,
33179.4,1,1,1,1,4,23815.0,-1,11.184,-11.1,-6.61,-79.86,0,0,DCHG, ,
33184.4,1,1,1,1,4,23820.0,-1,11.184,-11.1,-6.61,-79.87,0,0,DCHG, ,
33189.4,1,1,1,1,4,23825.0,-0.99,11.183,-11,-6.61,-79.89,0,0,DCHG, ,
33194.4,1,1,1,1,4,23830.0,-1,11.182,-11.1,-6.61,-79.9,0,0,DCHG, ,
33199.4,1,1,1,1,4,23835.0,-1,11.181,-11.1,-6.61,-79.92,0,0,DCHG, ,
33204.4,1,1,1,1,4,23840.0,-1,11.181,-11.1,-6.61,-79.94,0,0,DCHG, ,
33209.4,1,1,1,1,4,23845.0,-1,11.179,-11.1,-6.61,-79.95,0,0,DCHG, ,
33214.4,1,1,1,1,4,23850.0,-1,11.179,-11.1,-6.61,-79.97,0,0,DCHG, ,
33219.4,1,1,1,1,4,23855.0,-1,11.177,-11.1,-6.62,-79.98,0,0,DCHG, ,
33224.4,1,1,1,1,4,23860.0,-1,11.177,-11.1,-6.62,-80,0,0,DCHG, ,
33229.4,1,1,1,1,4,23865.0,-1,11.176,-11.1,-6.62,-80.01,0,0,DCHG, ,
33234.4,1,1,1,1,4,23870.0,-1,11.175,-11.1,-6.62,-80.03,0,0,DCHG, ,
33239.4,1,1,1,1,4,23875.0,-1,11.174,-11.1,-6.62,-80.04,0,0,DCHG, ,
33244.4,1,1,1,1,4,23880.0,-1,11.173,-11.1,-6.62,-80.06,0,0,DCHG, ,
33249.4,1,1,1,1,4,23885.0,-1,11.173,-11.1,-6.62,-80.07,0,0,DCHG, ,
33254.4,1,1,1,1,4,23890.0,-1,11.172,-11.1,-6.63,-80.09,0,0,DCHG, ,
33259.4,1,1,1,1,4,23895.0,-1,11.171,-11.1,-6.63,-80.1,0,0,DCHG, ,
33264.4,1,1,1,1,4,23900.0,-1,11.17,-11.1,-6.63,-80.12,0,0,DCHG, ,
33269.4,1,1,1,1,4,23905.0,-1,11.17,-11.1,-6.63,-80.14,0,0,DCHG, ,
33274.4,1,1,1,1,4,23910.0,-1,11.169,-11.1,-6.63,-80.15,0,0,DCHG, ,
33279.4,1,1,1,1,4,23915.0,-1,11.168,-11.1,-6.63,-80.17,0,0,DCHG, ,
33284.4,1,1,1,1,4,23920.0,-1,11.167,-11.1,-6.63,-80.18,0,0,DCHG, ,
33289.4,1,1,1,1,4,23925.0,-1,11.166,-11.1,-6.64,-80.2,0,0,DCHG, ,
33294.4,1,1,1,1,4,23930.0,-1,11.165,-11.1,-6.64,-80.21,0,0,DCHG, ,
33299.4,1,1,1,1,4,23935.0,-1,11.164,-11.1,-6.64,-80.23,0,0,DCHG, ,
33304.4,1,1,1,1,4,23940.0,-1,11.163,-11.1,-6.64,-80.24,0,0,DCHG, ,
33309.4,1,1,1,1,4,23945.0,-1,11.162,-11.1,-6.64,-80.26,0,0,DCHG, ,
33314.4,1,1,1,1,4,23950.0,-1,11.162,-11.1,-6.64,-80.27,0,0,DCHG, ,
33319.4,1,1,1,1,4,23955.0,-1,11.161,-11.1,-6.64,-80.29,0,0,DCHG, ,
33324.4,1,1,1,1,4,23960.0,-1,11.16,-11.1,-6.65,-80.31,0,0,DCHG, ,
33329.4,1,1,1,1,4,23965.0,-1,11.159,-11.1,-6.65,-80.32,0,0,DCHG, ,
33334.4,1,1,1,1,4,23970.0,-1,11.158,-11.1,-6.65,-80.34,0,0,DCHG, ,
33339.4,1,1,1,1,4,23975.0,-1,11.157,-11.1,-6.65,-80.35,0,0,DCHG, ,
33344.4,1,1,1,1,4,23980.0,-1,11.157,-11.1,-6.65,-80.37,0,0,DCHG, ,
33349.4,1,1,1,1,4,23985.0,-1,11.156,-11.1,-6.65,-80.38,0,0,DCHG, ,
33354.4,1,1,1,1,4,23990.0,-1,11.155,-11.1,-6.65,-80.4,0,0,DCHG, ,
33359.4,1,1,1,1,4,23995.0,-1,11.154,-11.1,-6.65,-80.41,0,0,DCHG, ,
33364.4,1,1,1,1,4,24000.0,-1,11.153,-11.1,-6.66,-80.43,0,0,DCHG, ,
33369.4,1,1,1,1,4,24005.0,-1,11.152,-11.1,-6.66,-80.44,0,0,DCHG, ,
33374.4,1,1,1,1,4,24010.0,-1,11.151,-11.1,-6.66,-80.46,0,0,DCHG, ,
33379.4,1,1,1,1,4,24015.0,-1,11.151,-11.1,-6.66,-80.47,0,0,DCHG, ,
33384.4,1,1,1,1,4,24020.0,-0.99,11.15,-11,-6.66,-80.49,0,0,DCHG, ,
33389.4,1,1,1,1,4,24025.0,-0.99,11.149,-11,-6.66,-80.51,0,0,DCHG, ,
33394.4,1,1,1,1,4,24030.0,-1,11.148,-11.1,-6.66,-80.52,0,0,DCHG, ,
33399.4,1,1,1,1,4,24035.0,-1,11.147,-11.1,-6.67,-80.54,0,0,DCHG, ,
33404.4,1,1,1,1,4,24040.0,-1,11.146,-11.1,-6.67,-80.55,0,0,DCHG, ,
33409.4,1,1,1,1,4,24045.0,-1,11.145,-11.1,-6.67,-80.57,0,0,DCHG, ,
33414.4,1,1,1,1,4,24050.0,-0.99,11.144,-11,-6.67,-80.58,0,0,DCHG, ,
33419.4,1,1,1,1,4,24055.0,-1,11.144,-11.1,-6.67,-80.6,0,0,DCHG, ,
33424.4,1,1,1,1,4,24060.0,-0.99,11.143,-11,-6.67,-80.61,0,0,DCHG, ,
33429.4,1,1,1,1,4,24065.0,-1,11.143,-11.1,-6.67,-80.63,0,0,DCHG, ,
33434.4,1,1,1,1,4,24070.0,-1,11.141,-11.1,-6.68,-80.64,0,0,DCHG, ,
33439.4,1,1,1,1,4,24075.0,-1,11.14,-11.1,-6.68,-80.66,0,0,DCHG, ,
33444.4,1,1,1,1,4,24080.0,-1,11.139,-11.1,-6.68,-80.67,0,0,DCHG, ,
33449.4,1,1,1,1,4,24085.0,-1,11.138,-11.1,-6.68,-80.69,0,0,DCHG, ,
33454.4,1,1,1,1,4,24090.0,-1,11.138,-11.1,-6.68,-80.71,0,0,DCHG, ,
33459.4,1,1,1,1,4,24095.0,-1,11.137,-11.1,-6.68,-80.72,0,0,DCHG, ,
33464.4,1,1,1,1,4,24100.0,-1,11.136,-11.1,-6.68,-80.74,0,0,DCHG, ,
33469.4,1,1,1,1,4,24105.0,-1,11.135,-11.1,-6.69,-80.75,0,0,DCHG, ,
33474.4,1,1,1,1,4,24110.0,-1,11.134,-11.1,-6.69,-80.77,0,0,DCHG, ,
33479.4,1,1,1,1,4,24115.0,-1,11.133,-11.1,-6.69,-80.78,0,0,DCHG, ,
33484.4,1,1,1,1,4,24120.0,-1,11.132,-11.1,-6.69,-80.8,0,0,DCHG, ,
33489.4,1,1,1,1,4,24125.0,-0.99,11.132,-11,-6.69,-80.81,0,0,DCHG, ,
33494.4,1,1,1,1,4,24130.0,-1,11.131,-11.1,-6.69,-80.83,0,0,DCHG, ,
33499.4,1,1,1,1,4,24135.0,-1,11.13,-11.1,-6.69,-80.84,0,0,DCHG, ,
33504.4,1,1,1,1,4,24140.0,-1,11.128,-11.1,-6.7,-80.86,0,0,DCHG, ,
33509.4,1,1,1,1,4,24145.0,-1,11.128,-11.1,-6.7,-80.88,0,0,DCHG, ,
33514.4,1,1,1,1,4,24150.0,-1,11.127,-11.1,-6.7,-80.89,0,0,DCHG, ,
33519.4,1,1,1,1,4,24155.0,-1,11.127,-11.1,-6.7,-80.91,0,0,DCHG, ,
33524.4,1,1,1,1,4,24160.0,-1,11.125,-11.1,-6.7,-80.92,0,0,DCHG, ,
33529.4,1,1,1,1,4,24165.0,-1,11.124,-11.1,-6.7,-80.94,0,0,DCHG, ,
33534.4,1,1,1,1,4,24170.0,-1,11.123,-11.1,-6.7,-80.95,0,0,DCHG, ,
33539.4,1,1,1,1,4,24175.0,-0.99,11.123,-11,-6.7,-80.97,0,0,DCHG, ,
33544.4,1,1,1,1,4,24180.0,-1,11.121,-11.1,-6.71,-80.98,0,0,DCHG, ,
33549.4,1,1,1,1,4,24185.0,-1,11.121,-11.1,-6.71,-81,0,0,DCHG, ,
33554.4,1,1,1,1,4,24190.0,-1,11.12,-11.1,-6.71,-81.01,0,0,DCHG, ,
33559.4,1,1,1,1,4,24195.0,-1,11.118,-11.1,-6.71,-81.03,0,0,DCHG, ,
33564.4,1,1,1,1,4,24200.0,-1,11.117,-11.1,-6.71,-81.04,0,0,DCHG, ,
33569.4,1,1,1,1,4,24205.0,-1,11.117,-11.1,-6.71,-81.06,0,0,DCHG, ,
33574.4,1,1,1,1,4,24210.0,-1,11.116,-11.1,-6.71,-81.08,0,0,DCHG, ,
33579.4,1,1,1,1,4,24215.0,-1,11.115,-11.1,-6.72,-81.09,0,0,DCHG, ,
33584.4,1,1,1,1,4,24220.0,-1,11.114,-11.1,-6.72,-81.11,0,0,DCHG, ,
33589.4,1,1,1,1,4,24225.0,-1,11.113,-11.1,-6.72,-81.12,0,0,DCHG, ,
33594.4,1,1,1,1,4,24230.0,-1,11.112,-11.1,-6.72,-81.14,0,0,DCHG, ,
33599.4,1,1,1,1,4,24235.0,-1,11.111,-11,-6.72,-81.15,0,0,DCHG, ,
33604.4,1,1,1,1,4,24240.0,-1,11.111,-11,-6.72,-81.17,0,0,DCHG, ,
33609.4,1,1,1,1,4,24245.0,-1,11.11,-11,-6.72,-81.18,0,0,DCHG, ,
33614.4,1,1,1,1,4,24250.0,-1,11.109,-11,-6.73,-81.2,0,0,DCHG, ,
33619.4,1,1,1,1,4,24255.0,-1,11.108,-11,-6.73,-81.21,0,0,DCHG, ,
33624.4,1,1,1,1,4,24260.0,-1,11.106,-11,-6.73,-81.23,0,0,DCHG, ,
33629.4,1,1,1,1,4,24265.0,-1,11.105,-11.1,-6.73,-81.24,0,0,DCHG, ,
33634.4,1,1,1,1,4,24270.0,-1,11.105,-11,-6.73,-81.26,0,0,DCHG, ,
33639.4,1,1,1,1,4,24275.0,-1,11.103,-11,-6.73,-81.27,0,0,DCHG, ,
33644.4,1,1,1,1,4,24280.0,-1,11.103,-11.1,-6.73,-81.29,0,0,DCHG, ,
33649.4,1,1,1,1,4,24285.0,-1,11.102,-11,-6.74,-81.31,0,0,DCHG, ,
33654.4,1,1,1,1,4,24290.0,-1,11.101,-11,-6.74,-81.32,0,0,DCHG, ,
33659.4,1,1,1,1,4,24295.0,-1,11.1,-11,-6.74,-81.34,0,0,DCHG, ,
33664.4,1,1,1,1,4,24300.0,-1,11.099,-11,-6.74,-81.35,0,0,DCHG, ,
33669.4,1,1,1,1,4,24305.0,-1,11.098,-11,-6.74,-81.37,0,0,DCHG, ,
33674.4,1,1,1,1,4,24310.0,-1,11.097,-11,-6.74,-81.38,0,0,DCHG, ,
33679.4,1,1,1,1,4,24315.0,-1,11.096,-11,-6.74,-81.4,0,0,DCHG, ,
33684.4,1,1,1,1,4,24320.0,-0.99,11.095,-10.9,-6.75,-81.41,0,0,DCHG, ,
33689.4,1,1,1,1,4,24325.0,-1,11.094,-11,-6.75,-81.43,0,0,DCHG, ,
33694.4,1,1,1,1,4,24330.0,-1,11.093,-11,-6.75,-81.44,0,0,DCHG, ,
33699.4,1,1,1,1,4,24335.0,-0.99,11.092,-10.9,-6.75,-81.46,0,0,DCHG, ,
33704.4,1,1,1,1,4,24340.0,-1,11.091,-11,-6.75,-81.47,0,0,DCHG, ,
33709.4,1,1,1,1,4,24345.0,-1,11.09,-11,-6.75,-81.49,0,0,DCHG, ,
33714.4,1,1,1,1,4,24350.0,-1,11.089,-11,-6.75,-81.5,0,0,DCHG, ,
33719.4,1,1,1,1,4,24355.0,-1,11.088,-11,-6.75,-81.52,0,0,DCHG, ,
33724.4,1,1,1,1,4,24360.0,-1,11.087,-11,-6.76,-81.53,0,0,DCHG, ,
33729.4,1,1,1,1,4,24365.0,-1,11.086,-11,-6.76,-81.55,0,0,DCHG, ,
33734.4,1,1,1,1,4,24370.0,-1,11.085,-11,-6.76,-81.57,0,0,DCHG, ,
33739.4,1,1,1,1,4,24375.0,-1,11.084,-11,-6.76,-81.58,0,0,DCHG, ,
33744.4,1,1,1,1,4,24380.0,-1,11.083,-11,-6.76,-81.6,0,0,DCHG, ,
33749.4,1,1,1,1,4,24385.0,-1,11.082,-11,-6.76,-81.61,0,0,DCHG, ,
33754.4,1,1,1,1,4,24390.0,-1,11.081,-11,-6.76,-81.63,0,0,DCHG, ,
33759.4,1,1,1,1,4,24395.0,-1,11.08,-11,-6.77,-81.64,0,0,DCHG, ,
33764.4,1,1,1,1,4,24400.0,-1,11.079,-11,-6.77,-81.66,0,0,DCHG, ,
33769.4,1,1,1,1,4,24405.0,-1,11.078,-11,-6.77,-81.67,0,0,DCHG, ,
33774.4,1,1,1,1,4,24410.0,-1,11.076,-11,-6.77,-81.69,0,0,DCHG, ,
33779.4,1,1,1,1,4,24415.0,-1,11.075,-11,-6.77,-81.7,0,0,DCHG, ,
33784.4,1,1,1,1,4,24420.0,-1,11.075,-11,-6.77,-81.72,0,0,DCHG, ,
33789.4,1,1,1,1,4,24425.0,-1,11.073,-11,-6.77,-81.73,0,0,DCHG, ,
33794.4,1,1,1,1,4,24430.0,-1,11.072,-11,-6.78,-81.75,0,0,DCHG, ,
33799.4,1,1,1,1,4,24435.0,-0.99,11.072,-10.9,-6.78,-81.76,0,0,DCHG, ,
33804.4,1,1,1,1,4,24440.0,-1,11.07,-11,-6.78,-81.78,0,0,DCHG, ,
33809.4,1,1,1,1,4,24445.0,-1,11.07,-11,-6.78,-81.79,0,0,DCHG, ,
33814.4,1,1,1,1,4,24450.0,-1,11.068,-11,-6.78,-81.81,0,0,DCHG, ,
33819.4,1,1,1,1,4,24455.0,-1,11.068,-11,-6.78,-81.82,0,0,DCHG, ,
33824.4,1,1,1,1,4,24460.0,-1,11.067,-11,-6.78,-81.84,0,0,DCHG, ,
33829.4,1,1,1,1,4,24465.0,-1,11.065,-11,-6.79,-81.86,0,0,DCHG, ,
33834.4,1,1,1,1,4,24470.0,-1,11.064,-11,-6.79,-81.87,0,0,DCHG, ,
33839.4,1,1,1,1,4,24475.0,-1,11.063,-11,-6.79,-81.89,0,0,DCHG, ,
33844.4,1,1,1,1,4,24480.0,-1,11.062,-11,-6.79,-81.9,0,0,DCHG, ,
33849.4,1,1,1,1,4,24485.0,-1,11.061,-11,-6.79,-81.92,0,0,DCHG, ,
33854.4,1,1,1,1,4,24490.0,-1,11.06,-11,-6.79,-81.93,0,0,DCHG, ,
33859.4,1,1,1,1,4,24495.0,-1,11.059,-11,-6.79,-81.95,0,0,DCHG, ,
33864.4,1,1,1,1,4,24500.0,-1,11.058,-11,-6.8,-81.96,0,0,DCHG, ,
33869.4,1,1,1,1,4,24505.0,-1,11.056,-11,-6.8,-81.98,0,0,DCHG, ,
33874.4,1,1,1,1,4,24510.0,-1,11.056,-11,-6.8,-81.99,0,0,DCHG, ,
33879.4,1,1,1,1,4,24515.0,-0.99,11.055,-10.9,-6.8,-82.01,0,0,DCHG, ,
33884.4,1,1,1,1,4,24520.0,-1,11.054,-11,-6.8,-82.02,0,0,DCHG, ,
33889.4,1,1,1,1,4,24525.0,-1,11.053,-11,-6.8,-82.04,0,0,DCHG, ,
33894.4,1,1,1,1,4,24530.0,-1,11.051,-11,-6.8,-82.05,0,0,DCHG, ,
33899.4,1,1,1,1,4,24535.0,-1,11.05,-11,-6.8,-82.07,0,0,DCHG, ,
33904.4,1,1,1,1,4,24540.0,-0.99,11.049,-10.9,-6.81,-82.08,0,0,DCHG, ,
33909.4,1,1,1,1,4,24545.0,-1,11.048,-11,-6.81,-82.1,0,0,DCHG, ,
33914.4,1,1,1,1,4,24550.0,-1,11.047,-11,-6.81,-82.11,0,0,DCHG, ,
33919.4,1,1,1,1,4,24555.0,-1,11.046,-11,-6.81,-82.13,0,0,DCHG, ,
33924.4,1,1,1,1,4,24560.0,-1,11.045,-11,-6.81,-82.15,0,0,DCHG, ,
33929.4,1,1,1,1,4,24565.0,-1,11.043,-11,-6.81,-82.16,0,0,DCHG, ,
33934.4,1,1,1,1,4,24570.0,-1,11.042,-11,-6.81,-82.18,0,0,DCHG, ,
33939.4,1,1,1,1,4,24575.0,-1,11.042,-11,-6.82,-82.19,0,0,DCHG, ,
33944.4,1,1,1,1,4,24580.0,-1,11.04,-11,-6.82,-82.21,0,0,DCHG, ,
33949.4,1,1,1,1,4,24585.0,-0.99,11.04,-10.9,-6.82,-82.22,0,0,DCHG, ,
33954.4,1,1,1,1,4,24590.0,-1,11.038,-11,-6.82,-82.24,0,0,DCHG, ,
33959.4,1,1,1,1,4,24595.0,-1,11.037,-11,-6.82,-82.25,0,0,DCHG, ,
33964.4,1,1,1,1,4,24600.0,-1,11.036,-11,-6.82,-82.27,0,0,DCHG, ,
33969.4,1,1,1,1,4,24605.0,-0.99,11.035,-10.9,-6.82,-82.28,0,0,DCHG, ,
33974.4,1,1,1,1,4,24610.0,-0.99,11.034,-10.9,-6.83,-82.3,0,0,DCHG, ,
33979.4,1,1,1,1,4,24615.0,-1,11.032,-11,-6.83,-82.31,0,0,DCHG, ,
33984.4,1,1,1,1,4,24620.0,-1,11.031,-11,-6.83,-82.33,0,0,DCHG, ,
33989.4,1,1,1,1,4,24625.0,-1,11.03,-11,-6.83,-82.34,0,0,DCHG, ,
33994.4,1,1,1,1,4,24630.0,-1,11.029,-11,-6.83,-82.36,0,0,DCHG, ,
33999.4,1,1,1,1,4,24635.0,-1,11.028,-11,-6.83,-82.37,0,0,DCHG, ,
34004.4,1,1,1,1,4,24640.0,-1,11.027,-11,-6.83,-82.39,0,0,DCHG, ,
34009.4,1,1,1,1,4,24645.0,-1,11.026,-11,-6.84,-82.4,0,0,DCHG, ,
34014.4,1,1,1,1,4,24650.0,-1,11.025,-11,-6.84,-82.42,0,0,DCHG, ,
34019.4,1,1,1,1,4,24655.0,-1,11.023,-11,-6.84,-82.44,0,0,DCHG, ,
34024.4,1,1,1,1,4,24660.0,-1,11.022,-11,-6.84,-82.45,0,0,DCHG, ,
34029.4,1,1,1,1,4,24665.0,-0.99,11.021,-10.9,-6.84,-82.47,0,0,DCHG, ,
34034.4,1,1,1,1,4,24670.0,-1,11.02,-11,-6.84,-82.48,0,0,DCHG, ,
34039.4,1,1,1,1,4,24675.0,-1,11.018,-11,-6.84,-82.5,0,0,DCHG, ,
34044.4,1,1,1,1,4,24680.0,-1,11.017,-11,-6.85,-82.51,0,0,DCHG, ,
34049.4,1,1,1,1,4,24685.0,-1,11.016,-11,-6.85,-82.53,0,0,DCHG, ,
34054.4,1,1,1,1,4,24690.0,-1,11.015,-11,-6.85,-82.54,0,0,DCHG, ,
34059.4,1,1,1,1,4,24695.0,-1,11.013,-11,-6.85,-82.56,0,0,DCHG, ,
34064.4,1,1,1,1,4,24700.0,-0.99,11.012,-10.9,-6.85,-82.57,0,0,DCHG, ,
34069.4,1,1,1,1,4,24705.0,-1,11.011,-10.9,-6.85,-82.59,0,0,DCHG, ,
34074.4,1,1,1,1,4,24710.0,-1,11.009,-10.9,-6.85,-82.6,0,0,DCHG, ,
34079.4,1,1,1,1,4,24715.0,-1,11.009,-10.9,-6.85,-82.62,0,0,DCHG, ,
34084.4,1,1,1,1,4,24720.0,-1,11.008,-10.9,-6.86,-82.63,0,0,DCHG, ,
34089.4,1,1,1,1,4,24725.0,-1,11.007,-10.9,-6.86,-82.65,0,0,DCHG, ,
34094.4,1,1,1,1,4,24730.0,-1,11.005,-10.9,-6.86,-82.66,0,0,DCHG, ,
34099.4,1,1,1,1,4,24735.0,-1,11.004,-10.9,-6.86,-82.68,0,0,DCHG, ,
34104.4,1,1,1,1,4,24740.0,-1,11.003,-10.9,-6.86,-82.69,0,0,DCHG, ,
34109.4,1,1,1,1,4,24745.0,-1,11.002,-10.9,-6.86,-82.71,0,0,DCHG, ,
34114.4,1,1,1,1,4,24750.0,-1,11.001,-10.9,-6.86,-82.72,0,0,DCHG, ,
34119.4,1,1,1,1,4,24755.0,-1,10.999,-10.9,-6.87,-82.74,0,0,DCHG, ,
34124.4,1,1,1,1,4,24760.0,-1,10.998,-10.9,-6.87,-82.75,0,0,DCHG, ,
34129.4,1,1,1,1,4,24765.0,-1,10.997,-10.9,-6.87,-82.77,0,0,DCHG, ,
34134.4,1,1,1,1,4,24770.0,-1,10.995,-10.9,-6.87,-82.78,0,0,DCHG, ,
34139.4,1,1,1,1,4,24775.0,-1,10.994,-10.9,-6.87,-82.8,0,0,DCHG, ,
34144.4,1,1,1,1,4,24780.0,-1,10.993,-10.9,-6.87,-82.82,0,0,DCHG, ,
34149.4,1,1,1,1,4,24785.0,-0.99,10.992,-10.9,-6.87,-82.83,0,0,DCHG, ,
34154.4,1,1,1,1,4,24790.0,-1,10.991,-10.9,-6.88,-82.85,0,0,DCHG, ,
34159.4,1,1,1,1,4,24795.0,-1,10.989,-10.9,-6.88,-82.86,0,0,DCHG, ,
34164.4,1,1,1,1,4,24800.0,-1,10.988,-10.9,-6.88,-82.88,0,0,DCHG, ,
34169.4,1,1,1,1,4,24805.0,-1,10.987,-10.9,-6.88,-82.89,0,0,DCHG, ,
34174.4,1,1,1,1,4,24810.0,-1,10.986,-10.9,-6.88,-82.91,0,0,DCHG, ,
34179.4,1,1,1,1,4,24815.0,-1,10.984,-10.9,-6.88,-82.92,0,0,DCHG, ,
34184.4,1,1,1,1,4,24820.0,-1,10.983,-10.9,-6.88,-82.94,0,0,DCHG, ,
34189.4,1,1,1,1,4,24825.0,-1,10.982,-10.9,-6.89,-82.95,0,0,DCHG, ,
34194.4,1,1,1,1,4,24830.0,-1,10.98,-10.9,-6.89,-82.97,0,0,DCHG, ,
34199.4,1,1,1,1,4,24835.0,-1,10.979,-10.9,-6.89,-82.98,0,0,DCHG, ,
34204.4,1,1,1,1,4,24840.0,-1,10.978,-10.9,-6.89,-83,0,0,DCHG, ,
34209.4,1,1,1,1,4,24845.0,-1,10.977,-10.9,-6.89,-83.01,0,0,DCHG, ,
34214.4,1,1,1,1,4,24850.0,-1,10.975,-10.9,-6.89,-83.03,0,0,DCHG, ,
34219.4,1,1,1,1,4,24855.0,-1,10.974,-10.9,-6.89,-83.04,0,0,DCHG, ,
34224.4,1,1,1,1,4,24860.0,-1,10.972,-10.9,-6.9,-83.06,0,0,DCHG, ,
34229.4,1,1,1,1,4,24865.0,-1,10.971,-10.9,-6.9,-83.07,0,0,DCHG, ,
34234.4,1,1,1,1,4,24870.0,-1,10.97,-10.9,-6.9,-83.09,0,0,DCHG, ,
34239.4,1,1,1,1,4,24875.0,-1,10.968,-10.9,-6.9,-83.1,0,0,DCHG, ,
34244.4,1,1,1,1,4,24880.0,-1,10.967,-10.9,-6.9,-83.12,0,0,DCHG, ,
34249.4,1,1,1,1,4,24885.0,-1,10.966,-10.9,-6.9,-83.13,0,0,DCHG, ,
34254.4,1,1,1,1,4,24890.0,-1,10.964,-10.9,-6.9,-83.15,0,0,DCHG, ,
34259.4,1,1,1,1,4,24895.0,-1,10.963,-10.9,-6.9,-83.16,0,0,DCHG, ,
34264.4,1,1,1,1,4,24900.0,-1,10.962,-10.9,-6.91,-83.18,0,0,DCHG, ,
34269.4,1,1,1,1,4,24905.0,-1,10.961,-10.9,-6.91,-83.19,0,0,DCHG, ,
34274.4,1,1,1,1,4,24910.0,-1,10.959,-10.9,-6.91,-83.21,0,0,DCHG, ,
34279.4,1,1,1,1,4,24915.0,-1,10.958,-10.9,-6.91,-83.22,0,0,DCHG, ,
34284.4,1,1,1,1,4,24920.0,-1,10.956,-10.9,-6.91,-83.24,0,0,DCHG, ,
34289.4,1,1,1,1,4,24925.0,-1,10.955,-10.9,-6.91,-83.25,0,0,DCHG, ,
34294.4,1,1,1,1,4,24930.0,-1,10.953,-10.9,-6.91,-83.27,0,0,DCHG, ,
34299.4,1,1,1,1,4,24935.0,-1,10.952,-10.9,-6.92,-83.28,0,0,DCHG, ,
34304.4,1,1,1,1,4,24940.0,-1,10.951,-10.9,-6.92,-83.3,0,0,DCHG, ,
34309.4,1,1,1,1,4,24945.0,-1,10.95,-10.9,-6.92,-83.31,0,0,DCHG, ,
34314.4,1,1,1,1,4,24950.0,-1,10.948,-10.9,-6.92,-83.33,0,0,DCHG, ,
34319.4,1,1,1,1,4,24955.0,-1,10.947,-10.9,-6.92,-83.34,0,0,DCHG, ,
34324.4,1,1,1,1,4,24960.0,-1,10.945,-10.9,-6.92,-83.36,0,0,DCHG, ,
34329.4,1,1,1,1,4,24965.0,-1,10.944,-10.9,-6.92,-83.37,0,0,DCHG, ,
34334.4,1,1,1,1,4,24970.0,-1,10.942,-10.9,-6.93,-83.39,0,0,DCHG, ,
34339.4,1,1,1,1,4,24975.0,-1,10.941,-10.9,-6.93,-83.41,0,0,DCHG, ,
34344.4,1,1,1,1,4,24980.0,-1,10.939,-10.9,-6.93,-83.42,0,0,DCHG, ,
34349.4,1,1,1,1,4,24985.0,-1,10.938,-10.9,-6.93,-83.44,0,0,DCHG, ,
34354.4,1,1,1,1,4,24990.0,-1,10.936,-10.9,-6.93,-83.45,0,0,DCHG, ,
34359.4,1,1,1,1,4,24995.0,-1,10.935,-10.9,-6.93,-83.47,0,0,DCHG, ,
34364.4,1,1,1,1,4,25000.0,-1,10.933,-10.9,-6.93,-83.48,0,0,DCHG, ,
34369.4,1,1,1,1,4,25005.0,-1,10.932,-10.9,-6.94,-83.5,0,0,DCHG, ,
34374.4,1,1,1,1,4,25010.0,-1,10.931,-10.9,-6.94,-83.51,0,0,DCHG, ,
34379.4,1,1,1,1,4,25015.0,-1,10.929,-10.9,-6.94,-83.53,0,0,DCHG, ,
34384.4,1,1,1,1,4,25020.0,-1,10.928,-10.9,-6.94,-83.54,0,0,DCHG, ,
34389.4,1,1,1,1,4,25025.0,-1,10.926,-10.9,-6.94,-83.56,0,0,DCHG, ,
34394.4,1,1,1,1,4,25030.0,-1,10.925,-10.9,-6.94,-83.57,0,0,DCHG, ,
34399.4,1,1,1,1,4,25035.0,-0.99,10.923,-10.8,-6.94,-83.59,0,0,DCHG, ,
34404.4,1,1,1,1,4,25040.0,-0.99,10.922,-10.8,-6.95,-83.6,0,0,DCHG, ,
34409.4,1,1,1,1,4,25045.0,-1,10.92,-10.9,-6.95,-83.62,0,0,DCHG, ,
34414.4,1,1,1,1,4,25050.0,-1,10.919,-10.9,-6.95,-83.63,0,0,DCHG, ,
34419.4,1,1,1,1,4,25055.0,-1,10.917,-10.9,-6.95,-83.65,0,0,DCHG, ,
34424.4,1,1,1,1,4,25060.0,-1,10.916,-10.9,-6.95,-83.66,0,0,DCHG, ,
34429.4,1,1,1,1,4,25065.0,-1,10.914,-10.9,-6.95,-83.68,0,0,DCHG, ,
34434.4,1,1,1,1,4,25070.0,-1,10.913,-10.9,-6.95,-83.69,0,0,DCHG, ,
34439.4,1,1,1,1,4,25075.0,-1,10.911,-10.9,-6.95,-83.71,0,0,DCHG, ,
34444.4,1,1,1,1,4,25080.0,-1,10.91,-10.8,-6.96,-83.72,0,0,DCHG, ,
34449.4,1,1,1,1,4,25085.0,-1,10.908,-10.8,-6.96,-83.74,0,0,DCHG, ,
34454.4,1,1,1,1,4,25090.0,-1,10.907,-10.8,-6.96,-83.75,0,0,DCHG, ,
34459.4,1,1,1,1,4,25095.0,-1,10.906,-10.8,-6.96,-83.77,0,0,DCHG, ,
34464.4,1,1,1,1,4,25100.0,-1,10.904,-10.8,-6.96,-83.78,0,0,DCHG, ,
34469.4,1,1,1,1,4,25105.0,-0.99,10.902,-10.8,-6.96,-83.8,0,0,DCHG, ,
34474.4,1,1,1,1,4,25110.0,-1,10.901,-10.8,-6.96,-83.81,0,0,DCHG, ,
34479.4,1,1,1,1,4,25115.0,-1,10.899,-10.8,-6.97,-83.83,0,0,DCHG, ,
34484.4,1,1,1,1,4,25120.0,-1,10.898,-10.8,-6.97,-83.84,0,0,DCHG, ,
34489.4,1,1,1,1,4,25125.0,-1,10.896,-10.8,-6.97,-83.86,0,0,DCHG, ,
34494.4,1,1,1,1,4,25130.0,-1,10.895,-10.8,-6.97,-83.87,0,0,DCHG, ,
34499.4,1,1,1,1,4,25135.0,-1,10.893,-10.8,-6.97,-83.89,0,0,DCHG, ,
34504.4,1,1,1,1,4,25140.0,-1,10.891,-10.8,-6.97,-83.9,0,0,DCHG, ,
34509.4,1,1,1,1,4,25145.0,-1,10.89,-10.8,-6.97,-83.92,0,0,DCHG, ,
34514.4,1,1,1,1,4,25150.0,-1,10.888,-10.8,-6.98,-83.93,0,0,DCHG, ,
34519.4,1,1,1,1,4,25155.0,-1,10.886,-10.8,-6.98,-83.95,0,0,DCHG, ,
34524.4,1,1,1,1,4,25160.0,-1,10.884,-10.8,-6.98,-83.96,0,0,DCHG, ,
34529.4,1,1,1,1,4,25165.0,-1,10.883,-10.8,-6.98,-83.98,0,0,DCHG, ,
34534.4,1,1,1,1,4,25170.0,-1,10.881,-10.8,-6.98,-83.99,0,0,DCHG, ,
34539.4,1,1,1,1,4,25175.0,-1,10.879,-10.8,-6.98,-84.01,0,0,DCHG, ,
34544.4,1,1,1,1,4,25180.0,-1,10.878,-10.8,-6.98,-84.02,0,0,DCHG, ,
34549.4,1,1,1,1,4,25185.0,-1,10.876,-10.8,-6.99,-84.04,0,0,DCHG, ,
34554.4,1,1,1,1,4,25190.0,-1,10.875,-10.8,-6.99,-84.05,0,0,DCHG, ,
34559.4,1,1,1,1,4,25195.0,-1,10.873,-10.8,-6.99,-84.07,0,0,DCHG, ,
34564.4,1,1,1,1,4,25200.0,-1,10.871,-10.8,-6.99,-84.08,0,0,DCHG, ,
34569.4,1,1,1,1,4,25205.0,-1,10.869,-10.8,-6.99,-84.1,0,0,DCHG, ,
34574.4,1,1,1,1,4,25210.0,-1,10.867,-10.8,-6.99,-84.11,0,0,DCHG, ,
34579.4,1,1,1,1,4,25215.0,-1,10.866,-10.8,-6.99,-84.13,0,0,DCHG, ,
34584.4,1,1,1,1,4,25220.0,-1,10.864,-10.8,-7,-84.14,0,0,DCHG, ,
34589.4,1,1,1,1,4,25225.0,-1,10.863,-10.8,-7,-84.16,0,0,DCHG, ,
34594.4,1,1,1,1,4,25230.0,-1,10.86,-10.8,-7,-84.17,0,0,DCHG, ,
34599.4,1,1,1,1,4,25235.0,-1,10.859,-10.8,-7,-84.19,0,0,DCHG, ,
34604.4,1,1,1,1,4,25240.0,-1,10.857,-10.8,-7,-84.2,0,0,DCHG, ,
34609.4,1,1,1,1,4,25245.0,-1,10.855,-10.8,-7,-84.22,0,0,DCHG, ,
34614.4,1,1,1,1,4,25250.0,-0.99,10.854,-10.7,-7,-84.23,0,0,DCHG, ,
34619.4,1,1,1,1,4,25255.0,-1,10.852,-10.8,-7,-84.25,0,0,DCHG, ,
34624.4,1,1,1,1,4,25260.0,-1,10.85,-10.8,-7.01,-84.26,0,0,DCHG, ,
34629.4,1,1,1,1,4,25265.0,-1,10.848,-10.8,-7.01,-84.28,0,0,DCHG, ,
34634.4,1,1,1,1,4,25270.0,-1,10.846,-10.8,-7.01,-84.29,0,0,DCHG, ,
34639.4,1,1,1,1,4,25275.0,-1,10.845,-10.8,-7.01,-84.31,0,0,DCHG, ,
34644.4,1,1,1,1,4,25280.0,-1,10.843,-10.8,-7.01,-84.32,0,0,DCHG, ,
34649.4,1,1,1,1,4,25285.0,-1,10.841,-10.8,-7.01,-84.34,0,0,DCHG, ,
34654.4,1,1,1,1,4,25290.0,-1,10.839,-10.8,-7.01,-84.35,0,0,DCHG, ,
34659.4,1,1,1,1,4,25295.0,-1,10.837,-10.8,-7.02,-84.37,0,0,DCHG, ,
34664.4,1,1,1,1,4,25300.0,-1,10.835,-10.8,-7.02,-84.38,0,0,DCHG, ,
34669.4,1,1,1,1,4,25305.0,-1,10.833,-10.8,-7.02,-84.4,0,0,DCHG, ,
34674.4,1,1,1,1,4,25310.0,-1,10.831,-10.8,-7.02,-84.41,0,0,DCHG, ,
34679.4,1,1,1,1,4,25315.0,-1,10.83,-10.8,-7.02,-84.43,0,0,DCHG, ,
34684.4,1,1,1,1,4,25320.0,-1,10.828,-10.8,-7.02,-84.44,0,0,DCHG, ,
34689.4,1,1,1,1,4,25325.0,-1,10.826,-10.8,-7.02,-84.46,0,0,DCHG, ,
34694.4,1,1,1,1,4,25330.0,-1,10.824,-10.8,-7.03,-84.47,0,0,DCHG, ,
34699.4,1,1,1,1,4,25335.0,-1,10.823,-10.8,-7.03,-84.49,0,0,DCHG, ,
34704.4,1,1,1,1,4,25340.0,-1,10.82,-10.8,-7.03,-84.5,0,0,DCHG, ,
34709.4,1,1,1,1,4,25345.0,-1,10.818,-10.8,-7.03,-84.52,0,0,DCHG, ,
34714.4,1,1,1,1,4,25350.0,-1,10.816,-10.8,-7.03,-84.53,0,0,DCHG, ,
34719.4,1,1,1,1,4,25355.0,-1,10.814,-10.8,-7.03,-84.55,0,0,DCHG, ,
34724.4,1,1,1,1,4,25360.0,-1,10.812,-10.8,-7.03,-84.56,0,0,DCHG, ,
34729.4,1,1,1,1,4,25365.0,-1,10.81,-10.8,-7.04,-84.58,0,0,DCHG, ,
34734.4,1,1,1,1,4,25370.0,-1,10.809,-10.8,-7.04,-84.59,0,0,DCHG, ,
34739.4,1,1,1,1,4,25375.0,-1,10.806,-10.7,-7.04,-84.61,0,0,DCHG, ,
34744.4,1,1,1,1,4,25380.0,-1,10.805,-10.7,-7.04,-84.62,0,0,DCHG, ,
34749.4,1,1,1,1,4,25385.0,-1,10.802,-10.8,-7.04,-84.64,0,0,DCHG, ,
34754.4,1,1,1,1,4,25390.0,-0.99,10.8,-10.7,-7.04,-84.65,0,0,DCHG, ,
34759.4,1,1,1,1,4,25395.0,-1,10.799,-10.7,-7.04,-84.67,0,0,DCHG, ,
34764.4,1,1,1,1,4,25400.0,-1,10.796,-10.7,-7.04,-84.68,0,0,DCHG, ,
34769.4,1,1,1,1,4,25405.0,-1,10.794,-10.7,-7.05,-84.7,0,0,DCHG, ,
34774.4,1,1,1,1,4,25410.0,-1,10.793,-10.7,-7.05,-84.71,0,0,DCHG, ,
34779.4,1,1,1,1,4,25415.0,-1,10.79,-10.7,-7.05,-84.73,0,0,DCHG, ,
34784.4,1,1,1,1,4,25420.0,-1,10.788,-10.7,-7.05,-84.74,0,0,DCHG, ,
34789.4,1,1,1,1,4,25425.0,-1,10.786,-10.7,-7.05,-84.76,0,0,DCHG, ,
34794.4,1,1,1,1,4,25430.0,-1,10.784,-10.7,-7.05,-84.77,0,0,DCHG, ,
34799.4,1,1,1,1,4,25435.0,-1,10.782,-10.7,-7.05,-84.79,0,0,DCHG, ,
34804.4,1,1,1,1,4,25440.0,-0.99,10.78,-10.6,-7.06,-84.8,0,0,DCHG, ,
34809.4,1,1,1,1,4,25445.0,-1,10.777,-10.7,-7.06,-84.82,0,0,DCHG, ,
34814.4,1,1,1,1,4,25450.0,-1,10.775,-10.7,-7.06,-84.83,0,0,DCHG, ,
34819.4,1,1,1,1,4,25455.0,-1,10.773,-10.7,-7.06,-84.85,0,0,DCHG, ,
34824.4,1,1,1,1,4,25460.0,-1,10.771,-10.7,-7.06,-84.86,0,0,DCHG, ,
34829.4,1,1,1,1,4,25465.0,-1,10.769,-10.7,-7.06,-84.87,0,0,DCHG, ,
34834.4,1,1,1,1,4,25470.0,-1,10.767,-10.7,-7.06,-84.89,0,0,DCHG, ,
34839.4,1,1,1,1,4,25475.0,-1,10.764,-10.7,-7.07,-84.9,0,0,DCHG, ,
34844.4,1,1,1,1,4,25480.0,-1,10.762,-10.7,-7.07,-84.92,0,0,DCHG, ,
34849.4,1,1,1,1,4,25485.0,-1,10.759,-10.7,-7.07,-84.93,0,0,DCHG, ,
34854.4,1,1,1,1,4,25490.0,-1,10.758,-10.7,-7.07,-84.95,0,0,DCHG, ,
34859.4,1,1,1,1,4,25495.0,-1,10.755,-10.7,-7.07,-84.96,0,0,DCHG, ,
34864.4,1,1,1,1,4,25500.0,-1,10.753,-10.7,-7.07,-84.98,0,0,DCHG, ,
34869.4,1,1,1,1,4,25505.0,-1,10.751,-10.7,-7.07,-84.99,0,0,DCHG, ,
34874.4,1,1,1,1,4,25510.0,-1,10.748,-10.7,-7.08,-85.01,0,0,DCHG, ,
34879.4,1,1,1,1,4,25515.0,-0.99,10.746,-10.6,-7.08,-85.02,0,0,DCHG, ,
34884.4,1,1,1,1,4,25520.0,-1,10.744,-10.7,-7.08,-85.04,0,0,DCHG, ,
34889.4,1,1,1,1,4,25525.0,-1,10.742,-10.7,-7.08,-85.05,0,0,DCHG, ,
34894.4,1,1,1,1,4,25530.0,-1,10.739,-10.7,-7.08,-85.07,0,0,DCHG, ,
34899.4,1,1,1,1,4,25535.0,-1,10.736,-10.7,-7.08,-85.08,0,0,DCHG, ,
34904.4,1,1,1,1,4,25540.0,-1,10.734,-10.7,-7.08,-85.1,0,0,DCHG, ,
34909.4,1,1,1,1,4,25545.0,-1,10.732,-10.7,-7.09,-85.11,0,0,DCHG, ,
34914.4,1,1,1,1,4,25550.0,-1,10.729,-10.7,-7.09,-85.13,0,0,DCHG, ,
34919.4,1,1,1,1,4,25555.0,-1,10.727,-10.7,-7.09,-85.14,0,0,DCHG, ,
34924.4,1,1,1,1,4,25560.0,-1,10.725,-10.7,-7.09,-85.16,0,0,DCHG, ,
34929.4,1,1,1,1,4,25565.0,-1,10.722,-10.7,-7.09,-85.17,0,0,DCHG, ,
34934.4,1,1,1,1,4,25570.0,-1,10.719,-10.7,-7.09,-85.19,0,0,DCHG, ,
34939.4,1,1,1,1,4,25575.0,-1,10.717,-10.7,-7.09,-85.2,0,0,DCHG, ,
34944.4,1,1,1,1,4,25580.0,-1,10.715,-10.7,-7.09,-85.22,0,0,DCHG, ,
34949.4,1,1,1,1,4,25585.0,-1,10.712,-10.7,-7.1,-85.23,0,0,DCHG, ,
34954.4,1,1,1,1,4,25590.0,-1,10.71,-10.7,-7.1,-85.25,0,0,DCHG, ,
34959.4,1,1,1,1,4,25595.0,-1,10.707,-10.6,-7.1,-85.26,0,0,DCHG, ,
34964.4,1,1,1,1,4,25600.0,-1,10.704,-10.7,-7.1,-85.28,0,0,DCHG, ,
34969.4,1,1,1,1,4,25605.0,-1,10.702,-10.6,-7.1,-85.29,0,0,DCHG, ,
34974.4,1,1,1,1,4,25610.0,-1,10.699,-10.6,-7.1,-85.31,0,0,DCHG, ,
34979.4,1,1,1,1,4,25615.0,-1,10.696,-10.6,-7.1,-85.32,0,0,DCHG, ,
34984.4,1,1,1,1,4,25620.0,-1,10.694,-10.6,-7.11,-85.33,0,0,DCHG, ,
34989.4,1,1,1,1,4,25625.0,-1,10.691,-10.6,-7.11,-85.35,0,0,DCHG, ,
34994.4,1,1,1,1,4,25630.0,-1,10.688,-10.6,-7.11,-85.36,0,0,DCHG, ,
34999.4,1,1,1,1,4,25635.0,-1,10.685,-10.6,-7.11,-85.38,0,0,DCHG, ,
35004.4,1,1,1,1,4,25640.0,-1,10.682,-10.6,-7.11,-85.39,0,0,DCHG, ,
35009.4,1,1,1,1,4,25645.0,-0.99,10.68,-10.5,-7.11,-85.41,0,0,DCHG, ,
35014.4,1,1,1,1,4,25650.0,-1,10.677,-10.6,-7.11,-85.42,0,0,DCHG, ,
35019.4,1,1,1,1,4,25655.0,-1,10.674,-10.6,-7.12,-85.44,0,0,DCHG, ,
35024.4,1,1,1,1,4,25660.0,-1,10.671,-10.6,-7.12,-85.45,0,0,DCHG, ,
35029.4,1,1,1,1,4,25665.0,-1,10.669,-10.6,-7.12,-85.47,0,0,DCHG, ,
35034.4,1,1,1,1,4,25670.0,-1,10.666,-10.6,-7.12,-85.48,0,0,DCHG, ,
35039.4,1,1,1,1,4,25675.0,-1,10.663,-10.6,-7.12,-85.5,0,0,DCHG, ,
35044.4,1,1,1,1,4,25680.0,-1,10.66,-10.6,-7.12,-85.51,0,0,DCHG, ,
35049.4,1,1,1,1,4,25685.0,-1,10.658,-10.6,-7.12,-85.53,0,0,DCHG, ,
35054.4,1,1,1,1,4,25690.0,-1,10.655,-10.6,-7.13,-85.54,0,0,DCHG, ,
35059.4,1,1,1,1,4,25695.0,-1,10.652,-10.6,-7.13,-85.56,0,0,DCHG, ,
35064.4,1,1,1,1,4,25700.0,-0.99,10.649,-10.5,-7.13,-85.57,0,0,DCHG, ,
35069.4,1,1,1,1,4,25705.0,-1,10.646,-10.6,-7.13,-85.58,0,0,DCHG, ,
35074.4,1,1,1,1,4,25710.0,-1,10.643,-10.6,-7.13,-85.6,0,0,DCHG, ,
35079.4,1,1,1,1,4,25715.0,-1,10.64,-10.6,-7.13,-85.61,0,0,DCHG, ,
35084.4,1,1,1,1,4,25720.0,-1,10.637,-10.6,-7.13,-85.63,0,0,DCHG, ,
35089.4,1,1,1,1,4,25725.0,-0.99,10.634,-10.5,-7.14,-85.64,0,0,DCHG, ,
35094.4,1,1,1,1,4,25730.0,-1,10.631,-10.6,-7.14,-85.66,0,0,DCHG, ,
35099.4,1,1,1,1,4,25735.0,-1,10.627,-10.6,-7.14,-85.67,0,0,DCHG, ,
35104.4,1,1,1,1,4,25740.0,-1,10.624,-10.6,-7.14,-85.69,0,0,DCHG, ,
35109.4,1,1,1,1,4,25745.0,-1,10.621,-10.6,-7.14,-85.7,0,0,DCHG, ,
35114.4,1,1,1,1,4,25750.0,-1,10.618,-10.6,-7.14,-85.72,0,0,DCHG, ,
35119.4,1,1,1,1,4,25755.0,-1,10.615,-10.6,-7.14,-85.73,0,0,DCHG, ,
35124.4,1,1,1,1,4,25760.0,-1,10.612,-10.6,-7.14,-85.75,0,0,DCHG, ,
35129.4,1,1,1,1,4,25765.0,-1,10.608,-10.6,-7.15,-85.76,0,0,DCHG, ,
35134.4,1,1,1,1,4,25770.0,-1,10.605,-10.5,-7.15,-85.78,0,0,DCHG, ,
35139.4,1,1,1,1,4,25775.0,-1,10.602,-10.5,-7.15,-85.79,0,0,DCHG, ,
35144.4,1,1,1,1,4,25780.0,-1,10.598,-10.5,-7.15,-85.8,0,0,DCHG, ,
35149.4,1,1,1,1,4,25785.0,-1,10.595,-10.5,-7.15,-85.82,0,0,DCHG, ,
35154.4,1,1,1,1,4,25790.0,-1,10.591,-10.5,-7.15,-85.83,0,0,DCHG, ,
35159.4,1,1,1,1,4,25795.0,-1,10.588,-10.5,-7.15,-85.85,0,0,DCHG, ,
35164.4,1,1,1,1,4,25800.0,-1,10.584,-10.5,-7.16,-85.86,0,0,DCHG, ,
35169.4,1,1,1,1,4,25805.0,-1,10.581,-10.5,-7.16,-85.88,0,0,DCHG, ,
35174.4,1,1,1,1,4,25810.0,-1,10.578,-10.5,-7.16,-85.89,0,0,DCHG, ,
35179.4,1,1,1,1,4,25815.0,-1,10.573,-10.5,-7.16,-85.91,0,0,DCHG, ,
35184.4,1,1,1,1,4,25820.0,-1,10.57,-10.5,-7.16,-85.92,0,0,DCHG, ,
35189.4,1,1,1,1,4,25825.0,-1,10.566,-10.5,-7.16,-85.94,0,0,DCHG, ,
35194.4,1,1,1,1,4,25830.0,-1,10.562,-10.5,-7.16,-85.95,0,0,DCHG, ,
35199.4,1,1,1,1,4,25835.0,-1,10.559,-10.5,-7.17,-85.97,0,0,DCHG, ,
35204.4,1,1,1,1,4,25840.0,-1,10.555,-10.5,-7.17,-85.98,0,0,DCHG, ,
35209.4,1,1,1,1,4,25845.0,-1,10.551,-10.5,-7.17,-85.99,0,0,DCHG, ,
35214.4,1,1,1,1,4,25850.0,-1,10.548,-10.5,-7.17,-86.01,0,0,DCHG, ,
35219.4,1,1,1,1,4,25855.0,-1,10.543,-10.5,-7.17,-86.02,0,0,DCHG, ,
35224.4,1,1,1,1,4,25860.0,-1,10.54,-10.5,-7.17,-86.04,0,0,DCHG, ,
35229.4,1,1,1,1,4,25865.0,-1,10.536,-10.5,-7.17,-86.05,0,0,DCHG, ,
35234.4,1,1,1,1,4,25870.0,-0.99,10.532,-10.4,-7.18,-86.07,0,0,DCHG, ,
35239.4,1,1,1,1,4,25875.0,-1,10.528,-10.5,-7.18,-86.08,0,0,DCHG, ,
35244.4,1,1,1,1,4,25880.0,-1,10.523,-10.5,-7.18,-86.1,0,0,DCHG, ,
35249.4,1,1,1,1,4,25885.0,-1,10.52,-10.5,-7.18,-86.11,0,0,DCHG, ,
35254.4,1,1,1,1,4,25890.0,-1,10.516,-10.5,-7.18,-86.13,0,0,DCHG, ,
35259.4,1,1,1,1,4,25895.0,-1,10.511,-10.5,-7.18,-86.14,0,0,DCHG, ,
35264.4,1,1,1,1,4,25900.0,-1,10.507,-10.5,-7.18,-86.15,0,0,DCHG, ,
35269.4,1,1,1,1,4,25905.0,-1,10.502,-10.4,-7.19,-86.17,0,0,DCHG, ,
35271.6,1,1,1,1,4,25907.2,-1,10.5,-10.4,-7.19,-86.18,0,0,DCHG,A,
Total Number of Data Lines in the Database: 0000007058