Test Name, UCT_AST_9AH_B1_CYCLE
Test Date, 2024/03/08 02:01:11 PM
Operator ID, Uyilo
, 
Program Name, UCT_AST9AH_CYCLE_50
Program Description, 50-Repetition Bulk-Absorptiin_Float-Discharge Cycling program for 12V AGM
Program Database, C:\VisuaLCN\Programs\Standard tests.mdb
, 
Module Type, fj
Module Description, LCV 16-100-12
Address, Port: 1, Sys Controller: 1  Circuit: 7
Name, Channel 7
Device ID, Unknown
, 
Notes,   5.21b, MDB 9.542024/03/08 02:01:05 PM - Started  by Masa
Editable Notes, 

Total Time,Cycle,Loop Counter #1,Loop Counter #2,Loop Counter #3,Step,Step time,Current,Voltage,Power,Amp-Hours,Watt-Hours,Unassigned A1,Unassigned A2,Mode,Data Acquisition Flag,
5.0,1,1,1,1,1,5.0,1.5,12.851,19.2,0,0.02,0,0,CHRG, ,
10.0,1,1,1,1,1,10.0,1.5,12.933,19.3,0,0.05,0,0,CHRG, ,
15.0,1,1,1,1,1,15.0,1.5,12.998,19.4,0,0.07,0,0,CHRG, ,
20.0,1,1,1,1,1,20.0,1.5,13.051,19.5,0,0.1,0,0,CHRG, ,
25.0,1,1,1,1,1,25.0,1.5,13.096,19.6,0.01,0.13,0,0,CHRG, ,
30.0,1,1,1,1,1,30.0,1.5,13.135,19.6,0.01,0.16,0,0,CHRG, ,
35.0,1,1,1,1,1,35.0,1.5,13.168,19.7,0.01,0.18,0,0,CHRG, ,
40.0,1,1,1,1,1,40.0,1.5,13.196,19.7,0.01,0.21,0,0,CHRG, ,
45.0,1,1,1,1,1,45.0,1.5,13.22,19.7,0.01,0.24,0,0,CHRG, ,
50.0,1,1,1,1,1,50.0,1.5,13.24,19.8,0.02,0.27,0,0,CHRG, ,
55.0,1,1,1,1,1,55.0,1.5,13.256,19.8,0.02,0.29,0,0,CHRG, ,
60.0,1,1,1,1,1,60.0,1.5,13.271,19.9,0.02,0.32,0,0,CHRG, ,
65.0,1,1,1,1,1,65.0,1.5,13.283,19.9,0.02,0.35,0,0,CHRG, ,
70.0,1,1,1,1,1,70.0,1.5,13.294,19.9,0.02,0.38,0,0,CHRG, ,
75.0,1,1,1,1,1,75.0,1.5,13.303,19.9,0.03,0.4,0,0,CHRG, ,
80.0,1,1,1,1,1,80.0,1.5,13.312,19.9,0.03,0.43,0,0,CHRG, ,
85.0,1,1,1,1,1,85.0,1.5,13.32,19.9,0.03,0.46,0,0,CHRG, ,
90.0,1,1,1,1,1,90.0,1.5,13.327,19.9,0.03,0.49,0,0,CHRG, ,
95.0,1,1,1,1,1,95.0,1.5,13.333,19.9,0.03,0.51,0,0,CHRG, ,
100.0,1,1,1,1,1,100.0,1.5,13.34,20,0.04,0.54,0,0,CHRG, ,
105.0,1,1,1,1,1,105.0,1.5,13.346,20,0.04,0.57,0,0,CHRG, ,
110.0,1,1,1,1,1,110.0,1.5,13.351,19.9,0.04,0.6,0,0,CHRG, ,
115.0,1,1,1,1,1,115.0,1.5,13.357,20,0.04,0.62,0,0,CHRG, ,
120.0,1,1,1,1,1,120.0,1.5,13.362,20,0.04,0.65,0,0,CHRG, ,
125.0,1,1,1,1,1,125.0,1.5,13.368,20,0.05,0.68,0,0,CHRG, ,
130.0,1,1,1,1,1,130.0,1.5,13.372,20,0.05,0.71,0,0,CHRG, ,
135.0,1,1,1,1,1,135.0,1.5,13.377,20,0.05,0.74,0,0,CHRG, ,
140.0,1,1,1,1,1,140.0,1.5,13.381,20,0.05,0.76,0,0,CHRG, ,
145.0,1,1,1,1,1,145.0,1.5,13.386,20,0.06,0.79,0,0,CHRG, ,
150.0,1,1,1,1,1,150.0,1.5,13.39,20,0.06,0.82,0,0,CHRG, ,
155.0,1,1,1,1,1,155.0,1.5,13.394,20,0.06,0.85,0,0,CHRG, ,
160.0,1,1,1,1,1,160.0,1.5,13.398,20,0.06,0.87,0,0,CHRG, ,
165.0,1,1,1,1,1,165.0,1.5,13.403,20.1,0.06,0.9,0,0,CHRG, ,
170.0,1,1,1,1,1,170.0,1.5,13.407,20,0.07,0.93,0,0,CHRG, ,
175.0,1,1,1,1,1,175.0,1.5,13.41,20.1,0.07,0.96,0,0,CHRG, ,
180.0,1,1,1,1,1,180.0,1.5,13.415,20.1,0.07,0.99,0,0,CHRG, ,
185.0,1,1,1,1,1,185.0,1.5,13.418,20,0.07,1.01,0,0,CHRG, ,
190.0,1,1,1,1,1,190.0,1.5,13.422,20.1,0.07,1.04,0,0,CHRG, ,
195.0,1,1,1,1,1,195.0,1.5,13.424,20.1,0.08,1.07,0,0,CHRG, ,
200.0,1,1,1,1,1,200.0,1.5,13.428,20.1,0.08,1.1,0,0,CHRG, ,
205.0,1,1,1,1,1,205.0,1.5,13.431,20.1,0.08,1.13,0,0,CHRG, ,
210.0,1,1,1,1,1,210.0,1.5,13.434,20.1,0.08,1.15,0,0,CHRG, ,
215.0,1,1,1,1,1,215.0,1.5,13.438,20.1,0.08,1.18,0,0,CHRG, ,
220.0,1,1,1,1,1,220.0,1.5,13.441,20.1,0.09,1.21,0,0,CHRG, ,
225.0,1,1,1,1,1,225.0,1.5,13.443,20.1,0.09,1.24,0,0,CHRG, ,
230.0,1,1,1,1,1,230.0,1.5,13.446,20.1,0.09,1.27,0,0,CHRG, ,
235.0,1,1,1,1,1,235.0,1.5,13.449,20.1,0.09,1.29,0,0,CHRG, ,
240.0,1,1,1,1,1,240.0,1.5,13.452,20.1,0.09,1.32,0,0,CHRG, ,
245.0,1,1,1,1,1,245.0,1.5,13.455,20.1,0.1,1.35,0,0,CHRG, ,
250.0,1,1,1,1,1,250.0,1.5,13.458,20.1,0.1,1.38,0,0,CHRG, ,
255.0,1,1,1,1,1,255.0,1.5,13.46,20.1,0.1,1.4,0,0,CHRG, ,
260.0,1,1,1,1,1,260.0,1.5,13.463,20.1,0.1,1.43,0,0,CHRG, ,
265.0,1,1,1,1,1,265.0,1.5,13.465,20.1,0.11,1.46,0,0,CHRG, ,
270.0,1,1,1,1,1,270.0,1.5,13.467,20.1,0.11,1.49,0,0,CHRG, ,
275.0,1,1,1,1,1,275.0,1.5,13.469,20.2,0.11,1.52,0,0,CHRG, ,
280.0,1,1,1,1,1,280.0,1.5,13.472,20.1,0.11,1.54,0,0,CHRG, ,
285.0,1,1,1,1,1,285.0,1.5,13.474,20.2,0.11,1.57,0,0,CHRG, ,
290.0,1,1,1,1,1,290.0,1.5,13.476,20.2,0.12,1.6,0,0,CHRG, ,
295.0,1,1,1,1,1,295.0,1.5,13.478,20.1,0.12,1.63,0,0,CHRG, ,
300.0,1,1,1,1,1,300.0,1.5,13.48,20.2,0.12,1.66,0,0,CHRG, ,
305.0,1,1,1,1,1,305.0,1.5,13.482,20.2,0.12,1.68,0,0,CHRG, ,
310.0,1,1,1,1,1,310.0,1.49,13.484,20.1,0.12,1.71,0,0,CHRG, ,
315.0,1,1,1,1,1,315.0,1.5,13.486,20.2,0.13,1.74,0,0,CHRG, ,
320.0,1,1,1,1,1,320.0,1.49,13.488,20.1,0.13,1.77,0,0,CHRG, ,
325.0,1,1,1,1,1,325.0,1.5,13.49,20.2,0.13,1.8,0,0,CHRG, ,
330.0,1,1,1,1,1,330.0,1.5,13.492,20.2,0.13,1.82,0,0,CHRG, ,
335.0,1,1,1,1,1,335.0,1.5,13.494,20.2,0.13,1.85,0,0,CHRG, ,
340.0,1,1,1,1,1,340.0,1.5,13.497,20.2,0.14,1.88,0,0,CHRG, ,
345.0,1,1,1,1,1,345.0,1.49,13.498,20.1,0.14,1.91,0,0,CHRG, ,
350.0,1,1,1,1,1,350.0,1.5,13.5,20.2,0.14,1.94,0,0,CHRG, ,
355.0,1,1,1,1,1,355.0,1.5,13.502,20.2,0.14,1.96,0,0,CHRG, ,
360.0,1,1,1,1,1,360.0,1.5,13.504,20.2,0.14,1.99,0,0,CHRG, ,
365.0,1,1,1,1,1,365.0,1.5,13.505,20.2,0.15,2.02,0,0,CHRG, ,
370.0,1,1,1,1,1,370.0,1.5,13.508,20.2,0.15,2.05,0,0,CHRG, ,
375.0,1,1,1,1,1,375.0,1.5,13.509,20.2,0.15,2.08,0,0,CHRG, ,
380.0,1,1,1,1,1,380.0,1.5,13.512,20.2,0.15,2.1,0,0,CHRG, ,
385.0,1,1,1,1,1,385.0,1.5,13.513,20.2,0.16,2.13,0,0,CHRG, ,
390.0,1,1,1,1,1,390.0,1.5,13.515,20.2,0.16,2.16,0,0,CHRG, ,
395.0,1,1,1,1,1,395.0,1.5,13.517,20.2,0.16,2.19,0,0,CHRG, ,
400.0,1,1,1,1,1,400.0,1.5,13.519,20.2,0.16,2.22,0,0,CHRG, ,
405.0,1,1,1,1,1,405.0,1.5,13.52,20.2,0.16,2.25,0,0,CHRG, ,
410.0,1,1,1,1,1,410.0,1.5,13.522,20.2,0.17,2.27,0,0,CHRG, ,
415.0,1,1,1,1,1,415.0,1.5,13.523,20.2,0.17,2.3,0,0,CHRG, ,
420.0,1,1,1,1,1,420.0,1.5,13.525,20.2,0.17,2.33,0,0,CHRG, ,
425.0,1,1,1,1,1,425.0,1.5,13.527,20.2,0.17,2.36,0,0,CHRG, ,
430.0,1,1,1,1,1,430.0,1.5,13.529,20.2,0.17,2.39,0,0,CHRG, ,
435.0,1,1,1,1,1,435.0,1.5,13.53,20.2,0.18,2.41,0,0,CHRG, ,
440.0,1,1,1,1,1,440.0,1.5,13.531,20.2,0.18,2.44,0,0,CHRG, ,
445.0,1,1,1,1,1,445.0,1.5,13.534,20.3,0.18,2.47,0,0,CHRG, ,
450.0,1,1,1,1,1,450.0,1.5,13.535,20.3,0.18,2.5,0,0,CHRG, ,
455.0,1,1,1,1,1,455.0,1.5,13.537,20.2,0.18,2.53,0,0,CHRG, ,
460.0,1,1,1,1,1,460.0,1.5,13.539,20.3,0.19,2.55,0,0,CHRG, ,
465.0,1,1,1,1,1,465.0,1.5,13.541,20.2,0.19,2.58,0,0,CHRG, ,
470.0,1,1,1,1,1,470.0,1.5,13.542,20.2,0.19,2.61,0,0,CHRG, ,
475.0,1,1,1,1,1,475.0,1.5,13.544,20.2,0.19,2.64,0,0,CHRG, ,
480.0,1,1,1,1,1,480.0,1.5,13.546,20.3,0.19,2.67,0,0,CHRG, ,
485.0,1,1,1,1,1,485.0,1.5,13.547,20.3,0.2,2.69,0,0,CHRG, ,
490.0,1,1,1,1,1,490.0,1.5,13.549,20.2,0.2,2.72,0,0,CHRG, ,
495.0,1,1,1,1,1,495.0,1.5,13.551,20.2,0.2,2.75,0,0,CHRG, ,
500.0,1,1,1,1,1,500.0,1.5,13.552,20.2,0.2,2.78,0,0,CHRG, ,
505.0,1,1,1,1,1,505.0,1.5,13.554,20.2,0.21,2.81,0,0,CHRG, ,
510.0,1,1,1,1,1,510.0,1.5,13.556,20.2,0.21,2.84,0,0,CHRG, ,
515.0,1,1,1,1,1,515.0,1.5,13.558,20.3,0.21,2.86,0,0,CHRG, ,
520.0,1,1,1,1,1,520.0,1.5,13.559,20.3,0.21,2.89,0,0,CHRG, ,
525.0,1,1,1,1,1,525.0,1.5,13.561,20.3,0.21,2.92,0,0,CHRG, ,
530.0,1,1,1,1,1,530.0,1.5,13.562,20.3,0.22,2.95,0,0,CHRG, ,
535.0,1,1,1,1,1,535.0,1.5,13.564,20.3,0.22,2.98,0,0,CHRG, ,
540.0,1,1,1,1,1,540.0,1.5,13.565,20.3,0.22,3,0,0,CHRG, ,
545.0,1,1,1,1,1,545.0,1.5,13.567,20.3,0.22,3.03,0,0,CHRG, ,
550.0,1,1,1,1,1,550.0,1.5,13.569,20.3,0.22,3.06,0,0,CHRG, ,
555.0,1,1,1,1,1,555.0,1.5,13.571,20.3,0.23,3.09,0,0,CHRG, ,
560.0,1,1,1,1,1,560.0,1.5,13.572,20.3,0.23,3.12,0,0,CHRG, ,
565.0,1,1,1,1,1,565.0,1.5,13.574,20.3,0.23,3.15,0,0,CHRG, ,
570.0,1,1,1,1,1,570.0,1.5,13.575,20.3,0.23,3.17,0,0,CHRG, ,
575.0,1,1,1,1,1,575.0,1.5,13.577,20.3,0.23,3.2,0,0,CHRG, ,
580.0,1,1,1,1,1,580.0,1.5,13.579,20.3,0.24,3.23,0,0,CHRG, ,
585.0,1,1,1,1,1,585.0,1.5,13.58,20.3,0.24,3.26,0,0,CHRG, ,
590.0,1,1,1,1,1,590.0,1.5,13.582,20.3,0.24,3.29,0,0,CHRG, ,
595.0,1,1,1,1,1,595.0,1.5,13.584,20.3,0.24,3.31,0,0,CHRG, ,
600.0,1,1,1,1,1,600.0,1.5,13.585,20.3,0.24,3.34,0,0,CHRG, ,
605.0,1,1,1,1,1,605.0,1.5,13.587,20.3,0.25,3.37,0,0,CHRG, ,
610.0,1,1,1,1,1,610.0,1.5,13.589,20.3,0.25,3.4,0,0,CHRG, ,
615.0,1,1,1,1,1,615.0,1.5,13.591,20.3,0.25,3.43,0,0,CHRG, ,
620.0,1,1,1,1,1,620.0,1.5,13.593,20.3,0.25,3.46,0,0,CHRG, ,
625.0,1,1,1,1,1,625.0,1.5,13.594,20.3,0.26,3.48,0,0,CHRG, ,
630.0,1,1,1,1,1,630.0,1.5,13.596,20.3,0.26,3.51,0,0,CHRG, ,
635.0,1,1,1,1,1,635.0,1.5,13.597,20.3,0.26,3.54,0,0,CHRG, ,
640.0,1,1,1,1,1,640.0,1.5,13.599,20.3,0.26,3.57,0,0,CHRG, ,
645.0,1,1,1,1,1,645.0,1.5,13.6,20.4,0.26,3.6,0,0,CHRG, ,
650.0,1,1,1,1,1,650.0,1.5,13.602,20.4,0.27,3.62,0,0,CHRG, ,
655.0,1,1,1,1,1,655.0,1.5,13.604,20.3,0.27,3.65,0,0,CHRG, ,
660.0,1,1,1,1,1,660.0,1.5,13.606,20.4,0.27,3.68,0,0,CHRG, ,
665.0,1,1,1,1,1,665.0,1.5,13.607,20.3,0.27,3.71,0,0,CHRG, ,
670.0,1,1,1,1,1,670.0,1.5,13.609,20.3,0.27,3.74,0,0,CHRG, ,
675.0,1,1,1,1,1,675.0,1.5,13.611,20.4,0.28,3.77,0,0,CHRG, ,
680.0,1,1,1,1,1,680.0,1.5,13.612,20.4,0.28,3.79,0,0,CHRG, ,
685.0,1,1,1,1,1,685.0,1.5,13.614,20.4,0.28,3.82,0,0,CHRG, ,
690.0,1,1,1,1,1,690.0,1.5,13.616,20.3,0.28,3.85,0,0,CHRG, ,
695.0,1,1,1,1,1,695.0,1.5,13.617,20.3,0.28,3.88,0,0,CHRG, ,
700.0,1,1,1,1,1,700.0,1.5,13.619,20.4,0.29,3.91,0,0,CHRG, ,
705.0,1,1,1,1,1,705.0,1.5,13.621,20.3,0.29,3.94,0,0,CHRG, ,
710.0,1,1,1,1,1,710.0,1.5,13.622,20.3,0.29,3.96,0,0,CHRG, ,
715.0,1,1,1,1,1,715.0,1.5,13.624,20.3,0.29,3.99,0,0,CHRG, ,
720.0,1,1,1,1,1,720.0,1.5,13.626,20.4,0.29,4.02,0,0,CHRG, ,
725.0,1,1,1,1,1,725.0,1.5,13.627,20.4,0.3,4.05,0,0,CHRG, ,
730.0,1,1,1,1,1,730.0,1.5,13.63,20.4,0.3,4.08,0,0,CHRG, ,
735.0,1,1,1,1,1,735.0,1.5,13.632,20.4,0.3,4.11,0,0,CHRG, ,
740.0,1,1,1,1,1,740.0,1.5,13.633,20.4,0.3,4.13,0,0,CHRG, ,
745.0,1,1,1,1,1,745.0,1.5,13.634,20.4,0.31,4.16,0,0,CHRG, ,
750.0,1,1,1,1,1,750.0,1.5,13.636,20.4,0.31,4.19,0,0,CHRG, ,
755.0,1,1,1,1,1,755.0,1.5,13.638,20.4,0.31,4.22,0,0,CHRG, ,
760.0,1,1,1,1,1,760.0,1.5,13.64,20.4,0.31,4.25,0,0,CHRG, ,
765.0,1,1,1,1,1,765.0,1.5,13.641,20.4,0.31,4.28,0,0,CHRG, ,
770.0,1,1,1,1,1,770.0,1.5,13.643,20.4,0.32,4.3,0,0,CHRG, ,
775.0,1,1,1,1,1,775.0,1.5,13.644,20.4,0.32,4.33,0,0,CHRG, ,
780.0,1,1,1,1,1,780.0,1.5,13.646,20.4,0.32,4.36,0,0,CHRG, ,
785.0,1,1,1,1,1,785.0,1.5,13.647,20.4,0.32,4.39,0,0,CHRG, ,
790.0,1,1,1,1,1,790.0,1.5,13.649,20.4,0.32,4.42,0,0,CHRG, ,
795.0,1,1,1,1,1,795.0,1.5,13.651,20.4,0.33,4.45,0,0,CHRG, ,
800.0,1,1,1,1,1,800.0,1.5,13.653,20.4,0.33,4.47,0,0,CHRG, ,
805.0,1,1,1,1,1,805.0,1.5,13.655,20.4,0.33,4.5,0,0,CHRG, ,
810.0,1,1,1,1,1,810.0,1.5,13.656,20.4,0.33,4.53,0,0,CHRG, ,
815.0,1,1,1,1,1,815.0,1.5,13.658,20.4,0.33,4.56,0,0,CHRG, ,
820.0,1,1,1,1,1,820.0,1.5,13.66,20.4,0.34,4.59,0,0,CHRG, ,
825.0,1,1,1,1,1,825.0,1.5,13.662,20.4,0.34,4.62,0,0,CHRG, ,
830.0,1,1,1,1,1,830.0,1.5,13.663,20.4,0.34,4.64,0,0,CHRG, ,
835.0,1,1,1,1,1,835.0,1.5,13.665,20.4,0.34,4.67,0,0,CHRG, ,
840.0,1,1,1,1,1,840.0,1.5,13.666,20.4,0.34,4.7,0,0,CHRG, ,
845.0,1,1,1,1,1,845.0,1.5,13.668,20.5,0.35,4.73,0,0,CHRG, ,
850.0,1,1,1,1,1,850.0,1.5,13.67,20.5,0.35,4.76,0,0,CHRG, ,
855.0,1,1,1,1,1,855.0,1.5,13.671,20.4,0.35,4.79,0,0,CHRG, ,
860.0,1,1,1,1,1,860.0,1.5,13.673,20.4,0.35,4.81,0,0,CHRG, ,
865.0,1,1,1,1,1,865.0,1.5,13.675,20.5,0.36,4.84,0,0,CHRG, ,
870.0,1,1,1,1,1,870.0,1.5,13.676,20.4,0.36,4.87,0,0,CHRG, ,
875.0,1,1,1,1,1,875.0,1.5,13.678,20.5,0.36,4.9,0,0,CHRG, ,
880.0,1,1,1,1,1,880.0,1.5,13.679,20.4,0.36,4.93,0,0,CHRG, ,
885.0,1,1,1,1,1,885.0,1.49,13.681,20.4,0.36,4.96,0,0,CHRG, ,
890.0,1,1,1,1,1,890.0,1.5,13.683,20.4,0.37,4.98,0,0,CHRG, ,
895.0,1,1,1,1,1,895.0,1.5,13.685,20.4,0.37,5.01,0,0,CHRG, ,
900.0,1,1,1,1,1,900.0,1.5,13.686,20.5,0.37,5.04,0,0,CHRG, ,
905.0,1,1,1,1,1,905.0,1.5,13.688,20.5,0.37,5.07,0,0,CHRG, ,
910.0,1,1,1,1,1,910.0,1.5,13.69,20.5,0.37,5.1,0,0,CHRG, ,
915.0,1,1,1,1,1,915.0,1.5,13.691,20.5,0.38,5.13,0,0,CHRG, ,
920.0,1,1,1,1,1,920.0,1.5,13.693,20.5,0.38,5.15,0,0,CHRG, ,
925.0,1,1,1,1,1,925.0,1.5,13.695,20.5,0.38,5.18,0,0,CHRG, ,
930.0,1,1,1,1,1,930.0,1.5,13.696,20.5,0.38,5.21,0,0,CHRG, ,
935.0,1,1,1,1,1,935.0,1.5,13.699,20.5,0.38,5.24,0,0,CHRG, ,
940.0,1,1,1,1,1,940.0,1.5,13.7,20.5,0.39,5.27,0,0,CHRG, ,
945.0,1,1,1,1,1,945.0,1.5,13.702,20.5,0.39,5.3,0,0,CHRG, ,
950.0,1,1,1,1,1,950.0,1.5,13.703,20.5,0.39,5.33,0,0,CHRG, ,
955.0,1,1,1,1,1,955.0,1.5,13.704,20.5,0.39,5.35,0,0,CHRG, ,
960.0,1,1,1,1,1,960.0,1.5,13.706,20.5,0.39,5.38,0,0,CHRG, ,
965.0,1,1,1,1,1,965.0,1.5,13.708,20.5,0.4,5.41,0,0,CHRG, ,
970.0,1,1,1,1,1,970.0,1.5,13.71,20.5,0.4,5.44,0,0,CHRG, ,
975.0,1,1,1,1,1,975.0,1.5,13.711,20.5,0.4,5.47,0,0,CHRG, ,
980.0,1,1,1,1,1,980.0,1.5,13.714,20.5,0.4,5.5,0,0,CHRG, ,
985.0,1,1,1,1,1,985.0,1.5,13.715,20.5,0.41,5.52,0,0,CHRG, ,
990.0,1,1,1,1,1,990.0,1.5,13.717,20.5,0.41,5.55,0,0,CHRG, ,
995.0,1,1,1,1,1,995.0,1.5,13.718,20.5,0.41,5.58,0,0,CHRG, ,
1000.0,1,1,1,1,1,1000.0,1.5,13.72,20.5,0.41,5.61,0,0,CHRG, ,
1005.0,1,1,1,1,1,1005.0,1.5,13.722,20.5,0.41,5.64,0,0,CHRG, ,
1010.0,1,1,1,1,1,1010.0,1.5,13.724,20.5,0.42,5.67,0,0,CHRG, ,
1015.0,1,1,1,1,1,1015.0,1.5,13.724,20.5,0.42,5.7,0,0,CHRG, ,
1020.0,1,1,1,1,1,1020.0,1.5,13.726,20.5,0.42,5.72,0,0,CHRG, ,
1025.0,1,1,1,1,1,1025.0,1.5,13.728,20.5,0.42,5.75,0,0,CHRG, ,
1030.0,1,1,1,1,1,1030.0,1.5,13.73,20.5,0.42,5.78,0,0,CHRG, ,
1035.0,1,1,1,1,1,1035.0,1.5,13.732,20.5,0.43,5.81,0,0,CHRG, ,
1040.0,1,1,1,1,1,1040.0,1.5,13.733,20.5,0.43,5.84,0,0,CHRG, ,
1045.0,1,1,1,1,1,1045.0,1.5,13.735,20.5,0.43,5.87,0,0,CHRG, ,
1050.0,1,1,1,1,1,1050.0,1.5,13.736,20.5,0.43,5.89,0,0,CHRG, ,
1055.0,1,1,1,1,1,1055.0,1.5,13.738,20.5,0.43,5.92,0,0,CHRG, ,
1060.0,1,1,1,1,1,1060.0,1.5,13.74,20.5,0.44,5.95,0,0,CHRG, ,
1065.0,1,1,1,1,1,1065.0,1.5,13.742,20.5,0.44,5.98,0,0,CHRG, ,
1070.0,1,1,1,1,1,1070.0,1.5,13.742,20.6,0.44,6.01,0,0,CHRG, ,
1075.0,1,1,1,1,1,1075.0,1.5,13.745,20.6,0.44,6.04,0,0,CHRG, ,
1080.0,1,1,1,1,1,1080.0,1.5,13.746,20.5,0.44,6.07,0,0,CHRG, ,
1085.0,1,1,1,1,1,1085.0,1.5,13.748,20.5,0.45,6.09,0,0,CHRG, ,
1090.0,1,1,1,1,1,1090.0,1.5,13.75,20.5,0.45,6.12,0,0,CHRG, ,
1095.0,1,1,1,1,1,1095.0,1.5,13.752,20.6,0.45,6.15,0,0,CHRG, ,
1100.0,1,1,1,1,1,1100.0,1.5,13.753,20.6,0.45,6.18,0,0,CHRG, ,
1105.0,1,1,1,1,1,1105.0,1.5,13.755,20.6,0.46,6.21,0,0,CHRG, ,
1110.0,1,1,1,1,1,1110.0,1.5,13.756,20.6,0.46,6.24,0,0,CHRG, ,
1115.0,1,1,1,1,1,1115.0,1.5,13.758,20.5,0.46,6.27,0,0,CHRG, ,
1120.0,1,1,1,1,1,1120.0,1.5,13.759,20.6,0.46,6.29,0,0,CHRG, ,
1125.0,1,1,1,1,1,1125.0,1.5,13.761,20.6,0.46,6.32,0,0,CHRG, ,
1130.0,1,1,1,1,1,1130.0,1.5,13.762,20.6,0.47,6.35,0,0,CHRG, ,
1135.0,1,1,1,1,1,1135.0,1.5,13.764,20.6,0.47,6.38,0,0,CHRG, ,
1140.0,1,1,1,1,1,1140.0,1.5,13.765,20.6,0.47,6.41,0,0,CHRG, ,
1145.0,1,1,1,1,1,1145.0,1.5,13.767,20.6,0.47,6.44,0,0,CHRG, ,
1150.0,1,1,1,1,1,1150.0,1.5,13.768,20.6,0.47,6.47,0,0,CHRG, ,
1155.0,1,1,1,1,1,1155.0,1.5,13.77,20.6,0.48,6.49,0,0,CHRG, ,
1160.0,1,1,1,1,1,1160.0,1.5,13.772,20.6,0.48,6.52,0,0,CHRG, ,
1165.0,1,1,1,1,1,1165.0,1.5,13.773,20.6,0.48,6.55,0,0,CHRG, ,
1170.0,1,1,1,1,1,1170.0,1.5,13.775,20.6,0.48,6.58,0,0,CHRG, ,
1175.0,1,1,1,1,1,1175.0,1.5,13.777,20.6,0.48,6.61,0,0,CHRG, ,
1180.0,1,1,1,1,1,1180.0,1.5,13.778,20.6,0.49,6.64,0,0,CHRG, ,
1185.0,1,1,1,1,1,1185.0,1.5,13.78,20.6,0.49,6.67,0,0,CHRG, ,
1190.0,1,1,1,1,1,1190.0,1.5,13.782,20.6,0.49,6.69,0,0,CHRG, ,
1195.0,1,1,1,1,1,1195.0,1.5,13.783,20.6,0.49,6.72,0,0,CHRG, ,
1200.0,1,1,1,1,1,1200.0,1.5,13.786,20.6,0.49,6.75,0,0,CHRG, ,
1205.0,1,1,1,1,1,1205.0,1.5,13.787,20.6,0.5,6.78,0,0,CHRG, ,
1210.0,1,1,1,1,1,1210.0,1.5,13.788,20.6,0.5,6.81,0,0,CHRG, ,
1215.0,1,1,1,1,1,1215.0,1.5,13.79,20.6,0.5,6.84,0,0,CHRG, ,
1220.0,1,1,1,1,1,1220.0,1.5,13.792,20.6,0.5,6.87,0,0,CHRG, ,
1225.0,1,1,1,1,1,1225.0,1.5,13.793,20.6,0.51,6.89,0,0,CHRG, ,
1230.0,1,1,1,1,1,1230.0,1.5,13.794,20.6,0.51,6.92,0,0,CHRG, ,
1235.0,1,1,1,1,1,1235.0,1.5,13.796,20.6,0.51,6.95,0,0,CHRG, ,
1240.0,1,1,1,1,1,1240.0,1.5,13.798,20.6,0.51,6.98,0,0,CHRG, ,
1245.0,1,1,1,1,1,1245.0,1.5,13.8,20.6,0.51,7.01,0,0,CHRG, ,
1250.0,1,1,1,1,1,1250.0,1.5,13.8,20.6,0.52,7.04,0,0,CHRG, ,
1255.0,1,1,1,1,1,1255.0,1.5,13.802,20.7,0.52,7.07,0,0,CHRG, ,
1260.0,1,1,1,1,1,1260.0,1.5,13.804,20.6,0.52,7.1,0,0,CHRG, ,
1265.0,1,1,1,1,1,1265.0,1.5,13.806,20.6,0.52,7.12,0,0,CHRG, ,
1270.0,1,1,1,1,1,1270.0,1.5,13.807,20.6,0.52,7.15,0,0,CHRG, ,
1275.0,1,1,1,1,1,1275.0,1.5,13.809,20.7,0.53,7.18,0,0,CHRG, ,
1280.0,1,1,1,1,1,1280.0,1.5,13.811,20.7,0.53,7.21,0,0,CHRG, ,
1285.0,1,1,1,1,1,1285.0,1.5,13.812,20.6,0.53,7.24,0,0,CHRG, ,
1290.0,1,1,1,1,1,1290.0,1.5,13.813,20.6,0.53,7.27,0,0,CHRG, ,
1295.0,1,1,1,1,1,1295.0,1.5,13.816,20.7,0.53,7.3,0,0,CHRG, ,
1300.0,1,1,1,1,1,1300.0,1.5,13.817,20.6,0.54,7.32,0,0,CHRG, ,
1305.0,1,1,1,1,1,1305.0,1.5,13.818,20.6,0.54,7.35,0,0,CHRG, ,
1310.0,1,1,1,1,1,1310.0,1.5,13.82,20.6,0.54,7.38,0,0,CHRG, ,
1315.0,1,1,1,1,1,1315.0,1.5,13.822,20.6,0.54,7.41,0,0,CHRG, ,
1320.0,1,1,1,1,1,1320.0,1.5,13.824,20.7,0.54,7.44,0,0,CHRG, ,
1325.0,1,1,1,1,1,1325.0,1.5,13.825,20.6,0.55,7.47,0,0,CHRG, ,
1330.0,1,1,1,1,1,1330.0,1.5,13.827,20.7,0.55,7.5,0,0,CHRG, ,
1335.0,1,1,1,1,1,1335.0,1.5,13.829,20.7,0.55,7.53,0,0,CHRG, ,
1340.0,1,1,1,1,1,1340.0,1.5,13.83,20.7,0.55,7.55,0,0,CHRG, ,
1345.0,1,1,1,1,1,1345.0,1.5,13.832,20.7,0.56,7.58,0,0,CHRG, ,
1350.0,1,1,1,1,1,1350.0,1.5,13.833,20.7,0.56,7.61,0,0,CHRG, ,
1355.0,1,1,1,1,1,1355.0,1.5,13.835,20.7,0.56,7.64,0,0,CHRG, ,
1360.0,1,1,1,1,1,1360.0,1.5,13.837,20.7,0.56,7.67,0,0,CHRG, ,
1365.0,1,1,1,1,1,1365.0,1.5,13.838,20.7,0.56,7.7,0,0,CHRG, ,
1370.0,1,1,1,1,1,1370.0,1.5,13.84,20.7,0.57,7.73,0,0,CHRG, ,
1375.0,1,1,1,1,1,1375.0,1.49,13.841,20.6,0.57,7.76,0,0,CHRG, ,
1380.0,1,1,1,1,1,1380.0,1.5,13.843,20.7,0.57,7.78,0,0,CHRG, ,
1385.0,1,1,1,1,1,1385.0,1.5,13.845,20.7,0.57,7.81,0,0,CHRG, ,
1390.0,1,1,1,1,1,1390.0,1.5,13.846,20.7,0.57,7.84,0,0,CHRG, ,
1395.0,1,1,1,1,1,1395.0,1.5,13.848,20.7,0.58,7.87,0,0,CHRG, ,
1400.0,1,1,1,1,1,1400.0,1.5,13.849,20.7,0.58,7.9,0,0,CHRG, ,
1405.0,1,1,1,1,1,1405.0,1.5,13.851,20.7,0.58,7.93,0,0,CHRG, ,
1410.0,1,1,1,1,1,1410.0,1.5,13.852,20.7,0.58,7.96,0,0,CHRG, ,
1415.0,1,1,1,1,1,1415.0,1.5,13.854,20.7,0.58,7.99,0,0,CHRG, ,
1420.0,1,1,1,1,1,1420.0,1.5,13.856,20.7,0.59,8.01,0,0,CHRG, ,
1425.0,1,1,1,1,1,1425.0,1.5,13.857,20.7,0.59,8.04,0,0,CHRG, ,
1430.0,1,1,1,1,1,1430.0,1.5,13.859,20.7,0.59,8.07,0,0,CHRG, ,
1435.0,1,1,1,1,1,1435.0,1.5,13.86,20.7,0.59,8.1,0,0,CHRG, ,
1440.0,1,1,1,1,1,1440.0,1.5,13.862,20.7,0.59,8.13,0,0,CHRG, ,
1445.0,1,1,1,1,1,1445.0,1.5,13.864,20.7,0.6,8.16,0,0,CHRG, ,
1450.0,1,1,1,1,1,1450.0,1.5,13.865,20.7,0.6,8.19,0,0,CHRG, ,
1455.0,1,1,1,1,1,1455.0,1.5,13.867,20.7,0.6,8.22,0,0,CHRG, ,
1460.0,1,1,1,1,1,1460.0,1.5,13.869,20.8,0.6,8.24,0,0,CHRG, ,
1465.0,1,1,1,1,1,1465.0,1.5,13.87,20.8,0.61,8.27,0,0,CHRG, ,
1470.0,1,1,1,1,1,1470.0,1.5,13.872,20.7,0.61,8.3,0,0,CHRG, ,
1475.0,1,1,1,1,1,1475.0,1.5,13.874,20.7,0.61,8.33,0,0,CHRG, ,
1480.0,1,1,1,1,1,1480.0,1.5,13.875,20.8,0.61,8.36,0,0,CHRG, ,
1485.0,1,1,1,1,1,1485.0,1.5,13.877,20.8,0.61,8.39,0,0,CHRG, ,
1490.0,1,1,1,1,1,1490.0,1.5,13.879,20.8,0.62,8.42,0,0,CHRG, ,
1495.0,1,1,1,1,1,1495.0,1.5,13.881,20.8,0.62,8.45,0,0,CHRG, ,
1500.0,1,1,1,1,1,1500.0,1.5,13.882,20.7,0.62,8.47,0,0,CHRG, ,
1505.0,1,1,1,1,1,1505.0,1.5,13.884,20.7,0.62,8.5,0,0,CHRG, ,
1510.0,1,1,1,1,1,1510.0,1.5,13.885,20.8,0.62,8.53,0,0,CHRG, ,
1515.0,1,1,1,1,1,1515.0,1.49,13.887,20.7,0.63,8.56,0,0,CHRG, ,
1520.0,1,1,1,1,1,1520.0,1.5,13.888,20.7,0.63,8.59,0,0,CHRG, ,
1525.0,1,1,1,1,1,1525.0,1.5,13.89,20.8,0.63,8.62,0,0,CHRG, ,
1530.0,1,1,1,1,1,1530.0,1.5,13.893,20.8,0.63,8.65,0,0,CHRG, ,
1535.0,1,1,1,1,1,1535.0,1.5,13.894,20.8,0.63,8.68,0,0,CHRG, ,
1540.0,1,1,1,1,1,1540.0,1.5,13.895,20.8,0.64,8.71,0,0,CHRG, ,
1545.0,1,1,1,1,1,1545.0,1.5,13.897,20.8,0.64,8.73,0,0,CHRG, ,
1550.0,1,1,1,1,1,1550.0,1.5,13.899,20.8,0.64,8.76,0,0,CHRG, ,
1555.0,1,1,1,1,1,1555.0,1.5,13.9,20.8,0.64,8.79,0,0,CHRG, ,
1560.0,1,1,1,1,1,1560.0,1.5,13.902,20.8,0.64,8.82,0,0,CHRG, ,
1565.0,1,1,1,1,1,1565.0,1.5,13.904,20.8,0.65,8.85,0,0,CHRG, ,
1570.0,1,1,1,1,1,1570.0,1.5,13.905,20.8,0.65,8.88,0,0,CHRG, ,
1575.0,1,1,1,1,1,1575.0,1.5,13.907,20.8,0.65,8.91,0,0,CHRG, ,
1580.0,1,1,1,1,1,1580.0,1.5,13.909,20.8,0.65,8.94,0,0,CHRG, ,
1585.0,1,1,1,1,1,1585.0,1.5,13.911,20.8,0.66,8.97,0,0,CHRG, ,
1590.0,1,1,1,1,1,1590.0,1.5,13.912,20.8,0.66,8.99,0,0,CHRG, ,
1595.0,1,1,1,1,1,1595.0,1.5,13.914,20.8,0.66,9.02,0,0,CHRG, ,
1600.0,1,1,1,1,1,1600.0,1.5,13.915,20.8,0.66,9.05,0,0,CHRG, ,
1605.0,1,1,1,1,1,1605.0,1.5,13.917,20.8,0.66,9.08,0,0,CHRG, ,
1610.0,1,1,1,1,1,1610.0,1.5,13.919,20.8,0.67,9.11,0,0,CHRG, ,
1615.0,1,1,1,1,1,1615.0,1.5,13.92,20.8,0.67,9.14,0,0,CHRG, ,
1620.0,1,1,1,1,1,1620.0,1.5,13.922,20.8,0.67,9.17,0,0,CHRG, ,
1625.0,1,1,1,1,1,1625.0,1.5,13.924,20.8,0.67,9.2,0,0,CHRG, ,
1630.0,1,1,1,1,1,1630.0,1.5,13.926,20.8,0.67,9.23,0,0,CHRG, ,
1635.0,1,1,1,1,1,1635.0,1.5,13.927,20.8,0.68,9.25,0,0,CHRG, ,
1640.0,1,1,1,1,1,1640.0,1.5,13.928,20.8,0.68,9.28,0,0,CHRG, ,
1645.0,1,1,1,1,1,1645.0,1.5,13.931,20.8,0.68,9.31,0,0,CHRG, ,
1650.0,1,1,1,1,1,1650.0,1.5,13.933,20.8,0.68,9.34,0,0,CHRG, ,
1655.0,1,1,1,1,1,1655.0,1.5,13.934,20.8,0.68,9.37,0,0,CHRG, ,
1660.0,1,1,1,1,1,1660.0,1.5,13.936,20.8,0.69,9.4,0,0,CHRG, ,
1665.0,1,1,1,1,1,1665.0,1.5,13.937,20.9,0.69,9.43,0,0,CHRG, ,
1670.0,1,1,1,1,1,1670.0,1.5,13.939,20.9,0.69,9.46,0,0,CHRG, ,
1675.0,1,1,1,1,1,1675.0,1.5,13.941,20.9,0.69,9.49,0,0,CHRG, ,
1680.0,1,1,1,1,1,1680.0,1.5,13.943,20.8,0.69,9.51,0,0,CHRG, ,
1685.0,1,1,1,1,1,1685.0,1.5,13.944,20.9,0.7,9.54,0,0,CHRG, ,
1690.0,1,1,1,1,1,1690.0,1.5,13.946,20.9,0.7,9.57,0,0,CHRG, ,
1695.0,1,1,1,1,1,1695.0,1.5,13.947,20.8,0.7,9.6,0,0,CHRG, ,
1700.0,1,1,1,1,1,1700.0,1.5,13.949,20.8,0.7,9.63,0,0,CHRG, ,
1705.0,1,1,1,1,1,1705.0,1.5,13.951,20.9,0.71,9.66,0,0,CHRG, ,
1710.0,1,1,1,1,1,1710.0,1.5,13.952,20.9,0.71,9.69,0,0,CHRG, ,
1715.0,1,1,1,1,1,1715.0,1.5,13.954,20.9,0.71,9.72,0,0,CHRG, ,
1720.0,1,1,1,1,1,1720.0,1.5,13.956,20.9,0.71,9.75,0,0,CHRG, ,
1725.0,1,1,1,1,1,1725.0,1.5,13.958,20.8,0.71,9.78,0,0,CHRG, ,
1730.0,1,1,1,1,1,1730.0,1.49,13.96,20.8,0.72,9.8,0,0,CHRG, ,
1735.0,1,1,1,1,1,1735.0,1.5,13.962,20.9,0.72,9.83,0,0,CHRG, ,
1740.0,1,1,1,1,1,1740.0,1.5,13.963,20.9,0.72,9.86,0,0,CHRG, ,
1745.0,1,1,1,1,1,1745.0,1.5,13.964,20.9,0.72,9.89,0,0,CHRG, ,
1750.0,1,1,1,1,1,1750.0,1.5,13.966,20.9,0.72,9.92,0,0,CHRG, ,
1755.0,1,1,1,1,1,1755.0,1.5,13.968,20.9,0.73,9.95,0,0,CHRG, ,
1760.0,1,1,1,1,1,1760.0,1.5,13.969,20.9,0.73,9.98,0,0,CHRG, ,
1765.0,1,1,1,1,1,1765.0,1.5,13.971,20.9,0.73,10.01,0,0,CHRG, ,
1770.0,1,1,1,1,1,1770.0,1.5,13.974,20.9,0.73,10.04,0,0,CHRG, ,
1775.0,1,1,1,1,1,1775.0,1.5,13.975,20.9,0.73,10.07,0,0,CHRG, ,
1780.0,1,1,1,1,1,1780.0,1.5,13.977,20.9,0.74,10.09,0,0,CHRG, ,
1785.0,1,1,1,1,1,1785.0,1.5,13.979,20.9,0.74,10.12,0,0,CHRG, ,
1790.0,1,1,1,1,1,1790.0,1.5,13.98,20.9,0.74,10.15,0,0,CHRG, ,
1795.0,1,1,1,1,1,1795.0,1.5,13.983,20.9,0.74,10.18,0,0,CHRG, ,
1800.0,1,1,1,1,1,1800.0,1.5,13.985,20.9,0.74,10.21,0,0,CHRG, ,
1805.0,1,1,1,1,1,1805.0,1.5,13.986,20.9,0.75,10.24,0,0,CHRG, ,
1810.0,1,1,1,1,1,1810.0,1.5,13.988,20.9,0.75,10.27,0,0,CHRG, ,
1815.0,1,1,1,1,1,1815.0,1.5,13.989,20.9,0.75,10.3,0,0,CHRG, ,
1820.0,1,1,1,1,1,1820.0,1.5,13.992,20.9,0.75,10.33,0,0,CHRG, ,
1825.0,1,1,1,1,1,1825.0,1.5,13.993,20.9,0.76,10.36,0,0,CHRG, ,
1830.0,1,1,1,1,1,1830.0,1.5,13.995,20.9,0.76,10.38,0,0,CHRG, ,
1835.0,1,1,1,1,1,1835.0,1.49,13.997,20.8,0.76,10.41,0,0,CHRG, ,
1840.0,1,1,1,1,1,1840.0,1.5,13.998,20.9,0.76,10.44,0,0,CHRG, ,
1845.0,1,1,1,1,1,1845.0,1.5,14,21,0.76,10.47,0,0,CHRG, ,
1850.0,1,1,1,1,1,1850.0,1.5,14.002,20.9,0.77,10.5,0,0,CHRG, ,
1855.0,1,1,1,1,1,1855.0,1.5,14.005,21,0.77,10.53,0,0,CHRG, ,
1860.0,1,1,1,1,1,1860.0,1.5,14.007,20.9,0.77,10.56,0,0,CHRG, ,
1865.0,1,1,1,1,1,1865.0,1.5,14.008,20.9,0.77,10.59,0,0,CHRG, ,
1870.0,1,1,1,1,1,1870.0,1.5,14.01,21,0.77,10.62,0,0,CHRG, ,
1875.0,1,1,1,1,1,1875.0,1.5,14.012,21,0.78,10.65,0,0,CHRG, ,
1880.0,1,1,1,1,1,1880.0,1.5,14.013,21,0.78,10.68,0,0,CHRG, ,
1885.0,1,1,1,1,1,1885.0,1.5,14.015,21,0.78,10.7,0,0,CHRG, ,
1890.0,1,1,1,1,1,1890.0,1.5,14.017,20.9,0.78,10.73,0,0,CHRG, ,
1895.0,1,1,1,1,1,1895.0,1.5,14.019,21,0.78,10.76,0,0,CHRG, ,
1900.0,1,1,1,1,1,1900.0,1.5,14.021,20.9,0.79,10.79,0,0,CHRG, ,
1905.0,1,1,1,1,1,1905.0,1.5,14.024,21,0.79,10.82,0,0,CHRG, ,
1910.0,1,1,1,1,1,1910.0,1.5,14.025,21,0.79,10.85,0,0,CHRG, ,
1915.0,1,1,1,1,1,1915.0,1.5,14.027,21,0.79,10.88,0,0,CHRG, ,
1920.0,1,1,1,1,1,1920.0,1.5,14.029,21,0.79,10.91,0,0,CHRG, ,
1925.0,1,1,1,1,1,1925.0,1.5,14.031,21,0.8,10.94,0,0,CHRG, ,
1930.0,1,1,1,1,1,1930.0,1.5,14.032,21,0.8,10.97,0,0,CHRG, ,
1935.0,1,1,1,1,1,1935.0,1.5,14.035,21,0.8,11,0,0,CHRG, ,
1940.0,1,1,1,1,1,1940.0,1.49,14.036,20.9,0.8,11.02,0,0,CHRG, ,
1945.0,1,1,1,1,1,1945.0,1.5,14.039,21,0.81,11.05,0,0,CHRG, ,
1950.0,1,1,1,1,1,1950.0,1.5,14.041,21,0.81,11.08,0,0,CHRG, ,
1955.0,1,1,1,1,1,1955.0,1.5,14.044,21,0.81,11.11,0,0,CHRG, ,
1960.0,1,1,1,1,1,1960.0,1.5,14.046,21,0.81,11.14,0,0,CHRG, ,
1965.0,1,1,1,1,1,1965.0,1.5,14.047,21,0.81,11.17,0,0,CHRG, ,
1970.0,1,1,1,1,1,1970.0,1.5,14.048,21,0.82,11.2,0,0,CHRG, ,
1975.0,1,1,1,1,1,1975.0,1.5,14.051,21,0.82,11.23,0,0,CHRG, ,
1980.0,1,1,1,1,1,1980.0,1.5,14.053,21,0.82,11.26,0,0,CHRG, ,
1985.0,1,1,1,1,1,1985.0,1.5,14.055,21,0.82,11.29,0,0,CHRG, ,
1990.0,1,1,1,1,1,1990.0,1.5,14.057,21,0.82,11.32,0,0,CHRG, ,
1995.0,1,1,1,1,1,1995.0,1.5,14.059,21,0.83,11.35,0,0,CHRG, ,
2000.0,1,1,1,1,1,2000.0,1.5,14.062,21,0.83,11.37,0,0,CHRG, ,
2005.0,1,1,1,1,1,2005.0,1.5,14.064,21,0.83,11.4,0,0,CHRG, ,
2010.0,1,1,1,1,1,2010.0,1.5,14.065,21,0.83,11.43,0,0,CHRG, ,
2015.0,1,1,1,1,1,2015.0,1.5,14.068,21,0.83,11.46,0,0,CHRG, ,
2020.0,1,1,1,1,1,2020.0,1.5,14.07,21.1,0.84,11.49,0,0,CHRG, ,
2025.0,1,1,1,1,1,2025.0,1.5,14.072,21,0.84,11.52,0,0,CHRG, ,
2030.0,1,1,1,1,1,2030.0,1.5,14.073,21.1,0.84,11.55,0,0,CHRG, ,
2035.0,1,1,1,1,1,2035.0,1.5,14.075,21,0.84,11.58,0,0,CHRG, ,
2040.0,1,1,1,1,1,2040.0,1.49,14.076,21,0.84,11.61,0,0,CHRG, ,
2045.0,1,1,1,1,1,2045.0,1.5,14.079,21.1,0.85,11.64,0,0,CHRG, ,
2050.0,1,1,1,1,1,2050.0,1.5,14.081,21.1,0.85,11.67,0,0,CHRG, ,
2055.0,1,1,1,1,1,2055.0,1.5,14.083,21,0.85,11.7,0,0,CHRG, ,
2060.0,1,1,1,1,1,2060.0,1.5,14.085,21.1,0.85,11.73,0,0,CHRG, ,
2065.0,1,1,1,1,1,2065.0,1.5,14.088,21,0.86,11.75,0,0,CHRG, ,
2070.0,1,1,1,1,1,2070.0,1.5,14.09,21,0.86,11.78,0,0,CHRG, ,
2075.0,1,1,1,1,1,2075.0,1.5,14.091,21.1,0.86,11.81,0,0,CHRG, ,
2080.0,1,1,1,1,1,2080.0,1.5,14.094,21.1,0.86,11.84,0,0,CHRG, ,
2085.0,1,1,1,1,1,2085.0,1.5,14.096,21.1,0.86,11.87,0,0,CHRG, ,
2090.0,1,1,1,1,1,2090.0,1.5,14.098,21.1,0.87,11.9,0,0,CHRG, ,
2095.0,1,1,1,1,1,2095.0,1.5,14.101,21.1,0.87,11.93,0,0,CHRG, ,
2100.0,1,1,1,1,1,2100.0,1.5,14.103,21.1,0.87,11.96,0,0,CHRG, ,
2105.0,1,1,1,1,1,2105.0,1.5,14.105,21.1,0.87,11.99,0,0,CHRG, ,
2110.0,1,1,1,1,1,2110.0,1.5,14.107,21.1,0.87,12.02,0,0,CHRG, ,
2115.0,1,1,1,1,1,2115.0,1.5,14.109,21.1,0.88,12.05,0,0,CHRG, ,
2120.0,1,1,1,1,1,2120.0,1.5,14.111,21.1,0.88,12.08,0,0,CHRG, ,
2125.0,1,1,1,1,1,2125.0,1.5,14.114,21.1,0.88,12.11,0,0,CHRG, ,
2130.0,1,1,1,1,1,2130.0,1.5,14.116,21.1,0.88,12.14,0,0,CHRG, ,
2135.0,1,1,1,1,1,2135.0,1.5,14.118,21.1,0.88,12.16,0,0,CHRG, ,
2140.0,1,1,1,1,1,2140.0,1.5,14.121,21.1,0.89,12.19,0,0,CHRG, ,
2145.0,1,1,1,1,1,2145.0,1.5,14.124,21.1,0.89,12.22,0,0,CHRG, ,
2150.0,1,1,1,1,1,2150.0,1.5,14.126,21.1,0.89,12.25,0,0,CHRG, ,
2155.0,1,1,1,1,1,2155.0,1.5,14.128,21.1,0.89,12.28,0,0,CHRG, ,
2160.0,1,1,1,1,1,2160.0,1.5,14.13,21.1,0.89,12.31,0,0,CHRG, ,
2165.0,1,1,1,1,1,2165.0,1.5,14.133,21.1,0.9,12.34,0,0,CHRG, ,
2170.0,1,1,1,1,1,2170.0,1.5,14.135,21.1,0.9,12.37,0,0,CHRG, ,
2175.0,1,1,1,1,1,2175.0,1.5,14.137,21.1,0.9,12.4,0,0,CHRG, ,
2180.0,1,1,1,1,1,2180.0,1.5,14.14,21.2,0.9,12.43,0,0,CHRG, ,
2185.0,1,1,1,1,1,2185.0,1.49,14.141,21.1,0.91,12.46,0,0,CHRG, ,
2190.0,1,1,1,1,1,2190.0,1.5,14.145,21.1,0.91,12.49,0,0,CHRG, ,
2195.0,1,1,1,1,1,2195.0,1.5,14.147,21.1,0.91,12.52,0,0,CHRG, ,
2200.0,1,1,1,1,1,2200.0,1.5,14.151,21.1,0.91,12.55,0,0,CHRG, ,
2205.0,1,1,1,1,1,2205.0,1.5,14.152,21.2,0.91,12.58,0,0,CHRG, ,
2210.0,1,1,1,1,1,2210.0,1.5,14.154,21.2,0.92,12.6,0,0,CHRG, ,
2215.0,1,1,1,1,1,2215.0,1.5,14.157,21.2,0.92,12.63,0,0,CHRG, ,
2220.0,1,1,1,1,1,2220.0,1.5,14.16,21.2,0.92,12.66,0,0,CHRG, ,
2225.0,1,1,1,1,1,2225.0,1.5,14.162,21.2,0.92,12.69,0,0,CHRG, ,
2230.0,1,1,1,1,1,2230.0,1.5,14.164,21.2,0.92,12.72,0,0,CHRG, ,
2235.0,1,1,1,1,1,2235.0,1.5,14.167,21.2,0.93,12.75,0,0,CHRG, ,
2240.0,1,1,1,1,1,2240.0,1.49,14.17,21.1,0.93,12.78,0,0,CHRG, ,
2245.0,1,1,1,1,1,2245.0,1.5,14.172,21.2,0.93,12.81,0,0,CHRG, ,
2250.0,1,1,1,1,1,2250.0,1.5,14.175,21.2,0.93,12.84,0,0,CHRG, ,
2255.0,1,1,1,1,1,2255.0,1.5,14.177,21.2,0.93,12.87,0,0,CHRG, ,
2260.0,1,1,1,1,1,2260.0,1.5,14.18,21.2,0.94,12.9,0,0,CHRG, ,
2265.0,1,1,1,1,1,2265.0,1.5,14.181,21.2,0.94,12.93,0,0,CHRG, ,
2270.0,1,1,1,1,1,2270.0,1.5,14.185,21.2,0.94,12.96,0,0,CHRG, ,
2275.0,1,1,1,1,1,2275.0,1.5,14.187,21.2,0.94,12.99,0,0,CHRG, ,
2280.0,1,1,1,1,1,2280.0,1.5,14.189,21.2,0.94,13.02,0,0,CHRG, ,
2285.0,1,1,1,1,1,2285.0,1.5,14.192,21.2,0.95,13.05,0,0,CHRG, ,
2290.0,1,1,1,1,1,2290.0,1.5,14.195,21.2,0.95,13.08,0,0,CHRG, ,
2295.0,1,1,1,1,1,2295.0,1.5,14.197,21.2,0.95,13.1,0,0,CHRG, ,
2300.0,1,1,1,1,1,2300.0,1.5,14.2,21.2,0.95,13.13,0,0,CHRG, ,
2305.0,1,1,1,1,1,2305.0,1.5,14.203,21.2,0.96,13.16,0,0,CHRG, ,
2310.0,1,1,1,1,1,2310.0,1.5,14.206,21.3,0.96,13.19,0,0,CHRG, ,
2315.0,1,1,1,1,1,2315.0,1.5,14.209,21.2,0.96,13.22,0,0,CHRG, ,
2320.0,1,1,1,1,1,2320.0,1.5,14.212,21.2,0.96,13.25,0,0,CHRG, ,
2325.0,1,1,1,1,1,2325.0,1.5,14.213,21.2,0.96,13.28,0,0,CHRG, ,
2330.0,1,1,1,1,1,2330.0,1.5,14.218,21.3,0.97,13.31,0,0,CHRG, ,
2335.0,1,1,1,1,1,2335.0,1.5,14.22,21.3,0.97,13.34,0,0,CHRG, ,
2340.0,1,1,1,1,1,2340.0,1.5,14.223,21.3,0.97,13.37,0,0,CHRG, ,
2345.0,1,1,1,1,1,2345.0,1.5,14.225,21.2,0.97,13.4,0,0,CHRG, ,
2350.0,1,1,1,1,1,2350.0,1.5,14.227,21.3,0.97,13.43,0,0,CHRG, ,
2355.0,1,1,1,1,1,2355.0,1.5,14.23,21.3,0.98,13.46,0,0,CHRG, ,
2360.0,1,1,1,1,1,2360.0,1.5,14.233,21.3,0.98,13.49,0,0,CHRG, ,
2365.0,1,1,1,1,1,2365.0,1.5,14.236,21.3,0.98,13.52,0,0,CHRG, ,
2370.0,1,1,1,1,1,2370.0,1.5,14.24,21.3,0.98,13.55,0,0,CHRG, ,
2375.0,1,1,1,1,1,2375.0,1.5,14.242,21.3,0.98,13.58,0,0,CHRG, ,
2380.0,1,1,1,1,1,2380.0,1.5,14.245,21.3,0.99,13.61,0,0,CHRG, ,
2385.0,1,1,1,1,1,2385.0,1.5,14.248,21.3,0.99,13.64,0,0,CHRG, ,
2390.0,1,1,1,1,1,2390.0,1.5,14.252,21.3,0.99,13.67,0,0,CHRG, ,
2395.0,1,1,1,1,1,2395.0,1.5,14.254,21.3,0.99,13.7,0,0,CHRG, ,
2400.0,1,1,1,1,1,2400.0,1.5,14.258,21.3,0.99,13.73,0,0,CHRG, ,
2405.0,1,1,1,1,1,2405.0,1.5,14.26,21.3,1,13.75,0,0,CHRG, ,
2410.0,1,1,1,1,1,2410.0,1.5,14.263,21.3,1,13.78,0,0,CHRG, ,
2415.0,1,1,1,1,1,2415.0,1.5,14.266,21.3,1,13.81,0,0,CHRG, ,
2420.0,1,1,1,1,1,2420.0,1.5,14.27,21.4,1,13.84,0,0,CHRG, ,
2425.0,1,1,1,1,1,2425.0,1.5,14.272,21.3,1.01,13.87,0,0,CHRG, ,
2430.0,1,1,1,1,1,2430.0,1.5,14.276,21.3,1.01,13.9,0,0,CHRG, ,
2435.0,1,1,1,1,1,2435.0,1.5,14.279,21.4,1.01,13.93,0,0,CHRG, ,
2440.0,1,1,1,1,1,2440.0,1.5,14.281,21.3,1.01,13.96,0,0,CHRG, ,
2445.0,1,1,1,1,1,2445.0,1.5,14.285,21.4,1.01,13.99,0,0,CHRG, ,
2450.0,1,1,1,1,1,2450.0,1.5,14.287,21.3,1.02,14.02,0,0,CHRG, ,
2455.0,1,1,1,1,1,2455.0,1.5,14.291,21.3,1.02,14.05,0,0,CHRG, ,
2460.0,1,1,1,1,1,2460.0,1.5,14.293,21.3,1.02,14.08,0,0,CHRG, ,
2465.0,1,1,1,1,1,2465.0,1.5,14.297,21.4,1.02,14.11,0,0,CHRG, ,
2470.0,1,1,1,1,1,2470.0,1.5,14.301,21.4,1.02,14.14,0,0,CHRG, ,
2475.0,1,1,1,1,1,2475.0,1.5,14.304,21.4,1.03,14.17,0,0,CHRG, ,
2480.0,1,1,1,1,1,2480.0,1.5,14.307,21.4,1.03,14.2,0,0,CHRG, ,
2485.0,1,1,1,1,1,2485.0,1.5,14.309,21.4,1.03,14.23,0,0,CHRG, ,
2490.0,1,1,1,1,1,2490.0,1.5,14.313,21.4,1.03,14.26,0,0,CHRG, ,
2495.0,1,1,1,1,1,2495.0,1.5,14.317,21.4,1.03,14.29,0,0,CHRG, ,
2500.0,1,1,1,1,1,2500.0,1.5,14.319,21.4,1.04,14.32,0,0,CHRG, ,
2505.0,1,1,1,1,1,2505.0,1.5,14.323,21.4,1.04,14.35,0,0,CHRG, ,
2510.0,1,1,1,1,1,2510.0,1.5,14.326,21.4,1.04,14.38,0,0,CHRG, ,
2515.0,1,1,1,1,1,2515.0,1.5,14.33,21.4,1.04,14.41,0,0,CHRG, ,
2520.0,1,1,1,1,1,2520.0,1.5,14.333,21.4,1.04,14.44,0,0,CHRG, ,
2525.0,1,1,1,1,1,2525.0,1.5,14.336,21.4,1.05,14.47,0,0,CHRG, ,
2530.0,1,1,1,1,1,2530.0,1.5,14.339,21.4,1.05,14.5,0,0,CHRG, ,
2535.0,1,1,1,1,1,2535.0,1.5,14.343,21.5,1.05,14.53,0,0,CHRG, ,
2540.0,1,1,1,1,1,2540.0,1.5,14.346,21.4,1.05,14.56,0,0,CHRG, ,
2545.0,1,1,1,1,1,2545.0,1.5,14.35,21.5,1.06,14.59,0,0,CHRG, ,
2550.0,1,1,1,1,1,2550.0,1.5,14.354,21.4,1.06,14.62,0,0,CHRG, ,
2555.0,1,1,1,1,1,2555.0,1.5,14.356,21.4,1.06,14.65,0,0,CHRG, ,
2560.0,1,1,1,1,1,2560.0,1.5,14.36,21.4,1.06,14.68,0,0,CHRG, ,
2565.0,1,1,1,1,1,2565.0,1.5,14.364,21.5,1.06,14.71,0,0,CHRG, ,
2570.0,1,1,1,1,1,2570.0,1.5,14.367,21.5,1.07,14.74,0,0,CHRG, ,
2575.0,1,1,1,1,1,2575.0,1.5,14.371,21.5,1.07,14.77,0,0,CHRG, ,
2580.0,1,1,1,1,1,2580.0,1.5,14.373,21.5,1.07,14.79,0,0,CHRG, ,
2585.0,1,1,1,1,1,2585.0,1.5,14.378,21.5,1.07,14.82,0,0,CHRG, ,
2590.0,1,1,1,1,1,2590.0,1.5,14.38,21.5,1.07,14.85,0,0,CHRG, ,
2595.0,1,1,1,1,1,2595.0,1.5,14.384,21.5,1.08,14.88,0,0,CHRG, ,
2600.0,1,1,1,1,1,2600.0,1.5,14.387,21.5,1.08,14.91,0,0,CHRG, ,
2605.0,1,1,1,1,1,2605.0,1.5,14.391,21.5,1.08,14.94,0,0,CHRG, ,
2610.0,1,1,1,1,1,2610.0,1.5,14.394,21.5,1.08,14.97,0,0,CHRG, ,
2615.0,1,1,1,1,1,2615.0,1.5,14.398,21.5,1.08,15,0,0,CHRG, ,
2620.0,1,1,1,1,1,2620.0,1.49,14.399,21.4,1.09,15.03,0,0,CHRG, ,
2625.0,1,1,1,1,1,2625.0,1.49,14.399,21.5,1.09,15.06,0,0,CHRG, ,
2626.1,1,1,1,1,1,2626.1,1.49,14.4,21.5,1.09,15.07,0,0,CHRG,S,
2631.1,1,1,1,1,2,5.0,1.4,14.2,19.8,0,0.02,0,0,CHRG, ,
2636.1,1,1,1,1,2,10.0,1.39,14.2,19.7,0,0.05,0,0,CHRG, ,
2641.1,1,1,1,1,2,15.0,1.39,14.2,19.7,0,0.08,0,0,CHRG, ,
2646.1,1,1,1,1,2,20.0,1.4,14.2,19.8,0,0.1,0,0,CHRG, ,
2651.1,1,1,1,1,2,25.0,1.4,14.2,19.8,0,0.13,0,0,CHRG, ,
2656.1,1,1,1,1,2,30.0,1.4,14.201,19.8,0.01,0.16,0,0,CHRG, ,
2661.1,1,1,1,1,2,35.0,1.4,14.2,19.8,0.01,0.19,0,0,CHRG, ,
2666.1,1,1,1,1,2,40.0,1.4,14.2,19.8,0.01,0.21,0,0,CHRG, ,
2671.1,1,1,1,1,2,45.0,1.4,14.2,19.8,0.01,0.24,0,0,CHRG, ,
2676.1,1,1,1,1,2,50.0,1.4,14.199,19.8,0.01,0.27,0,0,CHRG, ,
2681.1,1,1,1,1,2,55.0,1.4,14.2,19.8,0.02,0.3,0,0,CHRG, ,
2686.1,1,1,1,1,2,60.0,1.39,14.2,19.7,0.02,0.32,0,0,CHRG, ,
2691.1,1,1,1,1,2,65.0,1.39,14.2,19.7,0.02,0.35,0,0,CHRG, ,
2696.1,1,1,1,1,2,70.0,1.39,14.201,19.7,0.02,0.38,0,0,CHRG, ,
2701.1,1,1,1,1,2,75.0,1.4,14.2,19.8,0.02,0.41,0,0,CHRG, ,
2706.1,1,1,1,1,2,80.0,1.39,14.201,19.7,0.03,0.43,0,0,CHRG, ,
2711.1,1,1,1,1,2,85.0,1.39,14.201,19.7,0.03,0.46,0,0,CHRG, ,
2716.1,1,1,1,1,2,90.0,1.39,14.2,19.6,0.03,0.49,0,0,CHRG, ,
2721.1,1,1,1,1,2,95.0,1.39,14.2,19.6,0.03,0.52,0,0,CHRG, ,
2726.1,1,1,1,1,2,100.0,1.38,14.2,19.5,0.03,0.54,0,0,CHRG, ,
2731.1,1,1,1,1,2,105.0,1.38,14.2,19.5,0.04,0.57,0,0,CHRG, ,
2736.1,1,1,1,1,2,110.0,1.39,14.2,19.7,0.04,0.6,0,0,CHRG, ,
2741.1,1,1,1,1,2,115.0,1.38,14.201,19.5,0.04,0.62,0,0,CHRG, ,
2746.1,1,1,1,1,2,120.0,1.39,14.201,19.6,0.04,0.65,0,0,CHRG, ,
2751.1,1,1,1,1,2,125.0,1.38,14.201,19.5,0.04,0.68,0,0,CHRG, ,
2756.1,1,1,1,1,2,130.0,1.38,14.2,19.5,0.05,0.71,0,0,CHRG, ,
2761.1,1,1,1,1,2,135.0,1.37,14.2,19.4,0.05,0.73,0,0,CHRG, ,
2766.1,1,1,1,1,2,140.0,1.37,14.2,19.4,0.05,0.76,0,0,CHRG, ,
2771.1,1,1,1,1,2,145.0,1.38,14.201,19.5,0.05,0.79,0,0,CHRG, ,
2776.1,1,1,1,1,2,150.0,1.37,14.2,19.4,0.05,0.81,0,0,CHRG, ,
2781.1,1,1,1,1,2,155.0,1.37,14.201,19.4,0.05,0.84,0,0,CHRG, ,
2786.1,1,1,1,1,2,160.0,1.37,14.2,19.4,0.06,0.87,0,0,CHRG, ,
2791.1,1,1,1,1,2,165.0,1.37,14.2,19.4,0.06,0.89,0,0,CHRG, ,
2796.1,1,1,1,1,2,170.0,1.36,14.2,19.3,0.06,0.92,0,0,CHRG, ,
2801.1,1,1,1,1,2,175.0,1.37,14.2,19.4,0.06,0.95,0,0,CHRG, ,
2806.1,1,1,1,1,2,180.0,1.36,14.2,19.3,0.06,0.98,0,0,CHRG, ,
2811.1,1,1,1,1,2,185.0,1.36,14.201,19.3,0.07,1,0,0,CHRG, ,
2816.1,1,1,1,1,2,190.0,1.35,14.2,19.2,0.07,1.03,0,0,CHRG, ,
2821.1,1,1,1,1,2,195.0,1.36,14.2,19.3,0.07,1.06,0,0,CHRG, ,
2826.1,1,1,1,1,2,200.0,1.35,14.2,19.1,0.07,1.08,0,0,CHRG, ,
2831.1,1,1,1,1,2,205.0,1.37,14.201,19.4,0.07,1.11,0,0,CHRG, ,
2836.1,1,1,1,1,2,210.0,1.35,14.201,19.2,0.08,1.14,0,0,CHRG, ,
2841.1,1,1,1,1,2,215.0,1.35,14.2,19.1,0.08,1.16,0,0,CHRG, ,
2846.1,1,1,1,1,2,220.0,1.35,14.2,19.1,0.08,1.19,0,0,CHRG, ,
2851.1,1,1,1,1,2,225.0,1.35,14.2,19.1,0.08,1.22,0,0,CHRG, ,
2856.1,1,1,1,1,2,230.0,1.35,14.2,19.1,0.08,1.24,0,0,CHRG, ,
2861.1,1,1,1,1,2,235.0,1.35,14.199,19.1,0.08,1.27,0,0,CHRG, ,
2866.1,1,1,1,1,2,240.0,1.35,14.201,19.1,0.09,1.3,0,0,CHRG, ,
2871.1,1,1,1,1,2,245.0,1.35,14.2,19.1,0.09,1.32,0,0,CHRG, ,
2876.1,1,1,1,1,2,250.0,1.35,14.201,19.1,0.09,1.35,0,0,CHRG, ,
2881.1,1,1,1,1,2,255.0,1.34,14.2,19,0.09,1.38,0,0,CHRG, ,
2886.1,1,1,1,1,2,260.0,1.35,14.2,19.1,0.09,1.4,0,0,CHRG, ,
2891.1,1,1,1,1,2,265.0,1.34,14.2,19,0.1,1.43,0,0,CHRG, ,
2896.1,1,1,1,1,2,270.0,1.34,14.2,19,0.1,1.45,0,0,CHRG, ,
2901.1,1,1,1,1,2,275.0,1.34,14.2,19,0.1,1.48,0,0,CHRG, ,
2906.1,1,1,1,1,2,280.0,1.34,14.2,19,0.1,1.51,0,0,CHRG, ,
2911.1,1,1,1,1,2,285.0,1.34,14.201,19,0.1,1.53,0,0,CHRG, ,
2916.1,1,1,1,1,2,290.0,1.33,14.201,18.9,0.11,1.56,0,0,CHRG, ,
2921.1,1,1,1,1,2,295.0,1.34,14.2,18.9,0.11,1.59,0,0,CHRG, ,
2926.1,1,1,1,1,2,300.0,1.33,14.201,18.8,0.11,1.61,0,0,CHRG, ,
2931.1,1,1,1,1,2,305.0,1.33,14.2,18.8,0.11,1.64,0,0,CHRG, ,
2936.1,1,1,1,1,2,310.0,1.33,14.2,18.8,0.11,1.66,0,0,CHRG, ,
2941.1,1,1,1,1,2,315.0,1.33,14.201,18.8,0.11,1.69,0,0,CHRG, ,
2946.1,1,1,1,1,2,320.0,1.32,14.201,18.7,0.12,1.72,0,0,CHRG, ,
2951.1,1,1,1,1,2,325.0,1.33,14.2,18.8,0.12,1.74,0,0,CHRG, ,
2956.1,1,1,1,1,2,330.0,1.32,14.2,18.7,0.12,1.77,0,0,CHRG, ,
2961.1,1,1,1,1,2,335.0,1.32,14.2,18.7,0.12,1.79,0,0,CHRG, ,
2966.1,1,1,1,1,2,340.0,1.33,14.2,18.8,0.12,1.82,0,0,CHRG, ,
2971.1,1,1,1,1,2,345.0,1.32,14.2,18.7,0.13,1.85,0,0,CHRG, ,
2976.1,1,1,1,1,2,350.0,1.32,14.2,18.7,0.13,1.87,0,0,CHRG, ,
2981.1,1,1,1,1,2,355.0,1.32,14.2,18.7,0.13,1.9,0,0,CHRG, ,
2986.1,1,1,1,1,2,360.0,1.32,14.201,18.7,0.13,1.92,0,0,CHRG, ,
2991.1,1,1,1,1,2,365.0,1.31,14.201,18.6,0.13,1.95,0,0,CHRG, ,
2996.1,1,1,1,1,2,370.0,1.31,14.2,18.6,0.13,1.98,0,0,CHRG, ,
3001.1,1,1,1,1,2,375.0,1.31,14.2,18.6,0.14,2,0,0,CHRG, ,
3006.1,1,1,1,1,2,380.0,1.31,14.2,18.6,0.14,2.03,0,0,CHRG, ,
3011.1,1,1,1,1,2,385.0,1.3,14.2,18.5,0.14,2.05,0,0,CHRG, ,
3016.1,1,1,1,1,2,390.0,1.31,14.201,18.6,0.14,2.08,0,0,CHRG, ,
3021.1,1,1,1,1,2,395.0,1.3,14.2,18.4,0.14,2.1,0,0,CHRG, ,
3026.1,1,1,1,1,2,400.0,1.31,14.2,18.6,0.15,2.13,0,0,CHRG, ,
3031.1,1,1,1,1,2,405.0,1.3,14.2,18.5,0.15,2.16,0,0,CHRG, ,
3036.1,1,1,1,1,2,410.0,1.3,14.2,18.5,0.15,2.18,0,0,CHRG, ,
3041.1,1,1,1,1,2,415.0,1.3,14.2,18.4,0.15,2.21,0,0,CHRG, ,
3046.1,1,1,1,1,2,420.0,1.31,14.201,18.6,0.15,2.23,0,0,CHRG, ,
3051.1,1,1,1,1,2,425.0,1.3,14.2,18.4,0.15,2.26,0,0,CHRG, ,
3056.1,1,1,1,1,2,430.0,1.3,14.201,18.4,0.16,2.28,0,0,CHRG, ,
3061.1,1,1,1,1,2,435.0,1.3,14.2,18.4,0.16,2.31,0,0,CHRG, ,
3066.1,1,1,1,1,2,440.0,1.3,14.2,18.4,0.16,2.34,0,0,CHRG, ,
3071.1,1,1,1,1,2,445.0,1.29,14.201,18.3,0.16,2.36,0,0,CHRG, ,
3076.1,1,1,1,1,2,450.0,1.29,14.2,18.3,0.16,2.39,0,0,CHRG, ,
3081.1,1,1,1,1,2,455.0,1.29,14.201,18.3,0.17,2.41,0,0,CHRG, ,
3086.1,1,1,1,1,2,460.0,1.29,14.2,18.3,0.17,2.44,0,0,CHRG, ,
3091.1,1,1,1,1,2,465.0,1.29,14.2,18.3,0.17,2.46,0,0,CHRG, ,
3096.1,1,1,1,1,2,470.0,1.29,14.201,18.2,0.17,2.49,0,0,CHRG, ,
3101.1,1,1,1,1,2,475.0,1.28,14.2,18.1,0.17,2.51,0,0,CHRG, ,
3106.1,1,1,1,1,2,480.0,1.28,14.2,18.1,0.17,2.54,0,0,CHRG, ,
3111.1,1,1,1,1,2,485.0,1.29,14.2,18.3,0.18,2.56,0,0,CHRG, ,
3116.1,1,1,1,1,2,490.0,1.29,14.201,18.2,0.18,2.59,0,0,CHRG, ,
3121.1,1,1,1,1,2,495.0,1.28,14.2,18.1,0.18,2.61,0,0,CHRG, ,
3126.1,1,1,1,1,2,500.0,1.28,14.2,18.1,0.18,2.64,0,0,CHRG, ,
3131.1,1,1,1,1,2,505.0,1.27,14.2,18,0.18,2.66,0,0,CHRG, ,
3136.1,1,1,1,1,2,510.0,1.27,14.2,18,0.19,2.69,0,0,CHRG, ,
3141.1,1,1,1,1,2,515.0,1.27,14.2,18,0.19,2.71,0,0,CHRG, ,
3146.1,1,1,1,1,2,520.0,1.27,14.2,18,0.19,2.74,0,0,CHRG, ,
3151.1,1,1,1,1,2,525.0,1.27,14.201,17.9,0.19,2.76,0,0,CHRG, ,
3156.1,1,1,1,1,2,530.0,1.28,14.201,18.1,0.19,2.79,0,0,CHRG, ,
3161.1,1,1,1,1,2,535.0,1.27,14.2,17.9,0.19,2.81,0,0,CHRG, ,
3166.1,1,1,1,1,2,540.0,1.27,14.201,17.9,0.2,2.84,0,0,CHRG, ,
3171.1,1,1,1,1,2,545.0,1.27,14.201,18,0.2,2.86,0,0,CHRG, ,
3176.1,1,1,1,1,2,550.0,1.27,14.2,17.9,0.2,2.89,0,0,CHRG, ,
3181.1,1,1,1,1,2,555.0,1.27,14.201,18,0.2,2.91,0,0,CHRG, ,
3186.1,1,1,1,1,2,560.0,1.26,14.2,17.8,0.2,2.94,0,0,CHRG, ,
3191.1,1,1,1,1,2,565.0,1.26,14.2,17.8,0.2,2.96,0,0,CHRG, ,
3196.1,1,1,1,1,2,570.0,1.26,14.2,17.8,0.21,2.99,0,0,CHRG, ,
3201.1,1,1,1,1,2,575.0,1.25,14.2,17.7,0.21,3.01,0,0,CHRG, ,
3206.1,1,1,1,1,2,580.0,1.25,14.201,17.7,0.21,3.04,0,0,CHRG, ,
3211.1,1,1,1,1,2,585.0,1.25,14.201,17.7,0.21,3.06,0,0,CHRG, ,
3216.1,1,1,1,1,2,590.0,1.25,14.2,17.7,0.21,3.09,0,0,CHRG, ,
3221.1,1,1,1,1,2,595.0,1.25,14.2,17.7,0.22,3.11,0,0,CHRG, ,
3226.1,1,1,1,1,2,600.0,1.25,14.2,17.7,0.22,3.14,0,0,CHRG, ,
3231.1,1,1,1,1,2,605.0,1.24,14.2,17.6,0.22,3.16,0,0,CHRG, ,
3236.1,1,1,1,1,2,610.0,1.25,14.2,17.7,0.22,3.19,0,0,CHRG, ,
3241.1,1,1,1,1,2,615.0,1.24,14.201,17.6,0.22,3.21,0,0,CHRG, ,
3246.1,1,1,1,1,2,620.0,1.25,14.2,17.7,0.22,3.23,0,0,CHRG, ,
3251.1,1,1,1,1,2,625.0,1.24,14.2,17.6,0.23,3.26,0,0,CHRG, ,
3256.1,1,1,1,1,2,630.0,1.24,14.2,17.6,0.23,3.28,0,0,CHRG, ,
3261.1,1,1,1,1,2,635.0,1.24,14.201,17.6,0.23,3.31,0,0,CHRG, ,
3266.1,1,1,1,1,2,640.0,1.24,14.2,17.6,0.23,3.33,0,0,CHRG, ,
3271.1,1,1,1,1,2,645.0,1.24,14.2,17.6,0.23,3.36,0,0,CHRG, ,
3276.1,1,1,1,1,2,650.0,1.24,14.2,17.6,0.23,3.38,0,0,CHRG, ,
3281.1,1,1,1,1,2,655.0,1.23,14.2,17.5,0.24,3.41,0,0,CHRG, ,
3286.1,1,1,1,1,2,660.0,1.23,14.2,17.4,0.24,3.43,0,0,CHRG, ,
3291.1,1,1,1,1,2,665.0,1.23,14.201,17.5,0.24,3.45,0,0,CHRG, ,
3296.1,1,1,1,1,2,670.0,1.23,14.2,17.4,0.24,3.48,0,0,CHRG, ,
3301.1,1,1,1,1,2,675.0,1.23,14.2,17.4,0.24,3.5,0,0,CHRG, ,
3306.1,1,1,1,1,2,680.0,1.23,14.201,17.4,0.24,3.53,0,0,CHRG, ,
3311.1,1,1,1,1,2,685.0,1.23,14.2,17.4,0.25,3.55,0,0,CHRG, ,
3316.1,1,1,1,1,2,690.0,1.22,14.2,17.3,0.25,3.57,0,0,CHRG, ,
3321.1,1,1,1,1,2,695.0,1.23,14.201,17.4,0.25,3.6,0,0,CHRG, ,
3326.1,1,1,1,1,2,700.0,1.22,14.2,17.3,0.25,3.62,0,0,CHRG, ,
3331.1,1,1,1,1,2,705.0,1.23,14.2,17.4,0.25,3.65,0,0,CHRG, ,
3336.1,1,1,1,1,2,710.0,1.22,14.201,17.3,0.25,3.67,0,0,CHRG, ,
3341.1,1,1,1,1,2,715.0,1.22,14.2,17.3,0.26,3.7,0,0,CHRG, ,
3346.1,1,1,1,1,2,720.0,1.22,14.199,17.3,0.26,3.72,0,0,CHRG, ,
3351.1,1,1,1,1,2,725.0,1.22,14.201,17.2,0.26,3.74,0,0,CHRG, ,
3356.1,1,1,1,1,2,730.0,1.2,14.2,17,0.26,3.77,0,0,CHRG, ,
3361.1,1,1,1,1,2,735.0,1.21,14.2,17.2,0.26,3.79,0,0,CHRG, ,
3366.1,1,1,1,1,2,740.0,1.22,14.201,17.2,0.26,3.81,0,0,CHRG, ,
3371.1,1,1,1,1,2,745.0,1.22,14.199,17.2,0.27,3.84,0,0,CHRG, ,
3376.1,1,1,1,1,2,750.0,1.21,14.2,17.2,0.27,3.86,0,0,CHRG, ,
3381.1,1,1,1,1,2,755.0,1.21,14.2,17.1,0.27,3.89,0,0,CHRG, ,
3386.1,1,1,1,1,2,760.0,1.21,14.199,17.1,0.27,3.91,0,0,CHRG, ,
3391.1,1,1,1,1,2,765.0,1.2,14.2,17,0.27,3.93,0,0,CHRG, ,
3396.1,1,1,1,1,2,770.0,1.21,14.201,17.1,0.27,3.96,0,0,CHRG, ,
3401.1,1,1,1,1,2,775.0,1.2,14.2,17,0.28,3.98,0,0,CHRG, ,
3406.1,1,1,1,1,2,780.0,1.21,14.201,17.1,0.28,4,0,0,CHRG, ,
3411.1,1,1,1,1,2,785.0,1.2,14.201,17,0.28,4.03,0,0,CHRG, ,
3416.1,1,1,1,1,2,790.0,1.2,14.2,17,0.28,4.05,0,0,CHRG, ,
3421.1,1,1,1,1,2,795.0,1.2,14.2,17,0.28,4.08,0,0,CHRG, ,
3426.1,1,1,1,1,2,800.0,1.19,14.2,16.8,0.28,4.1,0,0,CHRG, ,
3431.1,1,1,1,1,2,805.0,1.2,14.2,17,0.29,4.12,0,0,CHRG, ,
3436.1,1,1,1,1,2,810.0,1.2,14.2,17,0.29,4.15,0,0,CHRG, ,
3441.1,1,1,1,1,2,815.0,1.19,14.2,16.8,0.29,4.17,0,0,CHRG, ,
3446.1,1,1,1,1,2,820.0,1.18,14.2,16.7,0.29,4.19,0,0,CHRG, ,
3451.1,1,1,1,1,2,825.0,1.19,14.2,16.8,0.29,4.22,0,0,CHRG, ,
3456.1,1,1,1,1,2,830.0,1.19,14.201,16.8,0.29,4.24,0,0,CHRG, ,
3461.1,1,1,1,1,2,835.0,1.18,14.2,16.7,0.3,4.26,0,0,CHRG, ,
3466.1,1,1,1,1,2,840.0,1.18,14.2,16.7,0.3,4.29,0,0,CHRG, ,
3471.1,1,1,1,1,2,845.0,1.19,14.2,16.8,0.3,4.31,0,0,CHRG, ,
3476.1,1,1,1,1,2,850.0,1.19,14.2,16.8,0.3,4.33,0,0,CHRG, ,
3481.1,1,1,1,1,2,855.0,1.18,14.2,16.7,0.3,4.36,0,0,CHRG, ,
3486.1,1,1,1,1,2,860.0,1.18,14.2,16.7,0.3,4.38,0,0,CHRG, ,
3491.1,1,1,1,1,2,865.0,1.17,14.2,16.6,0.31,4.4,0,0,CHRG, ,
3496.1,1,1,1,1,2,870.0,1.18,14.2,16.7,0.31,4.43,0,0,CHRG, ,
3501.1,1,1,1,1,2,875.0,1.18,14.2,16.7,0.31,4.45,0,0,CHRG, ,
3506.1,1,1,1,1,2,880.0,1.17,14.2,16.6,0.31,4.47,0,0,CHRG, ,
3511.1,1,1,1,1,2,885.0,1.17,14.2,16.6,0.31,4.5,0,0,CHRG, ,
3516.1,1,1,1,1,2,890.0,1.17,14.2,16.6,0.31,4.52,0,0,CHRG, ,
3521.1,1,1,1,1,2,895.0,1.17,14.2,16.6,0.32,4.54,0,0,CHRG, ,
3526.1,1,1,1,1,2,900.0,1.17,14.2,16.6,0.32,4.56,0,0,CHRG, ,
3531.1,1,1,1,1,2,905.0,1.17,14.201,16.6,0.32,4.59,0,0,CHRG, ,
3536.1,1,1,1,1,2,910.0,1.17,14.2,16.6,0.32,4.61,0,0,CHRG, ,
3541.1,1,1,1,1,2,915.0,1.17,14.2,16.6,0.32,4.63,0,0,CHRG, ,
3546.1,1,1,1,1,2,920.0,1.17,14.2,16.6,0.32,4.66,0,0,CHRG, ,
3551.1,1,1,1,1,2,925.0,1.17,14.201,16.5,0.33,4.68,0,0,CHRG, ,
3556.1,1,1,1,1,2,930.0,1.16,14.199,16.4,0.33,4.7,0,0,CHRG, ,
3561.1,1,1,1,1,2,935.0,1.15,14.199,16.3,0.33,4.73,0,0,CHRG, ,
3566.1,1,1,1,1,2,940.0,1.16,14.2,16.4,0.33,4.75,0,0,CHRG, ,
3571.1,1,1,1,1,2,945.0,1.16,14.201,16.5,0.33,4.77,0,0,CHRG, ,
3576.1,1,1,1,1,2,950.0,1.16,14.201,16.4,0.33,4.79,0,0,CHRG, ,
3581.1,1,1,1,1,2,955.0,1.16,14.201,16.4,0.34,4.82,0,0,CHRG, ,
3586.1,1,1,1,1,2,960.0,1.16,14.2,16.4,0.34,4.84,0,0,CHRG, ,
3591.1,1,1,1,1,2,965.0,1.15,14.2,16.3,0.34,4.86,0,0,CHRG, ,
3596.1,1,1,1,1,2,970.0,1.15,14.2,16.2,0.34,4.88,0,0,CHRG, ,
3601.1,1,1,1,1,2,975.0,1.16,14.201,16.5,0.34,4.91,0,0,CHRG, ,
3606.1,1,1,1,1,2,980.0,1.16,14.201,16.4,0.34,4.93,0,0,CHRG, ,
3611.1,1,1,1,1,2,985.0,1.15,14.2,16.3,0.35,4.95,0,0,CHRG, ,
3616.1,1,1,1,1,2,990.0,1.15,14.199,16.3,0.35,4.98,0,0,CHRG, ,
3621.1,1,1,1,1,2,995.0,1.15,14.2,16.3,0.35,5,0,0,CHRG, ,
3626.1,1,1,1,1,2,1000.0,1.15,14.2,16.3,0.35,5.02,0,0,CHRG, ,
3631.1,1,1,1,1,2,1005.0,1.14,14.2,16.1,0.35,5.04,0,0,CHRG, ,
3636.1,1,1,1,1,2,1010.0,1.14,14.2,16.2,0.35,5.07,0,0,CHRG, ,
3641.1,1,1,1,1,2,1015.0,1.14,14.2,16.1,0.35,5.09,0,0,CHRG, ,
3646.1,1,1,1,1,2,1020.0,1.14,14.2,16.1,0.36,5.11,0,0,CHRG, ,
3651.1,1,1,1,1,2,1025.0,1.14,14.201,16.1,0.36,5.13,0,0,CHRG, ,
3656.1,1,1,1,1,2,1030.0,1.14,14.2,16.1,0.36,5.16,0,0,CHRG, ,
3661.1,1,1,1,1,2,1035.0,1.14,14.2,16.1,0.36,5.18,0,0,CHRG, ,
3666.1,1,1,1,1,2,1040.0,1.14,14.2,16.1,0.36,5.2,0,0,CHRG, ,
3671.1,1,1,1,1,2,1045.0,1.13,14.201,16,0.36,5.22,0,0,CHRG, ,
3676.1,1,1,1,1,2,1050.0,1.13,14.2,16,0.37,5.24,0,0,CHRG, ,
3681.1,1,1,1,1,2,1055.0,1.14,14.2,16.1,0.37,5.27,0,0,CHRG, ,
3686.1,1,1,1,1,2,1060.0,1.13,14.2,16,0.37,5.29,0,0,CHRG, ,
3691.1,1,1,1,1,2,1065.0,1.13,14.2,16,0.37,5.31,0,0,CHRG, ,
3696.1,1,1,1,1,2,1070.0,1.13,14.2,16,0.37,5.33,0,0,CHRG, ,
3701.1,1,1,1,1,2,1075.0,1.12,14.2,15.9,0.37,5.36,0,0,CHRG, ,
3706.1,1,1,1,1,2,1080.0,1.12,14.2,15.9,0.38,5.38,0,0,CHRG, ,
3711.1,1,1,1,1,2,1085.0,1.12,14.2,15.9,0.38,5.4,0,0,CHRG, ,
3716.1,1,1,1,1,2,1090.0,1.12,14.2,15.9,0.38,5.42,0,0,CHRG, ,
3721.1,1,1,1,1,2,1095.0,1.12,14.2,15.9,0.38,5.44,0,0,CHRG, ,
3726.1,1,1,1,1,2,1100.0,1.12,14.2,15.9,0.38,5.47,0,0,CHRG, ,
3731.1,1,1,1,1,2,1105.0,1.12,14.2,15.9,0.38,5.49,0,0,CHRG, ,
3736.1,1,1,1,1,2,1110.0,1.12,14.201,15.9,0.38,5.51,0,0,CHRG, ,
3741.1,1,1,1,1,2,1115.0,1.11,14.2,15.7,0.39,5.53,0,0,CHRG, ,
3746.1,1,1,1,1,2,1120.0,1.11,14.2,15.8,0.39,5.55,0,0,CHRG, ,
3751.1,1,1,1,1,2,1125.0,1.12,14.2,15.9,0.39,5.58,0,0,CHRG, ,
3756.1,1,1,1,1,2,1130.0,1.11,14.2,15.8,0.39,5.6,0,0,CHRG, ,
3761.1,1,1,1,1,2,1135.0,1.11,14.2,15.7,0.39,5.62,0,0,CHRG, ,
3766.1,1,1,1,1,2,1140.0,1.11,14.2,15.7,0.39,5.64,0,0,CHRG, ,
3771.1,1,1,1,1,2,1145.0,1.11,14.2,15.7,0.4,5.66,0,0,CHRG, ,
3776.1,1,1,1,1,2,1150.0,1.11,14.2,15.7,0.4,5.69,0,0,CHRG, ,
3781.1,1,1,1,1,2,1155.0,1.11,14.2,15.7,0.4,5.71,0,0,CHRG, ,
3786.1,1,1,1,1,2,1160.0,1.11,14.2,15.7,0.4,5.73,0,0,CHRG, ,
3791.1,1,1,1,1,2,1165.0,1.11,14.2,15.7,0.4,5.75,0,0,CHRG, ,
3796.1,1,1,1,1,2,1170.0,1.11,14.2,15.7,0.4,5.77,0,0,CHRG, ,
3801.1,1,1,1,1,2,1175.0,1.1,14.2,15.6,0.4,5.79,0,0,CHRG, ,
3806.1,1,1,1,1,2,1180.0,1.1,14.2,15.5,0.41,5.82,0,0,CHRG, ,
3811.1,1,1,1,1,2,1185.0,1.1,14.2,15.6,0.41,5.84,0,0,CHRG, ,
3816.1,1,1,1,1,2,1190.0,1.1,14.2,15.6,0.41,5.86,0,0,CHRG, ,
3821.1,1,1,1,1,2,1195.0,1.1,14.2,15.6,0.41,5.88,0,0,CHRG, ,
3826.1,1,1,1,1,2,1200.0,1.09,14.2,15.5,0.41,5.9,0,0,CHRG, ,
3831.1,1,1,1,1,2,1205.0,1.09,14.2,15.4,0.41,5.92,0,0,CHRG, ,
3836.1,1,1,1,1,2,1210.0,1.1,14.201,15.5,0.42,5.94,0,0,CHRG, ,
3841.1,1,1,1,1,2,1215.0,1.09,14.2,15.4,0.42,5.97,0,0,CHRG, ,
3846.1,1,1,1,1,2,1220.0,1.09,14.2,15.4,0.42,5.99,0,0,CHRG, ,
3851.1,1,1,1,1,2,1225.0,1.09,14.201,15.5,0.42,6.01,0,0,CHRG, ,
3856.1,1,1,1,1,2,1230.0,1.09,14.2,15.4,0.42,6.03,0,0,CHRG, ,
3861.1,1,1,1,1,2,1235.0,1.09,14.2,15.4,0.42,6.05,0,0,CHRG, ,
3866.1,1,1,1,1,2,1240.0,1.09,14.201,15.4,0.42,6.07,0,0,CHRG, ,
3871.1,1,1,1,1,2,1245.0,1.09,14.2,15.4,0.43,6.09,0,0,CHRG, ,
3876.1,1,1,1,1,2,1250.0,1.08,14.2,15.3,0.43,6.12,0,0,CHRG, ,
3881.1,1,1,1,1,2,1255.0,1.09,14.2,15.4,0.43,6.14,0,0,CHRG, ,
3886.1,1,1,1,1,2,1260.0,1.08,14.2,15.3,0.43,6.16,0,0,CHRG, ,
3891.1,1,1,1,1,2,1265.0,1.08,14.201,15.3,0.43,6.18,0,0,CHRG, ,
3896.1,1,1,1,1,2,1270.0,1.08,14.201,15.3,0.43,6.2,0,0,CHRG, ,
3901.1,1,1,1,1,2,1275.0,1.07,14.2,15.2,0.43,6.22,0,0,CHRG, ,
3906.1,1,1,1,1,2,1280.0,1.09,14.201,15.4,0.44,6.24,0,0,CHRG, ,
3911.1,1,1,1,1,2,1285.0,1.08,14.2,15.3,0.44,6.26,0,0,CHRG, ,
3916.1,1,1,1,1,2,1290.0,1.08,14.2,15.3,0.44,6.29,0,0,CHRG, ,
3921.1,1,1,1,1,2,1295.0,1.08,14.199,15.3,0.44,6.31,0,0,CHRG, ,
3926.1,1,1,1,1,2,1300.0,1.07,14.2,15.1,0.44,6.33,0,0,CHRG, ,
3931.1,1,1,1,1,2,1305.0,1.08,14.2,15.2,0.44,6.35,0,0,CHRG, ,
3936.1,1,1,1,1,2,1310.0,1.07,14.201,15.1,0.45,6.37,0,0,CHRG, ,
3941.1,1,1,1,1,2,1315.0,1.07,14.201,15.1,0.45,6.39,0,0,CHRG, ,
3946.1,1,1,1,1,2,1320.0,1.07,14.2,15.1,0.45,6.41,0,0,CHRG, ,
3951.1,1,1,1,1,2,1325.0,1.06,14.201,15,0.45,6.43,0,0,CHRG, ,
3956.1,1,1,1,1,2,1330.0,1.06,14.2,15,0.45,6.45,0,0,CHRG, ,
3961.1,1,1,1,1,2,1335.0,1.06,14.2,15,0.45,6.48,0,0,CHRG, ,
3966.1,1,1,1,1,2,1340.0,1.06,14.2,15,0.45,6.5,0,0,CHRG, ,
3971.1,1,1,1,1,2,1345.0,1.06,14.2,15,0.46,6.52,0,0,CHRG, ,
3976.1,1,1,1,1,2,1350.0,1.06,14.2,15,0.46,6.54,0,0,CHRG, ,
3981.1,1,1,1,1,2,1355.0,1.05,14.2,14.9,0.46,6.56,0,0,CHRG, ,
3986.1,1,1,1,1,2,1360.0,1.06,14.2,15,0.46,6.58,0,0,CHRG, ,
3991.1,1,1,1,1,2,1365.0,1.06,14.201,15,0.46,6.6,0,0,CHRG, ,
3996.1,1,1,1,1,2,1370.0,1.06,14.2,15,0.46,6.62,0,0,CHRG, ,
4001.1,1,1,1,1,2,1375.0,1.05,14.201,14.9,0.46,6.64,0,0,CHRG, ,
4006.1,1,1,1,1,2,1380.0,1.05,14.2,14.9,0.47,6.66,0,0,CHRG, ,
4011.1,1,1,1,1,2,1385.0,1.05,14.2,14.9,0.47,6.68,0,0,CHRG, ,
4016.1,1,1,1,1,2,1390.0,1.05,14.201,14.9,0.47,6.7,0,0,CHRG, ,
4021.1,1,1,1,1,2,1395.0,1.05,14.2,14.9,0.47,6.72,0,0,CHRG, ,
4026.1,1,1,1,1,2,1400.0,1.04,14.2,14.8,0.47,6.74,0,0,CHRG, ,
4031.1,1,1,1,1,2,1405.0,1.05,14.201,14.8,0.47,6.77,0,0,CHRG, ,
4036.1,1,1,1,1,2,1410.0,1.04,14.201,14.8,0.47,6.79,0,0,CHRG, ,
4041.1,1,1,1,1,2,1415.0,1.05,14.201,14.9,0.48,6.81,0,0,CHRG, ,
4046.1,1,1,1,1,2,1420.0,1.04,14.2,14.7,0.48,6.83,0,0,CHRG, ,
4051.1,1,1,1,1,2,1425.0,1.04,14.199,14.8,0.48,6.85,0,0,CHRG, ,
4056.1,1,1,1,1,2,1430.0,1.04,14.201,14.7,0.48,6.87,0,0,CHRG, ,
4061.1,1,1,1,1,2,1435.0,1.04,14.2,14.7,0.48,6.89,0,0,CHRG, ,
4066.1,1,1,1,1,2,1440.0,1.04,14.201,14.8,0.48,6.91,0,0,CHRG, ,
4071.1,1,1,1,1,2,1445.0,1.04,14.201,14.7,0.48,6.93,0,0,CHRG, ,
4076.1,1,1,1,1,2,1450.0,1.04,14.2,14.7,0.49,6.95,0,0,CHRG, ,
4081.1,1,1,1,1,2,1455.0,1.04,14.201,14.7,0.49,6.97,0,0,CHRG, ,
4086.1,1,1,1,1,2,1460.0,1.03,14.2,14.6,0.49,6.99,0,0,CHRG, ,
4091.1,1,1,1,1,2,1465.0,1.03,14.2,14.5,0.49,7.01,0,0,CHRG, ,
4096.1,1,1,1,1,2,1470.0,1.03,14.2,14.6,0.49,7.03,0,0,CHRG, ,
4101.1,1,1,1,1,2,1475.0,1.03,14.201,14.6,0.49,7.05,0,0,CHRG, ,
4106.1,1,1,1,1,2,1480.0,1.03,14.2,14.6,0.49,7.07,0,0,CHRG, ,
4111.1,1,1,1,1,2,1485.0,1.02,14.2,14.5,0.5,7.09,0,0,CHRG, ,
4116.1,1,1,1,1,2,1490.0,1.03,14.199,14.6,0.5,7.11,0,0,CHRG, ,
4121.1,1,1,1,1,2,1495.0,1.03,14.2,14.5,0.5,7.13,0,0,CHRG, ,
4126.1,1,1,1,1,2,1500.0,1.03,14.2,14.6,0.5,7.15,0,0,CHRG, ,
4131.1,1,1,1,1,2,1505.0,1.02,14.199,14.4,0.5,7.17,0,0,CHRG, ,
4136.1,1,1,1,1,2,1510.0,1.03,14.201,14.5,0.5,7.19,0,0,CHRG, ,
4141.1,1,1,1,1,2,1515.0,1.02,14.199,14.4,0.5,7.21,0,0,CHRG, ,
4146.1,1,1,1,1,2,1520.0,1.03,14.201,14.5,0.51,7.23,0,0,CHRG, ,
4151.1,1,1,1,1,2,1525.0,1.02,14.2,14.5,0.51,7.25,0,0,CHRG, ,
4156.1,1,1,1,1,2,1530.0,1,14.2,14.2,0.51,7.27,0,0,CHRG, ,
4161.1,1,1,1,1,2,1535.0,1.01,14.2,14.3,0.51,7.29,0,0,CHRG, ,
4166.1,1,1,1,1,2,1540.0,1.01,14.2,14.3,0.51,7.31,0,0,CHRG, ,
4171.1,1,1,1,1,2,1545.0,1,14.2,14.1,0.51,7.33,0,0,CHRG, ,
4176.1,1,1,1,1,2,1550.0,1.02,14.201,14.4,0.51,7.35,0,0,CHRG, ,
4181.1,1,1,1,1,2,1555.0,1.02,14.201,14.4,0.52,7.37,0,0,CHRG, ,
4186.1,1,1,1,1,2,1560.0,1.01,14.2,14.3,0.52,7.39,0,0,CHRG, ,
4191.1,1,1,1,1,2,1565.0,1.01,14.2,14.3,0.52,7.41,0,0,CHRG, ,
4196.1,1,1,1,1,2,1570.0,1.01,14.2,14.3,0.52,7.43,0,0,CHRG, ,
4201.1,1,1,1,1,2,1575.0,1,14.2,14.2,0.52,7.45,0,0,CHRG, ,
4206.1,1,1,1,1,2,1580.0,1.01,14.2,14.3,0.52,7.47,0,0,CHRG, ,
4211.1,1,1,1,1,2,1585.0,1.01,14.2,14.3,0.52,7.49,0,0,CHRG, ,
4216.1,1,1,1,1,2,1590.0,1.01,14.201,14.3,0.53,7.51,0,0,CHRG, ,
4221.1,1,1,1,1,2,1595.0,1.01,14.2,14.3,0.53,7.53,0,0,CHRG, ,
4226.1,1,1,1,1,2,1600.0,1.01,14.2,14.3,0.53,7.55,0,0,CHRG, ,
4231.1,1,1,1,1,2,1605.0,1.01,14.201,14.3,0.53,7.57,0,0,CHRG, ,
4236.1,1,1,1,1,2,1610.0,1,14.2,14.1,0.53,7.59,0,0,CHRG, ,
4241.1,1,1,1,1,2,1615.0,1,14.2,14.2,0.53,7.61,0,0,CHRG, ,
4246.1,1,1,1,1,2,1620.0,0.99,14.2,14,0.53,7.63,0,0,CHRG, ,
4251.1,1,1,1,1,2,1625.0,1,14.2,14.1,0.54,7.65,0,0,CHRG, ,
4256.1,1,1,1,1,2,1630.0,0.99,14.2,14,0.54,7.67,0,0,CHRG, ,
4261.1,1,1,1,1,2,1635.0,0.99,14.2,14,0.54,7.69,0,0,CHRG, ,
4266.1,1,1,1,1,2,1640.0,1,14.2,14.1,0.54,7.71,0,0,CHRG, ,
4271.1,1,1,1,1,2,1645.0,1,14.201,14.2,0.54,7.73,0,0,CHRG, ,
4276.1,1,1,1,1,2,1650.0,0.99,14.2,14,0.54,7.75,0,0,CHRG, ,
4281.1,1,1,1,1,2,1655.0,0.99,14.2,14.1,0.54,7.77,0,0,CHRG, ,
4286.1,1,1,1,1,2,1660.0,0.99,14.2,14,0.55,7.79,0,0,CHRG, ,
4291.1,1,1,1,1,2,1665.0,0.99,14.201,14,0.55,7.81,0,0,CHRG, ,
4296.1,1,1,1,1,2,1670.0,0.99,14.2,14.1,0.55,7.83,0,0,CHRG, ,
4301.1,1,1,1,1,2,1675.0,0.99,14.201,14,0.55,7.85,0,0,CHRG, ,
4306.1,1,1,1,1,2,1680.0,0.99,14.2,14,0.55,7.86,0,0,CHRG, ,
4311.1,1,1,1,1,2,1685.0,0.99,14.2,14,0.55,7.88,0,0,CHRG, ,
4316.1,1,1,1,1,2,1690.0,0.99,14.201,14,0.55,7.9,0,0,CHRG, ,
4321.1,1,1,1,1,2,1695.0,0.98,14.201,13.9,0.55,7.92,0,0,CHRG, ,
4326.1,1,1,1,1,2,1700.0,0.99,14.2,14,0.56,7.94,0,0,CHRG, ,
4331.1,1,1,1,1,2,1705.0,0.98,14.201,13.9,0.56,7.96,0,0,CHRG, ,
4336.1,1,1,1,1,2,1710.0,0.99,14.2,14,0.56,7.98,0,0,CHRG, ,
4341.1,1,1,1,1,2,1715.0,0.98,14.2,13.9,0.56,8,0,0,CHRG, ,
4346.1,1,1,1,1,2,1720.0,0.97,14.2,13.7,0.56,8.02,0,0,CHRG, ,
4351.1,1,1,1,1,2,1725.0,0.98,14.201,13.9,0.56,8.04,0,0,CHRG, ,
4356.1,1,1,1,1,2,1730.0,0.97,14.2,13.8,0.56,8.06,0,0,CHRG, ,
4361.1,1,1,1,1,2,1735.0,0.97,14.201,13.7,0.57,8.08,0,0,CHRG, ,
4366.1,1,1,1,1,2,1740.0,0.98,14.2,13.8,0.57,8.1,0,0,CHRG, ,
4371.1,1,1,1,1,2,1745.0,0.97,14.201,13.7,0.57,8.12,0,0,CHRG, ,
4376.1,1,1,1,1,2,1750.0,0.97,14.201,13.7,0.57,8.13,0,0,CHRG, ,
4381.1,1,1,1,1,2,1755.0,0.97,14.201,13.8,0.57,8.15,0,0,CHRG, ,
4386.1,1,1,1,1,2,1760.0,0.97,14.2,13.7,0.57,8.17,0,0,CHRG, ,
4391.1,1,1,1,1,2,1765.0,0.97,14.2,13.7,0.57,8.19,0,0,CHRG, ,
4396.1,1,1,1,1,2,1770.0,0.96,14.2,13.6,0.58,8.21,0,0,CHRG, ,
4401.1,1,1,1,1,2,1775.0,0.96,14.2,13.6,0.58,8.23,0,0,CHRG, ,
4406.1,1,1,1,1,2,1780.0,0.96,14.2,13.6,0.58,8.25,0,0,CHRG, ,
4411.1,1,1,1,1,2,1785.0,0.97,14.201,13.7,0.58,8.27,0,0,CHRG, ,
4416.1,1,1,1,1,2,1790.0,0.97,14.2,13.7,0.58,8.29,0,0,CHRG, ,
4421.1,1,1,1,1,2,1795.0,0.96,14.201,13.6,0.58,8.31,0,0,CHRG, ,
4426.1,1,1,1,1,2,1800.0,0.96,14.2,13.6,0.58,8.32,0,0,CHRG, ,
4431.1,1,1,1,1,2,1805.0,0.96,14.2,13.6,0.58,8.34,0,0,CHRG, ,
4436.1,1,1,1,1,2,1810.0,0.96,14.2,13.6,0.59,8.36,0,0,CHRG, ,
4441.1,1,1,1,1,2,1815.0,0.96,14.2,13.6,0.59,8.38,0,0,CHRG, ,
4446.1,1,1,1,1,2,1820.0,0.96,14.2,13.6,0.59,8.4,0,0,CHRG, ,
4451.1,1,1,1,1,2,1825.0,0.95,14.2,13.5,0.59,8.42,0,0,CHRG, ,
4456.1,1,1,1,1,2,1830.0,0.96,14.2,13.5,0.59,8.44,0,0,CHRG, ,
4461.1,1,1,1,1,2,1835.0,0.96,14.201,13.5,0.59,8.46,0,0,CHRG, ,
4466.1,1,1,1,1,2,1840.0,0.95,14.2,13.4,0.59,8.47,0,0,CHRG, ,
4471.1,1,1,1,1,2,1845.0,0.95,14.2,13.4,0.6,8.49,0,0,CHRG, ,
4476.1,1,1,1,1,2,1850.0,0.95,14.2,13.4,0.6,8.51,0,0,CHRG, ,
4481.1,1,1,1,1,2,1855.0,0.95,14.201,13.4,0.6,8.53,0,0,CHRG, ,
4486.1,1,1,1,1,2,1860.0,0.95,14.199,13.4,0.6,8.55,0,0,CHRG, ,
4491.1,1,1,1,1,2,1865.0,0.95,14.2,13.4,0.6,8.57,0,0,CHRG, ,
4496.1,1,1,1,1,2,1870.0,0.95,14.2,13.4,0.6,8.59,0,0,CHRG, ,
4501.1,1,1,1,1,2,1875.0,0.95,14.199,13.4,0.6,8.61,0,0,CHRG, ,
4506.1,1,1,1,1,2,1880.0,0.94,14.201,13.3,0.6,8.62,0,0,CHRG, ,
4511.1,1,1,1,1,2,1885.0,0.95,14.2,13.4,0.61,8.64,0,0,CHRG, ,
4516.1,1,1,1,1,2,1890.0,0.95,14.201,13.4,0.61,8.66,0,0,CHRG, ,
4521.1,1,1,1,1,2,1895.0,0.94,14.2,13.3,0.61,8.68,0,0,CHRG, ,
4526.1,1,1,1,1,2,1900.0,0.94,14.2,13.3,0.61,8.7,0,0,CHRG, ,
4531.1,1,1,1,1,2,1905.0,0.94,14.201,13.3,0.61,8.72,0,0,CHRG, ,
4536.1,1,1,1,1,2,1910.0,0.94,14.2,13.3,0.61,8.73,0,0,CHRG, ,
4541.1,1,1,1,1,2,1915.0,0.94,14.201,13.3,0.61,8.75,0,0,CHRG, ,
4546.1,1,1,1,1,2,1920.0,0.94,14.2,13.3,0.61,8.77,0,0,CHRG, ,
4551.1,1,1,1,1,2,1925.0,0.95,14.2,13.4,0.62,8.79,0,0,CHRG, ,
4556.1,1,1,1,1,2,1930.0,0.93,14.201,13.2,0.62,8.81,0,0,CHRG, ,
4561.1,1,1,1,1,2,1935.0,0.93,14.2,13.1,0.62,8.83,0,0,CHRG, ,
4566.1,1,1,1,1,2,1940.0,0.94,14.2,13.3,0.62,8.85,0,0,CHRG, ,
4571.1,1,1,1,1,2,1945.0,0.92,14.2,13,0.62,8.86,0,0,CHRG, ,
4576.1,1,1,1,1,2,1950.0,0.93,14.2,13.1,0.62,8.88,0,0,CHRG, ,
4581.1,1,1,1,1,2,1955.0,0.93,14.2,13.2,0.62,8.9,0,0,CHRG, ,
4586.1,1,1,1,1,2,1960.0,0.93,14.2,13.2,0.63,8.92,0,0,CHRG, ,
4591.1,1,1,1,1,2,1965.0,0.93,14.2,13.1,0.63,8.94,0,0,CHRG, ,
4596.1,1,1,1,1,2,1970.0,0.93,14.2,13.1,0.63,8.95,0,0,CHRG, ,
4601.1,1,1,1,1,2,1975.0,0.92,14.201,13.1,0.63,8.97,0,0,CHRG, ,
4606.1,1,1,1,1,2,1980.0,0.92,14.201,13.1,0.63,8.99,0,0,CHRG, ,
4611.1,1,1,1,1,2,1985.0,0.92,14.2,13.1,0.63,9.01,0,0,CHRG, ,
4616.1,1,1,1,1,2,1990.0,0.92,14.201,13,0.63,9.03,0,0,CHRG, ,
4621.1,1,1,1,1,2,1995.0,0.92,14.201,13.1,0.63,9.05,0,0,CHRG, ,
4626.1,1,1,1,1,2,2000.0,0.92,14.201,13.1,0.64,9.06,0,0,CHRG, ,
4631.1,1,1,1,1,2,2005.0,0.92,14.2,12.9,0.64,9.08,0,0,CHRG, ,
4636.1,1,1,1,1,2,2010.0,0.92,14.2,13,0.64,9.1,0,0,CHRG, ,
4641.1,1,1,1,1,2,2015.0,0.92,14.2,13,0.64,9.12,0,0,CHRG, ,
4646.1,1,1,1,1,2,2020.0,0.92,14.201,13,0.64,9.14,0,0,CHRG, ,
4651.1,1,1,1,1,2,2025.0,0.91,14.2,12.9,0.64,9.15,0,0,CHRG, ,
4656.1,1,1,1,1,2,2030.0,0.91,14.2,12.9,0.64,9.17,0,0,CHRG, ,
4661.1,1,1,1,1,2,2035.0,0.91,14.201,12.9,0.64,9.19,0,0,CHRG, ,
4666.1,1,1,1,1,2,2040.0,0.91,14.2,12.9,0.65,9.21,0,0,CHRG, ,
4671.1,1,1,1,1,2,2045.0,0.91,14.2,12.9,0.65,9.23,0,0,CHRG, ,
4676.1,1,1,1,1,2,2050.0,0.9,14.2,12.8,0.65,9.24,0,0,CHRG, ,
4681.1,1,1,1,1,2,2055.0,0.91,14.201,12.8,0.65,9.26,0,0,CHRG, ,
4686.1,1,1,1,1,2,2060.0,0.91,14.2,12.8,0.65,9.28,0,0,CHRG, ,
4691.1,1,1,1,1,2,2065.0,0.91,14.2,12.9,0.65,9.3,0,0,CHRG, ,
4696.1,1,1,1,1,2,2070.0,0.91,14.201,12.9,0.65,9.32,0,0,CHRG, ,
4701.1,1,1,1,1,2,2075.0,0.91,14.201,12.8,0.65,9.33,0,0,CHRG, ,
4706.1,1,1,1,1,2,2080.0,0.9,14.2,12.7,0.66,9.35,0,0,CHRG, ,
4711.1,1,1,1,1,2,2085.0,0.9,14.2,12.7,0.66,9.37,0,0,CHRG, ,
4716.1,1,1,1,1,2,2090.0,0.9,14.2,12.7,0.66,9.39,0,0,CHRG, ,
4721.1,1,1,1,1,2,2095.0,0.9,14.2,12.8,0.66,9.4,0,0,CHRG, ,
4726.1,1,1,1,1,2,2100.0,0.89,14.2,12.6,0.66,9.42,0,0,CHRG, ,
4731.1,1,1,1,1,2,2105.0,0.9,14.201,12.7,0.66,9.44,0,0,CHRG, ,
4736.1,1,1,1,1,2,2110.0,0.91,14.201,12.9,0.66,9.46,0,0,CHRG, ,
4741.1,1,1,1,1,2,2115.0,0.9,14.2,12.7,0.66,9.47,0,0,CHRG, ,
4746.1,1,1,1,1,2,2120.0,0.9,14.2,12.7,0.67,9.49,0,0,CHRG, ,
4751.1,1,1,1,1,2,2125.0,0.9,14.2,12.7,0.67,9.51,0,0,CHRG, ,
4756.1,1,1,1,1,2,2130.0,0.89,14.2,12.6,0.67,9.53,0,0,CHRG, ,
4761.1,1,1,1,1,2,2135.0,0.9,14.2,12.7,0.67,9.54,0,0,CHRG, ,
4766.1,1,1,1,1,2,2140.0,0.9,14.2,12.7,0.67,9.56,0,0,CHRG, ,
4771.1,1,1,1,1,2,2145.0,0.89,14.2,12.6,0.67,9.58,0,0,CHRG, ,
4776.1,1,1,1,1,2,2150.0,0.89,14.199,12.6,0.67,9.6,0,0,CHRG, ,
4781.1,1,1,1,1,2,2155.0,0.89,14.2,12.6,0.67,9.61,0,0,CHRG, ,
4786.1,1,1,1,1,2,2160.0,0.88,14.2,12.5,0.68,9.63,0,0,CHRG, ,
4791.1,1,1,1,1,2,2165.0,0.89,14.2,12.5,0.68,9.65,0,0,CHRG, ,
4796.1,1,1,1,1,2,2170.0,0.89,14.2,12.6,0.68,9.67,0,0,CHRG, ,
4801.1,1,1,1,1,2,2175.0,0.89,14.201,12.6,0.68,9.68,0,0,CHRG, ,
4806.1,1,1,1,1,2,2180.0,0.89,14.2,12.6,0.68,9.7,0,0,CHRG, ,
4811.1,1,1,1,1,2,2185.0,0.89,14.2,12.5,0.68,9.72,0,0,CHRG, ,
4816.1,1,1,1,1,2,2190.0,0.89,14.201,12.6,0.68,9.74,0,0,CHRG, ,
4821.1,1,1,1,1,2,2195.0,0.88,14.2,12.4,0.68,9.75,0,0,CHRG, ,
4826.1,1,1,1,1,2,2200.0,0.89,14.2,12.6,0.69,9.77,0,0,CHRG, ,
4831.1,1,1,1,1,2,2205.0,0.88,14.201,12.5,0.69,9.79,0,0,CHRG, ,
4836.1,1,1,1,1,2,2210.0,0.88,14.201,12.5,0.69,9.81,0,0,CHRG, ,
4841.1,1,1,1,1,2,2215.0,0.88,14.2,12.4,0.69,9.82,0,0,CHRG, ,
4846.1,1,1,1,1,2,2220.0,0.88,14.2,12.5,0.69,9.84,0,0,CHRG, ,
4851.1,1,1,1,1,2,2225.0,0.88,14.2,12.4,0.69,9.86,0,0,CHRG, ,
4856.1,1,1,1,1,2,2230.0,0.88,14.201,12.4,0.69,9.88,0,0,CHRG, ,
4861.1,1,1,1,1,2,2235.0,0.88,14.2,12.4,0.69,9.89,0,0,CHRG, ,
4866.1,1,1,1,1,2,2240.0,0.87,14.2,12.3,0.7,9.91,0,0,CHRG, ,
4871.1,1,1,1,1,2,2245.0,0.87,14.2,12.3,0.7,9.93,0,0,CHRG, ,
4876.1,1,1,1,1,2,2250.0,0.87,14.2,12.3,0.7,9.94,0,0,CHRG, ,
4881.1,1,1,1,1,2,2255.0,0.87,14.2,12.3,0.7,9.96,0,0,CHRG, ,
4886.1,1,1,1,1,2,2260.0,0.87,14.2,12.3,0.7,9.98,0,0,CHRG, ,
4891.1,1,1,1,1,2,2265.0,0.87,14.2,12.3,0.7,10,0,0,CHRG, ,
4896.1,1,1,1,1,2,2270.0,0.87,14.2,12.3,0.7,10.01,0,0,CHRG, ,
4901.1,1,1,1,1,2,2275.0,0.87,14.2,12.3,0.7,10.03,0,0,CHRG, ,
4906.1,1,1,1,1,2,2280.0,0.86,14.2,12.2,0.71,10.05,0,0,CHRG, ,
4911.1,1,1,1,1,2,2285.0,0.86,14.2,12.2,0.71,10.06,0,0,CHRG, ,
4916.1,1,1,1,1,2,2290.0,0.87,14.2,12.3,0.71,10.08,0,0,CHRG, ,
4921.1,1,1,1,1,2,2295.0,0.86,14.2,12.2,0.71,10.1,0,0,CHRG, ,
4926.1,1,1,1,1,2,2300.0,0.87,14.201,12.3,0.71,10.11,0,0,CHRG, ,
4931.1,1,1,1,1,2,2305.0,0.86,14.2,12.2,0.71,10.13,0,0,CHRG, ,
4936.1,1,1,1,1,2,2310.0,0.86,14.2,12.2,0.71,10.15,0,0,CHRG, ,
4941.1,1,1,1,1,2,2315.0,0.87,14.201,12.3,0.71,10.17,0,0,CHRG, ,
4946.1,1,1,1,1,2,2320.0,0.86,14.2,12.2,0.71,10.18,0,0,CHRG, ,
4951.1,1,1,1,1,2,2325.0,0.86,14.2,12.1,0.72,10.2,0,0,CHRG, ,
4956.1,1,1,1,1,2,2330.0,0.85,14.2,12,0.72,10.22,0,0,CHRG, ,
4961.1,1,1,1,1,2,2335.0,0.85,14.2,12.1,0.72,10.23,0,0,CHRG, ,
4966.1,1,1,1,1,2,2340.0,0.86,14.2,12.1,0.72,10.25,0,0,CHRG, ,
4971.1,1,1,1,1,2,2345.0,0.85,14.2,12,0.72,10.27,0,0,CHRG, ,
4976.1,1,1,1,1,2,2350.0,0.86,14.2,12.1,0.72,10.28,0,0,CHRG, ,
4981.1,1,1,1,1,2,2355.0,0.86,14.2,12.2,0.72,10.3,0,0,CHRG, ,
4986.1,1,1,1,1,2,2360.0,0.85,14.201,12.1,0.72,10.32,0,0,CHRG, ,
4991.1,1,1,1,1,2,2365.0,0.85,14.2,12,0.73,10.33,0,0,CHRG, ,
4996.1,1,1,1,1,2,2370.0,0.86,14.2,12.1,0.73,10.35,0,0,CHRG, ,
5001.1,1,1,1,1,2,2375.0,0.85,14.2,12,0.73,10.37,0,0,CHRG, ,
5006.1,1,1,1,1,2,2380.0,0.85,14.2,12,0.73,10.38,0,0,CHRG, ,
5011.1,1,1,1,1,2,2385.0,0.85,14.201,12,0.73,10.4,0,0,CHRG, ,
5016.1,1,1,1,1,2,2390.0,0.85,14.2,12,0.73,10.42,0,0,CHRG, ,
5021.1,1,1,1,1,2,2395.0,0.84,14.2,11.9,0.73,10.43,0,0,CHRG, ,
5026.1,1,1,1,1,2,2400.0,0.84,14.201,11.8,0.73,10.45,0,0,CHRG, ,
5031.1,1,1,1,1,2,2405.0,0.84,14.2,11.9,0.73,10.47,0,0,CHRG, ,
5036.1,1,1,1,1,2,2410.0,0.83,14.2,11.7,0.74,10.48,0,0,CHRG, ,
5041.1,1,1,1,1,2,2415.0,0.85,14.201,12,0.74,10.5,0,0,CHRG, ,
5046.1,1,1,1,1,2,2420.0,0.84,14.2,11.8,0.74,10.52,0,0,CHRG, ,
5051.1,1,1,1,1,2,2425.0,0.84,14.2,11.9,0.74,10.53,0,0,CHRG, ,
5056.1,1,1,1,1,2,2430.0,0.84,14.2,11.9,0.74,10.55,0,0,CHRG, ,
5061.1,1,1,1,1,2,2435.0,0.84,14.2,11.9,0.74,10.57,0,0,CHRG, ,
5066.1,1,1,1,1,2,2440.0,0.83,14.2,11.8,0.74,10.58,0,0,CHRG, ,
5071.1,1,1,1,1,2,2445.0,0.84,14.2,11.9,0.74,10.6,0,0,CHRG, ,
5076.1,1,1,1,1,2,2450.0,0.84,14.201,11.9,0.75,10.62,0,0,CHRG, ,
5081.1,1,1,1,1,2,2455.0,0.84,14.201,11.8,0.75,10.63,0,0,CHRG, ,
5086.1,1,1,1,1,2,2460.0,0.83,14.2,11.8,0.75,10.65,0,0,CHRG, ,
5091.1,1,1,1,1,2,2465.0,0.83,14.2,11.7,0.75,10.67,0,0,CHRG, ,
5096.1,1,1,1,1,2,2470.0,0.82,14.199,11.6,0.75,10.68,0,0,CHRG, ,
5101.1,1,1,1,1,2,2475.0,0.84,14.201,11.8,0.75,10.7,0,0,CHRG, ,
5106.1,1,1,1,1,2,2480.0,0.84,14.2,11.8,0.75,10.71,0,0,CHRG, ,
5111.1,1,1,1,1,2,2485.0,0.83,14.201,11.7,0.75,10.73,0,0,CHRG, ,
5116.1,1,1,1,1,2,2490.0,0.83,14.201,11.8,0.75,10.75,0,0,CHRG, ,
5121.1,1,1,1,1,2,2495.0,0.83,14.2,11.7,0.76,10.76,0,0,CHRG, ,
5126.1,1,1,1,1,2,2500.0,0.83,14.2,11.7,0.76,10.78,0,0,CHRG, ,
5131.1,1,1,1,1,2,2505.0,0.83,14.2,11.7,0.76,10.8,0,0,CHRG, ,
5136.1,1,1,1,1,2,2510.0,0.82,14.2,11.6,0.76,10.81,0,0,CHRG, ,
5141.1,1,1,1,1,2,2515.0,0.83,14.2,11.7,0.76,10.83,0,0,CHRG, ,
5146.1,1,1,1,1,2,2520.0,0.82,14.2,11.6,0.76,10.84,0,0,CHRG, ,
5151.1,1,1,1,1,2,2525.0,0.83,14.2,11.7,0.76,10.86,0,0,CHRG, ,
5156.1,1,1,1,1,2,2530.0,0.83,14.2,11.7,0.76,10.88,0,0,CHRG, ,
5161.1,1,1,1,1,2,2535.0,0.82,14.2,11.6,0.76,10.89,0,0,CHRG, ,
5166.1,1,1,1,1,2,2540.0,0.82,14.199,11.6,0.77,10.91,0,0,CHRG, ,
5171.1,1,1,1,1,2,2545.0,0.82,14.2,11.6,0.77,10.93,0,0,CHRG, ,
5176.1,1,1,1,1,2,2550.0,0.82,14.2,11.6,0.77,10.94,0,0,CHRG, ,
5181.1,1,1,1,1,2,2555.0,0.82,14.2,11.6,0.77,10.96,0,0,CHRG, ,
5186.1,1,1,1,1,2,2560.0,0.82,14.201,11.6,0.77,10.97,0,0,CHRG, ,
5191.1,1,1,1,1,2,2565.0,0.81,14.2,11.5,0.77,10.99,0,0,CHRG, ,
5196.1,1,1,1,1,2,2570.0,0.82,14.2,11.6,0.77,11.01,0,0,CHRG, ,
5201.1,1,1,1,1,2,2575.0,0.81,14.2,11.5,0.77,11.02,0,0,CHRG, ,
5206.1,1,1,1,1,2,2580.0,0.81,14.2,11.5,0.78,11.04,0,0,CHRG, ,
5211.1,1,1,1,1,2,2585.0,0.81,14.2,11.5,0.78,11.05,0,0,CHRG, ,
5216.1,1,1,1,1,2,2590.0,0.81,14.2,11.5,0.78,11.07,0,0,CHRG, ,
5221.1,1,1,1,1,2,2595.0,0.82,14.201,11.6,0.78,11.09,0,0,CHRG, ,
5226.1,1,1,1,1,2,2600.0,0.81,14.201,11.5,0.78,11.1,0,0,CHRG, ,
5231.1,1,1,1,1,2,2605.0,0.81,14.2,11.5,0.78,11.12,0,0,CHRG, ,
5236.1,1,1,1,1,2,2610.0,0.81,14.2,11.5,0.78,11.13,0,0,CHRG, ,
5241.1,1,1,1,1,2,2615.0,0.81,14.201,11.5,0.78,11.15,0,0,CHRG, ,
5246.1,1,1,1,1,2,2620.0,0.81,14.201,11.5,0.78,11.17,0,0,CHRG, ,
5251.1,1,1,1,1,2,2625.0,0.81,14.201,11.5,0.79,11.18,0,0,CHRG, ,
5256.1,1,1,1,1,2,2630.0,0.8,14.2,11.4,0.79,11.2,0,0,CHRG, ,
5261.1,1,1,1,1,2,2635.0,0.81,14.201,11.4,0.79,11.21,0,0,CHRG, ,
5266.1,1,1,1,1,2,2640.0,0.81,14.2,11.5,0.79,11.23,0,0,CHRG, ,
5271.1,1,1,1,1,2,2645.0,0.81,14.201,11.5,0.79,11.25,0,0,CHRG, ,
5276.1,1,1,1,1,2,2650.0,0.81,14.201,11.4,0.79,11.26,0,0,CHRG, ,
5281.1,1,1,1,1,2,2655.0,0.81,14.201,11.5,0.79,11.28,0,0,CHRG, ,
5286.1,1,1,1,1,2,2660.0,0.81,14.201,11.5,0.79,11.29,0,0,CHRG, ,
5291.1,1,1,1,1,2,2665.0,0.8,14.2,11.3,0.79,11.31,0,0,CHRG, ,
5296.1,1,1,1,1,2,2670.0,0.8,14.2,11.3,0.8,11.32,0,0,CHRG, ,
5301.1,1,1,1,1,2,2675.0,0.81,14.2,11.4,0.8,11.34,0,0,CHRG, ,
5306.1,1,1,1,1,2,2680.0,0.79,14.2,11.2,0.8,11.36,0,0,CHRG, ,
5311.1,1,1,1,1,2,2685.0,0.8,14.2,11.3,0.8,11.37,0,0,CHRG, ,
5316.1,1,1,1,1,2,2690.0,0.8,14.201,11.3,0.8,11.39,0,0,CHRG, ,
5321.1,1,1,1,1,2,2695.0,0.8,14.2,11.3,0.8,11.4,0,0,CHRG, ,
5326.1,1,1,1,1,2,2700.0,0.8,14.2,11.3,0.8,11.42,0,0,CHRG, ,
5331.1,1,1,1,1,2,2705.0,0.8,14.2,11.3,0.8,11.43,0,0,CHRG, ,
5336.1,1,1,1,1,2,2710.0,0.79,14.2,11.2,0.8,11.45,0,0,CHRG, ,
5341.1,1,1,1,1,2,2715.0,0.8,14.2,11.3,0.81,11.47,0,0,CHRG, ,
5346.1,1,1,1,1,2,2720.0,0.79,14.2,11.2,0.81,11.48,0,0,CHRG, ,
5351.1,1,1,1,1,2,2725.0,0.79,14.2,11.2,0.81,11.5,0,0,CHRG, ,
5356.1,1,1,1,1,2,2730.0,0.79,14.201,11.2,0.81,11.51,0,0,CHRG, ,
5361.1,1,1,1,1,2,2735.0,0.8,14.201,11.3,0.81,11.53,0,0,CHRG, ,
5366.1,1,1,1,1,2,2740.0,0.8,14.201,11.3,0.81,11.54,0,0,CHRG, ,
5371.1,1,1,1,1,2,2745.0,0.79,14.201,11.2,0.81,11.56,0,0,CHRG, ,
5376.1,1,1,1,1,2,2750.0,0.78,14.2,11,0.81,11.57,0,0,CHRG, ,
5381.1,1,1,1,1,2,2755.0,0.79,14.2,11.2,0.81,11.59,0,0,CHRG, ,
5386.1,1,1,1,1,2,2760.0,0.79,14.2,11.2,0.82,11.61,0,0,CHRG, ,
5391.1,1,1,1,1,2,2765.0,0.79,14.2,11.2,0.82,11.62,0,0,CHRG, ,
5396.1,1,1,1,1,2,2770.0,0.79,14.2,11.2,0.82,11.64,0,0,CHRG, ,
5401.1,1,1,1,1,2,2775.0,0.78,14.2,11,0.82,11.65,0,0,CHRG, ,
5406.1,1,1,1,1,2,2780.0,0.79,14.2,11.2,0.82,11.67,0,0,CHRG, ,
5411.1,1,1,1,1,2,2785.0,0.79,14.2,11.2,0.82,11.68,0,0,CHRG, ,
5416.1,1,1,1,1,2,2790.0,0.79,14.2,11.2,0.82,11.7,0,0,CHRG, ,
5421.1,1,1,1,1,2,2795.0,0.79,14.2,11.1,0.82,11.71,0,0,CHRG, ,
5426.1,1,1,1,1,2,2800.0,0.78,14.2,11,0.82,11.73,0,0,CHRG, ,
5431.1,1,1,1,1,2,2805.0,0.77,14.2,10.9,0.83,11.74,0,0,CHRG, ,
5436.1,1,1,1,1,2,2810.0,0.78,14.2,11,0.83,11.76,0,0,CHRG, ,
5441.1,1,1,1,1,2,2815.0,0.79,14.2,11.1,0.83,11.78,0,0,CHRG, ,
5446.1,1,1,1,1,2,2820.0,0.78,14.2,11,0.83,11.79,0,0,CHRG, ,
5451.1,1,1,1,1,2,2825.0,0.77,14.2,10.8,0.83,11.81,0,0,CHRG, ,
5456.1,1,1,1,1,2,2830.0,0.77,14.201,10.9,0.83,11.82,0,0,CHRG, ,
5461.1,1,1,1,1,2,2835.0,0.78,14.2,11,0.83,11.84,0,0,CHRG, ,
5466.1,1,1,1,1,2,2840.0,0.78,14.2,11,0.83,11.85,0,0,CHRG, ,
5471.1,1,1,1,1,2,2845.0,0.77,14.2,10.9,0.83,11.87,0,0,CHRG, ,
5476.1,1,1,1,1,2,2850.0,0.77,14.201,10.9,0.83,11.88,0,0,CHRG, ,
5481.1,1,1,1,1,2,2855.0,0.77,14.2,10.9,0.84,11.9,0,0,CHRG, ,
5486.1,1,1,1,1,2,2860.0,0.78,14.201,11,0.84,11.91,0,0,CHRG, ,
5491.1,1,1,1,1,2,2865.0,0.77,14.2,10.9,0.84,11.93,0,0,CHRG, ,
5496.1,1,1,1,1,2,2870.0,0.77,14.2,10.8,0.84,11.94,0,0,CHRG, ,
5501.1,1,1,1,1,2,2875.0,0.77,14.2,10.9,0.84,11.96,0,0,CHRG, ,
5506.1,1,1,1,1,2,2880.0,0.77,14.2,10.9,0.84,11.97,0,0,CHRG, ,
5511.1,1,1,1,1,2,2885.0,0.77,14.2,10.9,0.84,11.99,0,0,CHRG, ,
5516.1,1,1,1,1,2,2890.0,0.77,14.2,10.9,0.84,12,0,0,CHRG, ,
5521.1,1,1,1,1,2,2895.0,0.76,14.2,10.8,0.84,12.02,0,0,CHRG, ,
5526.1,1,1,1,1,2,2900.0,0.77,14.2,10.8,0.85,12.03,0,0,CHRG, ,
5531.1,1,1,1,1,2,2905.0,0.77,14.201,10.8,0.85,12.05,0,0,CHRG, ,
5536.1,1,1,1,1,2,2910.0,0.77,14.2,10.8,0.85,12.06,0,0,CHRG, ,
5541.1,1,1,1,1,2,2915.0,0.76,14.2,10.7,0.85,12.08,0,0,CHRG, ,
5546.1,1,1,1,1,2,2920.0,0.76,14.201,10.7,0.85,12.09,0,0,CHRG, ,
5551.1,1,1,1,1,2,2925.0,0.76,14.201,10.7,0.85,12.11,0,0,CHRG, ,
5556.1,1,1,1,1,2,2930.0,0.76,14.2,10.7,0.85,12.12,0,0,CHRG, ,
5561.1,1,1,1,1,2,2935.0,0.76,14.201,10.8,0.85,12.14,0,0,CHRG, ,
5566.1,1,1,1,1,2,2940.0,0.76,14.2,10.8,0.85,12.15,0,0,CHRG, ,
5571.1,1,1,1,1,2,2945.0,0.76,14.2,10.7,0.86,12.17,0,0,CHRG, ,
5576.1,1,1,1,1,2,2950.0,0.76,14.2,10.7,0.86,12.18,0,0,CHRG, ,
5581.1,1,1,1,1,2,2955.0,0.76,14.201,10.7,0.86,12.2,0,0,CHRG, ,
5586.1,1,1,1,1,2,2960.0,0.76,14.2,10.7,0.86,12.21,0,0,CHRG, ,
5591.1,1,1,1,1,2,2965.0,0.76,14.201,10.7,0.86,12.23,0,0,CHRG, ,
5596.1,1,1,1,1,2,2970.0,0.76,14.201,10.7,0.86,12.24,0,0,CHRG, ,
5601.1,1,1,1,1,2,2975.0,0.76,14.201,10.7,0.86,12.26,0,0,CHRG, ,
5606.1,1,1,1,1,2,2980.0,0.75,14.2,10.6,0.86,12.27,0,0,CHRG, ,
5611.1,1,1,1,1,2,2985.0,0.75,14.2,10.6,0.86,12.29,0,0,CHRG, ,
5616.1,1,1,1,1,2,2990.0,0.75,14.2,10.6,0.86,12.3,0,0,CHRG, ,
5621.1,1,1,1,1,2,2995.0,0.75,14.2,10.6,0.87,12.31,0,0,CHRG, ,
5626.1,1,1,1,1,2,3000.0,0.75,14.2,10.6,0.87,12.33,0,0,CHRG, ,
5631.1,1,1,1,1,2,3005.0,0.75,14.201,10.6,0.87,12.34,0,0,CHRG, ,
5636.1,1,1,1,1,2,3010.0,0.75,14.201,10.6,0.87,12.36,0,0,CHRG, ,
5641.1,1,1,1,1,2,3015.0,0.75,14.201,10.6,0.87,12.37,0,0,CHRG, ,
5646.1,1,1,1,1,2,3020.0,0.75,14.201,10.6,0.87,12.39,0,0,CHRG, ,
5651.1,1,1,1,1,2,3025.0,0.75,14.2,10.6,0.87,12.4,0,0,CHRG, ,
5656.1,1,1,1,1,2,3030.0,0.75,14.201,10.6,0.87,12.42,0,0,CHRG, ,
5661.1,1,1,1,1,2,3035.0,0.74,14.201,10.5,0.87,12.43,0,0,CHRG, ,
5666.1,1,1,1,1,2,3040.0,0.74,14.2,10.5,0.87,12.45,0,0,CHRG, ,
5671.1,1,1,1,1,2,3045.0,0.74,14.2,10.5,0.88,12.46,0,0,CHRG, ,
5676.1,1,1,1,1,2,3050.0,0.75,14.2,10.6,0.88,12.48,0,0,CHRG, ,
5681.1,1,1,1,1,2,3055.0,0.74,14.2,10.5,0.88,12.49,0,0,CHRG, ,
5686.1,1,1,1,1,2,3060.0,0.74,14.2,10.5,0.88,12.51,0,0,CHRG, ,
5691.1,1,1,1,1,2,3065.0,0.75,14.2,10.6,0.88,12.52,0,0,CHRG, ,
5696.1,1,1,1,1,2,3070.0,0.74,14.2,10.5,0.88,12.53,0,0,CHRG, ,
5701.1,1,1,1,1,2,3075.0,0.74,14.2,10.5,0.88,12.55,0,0,CHRG, ,
5706.1,1,1,1,1,2,3080.0,0.75,14.2,10.6,0.88,12.56,0,0,CHRG, ,
5711.1,1,1,1,1,2,3085.0,0.73,14.2,10.4,0.88,12.58,0,0,CHRG, ,
5716.1,1,1,1,1,2,3090.0,0.73,14.2,10.4,0.89,12.59,0,0,CHRG, ,
5721.1,1,1,1,1,2,3095.0,0.74,14.201,10.4,0.89,12.61,0,0,CHRG, ,
5726.1,1,1,1,1,2,3100.0,0.74,14.2,10.5,0.89,12.62,0,0,CHRG, ,
5731.1,1,1,1,1,2,3105.0,0.73,14.2,10.4,0.89,12.64,0,0,CHRG, ,
5736.1,1,1,1,1,2,3110.0,0.73,14.2,10.4,0.89,12.65,0,0,CHRG, ,
5741.1,1,1,1,1,2,3115.0,0.73,14.201,10.3,0.89,12.67,0,0,CHRG, ,
5746.1,1,1,1,1,2,3120.0,0.74,14.2,10.5,0.89,12.68,0,0,CHRG, ,
5751.1,1,1,1,1,2,3125.0,0.73,14.2,10.3,0.89,12.69,0,0,CHRG, ,
5756.1,1,1,1,1,2,3130.0,0.73,14.2,10.3,0.89,12.71,0,0,CHRG, ,
5761.1,1,1,1,1,2,3135.0,0.73,14.2,10.3,0.89,12.72,0,0,CHRG, ,
5766.1,1,1,1,1,2,3140.0,0.73,14.201,10.4,0.9,12.74,0,0,CHRG, ,
5771.1,1,1,1,1,2,3145.0,0.73,14.2,10.3,0.9,12.75,0,0,CHRG, ,
5776.1,1,1,1,1,2,3150.0,0.74,14.2,10.4,0.9,12.77,0,0,CHRG, ,
5781.1,1,1,1,1,2,3155.0,0.74,14.2,10.4,0.9,12.78,0,0,CHRG, ,
5786.1,1,1,1,1,2,3160.0,0.73,14.2,10.3,0.9,12.8,0,0,CHRG, ,
5791.1,1,1,1,1,2,3165.0,0.73,14.2,10.3,0.9,12.81,0,0,CHRG, ,
5796.1,1,1,1,1,2,3170.0,0.73,14.2,10.4,0.9,12.82,0,0,CHRG, ,
5801.1,1,1,1,1,2,3175.0,0.72,14.2,10.2,0.9,12.84,0,0,CHRG, ,
5806.1,1,1,1,1,2,3180.0,0.73,14.2,10.3,0.9,12.85,0,0,CHRG, ,
5811.1,1,1,1,1,2,3185.0,0.73,14.201,10.3,0.9,12.87,0,0,CHRG, ,
5816.1,1,1,1,1,2,3190.0,0.73,14.2,10.3,0.91,12.88,0,0,CHRG, ,
5821.1,1,1,1,1,2,3195.0,0.71,14.2,10.1,0.91,12.89,0,0,CHRG, ,
5826.1,1,1,1,1,2,3200.0,0.72,14.2,10.2,0.91,12.91,0,0,CHRG, ,
5831.1,1,1,1,1,2,3205.0,0.72,14.2,10.2,0.91,12.92,0,0,CHRG, ,
5836.1,1,1,1,1,2,3210.0,0.73,14.2,10.3,0.91,12.94,0,0,CHRG, ,
5841.1,1,1,1,1,2,3215.0,0.73,14.2,10.3,0.91,12.95,0,0,CHRG, ,
5846.1,1,1,1,1,2,3220.0,0.72,14.201,10.2,0.91,12.97,0,0,CHRG, ,
5851.1,1,1,1,1,2,3225.0,0.72,14.2,10.2,0.91,12.98,0,0,CHRG, ,
5856.1,1,1,1,1,2,3230.0,0.72,14.201,10.2,0.91,12.99,0,0,CHRG, ,
5861.1,1,1,1,1,2,3235.0,0.72,14.2,10.2,0.91,13.01,0,0,CHRG, ,
5866.1,1,1,1,1,2,3240.0,0.72,14.201,10.2,0.92,13.02,0,0,CHRG, ,
5871.1,1,1,1,1,2,3245.0,0.73,14.2,10.3,0.92,13.04,0,0,CHRG, ,
5876.1,1,1,1,1,2,3250.0,0.71,14.2,10.1,0.92,13.05,0,0,CHRG, ,
5881.1,1,1,1,1,2,3255.0,0.71,14.2,10,0.92,13.06,0,0,CHRG, ,
5886.1,1,1,1,1,2,3260.0,0.72,14.2,10.2,0.92,13.08,0,0,CHRG, ,
5891.1,1,1,1,1,2,3265.0,0.72,14.2,10.2,0.92,13.09,0,0,CHRG, ,
5896.1,1,1,1,1,2,3270.0,0.71,14.2,10.1,0.92,13.11,0,0,CHRG, ,
5901.1,1,1,1,1,2,3275.0,0.71,14.2,10.1,0.92,13.12,0,0,CHRG, ,
5906.1,1,1,1,1,2,3280.0,0.71,14.2,10.1,0.92,13.13,0,0,CHRG, ,
5911.1,1,1,1,1,2,3285.0,0.71,14.2,10,0.92,13.15,0,0,CHRG, ,
5916.1,1,1,1,1,2,3290.0,0.71,14.201,10,0.93,13.16,0,0,CHRG, ,
5921.1,1,1,1,1,2,3295.0,0.7,14.2,9.8,0.93,13.18,0,0,CHRG, ,
5926.1,1,1,1,1,2,3300.0,0.72,14.2,10.2,0.93,13.19,0,0,CHRG, ,
5931.1,1,1,1,1,2,3305.0,0.7,14.2,9.9,0.93,13.2,0,0,CHRG, ,
5936.1,1,1,1,1,2,3310.0,0.72,14.201,10.2,0.93,13.22,0,0,CHRG, ,
5941.1,1,1,1,1,2,3315.0,0.7,14.2,9.9,0.93,13.23,0,0,CHRG, ,
5946.1,1,1,1,1,2,3320.0,0.72,14.2,10.1,0.93,13.25,0,0,CHRG, ,
5951.1,1,1,1,1,2,3325.0,0.7,14.2,9.9,0.93,13.26,0,0,CHRG, ,
5956.1,1,1,1,1,2,3330.0,0.7,14.201,9.9,0.93,13.27,0,0,CHRG, ,
5961.1,1,1,1,1,2,3335.0,0.7,14.2,9.9,0.93,13.29,0,0,CHRG, ,
5966.1,1,1,1,1,2,3340.0,0.7,14.2,9.9,0.94,13.3,0,0,CHRG, ,
5971.1,1,1,1,1,2,3345.0,0.7,14.2,9.9,0.94,13.31,0,0,CHRG, ,
5976.1,1,1,1,1,2,3350.0,0.7,14.201,9.9,0.94,13.33,0,0,CHRG, ,
5981.1,1,1,1,1,2,3355.0,0.7,14.2,9.9,0.94,13.34,0,0,CHRG, ,
5986.1,1,1,1,1,2,3360.0,0.7,14.201,9.9,0.94,13.36,0,0,CHRG, ,
5991.1,1,1,1,1,2,3365.0,0.7,14.2,9.9,0.94,13.37,0,0,CHRG, ,
5996.1,1,1,1,1,2,3370.0,0.7,14.201,9.9,0.94,13.38,0,0,CHRG, ,
6001.1,1,1,1,1,2,3375.0,0.71,14.2,10,0.94,13.4,0,0,CHRG, ,
6006.1,1,1,1,1,2,3380.0,0.7,14.2,9.9,0.94,13.41,0,0,CHRG, ,
6011.1,1,1,1,1,2,3385.0,0.7,14.201,9.9,0.94,13.42,0,0,CHRG, ,
6016.1,1,1,1,1,2,3390.0,0.69,14.2,9.7,0.94,13.44,0,0,CHRG, ,
6021.1,1,1,1,1,2,3395.0,0.69,14.2,9.7,0.95,13.45,0,0,CHRG, ,
6026.1,1,1,1,1,2,3400.0,0.7,14.2,9.8,0.95,13.47,0,0,CHRG, ,
6031.1,1,1,1,1,2,3405.0,0.7,14.201,9.9,0.95,13.48,0,0,CHRG, ,
6036.1,1,1,1,1,2,3410.0,0.69,14.2,9.8,0.95,13.49,0,0,CHRG, ,
6041.1,1,1,1,1,2,3415.0,0.69,14.2,9.7,0.95,13.51,0,0,CHRG, ,
6046.1,1,1,1,1,2,3420.0,0.69,14.2,9.7,0.95,13.52,0,0,CHRG, ,
6051.1,1,1,1,1,2,3425.0,0.7,14.201,9.9,0.95,13.53,0,0,CHRG, ,
6056.1,1,1,1,1,2,3430.0,0.69,14.2,9.8,0.95,13.55,0,0,CHRG, ,
6061.1,1,1,1,1,2,3435.0,0.69,14.2,9.7,0.95,13.56,0,0,CHRG, ,
6066.1,1,1,1,1,2,3440.0,0.69,14.201,9.7,0.95,13.57,0,0,CHRG, ,
6071.1,1,1,1,1,2,3445.0,0.69,14.2,9.8,0.96,13.59,0,0,CHRG, ,
6076.1,1,1,1,1,2,3450.0,0.69,14.201,9.7,0.96,13.6,0,0,CHRG, ,
6081.1,1,1,1,1,2,3455.0,0.69,14.2,9.7,0.96,13.61,0,0,CHRG, ,
6086.1,1,1,1,1,2,3460.0,0.69,14.2,9.7,0.96,13.63,0,0,CHRG, ,
6091.1,1,1,1,1,2,3465.0,0.69,14.201,9.7,0.96,13.64,0,0,CHRG, ,
6096.1,1,1,1,1,2,3470.0,0.69,14.2,9.7,0.96,13.65,0,0,CHRG, ,
6101.1,1,1,1,1,2,3475.0,0.69,14.2,9.7,0.96,13.67,0,0,CHRG, ,
6106.1,1,1,1,1,2,3480.0,0.68,14.2,9.6,0.96,13.68,0,0,CHRG, ,
6111.1,1,1,1,1,2,3485.0,0.69,14.201,9.7,0.96,13.69,0,0,CHRG, ,
6116.1,1,1,1,1,2,3490.0,0.68,14.2,9.6,0.96,13.71,0,0,CHRG, ,
6121.1,1,1,1,1,2,3495.0,0.68,14.2,9.6,0.97,13.72,0,0,CHRG, ,
6126.1,1,1,1,1,2,3500.0,0.68,14.2,9.6,0.97,13.73,0,0,CHRG, ,
6131.1,1,1,1,1,2,3505.0,0.68,14.2,9.6,0.97,13.75,0,0,CHRG, ,
6136.1,1,1,1,1,2,3510.0,0.69,14.2,9.7,0.97,13.76,0,0,CHRG, ,
6141.1,1,1,1,1,2,3515.0,0.68,14.2,9.6,0.97,13.77,0,0,CHRG, ,
6146.1,1,1,1,1,2,3520.0,0.68,14.2,9.6,0.97,13.79,0,0,CHRG, ,
6151.1,1,1,1,1,2,3525.0,0.69,14.2,9.7,0.97,13.8,0,0,CHRG, ,
6156.1,1,1,1,1,2,3530.0,0.68,14.2,9.6,0.97,13.81,0,0,CHRG, ,
6161.1,1,1,1,1,2,3535.0,0.68,14.201,9.6,0.97,13.83,0,0,CHRG, ,
6166.1,1,1,1,1,2,3540.0,0.68,14.201,9.6,0.97,13.84,0,0,CHRG, ,
6171.1,1,1,1,1,2,3545.0,0.68,14.2,9.6,0.97,13.85,0,0,CHRG, ,
6176.1,1,1,1,1,2,3550.0,0.68,14.2,9.6,0.98,13.87,0,0,CHRG, ,
6181.1,1,1,1,1,2,3555.0,0.68,14.2,9.6,0.98,13.88,0,0,CHRG, ,
6186.1,1,1,1,1,2,3560.0,0.67,14.2,9.5,0.98,13.89,0,0,CHRG, ,
6191.1,1,1,1,1,2,3565.0,0.68,14.2,9.6,0.98,13.91,0,0,CHRG, ,
6196.1,1,1,1,1,2,3570.0,0.67,14.2,9.5,0.98,13.92,0,0,CHRG, ,
6201.1,1,1,1,1,2,3575.0,0.68,14.2,9.6,0.98,13.93,0,0,CHRG, ,
6206.1,1,1,1,1,2,3580.0,0.68,14.201,9.6,0.98,13.95,0,0,CHRG, ,
6211.1,1,1,1,1,2,3585.0,0.67,14.2,9.5,0.98,13.96,0,0,CHRG, ,
6216.1,1,1,1,1,2,3590.0,0.67,14.2,9.5,0.98,13.97,0,0,CHRG, ,
6221.1,1,1,1,1,2,3595.0,0.67,14.2,9.5,0.98,13.99,0,0,CHRG, ,
6226.1,1,1,1,1,2,3600.0,0.68,14.201,9.6,0.98,14,0,0,CHRG, ,
6231.1,1,1,1,1,2,3605.0,0.67,14.201,9.5,0.99,14.01,0,0,CHRG, ,
6236.1,1,1,1,1,2,3610.0,0.66,14.2,9.3,0.99,14.03,0,0,CHRG, ,
6241.1,1,1,1,1,2,3615.0,0.67,14.201,9.4,0.99,14.04,0,0,CHRG, ,
6246.1,1,1,1,1,2,3620.0,0.67,14.2,9.4,0.99,14.05,0,0,CHRG, ,
6251.1,1,1,1,1,2,3625.0,0.67,14.2,9.4,0.99,14.07,0,0,CHRG, ,
6256.1,1,1,1,1,2,3630.0,0.66,14.2,9.4,0.99,14.08,0,0,CHRG, ,
6261.1,1,1,1,1,2,3635.0,0.66,14.201,9.3,0.99,14.09,0,0,CHRG, ,
6266.1,1,1,1,1,2,3640.0,0.67,14.2,9.4,0.99,14.11,0,0,CHRG, ,
6271.1,1,1,1,1,2,3645.0,0.67,14.2,9.4,0.99,14.12,0,0,CHRG, ,
6276.1,1,1,1,1,2,3650.0,0.67,14.199,9.5,0.99,14.13,0,0,CHRG, ,
6281.1,1,1,1,1,2,3655.0,0.66,14.2,9.4,1,14.14,0,0,CHRG, ,
6286.1,1,1,1,1,2,3660.0,0.66,14.201,9.3,1,14.16,0,0,CHRG, ,
6291.1,1,1,1,1,2,3665.0,0.66,14.2,9.3,1,14.17,0,0,CHRG, ,
6296.1,1,1,1,1,2,3670.0,0.67,14.2,9.4,1,14.18,0,0,CHRG, ,
6301.1,1,1,1,1,2,3675.0,0.66,14.2,9.4,1,14.2,0,0,CHRG, ,
6306.1,1,1,1,1,2,3680.0,0.66,14.2,9.3,1,14.21,0,0,CHRG, ,
6311.1,1,1,1,1,2,3685.0,0.67,14.201,9.4,1,14.22,0,0,CHRG, ,
6316.1,1,1,1,1,2,3690.0,0.66,14.2,9.4,1,14.24,0,0,CHRG, ,
6321.1,1,1,1,1,2,3695.0,0.65,14.2,9.2,1,14.25,0,0,CHRG, ,
6326.1,1,1,1,1,2,3700.0,0.66,14.2,9.3,1,14.26,0,0,CHRG, ,
6331.1,1,1,1,1,2,3705.0,0.66,14.201,9.3,1,14.27,0,0,CHRG, ,
6336.1,1,1,1,1,2,3710.0,0.65,14.2,9.2,1.01,14.29,0,0,CHRG, ,
6341.1,1,1,1,1,2,3715.0,0.66,14.201,9.3,1.01,14.3,0,0,CHRG, ,
6346.1,1,1,1,1,2,3720.0,0.66,14.2,9.3,1.01,14.31,0,0,CHRG, ,
6351.1,1,1,1,1,2,3725.0,0.66,14.201,9.3,1.01,14.33,0,0,CHRG, ,
6356.1,1,1,1,1,2,3730.0,0.65,14.2,9.2,1.01,14.34,0,0,CHRG, ,
6361.1,1,1,1,1,2,3735.0,0.65,14.2,9.2,1.01,14.35,0,0,CHRG, ,
6366.1,1,1,1,1,2,3740.0,0.65,14.2,9.2,1.01,14.36,0,0,CHRG, ,
6371.1,1,1,1,1,2,3745.0,0.65,14.201,9.2,1.01,14.38,0,0,CHRG, ,
6376.1,1,1,1,1,2,3750.0,0.65,14.2,9.2,1.01,14.39,0,0,CHRG, ,
6381.1,1,1,1,1,2,3755.0,0.64,14.201,9,1.01,14.4,0,0,CHRG, ,
6386.1,1,1,1,1,2,3760.0,0.65,14.201,9.2,1.01,14.42,0,0,CHRG, ,
6391.1,1,1,1,1,2,3765.0,0.65,14.2,9.2,1.02,14.43,0,0,CHRG, ,
6396.1,1,1,1,1,2,3770.0,0.65,14.2,9.1,1.02,14.44,0,0,CHRG, ,
6401.1,1,1,1,1,2,3775.0,0.65,14.201,9.1,1.02,14.45,0,0,CHRG, ,
6406.1,1,1,1,1,2,3780.0,0.65,14.199,9.1,1.02,14.47,0,0,CHRG, ,
6411.1,1,1,1,1,2,3785.0,0.65,14.2,9.2,1.02,14.48,0,0,CHRG, ,
6416.1,1,1,1,1,2,3790.0,0.65,14.2,9.2,1.02,14.49,0,0,CHRG, ,
6421.1,1,1,1,1,2,3795.0,0.65,14.2,9.2,1.02,14.5,0,0,CHRG, ,
6426.1,1,1,1,1,2,3800.0,0.65,14.2,9.1,1.02,14.52,0,0,CHRG, ,
6431.1,1,1,1,1,2,3805.0,0.65,14.2,9.1,1.02,14.53,0,0,CHRG, ,
6436.1,1,1,1,1,2,3810.0,0.64,14.2,9,1.02,14.54,0,0,CHRG, ,
6441.1,1,1,1,1,2,3815.0,0.64,14.201,9.1,1.02,14.56,0,0,CHRG, ,
6446.1,1,1,1,1,2,3820.0,0.64,14.2,9,1.03,14.57,0,0,CHRG, ,
6451.1,1,1,1,1,2,3825.0,0.65,14.2,9.1,1.03,14.58,0,0,CHRG, ,
6456.1,1,1,1,1,2,3830.0,0.64,14.2,9,1.03,14.59,0,0,CHRG, ,
6461.1,1,1,1,1,2,3835.0,0.64,14.2,9,1.03,14.61,0,0,CHRG, ,
6466.1,1,1,1,1,2,3840.0,0.64,14.2,9,1.03,14.62,0,0,CHRG, ,
6471.1,1,1,1,1,2,3845.0,0.64,14.2,9.1,1.03,14.63,0,0,CHRG, ,
6476.1,1,1,1,1,2,3850.0,0.63,14.2,8.9,1.03,14.64,0,0,CHRG, ,
6481.1,1,1,1,1,2,3855.0,0.63,14.2,8.9,1.03,14.66,0,0,CHRG, ,
6486.1,1,1,1,1,2,3860.0,0.64,14.2,9,1.03,14.67,0,0,CHRG, ,
6491.1,1,1,1,1,2,3865.0,0.63,14.2,8.9,1.03,14.68,0,0,CHRG, ,
6496.1,1,1,1,1,2,3870.0,0.64,14.2,9,1.03,14.69,0,0,CHRG, ,
6501.1,1,1,1,1,2,3875.0,0.64,14.201,9,1.03,14.71,0,0,CHRG, ,
6506.1,1,1,1,1,2,3880.0,0.63,14.2,8.9,1.04,14.72,0,0,CHRG, ,
6511.1,1,1,1,1,2,3885.0,0.63,14.201,8.9,1.04,14.73,0,0,CHRG, ,
6516.1,1,1,1,1,2,3890.0,0.64,14.2,9,1.04,14.74,0,0,CHRG, ,
6521.1,1,1,1,1,2,3895.0,0.64,14.2,9,1.04,14.76,0,0,CHRG, ,
6526.1,1,1,1,1,2,3900.0,0.63,14.201,8.9,1.04,14.77,0,0,CHRG, ,
6531.1,1,1,1,1,2,3905.0,0.63,14.201,8.9,1.04,14.78,0,0,CHRG, ,
6536.1,1,1,1,1,2,3910.0,0.63,14.2,8.9,1.04,14.79,0,0,CHRG, ,
6541.1,1,1,1,1,2,3915.0,0.64,14.2,9,1.04,14.81,0,0,CHRG, ,
6546.1,1,1,1,1,2,3920.0,0.63,14.2,8.9,1.04,14.82,0,0,CHRG, ,
6551.1,1,1,1,1,2,3925.0,0.64,14.2,9,1.04,14.83,0,0,CHRG, ,
6556.1,1,1,1,1,2,3930.0,0.62,14.2,8.8,1.04,14.84,0,0,CHRG, ,
6561.1,1,1,1,1,2,3935.0,0.63,14.201,8.9,1.05,14.85,0,0,CHRG, ,
6566.1,1,1,1,1,2,3940.0,0.63,14.2,8.9,1.05,14.87,0,0,CHRG, ,
6571.1,1,1,1,1,2,3945.0,0.63,14.2,8.9,1.05,14.88,0,0,CHRG, ,
6576.1,1,1,1,1,2,3950.0,0.63,14.2,8.9,1.05,14.89,0,0,CHRG, ,
6581.1,1,1,1,1,2,3955.0,0.63,14.201,8.9,1.05,14.9,0,0,CHRG, ,
6586.1,1,1,1,1,2,3960.0,0.63,14.201,8.9,1.05,14.92,0,0,CHRG, ,
6591.1,1,1,1,1,2,3965.0,0.63,14.199,8.9,1.05,14.93,0,0,CHRG, ,
6596.1,1,1,1,1,2,3970.0,0.62,14.2,8.8,1.05,14.94,0,0,CHRG, ,
6601.1,1,1,1,1,2,3975.0,0.62,14.2,8.8,1.05,14.95,0,0,CHRG, ,
6606.1,1,1,1,1,2,3980.0,0.62,14.2,8.8,1.05,14.97,0,0,CHRG, ,
6611.1,1,1,1,1,2,3985.0,0.62,14.2,8.8,1.05,14.98,0,0,CHRG, ,
6616.1,1,1,1,1,2,3990.0,0.62,14.2,8.8,1.05,14.99,0,0,CHRG, ,
6621.1,1,1,1,1,2,3995.0,0.63,14.201,8.9,1.06,15,0,0,CHRG, ,
6626.1,1,1,1,1,2,4000.0,0.62,14.2,8.8,1.06,15.01,0,0,CHRG, ,
6631.1,1,1,1,1,2,4005.0,0.62,14.2,8.8,1.06,15.03,0,0,CHRG, ,
6636.1,1,1,1,1,2,4010.0,0.63,14.2,8.9,1.06,15.04,0,0,CHRG, ,
6641.1,1,1,1,1,2,4015.0,0.61,14.2,8.7,1.06,15.05,0,0,CHRG, ,
6646.1,1,1,1,1,2,4020.0,0.62,14.2,8.8,1.06,15.06,0,0,CHRG, ,
6651.1,1,1,1,1,2,4025.0,0.62,14.2,8.8,1.06,15.08,0,0,CHRG, ,
6656.1,1,1,1,1,2,4030.0,0.63,14.201,8.9,1.06,15.09,0,0,CHRG, ,
6661.1,1,1,1,1,2,4035.0,0.62,14.2,8.8,1.06,15.1,0,0,CHRG, ,
6666.1,1,1,1,1,2,4040.0,0.62,14.2,8.8,1.06,15.11,0,0,CHRG, ,
6671.1,1,1,1,1,2,4045.0,0.62,14.2,8.8,1.06,15.12,0,0,CHRG, ,
6676.1,1,1,1,1,2,4050.0,0.61,14.2,8.7,1.07,15.14,0,0,CHRG, ,
6681.1,1,1,1,1,2,4055.0,0.61,14.2,8.6,1.07,15.15,0,0,CHRG, ,
6686.1,1,1,1,1,2,4060.0,0.61,14.201,8.7,1.07,15.16,0,0,CHRG, ,
6691.1,1,1,1,1,2,4065.0,0.6,14.2,8.5,1.07,15.17,0,0,CHRG, ,
6696.1,1,1,1,1,2,4070.0,0.62,14.2,8.8,1.07,15.18,0,0,CHRG, ,
6701.1,1,1,1,1,2,4075.0,0.61,14.2,8.6,1.07,15.2,0,0,CHRG, ,
6706.1,1,1,1,1,2,4080.0,0.61,14.201,8.7,1.07,15.21,0,0,CHRG, ,
6711.1,1,1,1,1,2,4085.0,0.61,14.2,8.6,1.07,15.22,0,0,CHRG, ,
6716.1,1,1,1,1,2,4090.0,0.61,14.201,8.6,1.07,15.23,0,0,CHRG, ,
6721.1,1,1,1,1,2,4095.0,0.61,14.2,8.6,1.07,15.25,0,0,CHRG, ,
6726.1,1,1,1,1,2,4100.0,0.61,14.2,8.6,1.07,15.26,0,0,CHRG, ,
6731.1,1,1,1,1,2,4105.0,0.61,14.2,8.6,1.07,15.27,0,0,CHRG, ,
6736.1,1,1,1,1,2,4110.0,0.61,14.2,8.7,1.08,15.28,0,0,CHRG, ,
6741.1,1,1,1,1,2,4115.0,0.6,14.2,8.5,1.08,15.29,0,0,CHRG, ,
6746.1,1,1,1,1,2,4120.0,0.61,14.199,8.6,1.08,15.3,0,0,CHRG, ,
6751.1,1,1,1,1,2,4125.0,0.61,14.201,8.6,1.08,15.32,0,0,CHRG, ,
6756.1,1,1,1,1,2,4130.0,0.61,14.2,8.7,1.08,15.33,0,0,CHRG, ,
6761.1,1,1,1,1,2,4135.0,0.61,14.2,8.6,1.08,15.34,0,0,CHRG, ,
6766.1,1,1,1,1,2,4140.0,0.61,14.201,8.6,1.08,15.35,0,0,CHRG, ,
6771.1,1,1,1,1,2,4145.0,0.6,14.2,8.5,1.08,15.36,0,0,CHRG, ,
6776.1,1,1,1,1,2,4150.0,0.6,14.2,8.5,1.08,15.38,0,0,CHRG, ,
6781.1,1,1,1,1,2,4155.0,0.61,14.2,8.6,1.08,15.39,0,0,CHRG, ,
6786.1,1,1,1,1,2,4160.0,0.61,14.201,8.6,1.08,15.4,0,0,CHRG, ,
6791.1,1,1,1,1,2,4165.0,0.61,14.2,8.6,1.08,15.41,0,0,CHRG, ,
6796.1,1,1,1,1,2,4170.0,0.6,14.2,8.5,1.09,15.42,0,0,CHRG, ,
6801.1,1,1,1,1,2,4175.0,0.6,14.2,8.5,1.09,15.44,0,0,CHRG, ,
6806.1,1,1,1,1,2,4180.0,0.6,14.2,8.5,1.09,15.45,0,0,CHRG, ,
6811.1,1,1,1,1,2,4185.0,0.61,14.201,8.6,1.09,15.46,0,0,CHRG, ,
6816.1,1,1,1,1,2,4190.0,0.6,14.2,8.5,1.09,15.47,0,0,CHRG, ,
6821.1,1,1,1,1,2,4195.0,0.6,14.2,8.5,1.09,15.48,0,0,CHRG, ,
6826.1,1,1,1,1,2,4200.0,0.6,14.2,8.5,1.09,15.5,0,0,CHRG, ,
6831.1,1,1,1,1,2,4205.0,0.6,14.2,8.5,1.09,15.51,0,0,CHRG, ,
6836.1,1,1,1,1,2,4210.0,0.61,14.201,8.6,1.09,15.52,0,0,CHRG, ,
6841.1,1,1,1,1,2,4215.0,0.61,14.2,8.6,1.09,15.53,0,0,CHRG, ,
6846.1,1,1,1,1,2,4220.0,0.6,14.2,8.5,1.09,15.54,0,0,CHRG, ,
6851.1,1,1,1,1,2,4225.0,0.6,14.199,8.5,1.09,15.55,0,0,CHRG, ,
6856.1,1,1,1,1,2,4230.0,0.6,14.2,8.5,1.1,15.57,0,0,CHRG, ,
6861.1,1,1,1,1,2,4235.0,0.6,14.2,8.4,1.1,15.58,0,0,CHRG, ,
6866.1,1,1,1,1,2,4240.0,0.6,14.2,8.5,1.1,15.59,0,0,CHRG, ,
6871.1,1,1,1,1,2,4245.0,0.6,14.201,8.4,1.1,15.6,0,0,CHRG, ,
6876.1,1,1,1,1,2,4250.0,0.59,14.2,8.3,1.1,15.61,0,0,CHRG, ,
6881.1,1,1,1,1,2,4255.0,0.6,14.2,8.5,1.1,15.62,0,0,CHRG, ,
6886.1,1,1,1,1,2,4260.0,0.59,14.201,8.4,1.1,15.64,0,0,CHRG, ,
6891.1,1,1,1,1,2,4265.0,0.6,14.2,8.5,1.1,15.65,0,0,CHRG, ,
6896.1,1,1,1,1,2,4270.0,0.6,14.2,8.4,1.1,15.66,0,0,CHRG, ,
6901.1,1,1,1,1,2,4275.0,0.6,14.201,8.5,1.1,15.67,0,0,CHRG, ,
6906.1,1,1,1,1,2,4280.0,0.59,14.2,8.3,1.1,15.68,0,0,CHRG, ,
6911.1,1,1,1,1,2,4285.0,0.6,14.201,8.4,1.1,15.69,0,0,CHRG, ,
6916.1,1,1,1,1,2,4290.0,0.59,14.2,8.4,1.11,15.71,0,0,CHRG, ,
6921.1,1,1,1,1,2,4295.0,0.59,14.2,8.4,1.11,15.72,0,0,CHRG, ,
6926.1,1,1,1,1,2,4300.0,0.59,14.201,8.4,1.11,15.73,0,0,CHRG, ,
6931.1,1,1,1,1,2,4305.0,0.59,14.2,8.4,1.11,15.74,0,0,CHRG, ,
6936.1,1,1,1,1,2,4310.0,0.58,14.2,8.2,1.11,15.75,0,0,CHRG, ,
6941.1,1,1,1,1,2,4315.0,0.59,14.2,8.4,1.11,15.76,0,0,CHRG, ,
6946.1,1,1,1,1,2,4320.0,0.59,14.2,8.4,1.11,15.78,0,0,CHRG, ,
6951.1,1,1,1,1,2,4325.0,0.59,14.2,8.3,1.11,15.79,0,0,CHRG, ,
6956.1,1,1,1,1,2,4330.0,0.59,14.2,8.3,1.11,15.8,0,0,CHRG, ,
6961.1,1,1,1,1,2,4335.0,0.59,14.2,8.4,1.11,15.81,0,0,CHRG, ,
6966.1,1,1,1,1,2,4340.0,0.58,14.2,8.1,1.11,15.82,0,0,CHRG, ,
6971.1,1,1,1,1,2,4345.0,0.59,14.2,8.3,1.11,15.83,0,0,CHRG, ,
6976.1,1,1,1,1,2,4350.0,0.58,14.2,8.2,1.12,15.84,0,0,CHRG, ,
6981.1,1,1,1,1,2,4355.0,0.59,14.2,8.3,1.12,15.86,0,0,CHRG, ,
6986.1,1,1,1,1,2,4360.0,0.59,14.2,8.3,1.12,15.87,0,0,CHRG, ,
6991.1,1,1,1,1,2,4365.0,0.58,14.2,8.2,1.12,15.88,0,0,CHRG, ,
6996.1,1,1,1,1,2,4370.0,0.59,14.2,8.3,1.12,15.89,0,0,CHRG, ,
7001.1,1,1,1,1,2,4375.0,0.59,14.2,8.3,1.12,15.9,0,0,CHRG, ,
7006.1,1,1,1,1,2,4380.0,0.58,14.2,8.2,1.12,15.91,0,0,CHRG, ,
7011.1,1,1,1,1,2,4385.0,0.59,14.2,8.3,1.12,15.92,0,0,CHRG, ,
7016.1,1,1,1,1,2,4390.0,0.58,14.2,8.2,1.12,15.94,0,0,CHRG, ,
7021.1,1,1,1,1,2,4395.0,0.58,14.2,8.2,1.12,15.95,0,0,CHRG, ,
7026.1,1,1,1,1,2,4400.0,0.58,14.2,8.2,1.12,15.96,0,0,CHRG, ,
7031.1,1,1,1,1,2,4405.0,0.58,14.201,8.2,1.12,15.97,0,0,CHRG, ,
7036.1,1,1,1,1,2,4410.0,0.58,14.201,8.1,1.13,15.98,0,0,CHRG, ,
7041.1,1,1,1,1,2,4415.0,0.57,14.2,8.1,1.13,15.99,0,0,CHRG, ,
7046.1,1,1,1,1,2,4420.0,0.58,14.2,8.1,1.13,16,0,0,CHRG, ,
7051.1,1,1,1,1,2,4425.0,0.58,14.2,8.2,1.13,16.02,0,0,CHRG, ,
7056.1,1,1,1,1,2,4430.0,0.57,14.201,8,1.13,16.03,0,0,CHRG, ,
7061.1,1,1,1,1,2,4435.0,0.58,14.2,8.2,1.13,16.04,0,0,CHRG, ,
7066.1,1,1,1,1,2,4440.0,0.58,14.2,8.1,1.13,16.05,0,0,CHRG, ,
7071.1,1,1,1,1,2,4445.0,0.57,14.201,8,1.13,16.06,0,0,CHRG, ,
7076.1,1,1,1,1,2,4450.0,0.58,14.201,8.2,1.13,16.07,0,0,CHRG, ,
7081.1,1,1,1,1,2,4455.0,0.58,14.201,8.2,1.13,16.08,0,0,CHRG, ,
7086.1,1,1,1,1,2,4460.0,0.58,14.2,8.1,1.13,16.1,0,0,CHRG, ,
7091.1,1,1,1,1,2,4465.0,0.57,14.2,8,1.13,16.11,0,0,CHRG, ,
7096.1,1,1,1,1,2,4470.0,0.58,14.2,8.1,1.13,16.12,0,0,CHRG, ,
7101.1,1,1,1,1,2,4475.0,0.58,14.201,8.2,1.14,16.13,0,0,CHRG, ,
7106.1,1,1,1,1,2,4480.0,0.56,14.2,7.9,1.14,16.14,0,0,CHRG, ,
7111.1,1,1,1,1,2,4485.0,0.58,14.2,8.1,1.14,16.15,0,0,CHRG, ,
7116.1,1,1,1,1,2,4490.0,0.56,14.2,7.9,1.14,16.16,0,0,CHRG, ,
7121.1,1,1,1,1,2,4495.0,0.58,14.2,8.2,1.14,16.17,0,0,CHRG, ,
7126.1,1,1,1,1,2,4500.0,0.57,14.201,8,1.14,16.18,0,0,CHRG, ,
7131.1,1,1,1,1,2,4505.0,0.57,14.2,8,1.14,16.2,0,0,CHRG, ,
7136.1,1,1,1,1,2,4510.0,0.57,14.2,8,1.14,16.21,0,0,CHRG, ,
7141.1,1,1,1,1,2,4515.0,0.57,14.2,8,1.14,16.22,0,0,CHRG, ,
7146.1,1,1,1,1,2,4520.0,0.58,14.2,8.2,1.14,16.23,0,0,CHRG, ,
7151.1,1,1,1,1,2,4525.0,0.57,14.2,8,1.14,16.24,0,0,CHRG, ,
7156.1,1,1,1,1,2,4530.0,0.57,14.2,8,1.14,16.25,0,0,CHRG, ,
7161.1,1,1,1,1,2,4535.0,0.57,14.201,8,1.15,16.26,0,0,CHRG, ,
7166.1,1,1,1,1,2,4540.0,0.56,14.2,7.9,1.15,16.27,0,0,CHRG, ,
7171.1,1,1,1,1,2,4545.0,0.56,14.2,7.9,1.15,16.28,0,0,CHRG, ,
7176.1,1,1,1,1,2,4550.0,0.56,14.2,7.9,1.15,16.3,0,0,CHRG, ,
7181.1,1,1,1,1,2,4555.0,0.56,14.2,7.9,1.15,16.31,0,0,CHRG, ,
7186.1,1,1,1,1,2,4560.0,0.57,14.201,8,1.15,16.32,0,0,CHRG, ,
7191.1,1,1,1,1,2,4565.0,0.56,14.2,7.9,1.15,16.33,0,0,CHRG, ,
7196.1,1,1,1,1,2,4570.0,0.56,14.2,7.9,1.15,16.34,0,0,CHRG, ,
7201.1,1,1,1,1,2,4575.0,0.56,14.2,7.9,1.15,16.35,0,0,CHRG, ,
7206.1,1,1,1,1,2,4580.0,0.56,14.2,7.9,1.15,16.36,0,0,CHRG, ,
7211.1,1,1,1,1,2,4585.0,0.56,14.2,7.9,1.15,16.37,0,0,CHRG, ,
7216.1,1,1,1,1,2,4590.0,0.56,14.2,7.9,1.15,16.38,0,0,CHRG, ,
7221.1,1,1,1,1,2,4595.0,0.56,14.2,7.9,1.15,16.39,0,0,CHRG, ,
7226.1,1,1,1,1,2,4600.0,0.56,14.2,7.9,1.16,16.41,0,0,CHRG, ,
7231.1,1,1,1,1,2,4605.0,0.56,14.2,7.9,1.16,16.42,0,0,CHRG, ,
7236.1,1,1,1,1,2,4610.0,0.56,14.201,7.9,1.16,16.43,0,0,CHRG, ,
7241.1,1,1,1,1,2,4615.0,0.56,14.2,7.9,1.16,16.44,0,0,CHRG, ,
7246.1,1,1,1,1,2,4620.0,0.55,14.2,7.8,1.16,16.45,0,0,CHRG, ,
7251.1,1,1,1,1,2,4625.0,0.56,14.2,7.9,1.16,16.46,0,0,CHRG, ,
7256.1,1,1,1,1,2,4630.0,0.56,14.2,7.9,1.16,16.47,0,0,CHRG, ,
7256.6,1,1,1,1,2,4630.5,-0.14,13.65,2,1.16,16.47,0,0,CHRG,Z,
7261.1,1,1,1,1,2,4635.0,0.65,14.2,9.1,1.16,16.49,0,0,CHRG, ,
7266.1,1,1,1,1,2,4640.0,0.63,14.201,8.9,1.16,16.5,0,0,CHRG, ,
7271.1,1,1,1,1,2,4645.0,0.62,14.2,8.8,1.16,16.51,0,0,CHRG, ,
7276.1,1,1,1,1,2,4650.0,0.61,14.199,8.7,1.16,16.53,0,0,CHRG, ,
7281.1,1,1,1,1,2,4655.0,0.62,14.2,8.8,1.16,16.54,0,0,CHRG, ,
7286.1,1,1,1,1,2,4660.0,0.61,14.201,8.7,1.17,16.55,0,0,CHRG, ,
7291.1,1,1,1,1,2,4665.0,0.61,14.2,8.6,1.17,16.56,0,0,CHRG, ,
7296.1,1,1,1,1,2,4670.0,0.6,14.2,8.5,1.17,16.57,0,0,CHRG, ,
7301.1,1,1,1,1,2,4675.0,0.6,14.201,8.5,1.17,16.59,0,0,CHRG, ,
7306.1,1,1,1,1,2,4680.0,0.59,14.201,8.4,1.17,16.6,0,0,CHRG, ,
7311.1,1,1,1,1,2,4685.0,0.59,14.2,8.3,1.17,16.61,0,0,CHRG, ,
7316.1,1,1,1,1,2,4690.0,0.58,14.2,8.2,1.17,16.62,0,0,CHRG, ,
7321.1,1,1,1,1,2,4695.0,0.58,14.201,8.2,1.17,16.63,0,0,CHRG, ,
7326.1,1,1,1,1,2,4700.0,0.57,14.2,8.1,1.17,16.64,0,0,CHRG, ,
7331.1,1,1,1,1,2,4705.0,0.58,14.2,8.1,1.17,16.65,0,0,CHRG, ,
7336.1,1,1,1,1,2,4710.0,0.58,14.201,8.1,1.17,16.67,0,0,CHRG, ,
7341.1,1,1,1,1,2,4715.0,0.57,14.2,8.1,1.17,16.68,0,0,CHRG, ,
7346.1,1,1,1,1,2,4720.0,0.57,14.2,8,1.18,16.69,0,0,CHRG, ,
7351.1,1,1,1,1,2,4725.0,0.56,14.2,7.9,1.18,16.7,0,0,CHRG, ,
7356.1,1,1,1,1,2,4730.0,0.56,14.2,7.9,1.18,16.71,0,0,CHRG, ,
7361.1,1,1,1,1,2,4735.0,0.56,14.2,7.9,1.18,16.72,0,0,CHRG, ,
7366.1,1,1,1,1,2,4740.0,0.56,14.201,7.9,1.18,16.73,0,0,CHRG, ,
7371.1,1,1,1,1,2,4745.0,0.56,14.2,7.9,1.18,16.74,0,0,CHRG, ,
7376.1,1,1,1,1,2,4750.0,0.55,14.2,7.8,1.18,16.75,0,0,CHRG, ,
7381.1,1,1,1,1,2,4755.0,0.55,14.2,7.8,1.18,16.76,0,0,CHRG, ,
7386.1,1,1,1,1,2,4760.0,0.55,14.2,7.8,1.18,16.78,0,0,CHRG, ,
7391.1,1,1,1,1,2,4765.0,0.55,14.2,7.8,1.18,16.79,0,0,CHRG, ,
7396.1,1,1,1,1,2,4770.0,0.55,14.2,7.8,1.18,16.8,0,0,CHRG, ,
7401.1,1,1,1,1,2,4775.0,0.55,14.2,7.8,1.18,16.81,0,0,CHRG, ,
7406.1,1,1,1,1,2,4780.0,0.55,14.2,7.8,1.18,16.82,0,0,CHRG, ,
7411.1,1,1,1,1,2,4785.0,0.55,14.2,7.7,1.19,16.83,0,0,CHRG, ,
7416.1,1,1,1,1,2,4790.0,0.54,14.2,7.7,1.19,16.84,0,0,CHRG, ,
7421.1,1,1,1,1,2,4795.0,0.55,14.2,7.8,1.19,16.85,0,0,CHRG, ,
7426.1,1,1,1,1,2,4800.0,0.55,14.2,7.7,1.19,16.86,0,0,CHRG, ,
7431.1,1,1,1,1,2,4805.0,0.55,14.2,7.7,1.19,16.87,0,0,CHRG, ,
7436.1,1,1,1,1,2,4810.0,0.55,14.2,7.8,1.19,16.88,0,0,CHRG, ,
7441.1,1,1,1,1,2,4815.0,0.54,14.2,7.6,1.19,16.89,0,0,CHRG, ,
7446.1,1,1,1,1,2,4820.0,0.55,14.2,7.8,1.19,16.9,0,0,CHRG, ,
7451.1,1,1,1,1,2,4825.0,0.54,14.2,7.7,1.19,16.92,0,0,CHRG, ,
7456.1,1,1,1,1,2,4830.0,0.54,14.2,7.6,1.19,16.93,0,0,CHRG, ,
7461.1,1,1,1,1,2,4835.0,0.54,14.2,7.6,1.19,16.94,0,0,CHRG, ,
7466.1,1,1,1,1,2,4840.0,0.55,14.201,7.8,1.19,16.95,0,0,CHRG, ,
7471.1,1,1,1,1,2,4845.0,0.54,14.2,7.6,1.19,16.96,0,0,CHRG, ,
7476.1,1,1,1,1,2,4850.0,0.53,14.2,7.5,1.2,16.97,0,0,CHRG, ,
7481.1,1,1,1,1,2,4855.0,0.54,14.2,7.6,1.2,16.98,0,0,CHRG, ,
7486.1,1,1,1,1,2,4860.0,0.54,14.2,7.6,1.2,16.99,0,0,CHRG, ,
7491.1,1,1,1,1,2,4865.0,0.54,14.201,7.6,1.2,17,0,0,CHRG, ,
7496.1,1,1,1,1,2,4870.0,0.54,14.201,7.6,1.2,17.01,0,0,CHRG, ,
7501.1,1,1,1,1,2,4875.0,0.53,14.2,7.5,1.2,17.02,0,0,CHRG, ,
7506.1,1,1,1,1,2,4880.0,0.53,14.2,7.5,1.2,17.03,0,0,CHRG, ,
7511.1,1,1,1,1,2,4885.0,0.53,14.2,7.5,1.2,17.04,0,0,CHRG, ,
7516.1,1,1,1,1,2,4890.0,0.54,14.2,7.6,1.2,17.05,0,0,CHRG, ,
7521.1,1,1,1,1,2,4895.0,0.53,14.2,7.5,1.2,17.06,0,0,CHRG, ,
7526.1,1,1,1,1,2,4900.0,0.54,14.2,7.6,1.2,17.07,0,0,CHRG, ,
7531.1,1,1,1,1,2,4905.0,0.53,14.2,7.5,1.2,17.08,0,0,CHRG, ,
7536.1,1,1,1,1,2,4910.0,0.54,14.201,7.6,1.2,17.1,0,0,CHRG, ,
7541.1,1,1,1,1,2,4915.0,0.53,14.199,7.5,1.2,17.11,0,0,CHRG, ,
7546.1,1,1,1,1,2,4920.0,0.53,14.2,7.5,1.21,17.12,0,0,CHRG, ,
7551.1,1,1,1,1,2,4925.0,0.53,14.2,7.5,1.21,17.13,0,0,CHRG, ,
7556.1,1,1,1,1,2,4930.0,0.53,14.2,7.5,1.21,17.14,0,0,CHRG, ,
7561.1,1,1,1,1,2,4935.0,0.54,14.2,7.6,1.21,17.15,0,0,CHRG, ,
7566.1,1,1,1,1,2,4940.0,0.53,14.2,7.5,1.21,17.16,0,0,CHRG, ,
7571.1,1,1,1,1,2,4945.0,0.54,14.2,7.6,1.21,17.17,0,0,CHRG, ,
7576.1,1,1,1,1,2,4950.0,0.53,14.2,7.5,1.21,17.18,0,0,CHRG, ,
7581.1,1,1,1,1,2,4955.0,0.53,14.201,7.5,1.21,17.19,0,0,CHRG, ,
7586.1,1,1,1,1,2,4960.0,0.53,14.2,7.5,1.21,17.2,0,0,CHRG, ,
7591.1,1,1,1,1,2,4965.0,0.54,14.2,7.6,1.21,17.21,0,0,CHRG, ,
7596.1,1,1,1,1,2,4970.0,0.53,14.2,7.5,1.21,17.22,0,0,CHRG, ,
7601.1,1,1,1,1,2,4975.0,0.53,14.2,7.5,1.21,17.23,0,0,CHRG, ,
7606.1,1,1,1,1,2,4980.0,0.53,14.2,7.5,1.21,17.24,0,0,CHRG, ,
7611.1,1,1,1,1,2,4985.0,0.52,14.2,7.3,1.22,17.25,0,0,CHRG, ,
7616.1,1,1,1,1,2,4990.0,0.53,14.201,7.4,1.22,17.26,0,0,CHRG, ,
7621.1,1,1,1,1,2,4995.0,0.52,14.2,7.3,1.22,17.27,0,0,CHRG, ,
7626.1,1,1,1,1,2,5000.0,0.52,14.201,7.3,1.22,17.28,0,0,CHRG, ,
7631.1,1,1,1,1,2,5005.0,0.53,14.201,7.5,1.22,17.29,0,0,CHRG, ,
7636.1,1,1,1,1,2,5010.0,0.52,14.2,7.4,1.22,17.3,0,0,CHRG, ,
7641.1,1,1,1,1,2,5015.0,0.53,14.2,7.4,1.22,17.31,0,0,CHRG, ,
7646.1,1,1,1,1,2,5020.0,0.52,14.201,7.3,1.22,17.32,0,0,CHRG, ,
7651.1,1,1,1,1,2,5025.0,0.53,14.201,7.5,1.22,17.33,0,0,CHRG, ,
7656.1,1,1,1,1,2,5030.0,0.53,14.2,7.5,1.22,17.34,0,0,CHRG, ,
7661.1,1,1,1,1,2,5035.0,0.52,14.2,7.4,1.22,17.35,0,0,CHRG, ,
7666.1,1,1,1,1,2,5040.0,0.52,14.201,7.3,1.22,17.36,0,0,CHRG, ,
7671.1,1,1,1,1,2,5045.0,0.52,14.2,7.4,1.22,17.38,0,0,CHRG, ,
7676.1,1,1,1,1,2,5050.0,0.52,14.2,7.4,1.22,17.39,0,0,CHRG, ,
7681.1,1,1,1,1,2,5055.0,0.52,14.2,7.4,1.23,17.4,0,0,CHRG, ,
7686.1,1,1,1,1,2,5060.0,0.52,14.2,7.4,1.23,17.41,0,0,CHRG, ,
7691.1,1,1,1,1,2,5065.0,0.52,14.2,7.3,1.23,17.42,0,0,CHRG, ,
7696.1,1,1,1,1,2,5070.0,0.52,14.201,7.3,1.23,17.43,0,0,CHRG, ,
7701.1,1,1,1,1,2,5075.0,0.52,14.2,7.3,1.23,17.44,0,0,CHRG, ,
7706.1,1,1,1,1,2,5080.0,0.52,14.201,7.3,1.23,17.45,0,0,CHRG, ,
7711.1,1,1,1,1,2,5085.0,0.52,14.201,7.3,1.23,17.46,0,0,CHRG, ,
7716.1,1,1,1,1,2,5090.0,0.53,14.2,7.4,1.23,17.47,0,0,CHRG, ,
7721.1,1,1,1,1,2,5095.0,0.51,14.2,7.2,1.23,17.48,0,0,CHRG, ,
7726.1,1,1,1,1,2,5100.0,0.52,14.2,7.3,1.23,17.49,0,0,CHRG, ,
7730.9,1,1,1,1,2,5104.8,0.4,14.206,5.6,1.23,17.5,0,0,CHRG,S,
7735.9,1,1,1,1,3,5.0,0,13.899,0.1,0,0,0,0,CHRG, ,
7740.9,1,1,1,1,3,10.0,0,13.856,0.1,0,0,0,0,CHRG, ,
7745.9,1,1,1,1,3,15.0,0,13.821,0.1,0,0,0,0,CHRG, ,
7750.9,1,1,1,1,3,20.0,0,13.791,0.1,0,0,0,0,CHRG, ,
7755.9,1,1,1,1,3,25.0,0,13.766,0.2,0,0,0,0,CHRG, ,
7760.9,1,1,1,1,3,30.0,-0.01,13.743,0.2,0,0,0,0,CHRG, ,
7765.9,1,1,1,1,3,35.0,0,13.722,0.1,0,0,0,0,CHRG, ,
7770.9,1,1,1,1,3,40.0,-0.01,13.703,0.2,0,0,0,0,CHRG, ,
7775.9,1,1,1,1,3,45.0,0.06,13.7,0.7,0,0,0,0,CHRG, ,
7780.9,1,1,1,1,3,50.0,0.08,13.7,1,0,0,0,0,CHRG, ,
7785.9,1,1,1,1,3,55.0,0.09,13.7,1.2,0,0,0,0,CHRG, ,
7790.9,1,1,1,1,3,60.0,0.1,13.7,1.4,0,0,0,0,CHRG, ,
7795.9,1,1,1,1,3,65.0,0.11,13.7,1.5,0,0,0,0,CHRG, ,
7800.9,1,1,1,1,3,70.0,0.12,13.701,1.6,0,0.01,0,0,CHRG, ,
7805.9,1,1,1,1,3,75.0,0.13,13.7,1.7,0,0.01,0,0,CHRG, ,
7810.9,1,1,1,1,3,80.0,0.14,13.701,1.8,0,0.01,0,0,CHRG, ,
7815.9,1,1,1,1,3,85.0,0.14,13.7,1.9,0,0.01,0,0,CHRG, ,
7820.9,1,1,1,1,3,90.0,0.15,13.7,2,0,0.02,0,0,CHRG, ,
7825.9,1,1,1,1,3,95.0,0.15,13.7,2,0,0.02,0,0,CHRG, ,
7830.9,1,1,1,1,3,100.0,0.16,13.7,2.1,0,0.02,0,0,CHRG, ,
7835.9,1,1,1,1,3,105.0,0.16,13.7,2.1,0,0.02,0,0,CHRG, ,
7840.9,1,1,1,1,3,110.0,0.16,13.7,2.2,0,0.03,0,0,CHRG, ,
7845.9,1,1,1,1,3,115.0,0.16,13.701,2.2,0,0.03,0,0,CHRG, ,
7850.9,1,1,1,1,3,120.0,0.16,13.7,2.1,0,0.03,0,0,CHRG, ,
7855.9,1,1,1,1,3,125.0,0.16,13.7,2.2,0,0.04,0,0,CHRG, ,
7860.9,1,1,1,1,3,130.0,0.17,13.7,2.3,0,0.04,0,0,CHRG, ,
7865.9,1,1,1,1,3,135.0,0.17,13.701,2.3,0,0.04,0,0,CHRG, ,
7870.9,1,1,1,1,3,140.0,0.17,13.7,2.3,0,0.05,0,0,CHRG, ,
7875.9,1,1,1,1,3,145.0,0.17,13.701,2.3,0,0.05,0,0,CHRG, ,
7880.9,1,1,1,1,3,150.0,0.17,13.701,2.3,0,0.05,0,0,CHRG, ,
7885.9,1,1,1,1,3,155.0,0.17,13.7,2.3,0,0.06,0,0,CHRG, ,
7890.9,1,1,1,1,3,160.0,0.17,13.701,2.3,0,0.06,0,0,CHRG, ,
7895.9,1,1,1,1,3,165.0,0.17,13.7,2.3,0,0.06,0,0,CHRG, ,
7900.9,1,1,1,1,3,170.0,0.17,13.7,2.3,0,0.06,0,0,CHRG, ,
7905.9,1,1,1,1,3,175.0,0.17,13.701,2.3,0,0.07,0,0,CHRG, ,
7910.9,1,1,1,1,3,180.0,0.18,13.7,2.4,0,0.07,0,0,CHRG, ,
7915.9,1,1,1,1,3,185.0,0.17,13.7,2.3,0,0.07,0,0,CHRG, ,
7920.9,1,1,1,1,3,190.0,0.17,13.7,2.3,0,0.08,0,0,CHRG, ,
7925.9,1,1,1,1,3,195.0,0.18,13.701,2.4,0,0.08,0,0,CHRG, ,
7930.9,1,1,1,1,3,200.0,0.17,13.7,2.3,0,0.08,0,0,CHRG, ,
7935.9,1,1,1,1,3,205.0,0.17,13.701,2.3,0,0.09,0,0,CHRG, ,
7940.9,1,1,1,1,3,210.0,0.17,13.7,2.3,0,0.09,0,0,CHRG, ,
7945.9,1,1,1,1,3,215.0,0.17,13.7,2.3,0,0.09,0,0,CHRG, ,
7950.9,1,1,1,1,3,220.0,0.18,13.7,2.4,0,0.1,0,0,CHRG, ,
7955.9,1,1,1,1,3,225.0,0.17,13.7,2.3,0,0.1,0,0,CHRG, ,
7960.9,1,1,1,1,3,230.0,0.18,13.701,2.4,0,0.1,0,0,CHRG, ,
7965.9,1,1,1,1,3,235.0,0.17,13.7,2.3,0,0.11,0,0,CHRG, ,
7970.9,1,1,1,1,3,240.0,0.18,13.7,2.4,0,0.11,0,0,CHRG, ,
7975.9,1,1,1,1,3,245.0,0.18,13.701,2.4,0,0.11,0,0,CHRG, ,
7980.9,1,1,1,1,3,250.0,0.18,13.7,2.4,0,0.12,0,0,CHRG, ,
7985.9,1,1,1,1,3,255.0,0.18,13.7,2.4,0,0.12,0,0,CHRG, ,
7990.9,1,1,1,1,3,260.0,0.17,13.7,2.3,0,0.12,0,0,CHRG, ,
7995.9,1,1,1,1,3,265.0,0.17,13.7,2.3,0,0.13,0,0,CHRG, ,
8000.9,1,1,1,1,3,270.0,0.17,13.7,2.3,0,0.13,0,0,CHRG, ,
8005.9,1,1,1,1,3,275.0,0.18,13.7,2.4,0.01,0.13,0,0,CHRG, ,
8010.9,1,1,1,1,3,280.0,0.18,13.7,2.4,0.01,0.14,0,0,CHRG, ,
8015.9,1,1,1,1,3,285.0,0.17,13.7,2.3,0.01,0.14,0,0,CHRG, ,
8020.9,1,1,1,1,3,290.0,0.17,13.7,2.3,0.01,0.14,0,0,CHRG, ,
8025.9,1,1,1,1,3,295.0,0.17,13.7,2.3,0.01,0.15,0,0,CHRG, ,
8030.9,1,1,1,1,3,300.0,0.17,13.7,2.3,0.01,0.15,0,0,CHRG, ,
8035.9,1,1,1,1,3,305.0,0.17,13.7,2.3,0.01,0.15,0,0,CHRG, ,
8040.9,1,1,1,1,3,310.0,0.18,13.7,2.4,0.01,0.16,0,0,CHRG, ,
8045.9,1,1,1,1,3,315.0,0.18,13.7,2.4,0.01,0.16,0,0,CHRG, ,
8050.9,1,1,1,1,3,320.0,0.18,13.7,2.4,0.01,0.16,0,0,CHRG, ,
8055.9,1,1,1,1,3,325.0,0.17,13.7,2.3,0.01,0.17,0,0,CHRG, ,
8060.9,1,1,1,1,3,330.0,0.18,13.7,2.4,0.01,0.17,0,0,CHRG, ,
8065.9,1,1,1,1,3,335.0,0.17,13.7,2.3,0.01,0.17,0,0,CHRG, ,
8070.9,1,1,1,1,3,340.0,0.17,13.7,2.3,0.01,0.18,0,0,CHRG, ,
8075.9,1,1,1,1,3,345.0,0.17,13.7,2.3,0.01,0.18,0,0,CHRG, ,
8080.9,1,1,1,1,3,350.0,0.17,13.7,2.3,0.01,0.18,0,0,CHRG, ,
8085.9,1,1,1,1,3,355.0,0.17,13.7,2.3,0.01,0.18,0,0,CHRG, ,
8090.9,1,1,1,1,3,360.0,0.17,13.7,2.3,0.01,0.19,0,0,CHRG, ,
8095.9,1,1,1,1,3,365.0,0.17,13.701,2.3,0.01,0.19,0,0,CHRG, ,
8100.9,1,1,1,1,3,370.0,0.17,13.7,2.3,0.01,0.19,0,0,CHRG, ,
8105.9,1,1,1,1,3,375.0,0.18,13.7,2.4,0.01,0.2,0,0,CHRG, ,
8110.9,1,1,1,1,3,380.0,0.18,13.701,2.4,0.01,0.2,0,0,CHRG, ,
8115.9,1,1,1,1,3,385.0,0.17,13.7,2.3,0.01,0.2,0,0,CHRG, ,
8120.9,1,1,1,1,3,390.0,0.17,13.7,2.2,0.01,0.21,0,0,CHRG, ,
8125.9,1,1,1,1,3,395.0,0.17,13.7,2.3,0.01,0.21,0,0,CHRG, ,
8130.9,1,1,1,1,3,400.0,0.18,13.7,2.4,0.01,0.21,0,0,CHRG, ,
8135.9,1,1,1,1,3,405.0,0.18,13.7,2.4,0.01,0.22,0,0,CHRG, ,
8140.9,1,1,1,1,3,410.0,0.17,13.7,2.3,0.01,0.22,0,0,CHRG, ,
8145.9,1,1,1,1,3,415.0,0.17,13.7,2.3,0.01,0.22,0,0,CHRG, ,
8150.9,1,1,1,1,3,420.0,0.18,13.7,2.4,0.01,0.23,0,0,CHRG, ,
8155.9,1,1,1,1,3,425.0,0.18,13.701,2.4,0.01,0.23,0,0,CHRG, ,
8160.9,1,1,1,1,3,430.0,0.17,13.7,2.3,0.01,0.23,0,0,CHRG, ,
8165.9,1,1,1,1,3,435.0,0.17,13.7,2.3,0.01,0.24,0,0,CHRG, ,
8170.9,1,1,1,1,3,440.0,0.17,13.7,2.3,0.01,0.24,0,0,CHRG, ,
8175.9,1,1,1,1,3,445.0,0.17,13.701,2.3,0.01,0.24,0,0,CHRG, ,
8180.9,1,1,1,1,3,450.0,0.17,13.7,2.3,0.01,0.25,0,0,CHRG, ,
8185.9,1,1,1,1,3,455.0,0.17,13.7,2.3,0.01,0.25,0,0,CHRG, ,
8190.9,1,1,1,1,3,460.0,0.17,13.7,2.3,0.01,0.25,0,0,CHRG, ,
8195.9,1,1,1,1,3,465.0,0.17,13.7,2.3,0.01,0.26,0,0,CHRG, ,
8200.9,1,1,1,1,3,470.0,0.17,13.701,2.3,0.01,0.26,0,0,CHRG, ,
8205.9,1,1,1,1,3,475.0,0.17,13.7,2.3,0.01,0.26,0,0,CHRG, ,
8210.9,1,1,1,1,3,480.0,0.17,13.7,2.3,0.01,0.27,0,0,CHRG, ,
8215.9,1,1,1,1,3,485.0,0.17,13.7,2.3,0.02,0.27,0,0,CHRG, ,
8220.9,1,1,1,1,3,490.0,0.17,13.7,2.3,0.02,0.27,0,0,CHRG, ,
8225.9,1,1,1,1,3,495.0,0.17,13.7,2.3,0.02,0.27,0,0,CHRG, ,
8230.9,1,1,1,1,3,500.0,0.17,13.7,2.3,0.02,0.28,0,0,CHRG, ,
8235.9,1,1,1,1,3,505.0,0.17,13.7,2.3,0.02,0.28,0,0,CHRG, ,
8240.9,1,1,1,1,3,510.0,0.17,13.7,2.3,0.02,0.28,0,0,CHRG, ,
8245.9,1,1,1,1,3,515.0,0.17,13.7,2.3,0.02,0.29,0,0,CHRG, ,
8250.9,1,1,1,1,3,520.0,0.17,13.7,2.3,0.02,0.29,0,0,CHRG, ,
8255.9,1,1,1,1,3,525.0,0.17,13.7,2.3,0.02,0.29,0,0,CHRG, ,
8260.9,1,1,1,1,3,530.0,0.17,13.701,2.3,0.02,0.3,0,0,CHRG, ,
8265.9,1,1,1,1,3,535.0,0.17,13.7,2.3,0.02,0.3,0,0,CHRG, ,
8270.9,1,1,1,1,3,540.0,0.17,13.7,2.3,0.02,0.3,0,0,CHRG, ,
8275.9,1,1,1,1,3,545.0,0.17,13.7,2.3,0.02,0.31,0,0,CHRG, ,
8280.9,1,1,1,1,3,550.0,0.17,13.701,2.3,0.02,0.31,0,0,CHRG, ,
8285.9,1,1,1,1,3,555.0,0.17,13.701,2.3,0.02,0.31,0,0,CHRG, ,
8290.9,1,1,1,1,3,560.0,0.17,13.7,2.3,0.02,0.32,0,0,CHRG, ,
8295.9,1,1,1,1,3,565.0,0.17,13.701,2.4,0.02,0.32,0,0,CHRG, ,
8300.9,1,1,1,1,3,570.0,0.17,13.7,2.3,0.02,0.32,0,0,CHRG, ,
8305.9,1,1,1,1,3,575.0,0.17,13.7,2.3,0.02,0.33,0,0,CHRG, ,
8310.9,1,1,1,1,3,580.0,0.17,13.7,2.3,0.02,0.33,0,0,CHRG, ,
8315.9,1,1,1,1,3,585.0,0.17,13.7,2.2,0.02,0.33,0,0,CHRG, ,
8320.9,1,1,1,1,3,590.0,0.17,13.701,2.3,0.02,0.34,0,0,CHRG, ,
8325.9,1,1,1,1,3,595.0,0.17,13.7,2.3,0.02,0.34,0,0,CHRG, ,
8330.9,1,1,1,1,3,600.0,0.17,13.7,2.3,0.02,0.34,0,0,CHRG, ,
8335.9,1,1,1,1,3,605.0,0.17,13.7,2.3,0.02,0.34,0,0,CHRG, ,
8340.9,1,1,1,1,3,610.0,0.17,13.7,2.2,0.02,0.35,0,0,CHRG, ,
8345.9,1,1,1,1,3,615.0,0.17,13.7,2.2,0.02,0.35,0,0,CHRG, ,
8350.9,1,1,1,1,3,620.0,0.17,13.7,2.2,0.02,0.35,0,0,CHRG, ,
8355.9,1,1,1,1,3,625.0,0.17,13.7,2.3,0.02,0.36,0,0,CHRG, ,
8360.9,1,1,1,1,3,630.0,0.17,13.7,2.3,0.02,0.36,0,0,CHRG, ,
8365.9,1,1,1,1,3,635.0,0.16,13.7,2.2,0.02,0.36,0,0,CHRG, ,
8370.9,1,1,1,1,3,640.0,0.17,13.7,2.3,0.02,0.37,0,0,CHRG, ,
8375.9,1,1,1,1,3,645.0,0.17,13.7,2.2,0.02,0.37,0,0,CHRG, ,
8380.9,1,1,1,1,3,650.0,0.17,13.7,2.3,0.02,0.37,0,0,CHRG, ,
8385.9,1,1,1,1,3,655.0,0.17,13.7,2.3,0.02,0.38,0,0,CHRG, ,
8390.9,1,1,1,1,3,660.0,0.17,13.7,2.3,0.02,0.38,0,0,CHRG, ,
8395.9,1,1,1,1,3,665.0,0.16,13.7,2.2,0.02,0.38,0,0,CHRG, ,
8400.9,1,1,1,1,3,670.0,0.17,13.701,2.3,0.02,0.39,0,0,CHRG, ,
8405.9,1,1,1,1,3,675.0,0.16,13.7,2.2,0.02,0.39,0,0,CHRG, ,
8410.9,1,1,1,1,3,680.0,0.17,13.701,2.3,0.02,0.39,0,0,CHRG, ,
8415.9,1,1,1,1,3,685.0,0.17,13.7,2.3,0.02,0.39,0,0,CHRG, ,
8420.9,1,1,1,1,3,690.0,0.17,13.701,2.2,0.02,0.4,0,0,CHRG, ,
8425.9,1,1,1,1,3,695.0,0.16,13.7,2.2,0.03,0.4,0,0,CHRG, ,
8430.9,1,1,1,1,3,700.0,0.17,13.7,2.2,0.03,0.4,0,0,CHRG, ,
8435.9,1,1,1,1,3,705.0,0.17,13.7,2.3,0.03,0.41,0,0,CHRG, ,
8440.9,1,1,1,1,3,710.0,0.17,13.7,2.2,0.03,0.41,0,0,CHRG, ,
8445.9,1,1,1,1,3,715.0,0.17,13.7,2.2,0.03,0.41,0,0,CHRG, ,
8450.9,1,1,1,1,3,720.0,0.17,13.7,2.2,0.03,0.42,0,0,CHRG, ,
8455.9,1,1,1,1,3,725.0,0.17,13.701,2.3,0.03,0.42,0,0,CHRG, ,
8460.9,1,1,1,1,3,730.0,0.17,13.7,2.2,0.03,0.42,0,0,CHRG, ,
8465.9,1,1,1,1,3,735.0,0.17,13.7,2.3,0.03,0.43,0,0,CHRG, ,
8470.9,1,1,1,1,3,740.0,0.17,13.7,2.2,0.03,0.43,0,0,CHRG, ,
8475.9,1,1,1,1,3,745.0,0.17,13.7,2.2,0.03,0.43,0,0,CHRG, ,
8480.9,1,1,1,1,3,750.0,0.16,13.7,2.1,0.03,0.44,0,0,CHRG, ,
8485.9,1,1,1,1,3,755.0,0.16,13.7,2.2,0.03,0.44,0,0,CHRG, ,
8490.9,1,1,1,1,3,760.0,0.17,13.7,2.2,0.03,0.44,0,0,CHRG, ,
8495.9,1,1,1,1,3,765.0,0.16,13.7,2.2,0.03,0.44,0,0,CHRG, ,
8500.9,1,1,1,1,3,770.0,0.16,13.7,2.2,0.03,0.45,0,0,CHRG, ,
8505.9,1,1,1,1,3,775.0,0.17,13.7,2.3,0.03,0.45,0,0,CHRG, ,
8510.9,1,1,1,1,3,780.0,0.17,13.7,2.2,0.03,0.45,0,0,CHRG, ,
8515.9,1,1,1,1,3,785.0,0.17,13.7,2.2,0.03,0.46,0,0,CHRG, ,
8520.9,1,1,1,1,3,790.0,0.16,13.7,2.2,0.03,0.46,0,0,CHRG, ,
8525.9,1,1,1,1,3,795.0,0.17,13.701,2.3,0.03,0.46,0,0,CHRG, ,
8530.9,1,1,1,1,3,800.0,0.16,13.7,2.2,0.03,0.47,0,0,CHRG, ,
8535.9,1,1,1,1,3,805.0,0.17,13.7,2.3,0.03,0.47,0,0,CHRG, ,
8540.9,1,1,1,1,3,810.0,0.16,13.7,2.2,0.03,0.47,0,0,CHRG, ,
8545.9,1,1,1,1,3,815.0,0.16,13.7,2.2,0.03,0.47,0,0,CHRG, ,
8550.9,1,1,1,1,3,820.0,0.16,13.7,2.2,0.03,0.48,0,0,CHRG, ,
8555.9,1,1,1,1,3,825.0,0.16,13.7,2.1,0.03,0.48,0,0,CHRG, ,
8560.9,1,1,1,1,3,830.0,0.17,13.7,2.2,0.03,0.48,0,0,CHRG, ,
8565.9,1,1,1,1,3,835.0,0.16,13.7,2.1,0.03,0.49,0,0,CHRG, ,
8570.9,1,1,1,1,3,840.0,0.16,13.7,2.1,0.03,0.49,0,0,CHRG, ,
8575.9,1,1,1,1,3,845.0,0.16,13.701,2.2,0.03,0.49,0,0,CHRG, ,
8580.9,1,1,1,1,3,850.0,0.16,13.701,2.1,0.03,0.5,0,0,CHRG, ,
8585.9,1,1,1,1,3,855.0,0.17,13.701,2.2,0.03,0.5,0,0,CHRG, ,
8590.9,1,1,1,1,3,860.0,0.16,13.7,2.2,0.03,0.5,0,0,CHRG, ,
8595.9,1,1,1,1,3,865.0,0.16,13.7,2.1,0.03,0.5,0,0,CHRG, ,
8600.9,1,1,1,1,3,870.0,0.16,13.7,2.2,0.03,0.51,0,0,CHRG, ,
8605.9,1,1,1,1,3,875.0,0.17,13.701,2.2,0.03,0.51,0,0,CHRG, ,
8610.9,1,1,1,1,3,880.0,0.16,13.7,2.1,0.03,0.51,0,0,CHRG, ,
8615.9,1,1,1,1,3,885.0,0.16,13.7,2.1,0.03,0.52,0,0,CHRG, ,
8620.9,1,1,1,1,3,890.0,0.16,13.7,2.2,0.03,0.52,0,0,CHRG, ,
8625.9,1,1,1,1,3,895.0,0.16,13.701,2.2,0.03,0.52,0,0,CHRG, ,
8630.9,1,1,1,1,3,900.0,0.16,13.7,2.1,0.03,0.53,0,0,CHRG, ,
8635.9,1,1,1,1,3,905.0,0.16,13.701,2.1,0.03,0.53,0,0,CHRG, ,
8640.9,1,1,1,1,3,910.0,0.16,13.7,2.1,0.03,0.53,0,0,CHRG, ,
8645.9,1,1,1,1,3,915.0,0.16,13.7,2.1,0.04,0.53,0,0,CHRG, ,
8650.9,1,1,1,1,3,920.0,0.16,13.7,2.1,0.04,0.54,0,0,CHRG, ,
8655.9,1,1,1,1,3,925.0,0.16,13.7,2.1,0.04,0.54,0,0,CHRG, ,
8660.9,1,1,1,1,3,930.0,0.16,13.7,2.1,0.04,0.54,0,0,CHRG, ,
8665.9,1,1,1,1,3,935.0,0.16,13.7,2.1,0.04,0.55,0,0,CHRG, ,
8670.9,1,1,1,1,3,940.0,0.16,13.701,2.2,0.04,0.55,0,0,CHRG, ,
8675.9,1,1,1,1,3,945.0,0.16,13.7,2.1,0.04,0.55,0,0,CHRG, ,
8680.9,1,1,1,1,3,950.0,0.16,13.7,2.1,0.04,0.56,0,0,CHRG, ,
8685.9,1,1,1,1,3,955.0,0.17,13.701,2.2,0.04,0.56,0,0,CHRG, ,
8690.9,1,1,1,1,3,960.0,0.16,13.7,2.1,0.04,0.56,0,0,CHRG, ,
8695.9,1,1,1,1,3,965.0,0.16,13.7,2.1,0.04,0.56,0,0,CHRG, ,
8700.9,1,1,1,1,3,970.0,0.16,13.7,2.1,0.04,0.57,0,0,CHRG, ,
8705.9,1,1,1,1,3,975.0,0.16,13.7,2.1,0.04,0.57,0,0,CHRG, ,
8710.9,1,1,1,1,3,980.0,0.16,13.7,2.1,0.04,0.57,0,0,CHRG, ,
8715.9,1,1,1,1,3,985.0,0.16,13.7,2.1,0.04,0.58,0,0,CHRG, ,
8720.9,1,1,1,1,3,990.0,0.16,13.7,2.1,0.04,0.58,0,0,CHRG, ,
8725.9,1,1,1,1,3,995.0,0.15,13.7,2,0.04,0.58,0,0,CHRG, ,
8730.9,1,1,1,1,3,1000.0,0.16,13.7,2.1,0.04,0.58,0,0,CHRG, ,
8735.9,1,1,1,1,3,1005.0,0.16,13.7,2.1,0.04,0.59,0,0,CHRG, ,
8740.9,1,1,1,1,3,1010.0,0.16,13.7,2.1,0.04,0.59,0,0,CHRG, ,
8745.9,1,1,1,1,3,1015.0,0.16,13.701,2.1,0.04,0.59,0,0,CHRG, ,
8750.9,1,1,1,1,3,1020.0,0.16,13.7,2.1,0.04,0.6,0,0,CHRG, ,
8755.9,1,1,1,1,3,1025.0,0.16,13.7,2.1,0.04,0.6,0,0,CHRG, ,
8760.9,1,1,1,1,3,1030.0,0.16,13.701,2.1,0.04,0.6,0,0,CHRG, ,
8765.9,1,1,1,1,3,1035.0,0.16,13.7,2.1,0.04,0.61,0,0,CHRG, ,
8770.9,1,1,1,1,3,1040.0,0.16,13.701,2.2,0.04,0.61,0,0,CHRG, ,
8775.9,1,1,1,1,3,1045.0,0.16,13.7,2.1,0.04,0.61,0,0,CHRG, ,
8780.9,1,1,1,1,3,1050.0,0.16,13.7,2.1,0.04,0.61,0,0,CHRG, ,
8785.9,1,1,1,1,3,1055.0,0.16,13.701,2.1,0.04,0.62,0,0,CHRG, ,
8790.9,1,1,1,1,3,1060.0,0.16,13.7,2.1,0.04,0.62,0,0,CHRG, ,
8795.9,1,1,1,1,3,1065.0,0.16,13.701,2.1,0.04,0.62,0,0,CHRG, ,
8800.9,1,1,1,1,3,1070.0,0.16,13.7,2.1,0.04,0.63,0,0,CHRG, ,
8805.9,1,1,1,1,3,1075.0,0.16,13.7,2.1,0.04,0.63,0,0,CHRG, ,
8810.9,1,1,1,1,3,1080.0,0.16,13.7,2.1,0.04,0.63,0,0,CHRG, ,
8815.9,1,1,1,1,3,1085.0,0.16,13.7,2.1,0.04,0.63,0,0,CHRG, ,
8820.9,1,1,1,1,3,1090.0,0.16,13.7,2.1,0.04,0.64,0,0,CHRG, ,
8825.9,1,1,1,1,3,1095.0,0.16,13.7,2.1,0.04,0.64,0,0,CHRG, ,
8830.9,1,1,1,1,3,1100.0,0.15,13.7,2,0.04,0.64,0,0,CHRG, ,
8835.9,1,1,1,1,3,1105.0,0.16,13.701,2.1,0.04,0.65,0,0,CHRG, ,
8840.9,1,1,1,1,3,1110.0,0.16,13.7,2.1,0.04,0.65,0,0,CHRG, ,
8845.9,1,1,1,1,3,1115.0,0.16,13.7,2.1,0.04,0.65,0,0,CHRG, ,
8850.9,1,1,1,1,3,1120.0,0.16,13.7,2.1,0.04,0.65,0,0,CHRG, ,
8855.9,1,1,1,1,3,1125.0,0.16,13.7,2.1,0.04,0.66,0,0,CHRG, ,
8860.9,1,1,1,1,3,1130.0,0.16,13.7,2.1,0.04,0.66,0,0,CHRG, ,
8865.9,1,1,1,1,3,1135.0,0.16,13.7,2.1,0.04,0.66,0,0,CHRG, ,
8870.9,1,1,1,1,3,1140.0,0.15,13.7,2,0.05,0.67,0,0,CHRG, ,
8875.9,1,1,1,1,3,1145.0,0.16,13.7,2.1,0.05,0.67,0,0,CHRG, ,
8880.9,1,1,1,1,3,1150.0,0.16,13.7,2.1,0.05,0.67,0,0,CHRG, ,
8885.9,1,1,1,1,3,1155.0,0.16,13.701,2.1,0.05,0.67,0,0,CHRG, ,
8890.9,1,1,1,1,3,1160.0,0.16,13.701,2.1,0.05,0.68,0,0,CHRG, ,
8895.9,1,1,1,1,3,1165.0,0.15,13.7,2,0.05,0.68,0,0,CHRG, ,
8900.9,1,1,1,1,3,1170.0,0.16,13.7,2.1,0.05,0.68,0,0,CHRG, ,
8905.9,1,1,1,1,3,1175.0,0.16,13.7,2.1,0.05,0.69,0,0,CHRG, ,
8910.9,1,1,1,1,3,1180.0,0.15,13.7,2,0.05,0.69,0,0,CHRG, ,
8915.9,1,1,1,1,3,1185.0,0.16,13.7,2.1,0.05,0.69,0,0,CHRG, ,
8920.9,1,1,1,1,3,1190.0,0.16,13.7,2.1,0.05,0.69,0,0,CHRG, ,
8925.9,1,1,1,1,3,1195.0,0.16,13.7,2.1,0.05,0.7,0,0,CHRG, ,
8930.9,1,1,1,1,3,1200.0,0.16,13.7,2.1,0.05,0.7,0,0,CHRG, ,
8935.9,1,1,1,1,3,1205.0,0.15,13.7,2,0.05,0.7,0,0,CHRG, ,
8940.9,1,1,1,1,3,1210.0,0.15,13.7,2,0.05,0.71,0,0,CHRG, ,
8945.9,1,1,1,1,3,1215.0,0.15,13.701,2,0.05,0.71,0,0,CHRG, ,
8950.9,1,1,1,1,3,1220.0,0.16,13.7,2.1,0.05,0.71,0,0,CHRG, ,
8955.9,1,1,1,1,3,1225.0,0.15,13.7,2,0.05,0.71,0,0,CHRG, ,
8960.9,1,1,1,1,3,1230.0,0.15,13.7,2,0.05,0.72,0,0,CHRG, ,
8965.9,1,1,1,1,3,1235.0,0.16,13.7,2.1,0.05,0.72,0,0,CHRG, ,
8970.9,1,1,1,1,3,1240.0,0.15,13.7,2,0.05,0.72,0,0,CHRG, ,
8975.9,1,1,1,1,3,1245.0,0.15,13.7,2,0.05,0.73,0,0,CHRG, ,
8980.9,1,1,1,1,3,1250.0,0.15,13.7,2,0.05,0.73,0,0,CHRG, ,
8985.9,1,1,1,1,3,1255.0,0.16,13.7,2.1,0.05,0.73,0,0,CHRG, ,
8990.9,1,1,1,1,3,1260.0,0.15,13.7,2,0.05,0.73,0,0,CHRG, ,
8995.9,1,1,1,1,3,1265.0,0.16,13.7,2.1,0.05,0.74,0,0,CHRG, ,
9000.9,1,1,1,1,3,1270.0,0.15,13.7,2,0.05,0.74,0,0,CHRG, ,
9005.9,1,1,1,1,3,1275.0,0.16,13.701,2.1,0.05,0.74,0,0,CHRG, ,
9010.9,1,1,1,1,3,1280.0,0.15,13.7,2,0.05,0.75,0,0,CHRG, ,
9015.9,1,1,1,1,3,1285.0,0.15,13.7,2,0.05,0.75,0,0,CHRG, ,
9020.9,1,1,1,1,3,1290.0,0.15,13.7,2,0.05,0.75,0,0,CHRG, ,
9025.9,1,1,1,1,3,1295.0,0.16,13.7,2.1,0.05,0.75,0,0,CHRG, ,
9030.9,1,1,1,1,3,1300.0,0.15,13.7,2,0.05,0.76,0,0,CHRG, ,
9035.9,1,1,1,1,3,1305.0,0.15,13.7,2,0.05,0.76,0,0,CHRG, ,
9040.9,1,1,1,1,3,1310.0,0.15,13.7,2,0.05,0.76,0,0,CHRG, ,
9045.9,1,1,1,1,3,1315.0,0.15,13.7,2,0.05,0.77,0,0,CHRG, ,
9050.9,1,1,1,1,3,1320.0,0.15,13.7,2,0.05,0.77,0,0,CHRG, ,
9055.9,1,1,1,1,3,1325.0,0.15,13.7,2,0.05,0.77,0,0,CHRG, ,
9060.9,1,1,1,1,3,1330.0,0.15,13.7,2,0.05,0.77,0,0,CHRG, ,
9065.9,1,1,1,1,3,1335.0,0.16,13.701,2.1,0.05,0.78,0,0,CHRG, ,
9070.9,1,1,1,1,3,1340.0,0.16,13.7,2.1,0.05,0.78,0,0,CHRG, ,
9075.9,1,1,1,1,3,1345.0,0.15,13.701,2,0.05,0.78,0,0,CHRG, ,
9080.9,1,1,1,1,3,1350.0,0.15,13.7,2,0.05,0.78,0,0,CHRG, ,
9085.9,1,1,1,1,3,1355.0,0.15,13.7,2,0.05,0.79,0,0,CHRG, ,
9090.9,1,1,1,1,3,1360.0,0.16,13.7,2.1,0.05,0.79,0,0,CHRG, ,
9095.9,1,1,1,1,3,1365.0,0.15,13.701,2,0.05,0.79,0,0,CHRG, ,
9100.9,1,1,1,1,3,1370.0,0.15,13.7,2,0.05,0.8,0,0,CHRG, ,
9105.9,1,1,1,1,3,1375.0,0.15,13.7,2,0.06,0.8,0,0,CHRG, ,
9110.9,1,1,1,1,3,1380.0,0.15,13.7,2,0.06,0.8,0,0,CHRG, ,
9115.9,1,1,1,1,3,1385.0,0.15,13.7,2,0.06,0.8,0,0,CHRG, ,
9120.9,1,1,1,1,3,1390.0,0.16,13.7,2.1,0.06,0.81,0,0,CHRG, ,
9125.9,1,1,1,1,3,1395.0,0.15,13.7,2,0.06,0.81,0,0,CHRG, ,
9130.9,1,1,1,1,3,1400.0,0.15,13.7,2,0.06,0.81,0,0,CHRG, ,
9135.9,1,1,1,1,3,1405.0,0.15,13.7,2,0.06,0.82,0,0,CHRG, ,
9140.9,1,1,1,1,3,1410.0,0.15,13.701,2,0.06,0.82,0,0,CHRG, ,
9145.9,1,1,1,1,3,1415.0,0.15,13.7,2,0.06,0.82,0,0,CHRG, ,
9150.9,1,1,1,1,3,1420.0,0.15,13.7,2,0.06,0.82,0,0,CHRG, ,
9155.9,1,1,1,1,3,1425.0,0.16,13.701,2.1,0.06,0.83,0,0,CHRG, ,
9160.9,1,1,1,1,3,1430.0,0.14,13.7,1.9,0.06,0.83,0,0,CHRG, ,
9165.9,1,1,1,1,3,1435.0,0.15,13.7,2,0.06,0.83,0,0,CHRG, ,
9170.9,1,1,1,1,3,1440.0,0.15,13.7,2,0.06,0.84,0,0,CHRG, ,
9175.9,1,1,1,1,3,1445.0,0.15,13.701,2,0.06,0.84,0,0,CHRG, ,
9180.9,1,1,1,1,3,1450.0,0.15,13.7,2,0.06,0.84,0,0,CHRG, ,
9185.9,1,1,1,1,3,1455.0,0.15,13.7,2,0.06,0.84,0,0,CHRG, ,
9190.9,1,1,1,1,3,1460.0,0.15,13.7,2,0.06,0.85,0,0,CHRG, ,
9195.9,1,1,1,1,3,1465.0,0.15,13.701,2,0.06,0.85,0,0,CHRG, ,
9200.9,1,1,1,1,3,1470.0,0.15,13.701,2,0.06,0.85,0,0,CHRG, ,
9205.9,1,1,1,1,3,1475.0,0.15,13.701,2,0.06,0.85,0,0,CHRG, ,
9210.9,1,1,1,1,3,1480.0,0.15,13.7,2,0.06,0.86,0,0,CHRG, ,
9215.9,1,1,1,1,3,1485.0,0.14,13.7,1.9,0.06,0.86,0,0,CHRG, ,
9220.9,1,1,1,1,3,1490.0,0.15,13.7,2,0.06,0.86,0,0,CHRG, ,
9225.9,1,1,1,1,3,1495.0,0.15,13.7,2,0.06,0.87,0,0,CHRG, ,
9230.9,1,1,1,1,3,1500.0,0.15,13.7,2,0.06,0.87,0,0,CHRG, ,
9235.9,1,1,1,1,3,1505.0,0.15,13.7,2,0.06,0.87,0,0,CHRG, ,
9240.9,1,1,1,1,3,1510.0,0.14,13.7,1.9,0.06,0.87,0,0,CHRG, ,
9245.9,1,1,1,1,3,1515.0,0.15,13.7,2,0.06,0.88,0,0,CHRG, ,
9250.9,1,1,1,1,3,1520.0,0.15,13.7,2,0.06,0.88,0,0,CHRG, ,
9255.9,1,1,1,1,3,1525.0,0.15,13.7,2,0.06,0.88,0,0,CHRG, ,
9260.9,1,1,1,1,3,1530.0,0.15,13.7,2,0.06,0.88,0,0,CHRG, ,
9265.9,1,1,1,1,3,1535.0,0.14,13.7,1.9,0.06,0.89,0,0,CHRG, ,
9270.9,1,1,1,1,3,1540.0,0.15,13.7,2,0.06,0.89,0,0,CHRG, ,
9275.9,1,1,1,1,3,1545.0,0.15,13.7,2,0.06,0.89,0,0,CHRG, ,
9280.9,1,1,1,1,3,1550.0,0.15,13.7,2,0.06,0.9,0,0,CHRG, ,
9285.9,1,1,1,1,3,1555.0,0.15,13.7,2,0.06,0.9,0,0,CHRG, ,
9290.9,1,1,1,1,3,1560.0,0.15,13.7,2,0.06,0.9,0,0,CHRG, ,
9295.9,1,1,1,1,3,1565.0,0.14,13.7,1.9,0.06,0.9,0,0,CHRG, ,
9300.9,1,1,1,1,3,1570.0,0.15,13.7,2,0.06,0.91,0,0,CHRG, ,
9305.9,1,1,1,1,3,1575.0,0.15,13.7,2,0.06,0.91,0,0,CHRG, ,
9310.9,1,1,1,1,3,1580.0,0.14,13.7,1.9,0.06,0.91,0,0,CHRG, ,
9315.9,1,1,1,1,3,1585.0,0.15,13.7,2,0.06,0.92,0,0,CHRG, ,
9320.9,1,1,1,1,3,1590.0,0.15,13.7,2,0.06,0.92,0,0,CHRG, ,
9325.9,1,1,1,1,3,1595.0,0.15,13.7,2,0.06,0.92,0,0,CHRG, ,
9330.9,1,1,1,1,3,1600.0,0.15,13.701,2,0.06,0.92,0,0,CHRG, ,
9335.9,1,1,1,1,3,1605.0,0.15,13.7,2,0.06,0.93,0,0,CHRG, ,
9340.9,1,1,1,1,3,1610.0,0.14,13.7,1.9,0.06,0.93,0,0,CHRG, ,
9345.9,1,1,1,1,3,1615.0,0.14,13.7,1.9,0.07,0.93,0,0,CHRG, ,
9350.9,1,1,1,1,3,1620.0,0.15,13.7,2,0.07,0.93,0,0,CHRG, ,
9355.9,1,1,1,1,3,1625.0,0.15,13.701,2,0.07,0.94,0,0,CHRG, ,
9360.9,1,1,1,1,3,1630.0,0.15,13.7,2,0.07,0.94,0,0,CHRG, ,
9365.9,1,1,1,1,3,1635.0,0.15,13.701,2,0.07,0.94,0,0,CHRG, ,
9370.9,1,1,1,1,3,1640.0,0.15,13.7,2,0.07,0.95,0,0,CHRG, ,
9375.9,1,1,1,1,3,1645.0,0.15,13.7,2,0.07,0.95,0,0,CHRG, ,
9380.9,1,1,1,1,3,1650.0,0.14,13.7,1.9,0.07,0.95,0,0,CHRG, ,
9385.9,1,1,1,1,3,1655.0,0.15,13.7,2,0.07,0.95,0,0,CHRG, ,
9390.9,1,1,1,1,3,1660.0,0.15,13.7,2,0.07,0.96,0,0,CHRG, ,
9395.9,1,1,1,1,3,1665.0,0.15,13.701,2,0.07,0.96,0,0,CHRG, ,
9400.9,1,1,1,1,3,1670.0,0.15,13.7,2,0.07,0.96,0,0,CHRG, ,
9405.9,1,1,1,1,3,1675.0,0.15,13.7,2,0.07,0.96,0,0,CHRG, ,
9410.9,1,1,1,1,3,1680.0,0.15,13.7,2,0.07,0.97,0,0,CHRG, ,
9415.9,1,1,1,1,3,1685.0,0.15,13.7,2,0.07,0.97,0,0,CHRG, ,
9420.9,1,1,1,1,3,1690.0,0.15,13.7,2,0.07,0.97,0,0,CHRG, ,
9425.9,1,1,1,1,3,1695.0,0.14,13.7,1.9,0.07,0.98,0,0,CHRG, ,
9430.9,1,1,1,1,3,1700.0,0.15,13.7,2,0.07,0.98,0,0,CHRG, ,
9435.9,1,1,1,1,3,1705.0,0.14,13.7,1.9,0.07,0.98,0,0,CHRG, ,
9440.9,1,1,1,1,3,1710.0,0.14,13.7,1.9,0.07,0.98,0,0,CHRG, ,
9445.9,1,1,1,1,3,1715.0,0.14,13.7,1.9,0.07,0.99,0,0,CHRG, ,
9450.9,1,1,1,1,3,1720.0,0.15,13.701,2,0.07,0.99,0,0,CHRG, ,
9455.9,1,1,1,1,3,1725.0,0.14,13.7,1.9,0.07,0.99,0,0,CHRG, ,
9460.9,1,1,1,1,3,1730.0,0.15,13.7,2,0.07,0.99,0,0,CHRG, ,
9465.9,1,1,1,1,3,1735.0,0.14,13.7,1.9,0.07,1,0,0,CHRG, ,
9470.9,1,1,1,1,3,1740.0,0.14,13.7,1.8,0.07,1,0,0,CHRG, ,
9475.9,1,1,1,1,3,1745.0,0.15,13.7,2,0.07,1,0,0,CHRG, ,
9480.9,1,1,1,1,3,1750.0,0.15,13.701,2,0.07,1,0,0,CHRG, ,
9485.9,1,1,1,1,3,1755.0,0.14,13.7,1.9,0.07,1.01,0,0,CHRG, ,
9490.9,1,1,1,1,3,1760.0,0.14,13.7,1.9,0.07,1.01,0,0,CHRG, ,
9495.9,1,1,1,1,3,1765.0,0.14,13.7,1.9,0.07,1.01,0,0,CHRG, ,
9500.9,1,1,1,1,3,1770.0,0.14,13.701,1.9,0.07,1.02,0,0,CHRG, ,
9505.9,1,1,1,1,3,1775.0,0.14,13.701,1.9,0.07,1.02,0,0,CHRG, ,
9510.9,1,1,1,1,3,1780.0,0.14,13.7,1.8,0.07,1.02,0,0,CHRG, ,
9515.9,1,1,1,1,3,1785.0,0.15,13.7,2,0.07,1.02,0,0,CHRG, ,
9520.9,1,1,1,1,3,1790.0,0.14,13.7,1.9,0.07,1.03,0,0,CHRG, ,
9525.9,1,1,1,1,3,1795.0,0.14,13.7,1.9,0.07,1.03,0,0,CHRG, ,
9530.9,1,1,1,1,3,1800.0,0.15,13.701,1.9,0.07,1.03,0,0,CHRG,S,
9535.9,1,1,1,1,4,5.0,-1,13.47,-13.4,0,-0.01,0,0,DCHG, ,
9540.9,1,1,1,1,4,10.0,-1,13.401,-13.4,0,-0.03,0,0,DCHG, ,
9545.9,1,1,1,1,4,15.0,-1,13.341,-13.3,0,-0.05,0,0,DCHG, ,
9550.9,1,1,1,1,4,20.0,-1,13.291,-13.2,0,-0.07,0,0,DCHG, ,
9555.9,1,1,1,1,4,25.0,-1,13.25,-13.2,0,-0.09,0,0,DCHG, ,
9560.9,1,1,1,1,4,30.0,-1,13.216,-13.1,0,-0.11,0,0,DCHG, ,
9565.9,1,1,1,1,4,35.0,-1,13.191,-13.1,0,-0.12,0,0,DCHG, ,
9570.9,1,1,1,1,4,40.0,-1,13.171,-13.1,-0.01,-0.14,0,0,DCHG, ,
9575.9,1,1,1,1,4,45.0,-1,13.156,-13.1,-0.01,-0.16,0,0,DCHG, ,
9580.9,1,1,1,1,4,50.0,-1,13.143,-13.1,-0.01,-0.18,0,0,DCHG, ,
9585.9,1,1,1,1,4,55.0,-1,13.134,-13.1,-0.01,-0.2,0,0,DCHG, ,
9590.9,1,1,1,1,4,60.0,-1,13.127,-13,-0.01,-0.21,0,0,DCHG, ,
9595.9,1,1,1,1,4,65.0,-1,13.121,-13.1,-0.01,-0.23,0,0,DCHG, ,
9600.9,1,1,1,1,4,70.0,-1,13.116,-13.1,-0.01,-0.25,0,0,DCHG, ,
9605.9,1,1,1,1,4,75.0,-1,13.112,-13,-0.02,-0.27,0,0,DCHG, ,
9610.9,1,1,1,1,4,80.0,-1,13.108,-13.1,-0.02,-0.29,0,0,DCHG, ,
9615.9,1,1,1,1,4,85.0,-1,13.105,-13.1,-0.02,-0.3,0,0,DCHG, ,
9620.9,1,1,1,1,4,90.0,-1,13.102,-13,-0.02,-0.32,0,0,DCHG, ,
9625.9,1,1,1,1,4,95.0,-1,13.099,-13,-0.02,-0.34,0,0,DCHG, ,
9630.9,1,1,1,1,4,100.0,-1,13.096,-13,-0.02,-0.36,0,0,DCHG, ,
9635.9,1,1,1,1,4,105.0,-0.99,13.094,-12.9,-0.02,-0.38,0,0,DCHG, ,
9640.9,1,1,1,1,4,110.0,-1,13.092,-13,-0.03,-0.4,0,0,DCHG, ,
9645.9,1,1,1,1,4,115.0,-1,13.091,-13,-0.03,-0.41,0,0,DCHG, ,
9650.9,1,1,1,1,4,120.0,-1,13.089,-13,-0.03,-0.43,0,0,DCHG, ,
9655.9,1,1,1,1,4,125.0,-1,13.087,-13,-0.03,-0.45,0,0,DCHG, ,
9660.9,1,1,1,1,4,130.0,-1,13.086,-13,-0.03,-0.47,0,0,DCHG, ,
9665.9,1,1,1,1,4,135.0,-1,13.084,-13,-0.03,-0.49,0,0,DCHG, ,
9670.9,1,1,1,1,4,140.0,-1,13.083,-13,-0.03,-0.5,0,0,DCHG, ,
9675.9,1,1,1,1,4,145.0,-1,13.081,-13,-0.04,-0.52,0,0,DCHG, ,
9680.9,1,1,1,1,4,150.0,-1,13.081,-13,-0.04,-0.54,0,0,DCHG, ,
9685.9,1,1,1,1,4,155.0,-1,13.079,-13,-0.04,-0.56,0,0,DCHG, ,
9690.9,1,1,1,1,4,160.0,-1,13.078,-13,-0.04,-0.58,0,0,DCHG, ,
9695.9,1,1,1,1,4,165.0,-1,13.076,-13,-0.04,-0.59,0,0,DCHG, ,
9700.9,1,1,1,1,4,170.0,-1,13.076,-13,-0.04,-0.61,0,0,DCHG, ,
9705.9,1,1,1,1,4,175.0,-1,13.075,-13,-0.04,-0.63,0,0,DCHG, ,
9710.9,1,1,1,1,4,180.0,-1,13.074,-13,-0.04,-0.65,0,0,DCHG, ,
9715.9,1,1,1,1,4,185.0,-1,13.073,-13,-0.05,-0.67,0,0,DCHG, ,
9720.9,1,1,1,1,4,190.0,-1,13.071,-13,-0.05,-0.68,0,0,DCHG, ,
9725.9,1,1,1,1,4,195.0,-0.99,13.071,-12.9,-0.05,-0.7,0,0,DCHG, ,
9730.9,1,1,1,1,4,200.0,-1,13.07,-13,-0.05,-0.72,0,0,DCHG, ,
9735.9,1,1,1,1,4,205.0,-1,13.069,-13,-0.05,-0.74,0,0,DCHG, ,
9740.9,1,1,1,1,4,210.0,-1,13.068,-13,-0.05,-0.76,0,0,DCHG, ,
9745.9,1,1,1,1,4,215.0,-1,13.067,-13,-0.05,-0.77,0,0,DCHG, ,
9750.9,1,1,1,1,4,220.0,-1,13.067,-13,-0.06,-0.79,0,0,DCHG, ,
9755.9,1,1,1,1,4,225.0,-1,13.066,-13,-0.06,-0.81,0,0,DCHG, ,
9760.9,1,1,1,1,4,230.0,-1,13.065,-13,-0.06,-0.83,0,0,DCHG, ,
9765.9,1,1,1,1,4,235.0,-1,13.064,-13,-0.06,-0.85,0,0,DCHG, ,
9770.9,1,1,1,1,4,240.0,-1,13.063,-13,-0.06,-0.86,0,0,DCHG, ,
9775.9,1,1,1,1,4,245.0,-1,13.062,-13,-0.06,-0.88,0,0,DCHG, ,
9780.9,1,1,1,1,4,250.0,-1,13.062,-13,-0.06,-0.9,0,0,DCHG, ,
9785.9,1,1,1,1,4,255.0,-1,13.061,-13,-0.07,-0.92,0,0,DCHG, ,
9790.9,1,1,1,1,4,260.0,-1,13.06,-13,-0.07,-0.94,0,0,DCHG, ,
9795.9,1,1,1,1,4,265.0,-1,13.059,-13,-0.07,-0.95,0,0,DCHG, ,
9800.9,1,1,1,1,4,270.0,-1,13.058,-13,-0.07,-0.97,0,0,DCHG, ,
9805.9,1,1,1,1,4,275.0,-1,13.058,-13,-0.07,-0.99,0,0,DCHG, ,
9810.9,1,1,1,1,4,280.0,-1,13.057,-13,-0.07,-1.01,0,0,DCHG, ,
9815.9,1,1,1,1,4,285.0,-1,13.056,-13,-0.07,-1.03,0,0,DCHG, ,
9820.9,1,1,1,1,4,290.0,-1,13.056,-13,-0.08,-1.05,0,0,DCHG, ,
9825.9,1,1,1,1,4,295.0,-1,13.055,-13,-0.08,-1.06,0,0,DCHG, ,
9830.9,1,1,1,1,4,300.0,-1,13.054,-13,-0.08,-1.08,0,0,DCHG, ,
9835.9,1,1,1,1,4,305.0,-1,13.053,-13,-0.08,-1.1,0,0,DCHG, ,
9840.9,1,1,1,1,4,310.0,-1,13.053,-13,-0.08,-1.12,0,0,DCHG, ,
9845.9,1,1,1,1,4,315.0,-1,13.052,-13,-0.08,-1.14,0,0,DCHG, ,
9850.9,1,1,1,1,4,320.0,-1,13.051,-13,-0.08,-1.15,0,0,DCHG, ,
9855.9,1,1,1,1,4,325.0,-1,13.051,-13,-0.09,-1.17,0,0,DCHG, ,
9860.9,1,1,1,1,4,330.0,-1,13.05,-13,-0.09,-1.19,0,0,DCHG, ,
9865.9,1,1,1,1,4,335.0,-1,13.049,-13,-0.09,-1.21,0,0,DCHG, ,
9870.9,1,1,1,1,4,340.0,-1,13.049,-13,-0.09,-1.23,0,0,DCHG, ,
9875.9,1,1,1,1,4,345.0,-1,13.048,-13,-0.09,-1.24,0,0,DCHG, ,
9880.9,1,1,1,1,4,350.0,-1,13.047,-13,-0.09,-1.26,0,0,DCHG, ,
9885.9,1,1,1,1,4,355.0,-1,13.046,-13,-0.09,-1.28,0,0,DCHG, ,
9890.9,1,1,1,1,4,360.0,-1,13.046,-13,-0.09,-1.3,0,0,DCHG, ,
9895.9,1,1,1,1,4,365.0,-1,13.045,-13,-0.1,-1.32,0,0,DCHG, ,
9900.9,1,1,1,1,4,370.0,-1,13.045,-13,-0.1,-1.33,0,0,DCHG, ,
9905.9,1,1,1,1,4,375.0,-1,13.044,-13,-0.1,-1.35,0,0,DCHG, ,
9910.9,1,1,1,1,4,380.0,-1,13.044,-13,-0.1,-1.37,0,0,DCHG, ,
9915.9,1,1,1,1,4,385.0,-1,13.043,-13,-0.1,-1.39,0,0,DCHG, ,
9920.9,1,1,1,1,4,390.0,-1,13.042,-13,-0.1,-1.41,0,0,DCHG, ,
9925.9,1,1,1,1,4,395.0,-1,13.041,-13,-0.1,-1.42,0,0,DCHG, ,
9930.9,1,1,1,1,4,400.0,-1,13.041,-13,-0.11,-1.44,0,0,DCHG, ,
9935.9,1,1,1,1,4,405.0,-0.99,13.041,-12.9,-0.11,-1.46,0,0,DCHG, ,
9940.9,1,1,1,1,4,410.0,-1,13.04,-13,-0.11,-1.48,0,0,DCHG, ,
9945.9,1,1,1,1,4,415.0,-1,13.04,-13,-0.11,-1.5,0,0,DCHG, ,
9950.9,1,1,1,1,4,420.0,-1,13.038,-13,-0.11,-1.51,0,0,DCHG, ,
9955.9,1,1,1,1,4,425.0,-1,13.038,-13,-0.11,-1.53,0,0,DCHG, ,
9960.9,1,1,1,1,4,430.0,-1,13.037,-13,-0.11,-1.55,0,0,DCHG, ,
9965.9,1,1,1,1,4,435.0,-1,13.037,-13,-0.12,-1.57,0,0,DCHG, ,
9970.9,1,1,1,1,4,440.0,-1,13.036,-13,-0.12,-1.59,0,0,DCHG, ,
9975.9,1,1,1,1,4,445.0,-1,13.035,-13,-0.12,-1.6,0,0,DCHG, ,
9980.9,1,1,1,1,4,450.0,-1,13.035,-13,-0.12,-1.62,0,0,DCHG, ,
9985.9,1,1,1,1,4,455.0,-1,13.035,-13,-0.12,-1.64,0,0,DCHG, ,
9990.9,1,1,1,1,4,460.0,-1,13.034,-13,-0.12,-1.66,0,0,DCHG, ,
9995.9,1,1,1,1,4,465.0,-1,13.034,-13,-0.12,-1.68,0,0,DCHG, ,
10000.9,1,1,1,1,4,470.0,-1,13.033,-13,-0.13,-1.7,0,0,DCHG, ,
10005.9,1,1,1,1,4,475.0,-1,13.032,-13,-0.13,-1.71,0,0,DCHG, ,
10010.9,1,1,1,1,4,480.0,-1,13.032,-13,-0.13,-1.73,0,0,DCHG, ,
10015.9,1,1,1,1,4,485.0,-1,13.031,-13,-0.13,-1.75,0,0,DCHG, ,
10020.9,1,1,1,1,4,490.0,-1,13.031,-12.9,-0.13,-1.77,0,0,DCHG, ,
10025.9,1,1,1,1,4,495.0,-1,13.03,-13,-0.13,-1.79,0,0,DCHG, ,
10030.9,1,1,1,1,4,500.0,-1,13.03,-12.9,-0.13,-1.8,0,0,DCHG, ,
10035.9,1,1,1,1,4,505.0,-1,13.029,-12.9,-0.14,-1.82,0,0,DCHG, ,
10040.9,1,1,1,1,4,510.0,-1,13.029,-12.9,-0.14,-1.84,0,0,DCHG, ,
10045.9,1,1,1,1,4,515.0,-1,13.028,-12.9,-0.14,-1.86,0,0,DCHG, ,
10050.9,1,1,1,1,4,520.0,-1,13.027,-13,-0.14,-1.88,0,0,DCHG, ,
10055.9,1,1,1,1,4,525.0,-1,13.027,-13,-0.14,-1.89,0,0,DCHG, ,
10060.9,1,1,1,1,4,530.0,-1,13.026,-12.9,-0.14,-1.91,0,0,DCHG, ,
10065.9,1,1,1,1,4,535.0,-1,13.026,-13,-0.14,-1.93,0,0,DCHG, ,
10070.9,1,1,1,1,4,540.0,-1,13.025,-12.9,-0.14,-1.95,0,0,DCHG, ,
10075.9,1,1,1,1,4,545.0,-1,13.025,-12.9,-0.15,-1.97,0,0,DCHG, ,
10080.9,1,1,1,1,4,550.0,-1,13.024,-13,-0.15,-1.98,0,0,DCHG, ,
10085.9,1,1,1,1,4,555.0,-1,13.024,-13,-0.15,-2,0,0,DCHG, ,
10090.9,1,1,1,1,4,560.0,-1,13.023,-13,-0.15,-2.02,0,0,DCHG, ,
10095.9,1,1,1,1,4,565.0,-1,13.023,-12.9,-0.15,-2.04,0,0,DCHG, ,
10100.9,1,1,1,1,4,570.0,-1,13.023,-13,-0.15,-2.06,0,0,DCHG, ,
10105.9,1,1,1,1,4,575.0,-1,13.022,-12.9,-0.15,-2.07,0,0,DCHG, ,
10110.9,1,1,1,1,4,580.0,-1,13.021,-13,-0.16,-2.09,0,0,DCHG, ,
10115.9,1,1,1,1,4,585.0,-1,13.02,-12.9,-0.16,-2.11,0,0,DCHG, ,
10120.9,1,1,1,1,4,590.0,-1,13.02,-13,-0.16,-2.13,0,0,DCHG, ,
10125.9,1,1,1,1,4,595.0,-1,13.02,-12.9,-0.16,-2.14,0,0,DCHG, ,
10130.9,1,1,1,1,4,600.0,-1,13.019,-13,-0.16,-2.16,0,0,DCHG, ,
10135.9,1,1,1,1,4,605.0,-1,13.019,-13,-0.16,-2.18,0,0,DCHG, ,
10140.9,1,1,1,1,4,610.0,-1,13.018,-13,-0.16,-2.2,0,0,DCHG, ,
10145.9,1,1,1,1,4,615.0,-1,13.018,-13,-0.17,-2.22,0,0,DCHG, ,
10150.9,1,1,1,1,4,620.0,-1,13.017,-13,-0.17,-2.23,0,0,DCHG, ,
10155.9,1,1,1,1,4,625.0,-1,13.016,-12.9,-0.17,-2.25,0,0,DCHG, ,
10160.9,1,1,1,1,4,630.0,-1,13.016,-12.9,-0.17,-2.27,0,0,DCHG, ,
10165.9,1,1,1,1,4,635.0,-1,13.015,-13,-0.17,-2.29,0,0,DCHG, ,
10170.9,1,1,1,1,4,640.0,-1,13.015,-12.9,-0.17,-2.31,0,0,DCHG, ,
10175.9,1,1,1,1,4,645.0,-1,13.015,-12.9,-0.17,-2.32,0,0,DCHG, ,
10180.9,1,1,1,1,4,650.0,-1,13.013,-12.9,-0.18,-2.34,0,0,DCHG, ,
10185.9,1,1,1,1,4,655.0,-1,13.013,-13,-0.18,-2.36,0,0,DCHG, ,
10190.9,1,1,1,1,4,660.0,-1,13.013,-13,-0.18,-2.38,0,0,DCHG, ,
10195.9,1,1,1,1,4,665.0,-1,13.013,-12.9,-0.18,-2.4,0,0,DCHG, ,
10200.9,1,1,1,1,4,670.0,-1,13.012,-13,-0.18,-2.41,0,0,DCHG, ,
10205.9,1,1,1,1,4,675.0,-1,13.011,-13,-0.18,-2.43,0,0,DCHG, ,
10210.9,1,1,1,1,4,680.0,-1,13.011,-12.9,-0.18,-2.45,0,0,DCHG, ,
10215.9,1,1,1,1,4,685.0,-1,13.01,-12.9,-0.19,-2.47,0,0,DCHG, ,
10220.9,1,1,1,1,4,690.0,-1,13.01,-13,-0.19,-2.49,0,0,DCHG, ,
10225.9,1,1,1,1,4,695.0,-1,13.009,-12.9,-0.19,-2.5,0,0,DCHG, ,
10230.9,1,1,1,1,4,700.0,-1,13.009,-12.9,-0.19,-2.52,0,0,DCHG, ,
10235.9,1,1,1,1,4,705.0,-1,13.008,-12.9,-0.19,-2.54,0,0,DCHG, ,
10240.9,1,1,1,1,4,710.0,-1,13.008,-13,-0.19,-2.56,0,0,DCHG, ,
10245.9,1,1,1,1,4,715.0,-1,13.007,-12.9,-0.19,-2.58,0,0,DCHG, ,
10250.9,1,1,1,1,4,720.0,-1,13.007,-13,-0.19,-2.59,0,0,DCHG, ,
10255.9,1,1,1,1,4,725.0,-1,13.006,-12.9,-0.2,-2.61,0,0,DCHG, ,
10260.9,1,1,1,1,4,730.0,-1,13.006,-13,-0.2,-2.63,0,0,DCHG, ,
10265.9,1,1,1,1,4,735.0,-1,13.005,-12.9,-0.2,-2.65,0,0,DCHG, ,
10270.9,1,1,1,1,4,740.0,-1,13.005,-12.9,-0.2,-2.67,0,0,DCHG, ,
10275.9,1,1,1,1,4,745.0,-1,13.004,-12.9,-0.2,-2.68,0,0,DCHG, ,
10280.9,1,1,1,1,4,750.0,-1,13.004,-12.9,-0.2,-2.7,0,0,DCHG, ,
10285.9,1,1,1,1,4,755.0,-1,13.003,-12.9,-0.2,-2.72,0,0,DCHG, ,
10290.9,1,1,1,1,4,760.0,-1,13.003,-13,-0.21,-2.74,0,0,DCHG, ,
10295.9,1,1,1,1,4,765.0,-1,13.002,-13,-0.21,-2.76,0,0,DCHG, ,
10300.9,1,1,1,1,4,770.0,-1,13.002,-12.9,-0.21,-2.77,0,0,DCHG, ,
10305.9,1,1,1,1,4,775.0,-1,13.002,-13,-0.21,-2.79,0,0,DCHG, ,
10310.9,1,1,1,1,4,780.0,-1,13.001,-12.9,-0.21,-2.81,0,0,DCHG, ,
10315.9,1,1,1,1,4,785.0,-1,13,-12.9,-0.21,-2.83,0,0,DCHG, ,
10320.9,1,1,1,1,4,790.0,-1,13,-12.9,-0.21,-2.85,0,0,DCHG, ,
10325.9,1,1,1,1,4,795.0,-1,12.999,-12.9,-0.22,-2.86,0,0,DCHG, ,
10330.9,1,1,1,1,4,800.0,-1,12.999,-12.9,-0.22,-2.88,0,0,DCHG, ,
10335.9,1,1,1,1,4,805.0,-1,12.999,-12.9,-0.22,-2.9,0,0,DCHG, ,
10340.9,1,1,1,1,4,810.0,-1,12.998,-12.9,-0.22,-2.92,0,0,DCHG, ,
10345.9,1,1,1,1,4,815.0,-1,12.997,-12.9,-0.22,-2.94,0,0,DCHG, ,
10350.9,1,1,1,1,4,820.0,-1,12.997,-12.9,-0.22,-2.95,0,0,DCHG, ,
10355.9,1,1,1,1,4,825.0,-1,12.996,-12.9,-0.22,-2.97,0,0,DCHG, ,
10360.9,1,1,1,1,4,830.0,-1,12.996,-12.9,-0.23,-2.99,0,0,DCHG, ,
10365.9,1,1,1,1,4,835.0,-1,12.995,-12.9,-0.23,-3.01,0,0,DCHG, ,
10370.9,1,1,1,1,4,840.0,-1,12.996,-12.9,-0.23,-3.03,0,0,DCHG, ,
10375.9,1,1,1,1,4,845.0,-1,12.995,-12.9,-0.23,-3.04,0,0,DCHG, ,
10380.9,1,1,1,1,4,850.0,-1,12.995,-12.9,-0.23,-3.06,0,0,DCHG, ,
10385.9,1,1,1,1,4,855.0,-1,12.994,-12.9,-0.23,-3.08,0,0,DCHG, ,
10390.9,1,1,1,1,4,860.0,-1,12.994,-12.9,-0.23,-3.1,0,0,DCHG, ,
10395.9,1,1,1,1,4,865.0,-1,12.993,-12.9,-0.24,-3.11,0,0,DCHG, ,
10400.9,1,1,1,1,4,870.0,-1,12.993,-12.9,-0.24,-3.13,0,0,DCHG, ,
10405.9,1,1,1,1,4,875.0,-1,12.992,-12.9,-0.24,-3.15,0,0,DCHG, ,
10410.9,1,1,1,1,4,880.0,-1,12.992,-12.9,-0.24,-3.17,0,0,DCHG, ,
10415.9,1,1,1,1,4,885.0,-1,12.991,-12.9,-0.24,-3.19,0,0,DCHG, ,
10420.9,1,1,1,1,4,890.0,-1,12.991,-12.9,-0.24,-3.2,0,0,DCHG, ,
10425.9,1,1,1,1,4,895.0,-1,12.99,-12.9,-0.24,-3.22,0,0,DCHG, ,
10430.9,1,1,1,1,4,900.0,-1,12.99,-12.9,-0.24,-3.24,0,0,DCHG, ,
10435.9,1,1,1,1,4,905.0,-1,12.989,-12.9,-0.25,-3.26,0,0,DCHG, ,
10440.9,1,1,1,1,4,910.0,-1,12.989,-12.9,-0.25,-3.28,0,0,DCHG, ,
10445.9,1,1,1,1,4,915.0,-1,12.989,-12.9,-0.25,-3.29,0,0,DCHG, ,
10450.9,1,1,1,1,4,920.0,-1,12.988,-12.9,-0.25,-3.31,0,0,DCHG, ,
10455.9,1,1,1,1,4,925.0,-1,12.988,-12.9,-0.25,-3.33,0,0,DCHG, ,
10460.9,1,1,1,1,4,930.0,-1,12.987,-12.9,-0.25,-3.35,0,0,DCHG, ,
10465.9,1,1,1,1,4,935.0,-1,12.987,-12.9,-0.25,-3.37,0,0,DCHG, ,
10470.9,1,1,1,1,4,940.0,-1,12.986,-12.9,-0.26,-3.38,0,0,DCHG, ,
10475.9,1,1,1,1,4,945.0,-1,12.986,-12.9,-0.26,-3.4,0,0,DCHG, ,
10480.9,1,1,1,1,4,950.0,-1,12.985,-12.9,-0.26,-3.42,0,0,DCHG, ,
10485.9,1,1,1,1,4,955.0,-1,12.985,-12.9,-0.26,-3.44,0,0,DCHG, ,
10490.9,1,1,1,1,4,960.0,-1,12.985,-12.9,-0.26,-3.46,0,0,DCHG, ,
10495.9,1,1,1,1,4,965.0,-1,12.984,-12.9,-0.26,-3.47,0,0,DCHG, ,
10500.9,1,1,1,1,4,970.0,-1,12.984,-12.9,-0.26,-3.49,0,0,DCHG, ,
10505.9,1,1,1,1,4,975.0,-1,12.983,-12.9,-0.27,-3.51,0,0,DCHG, ,
10510.9,1,1,1,1,4,980.0,-1,12.983,-12.9,-0.27,-3.53,0,0,DCHG, ,
10515.9,1,1,1,1,4,985.0,-1,12.983,-12.9,-0.27,-3.54,0,0,DCHG, ,
10520.9,1,1,1,1,4,990.0,-1,12.982,-12.9,-0.27,-3.56,0,0,DCHG, ,
10525.9,1,1,1,1,4,995.0,-1,12.981,-12.9,-0.27,-3.58,0,0,DCHG, ,
10530.9,1,1,1,1,4,1000.0,-1,12.981,-12.9,-0.27,-3.6,0,0,DCHG, ,
10535.9,1,1,1,1,4,1005.0,-1,12.981,-12.9,-0.27,-3.62,0,0,DCHG, ,
10540.9,1,1,1,1,4,1010.0,-1,12.98,-12.9,-0.28,-3.63,0,0,DCHG, ,
10545.9,1,1,1,1,4,1015.0,-1,12.979,-12.9,-0.28,-3.65,0,0,DCHG, ,
10550.9,1,1,1,1,4,1020.0,-1,12.979,-12.9,-0.28,-3.67,0,0,DCHG, ,
10555.9,1,1,1,1,4,1025.0,-1,12.978,-12.9,-0.28,-3.69,0,0,DCHG, ,
10560.9,1,1,1,1,4,1030.0,-1,12.978,-12.9,-0.28,-3.71,0,0,DCHG, ,
10565.9,1,1,1,1,4,1035.0,-1,12.978,-12.9,-0.28,-3.72,0,0,DCHG, ,
10570.9,1,1,1,1,4,1040.0,-1,12.977,-12.9,-0.28,-3.74,0,0,DCHG, ,
10575.9,1,1,1,1,4,1045.0,-1,12.977,-12.9,-0.29,-3.76,0,0,DCHG, ,
10580.9,1,1,1,1,4,1050.0,-1,12.976,-12.9,-0.29,-3.78,0,0,DCHG, ,
10585.9,1,1,1,1,4,1055.0,-1,12.976,-12.9,-0.29,-3.8,0,0,DCHG, ,
10590.9,1,1,1,1,4,1060.0,-1,12.975,-12.9,-0.29,-3.81,0,0,DCHG, ,
10595.9,1,1,1,1,4,1065.0,-1,12.975,-12.9,-0.29,-3.83,0,0,DCHG, ,
10600.9,1,1,1,1,4,1070.0,-1,12.975,-12.9,-0.29,-3.85,0,0,DCHG, ,
10605.9,1,1,1,1,4,1075.0,-1,12.974,-12.9,-0.29,-3.87,0,0,DCHG, ,
10610.9,1,1,1,1,4,1080.0,-1,12.973,-12.9,-0.29,-3.89,0,0,DCHG, ,
10615.9,1,1,1,1,4,1085.0,-1,12.973,-12.9,-0.3,-3.9,0,0,DCHG, ,
10620.9,1,1,1,1,4,1090.0,-1,12.972,-12.9,-0.3,-3.92,0,0,DCHG, ,
10625.9,1,1,1,1,4,1095.0,-1,12.972,-12.9,-0.3,-3.94,0,0,DCHG, ,
10630.9,1,1,1,1,4,1100.0,-1,12.972,-12.9,-0.3,-3.96,0,0,DCHG, ,
10635.9,1,1,1,1,4,1105.0,-1,12.971,-12.9,-0.3,-3.97,0,0,DCHG, ,
10640.9,1,1,1,1,4,1110.0,-1,12.971,-12.9,-0.3,-3.99,0,0,DCHG, ,
10645.9,1,1,1,1,4,1115.0,-1,12.97,-12.9,-0.3,-4.01,0,0,DCHG, ,
10650.9,1,1,1,1,4,1120.0,-1,12.97,-12.9,-0.31,-4.03,0,0,DCHG, ,
10655.9,1,1,1,1,4,1125.0,-1,12.969,-12.9,-0.31,-4.05,0,0,DCHG, ,
10660.9,1,1,1,1,4,1130.0,-1,12.969,-12.9,-0.31,-4.06,0,0,DCHG, ,
10665.9,1,1,1,1,4,1135.0,-1,12.969,-12.9,-0.31,-4.08,0,0,DCHG, ,
10670.9,1,1,1,1,4,1140.0,-1,12.968,-12.9,-0.31,-4.1,0,0,DCHG, ,
10675.9,1,1,1,1,4,1145.0,-1,12.968,-12.9,-0.31,-4.12,0,0,DCHG, ,
10680.9,1,1,1,1,4,1150.0,-1,12.967,-12.9,-0.31,-4.14,0,0,DCHG, ,
10685.9,1,1,1,1,4,1155.0,-1,12.967,-12.9,-0.32,-4.15,0,0,DCHG, ,
10690.9,1,1,1,1,4,1160.0,-1,12.967,-12.9,-0.32,-4.17,0,0,DCHG, ,
10695.9,1,1,1,1,4,1165.0,-1,12.966,-12.9,-0.32,-4.19,0,0,DCHG, ,
10700.9,1,1,1,1,4,1170.0,-1,12.966,-12.9,-0.32,-4.21,0,0,DCHG, ,
10705.9,1,1,1,1,4,1175.0,-1,12.965,-12.9,-0.32,-4.23,0,0,DCHG, ,
10710.9,1,1,1,1,4,1180.0,-1,12.965,-12.9,-0.32,-4.24,0,0,DCHG, ,
10715.9,1,1,1,1,4,1185.0,-1,12.964,-12.9,-0.32,-4.26,0,0,DCHG, ,
10720.9,1,1,1,1,4,1190.0,-1,12.964,-12.9,-0.33,-4.28,0,0,DCHG, ,
10725.9,1,1,1,1,4,1195.0,-1,12.964,-12.9,-0.33,-4.3,0,0,DCHG, ,
10730.9,1,1,1,1,4,1200.0,-1,12.963,-12.9,-0.33,-4.32,0,0,DCHG, ,
10735.9,1,1,1,1,4,1205.0,-1,12.963,-12.9,-0.33,-4.33,0,0,DCHG, ,
10740.9,1,1,1,1,4,1210.0,-1,12.962,-12.9,-0.33,-4.35,0,0,DCHG, ,
10745.9,1,1,1,1,4,1215.0,-1,12.962,-12.9,-0.33,-4.37,0,0,DCHG, ,
10750.9,1,1,1,1,4,1220.0,-1,12.961,-12.9,-0.33,-4.39,0,0,DCHG, ,
10755.9,1,1,1,1,4,1225.0,-1,12.961,-12.9,-0.34,-4.4,0,0,DCHG, ,
10760.9,1,1,1,1,4,1230.0,-1,12.961,-12.9,-0.34,-4.42,0,0,DCHG, ,
10765.9,1,1,1,1,4,1235.0,-1,12.96,-12.9,-0.34,-4.44,0,0,DCHG, ,
10770.9,1,1,1,1,4,1240.0,-1,12.96,-12.9,-0.34,-4.46,0,0,DCHG, ,
10775.9,1,1,1,1,4,1245.0,-1,12.959,-12.9,-0.34,-4.48,0,0,DCHG, ,
10780.9,1,1,1,1,4,1250.0,-1,12.959,-12.9,-0.34,-4.49,0,0,DCHG, ,
10785.9,1,1,1,1,4,1255.0,-1,12.958,-12.9,-0.34,-4.51,0,0,DCHG, ,
10790.9,1,1,1,1,4,1260.0,-1,12.958,-12.9,-0.34,-4.53,0,0,DCHG, ,
10795.9,1,1,1,1,4,1265.0,-1,12.958,-12.9,-0.35,-4.55,0,0,DCHG, ,
10800.9,1,1,1,1,4,1270.0,-1,12.957,-12.9,-0.35,-4.57,0,0,DCHG, ,
10805.9,1,1,1,1,4,1275.0,-1,12.957,-12.9,-0.35,-4.58,0,0,DCHG, ,
10810.9,1,1,1,1,4,1280.0,-1,12.956,-12.9,-0.35,-4.6,0,0,DCHG, ,
10815.9,1,1,1,1,4,1285.0,-1,12.956,-12.9,-0.35,-4.62,0,0,DCHG, ,
10820.9,1,1,1,1,4,1290.0,-0.99,12.955,-12.8,-0.35,-4.64,0,0,DCHG, ,
10825.9,1,1,1,1,4,1295.0,-1,12.955,-12.9,-0.35,-4.66,0,0,DCHG, ,
10830.9,1,1,1,1,4,1300.0,-1,12.954,-12.9,-0.36,-4.67,0,0,DCHG, ,
10835.9,1,1,1,1,4,1305.0,-1,12.954,-12.9,-0.36,-4.69,0,0,DCHG, ,
10840.9,1,1,1,1,4,1310.0,-1,12.953,-12.9,-0.36,-4.71,0,0,DCHG, ,
10845.9,1,1,1,1,4,1315.0,-1,12.953,-12.9,-0.36,-4.73,0,0,DCHG, ,
10850.9,1,1,1,1,4,1320.0,-1,12.953,-12.9,-0.36,-4.75,0,0,DCHG, ,
10855.9,1,1,1,1,4,1325.0,-1,12.953,-12.9,-0.36,-4.76,0,0,DCHG, ,
10860.9,1,1,1,1,4,1330.0,-1,12.952,-12.9,-0.36,-4.78,0,0,DCHG, ,
10865.9,1,1,1,1,4,1335.0,-1,12.952,-12.9,-0.37,-4.8,0,0,DCHG, ,
10870.9,1,1,1,1,4,1340.0,-1,12.951,-12.9,-0.37,-4.82,0,0,DCHG, ,
10875.9,1,1,1,1,4,1345.0,-1,12.95,-12.9,-0.37,-4.83,0,0,DCHG, ,
10880.9,1,1,1,1,4,1350.0,-1,12.95,-12.9,-0.37,-4.85,0,0,DCHG, ,
10885.9,1,1,1,1,4,1355.0,-1,12.949,-12.9,-0.37,-4.87,0,0,DCHG, ,
10890.9,1,1,1,1,4,1360.0,-1,12.949,-12.9,-0.37,-4.89,0,0,DCHG, ,
10895.9,1,1,1,1,4,1365.0,-1,12.948,-12.9,-0.37,-4.91,0,0,DCHG, ,
10900.9,1,1,1,1,4,1370.0,-1,12.948,-12.9,-0.38,-4.92,0,0,DCHG, ,
10905.9,1,1,1,1,4,1375.0,-1,12.948,-12.9,-0.38,-4.94,0,0,DCHG, ,
10910.9,1,1,1,1,4,1380.0,-1,12.947,-12.9,-0.38,-4.96,0,0,DCHG, ,
10915.9,1,1,1,1,4,1385.0,-1,12.947,-12.9,-0.38,-4.98,0,0,DCHG, ,
10920.9,1,1,1,1,4,1390.0,-0.99,12.947,-12.8,-0.38,-5,0,0,DCHG, ,
10925.9,1,1,1,1,4,1395.0,-1,12.947,-12.9,-0.38,-5.01,0,0,DCHG, ,
10930.9,1,1,1,1,4,1400.0,-1,12.946,-12.9,-0.38,-5.03,0,0,DCHG, ,
10935.9,1,1,1,1,4,1405.0,-0.99,12.945,-12.8,-0.39,-5.05,0,0,DCHG, ,
10940.9,1,1,1,1,4,1410.0,-1,12.945,-12.9,-0.39,-5.07,0,0,DCHG, ,
10945.9,1,1,1,1,4,1415.0,-1,12.944,-12.9,-0.39,-5.09,0,0,DCHG, ,
10950.9,1,1,1,1,4,1420.0,-1,12.944,-12.9,-0.39,-5.1,0,0,DCHG, ,
10955.9,1,1,1,1,4,1425.0,-1,12.944,-12.9,-0.39,-5.12,0,0,DCHG, ,
10960.9,1,1,1,1,4,1430.0,-1,12.943,-12.9,-0.39,-5.14,0,0,DCHG, ,
10965.9,1,1,1,1,4,1435.0,-1,12.943,-12.9,-0.39,-5.16,0,0,DCHG, ,
10970.9,1,1,1,1,4,1440.0,-1,12.943,-12.9,-0.39,-5.18,0,0,DCHG, ,
10975.9,1,1,1,1,4,1445.0,-1,12.942,-12.9,-0.4,-5.19,0,0,DCHG, ,
10980.9,1,1,1,1,4,1450.0,-1,12.942,-12.9,-0.4,-5.21,0,0,DCHG, ,
10985.9,1,1,1,1,4,1455.0,-1,12.942,-12.9,-0.4,-5.23,0,0,DCHG, ,
10990.9,1,1,1,1,4,1460.0,-1,12.941,-12.9,-0.4,-5.25,0,0,DCHG, ,
10995.9,1,1,1,1,4,1465.0,-1,12.941,-12.9,-0.4,-5.26,0,0,DCHG, ,
11000.9,1,1,1,1,4,1470.0,-1,12.94,-12.9,-0.4,-5.28,0,0,DCHG, ,
11005.9,1,1,1,1,4,1475.0,-1,12.939,-12.9,-0.4,-5.3,0,0,DCHG, ,
11010.9,1,1,1,1,4,1480.0,-1,12.939,-12.9,-0.41,-5.32,0,0,DCHG, ,
11015.9,1,1,1,1,4,1485.0,-1,12.939,-12.9,-0.41,-5.34,0,0,DCHG, ,
11020.9,1,1,1,1,4,1490.0,-1,12.938,-12.9,-0.41,-5.35,0,0,DCHG, ,
11025.9,1,1,1,1,4,1495.0,-1,12.937,-12.9,-0.41,-5.37,0,0,DCHG, ,
11030.9,1,1,1,1,4,1500.0,-1,12.937,-12.9,-0.41,-5.39,0,0,DCHG, ,
11035.9,1,1,1,1,4,1505.0,-1,12.937,-12.9,-0.41,-5.41,0,0,DCHG, ,
11040.9,1,1,1,1,4,1510.0,-1,12.937,-12.9,-0.41,-5.43,0,0,DCHG, ,
11045.9,1,1,1,1,4,1515.0,-1,12.936,-12.9,-0.42,-5.44,0,0,DCHG, ,
11050.9,1,1,1,1,4,1520.0,-1,12.936,-12.9,-0.42,-5.46,0,0,DCHG, ,
11055.9,1,1,1,1,4,1525.0,-1,12.935,-12.9,-0.42,-5.48,0,0,DCHG, ,
11060.9,1,1,1,1,4,1530.0,-1,12.935,-12.9,-0.42,-5.5,0,0,DCHG, ,
11065.9,1,1,1,1,4,1535.0,-1,12.935,-12.9,-0.42,-5.52,0,0,DCHG, ,
11070.9,1,1,1,1,4,1540.0,-1,12.934,-12.9,-0.42,-5.53,0,0,DCHG, ,
11075.9,1,1,1,1,4,1545.0,-1,12.934,-12.9,-0.42,-5.55,0,0,DCHG, ,
11080.9,1,1,1,1,4,1550.0,-1,12.934,-12.9,-0.43,-5.57,0,0,DCHG, ,
11085.9,1,1,1,1,4,1555.0,-1,12.933,-12.9,-0.43,-5.59,0,0,DCHG, ,
11090.9,1,1,1,1,4,1560.0,-1,12.932,-12.9,-0.43,-5.61,0,0,DCHG, ,
11095.9,1,1,1,1,4,1565.0,-1,12.932,-12.9,-0.43,-5.62,0,0,DCHG, ,
11100.9,1,1,1,1,4,1570.0,-1,12.932,-12.9,-0.43,-5.64,0,0,DCHG, ,
11105.9,1,1,1,1,4,1575.0,-1,12.931,-12.9,-0.43,-5.66,0,0,DCHG, ,
11110.9,1,1,1,1,4,1580.0,-1,12.931,-12.9,-0.43,-5.68,0,0,DCHG, ,
11115.9,1,1,1,1,4,1585.0,-1,12.931,-12.9,-0.44,-5.69,0,0,DCHG, ,
11120.9,1,1,1,1,4,1590.0,-1,12.93,-12.9,-0.44,-5.71,0,0,DCHG, ,
11125.9,1,1,1,1,4,1595.0,-1,12.93,-12.8,-0.44,-5.73,0,0,DCHG, ,
11130.9,1,1,1,1,4,1600.0,-1,12.929,-12.8,-0.44,-5.75,0,0,DCHG, ,
11135.9,1,1,1,1,4,1605.0,-1,12.928,-12.9,-0.44,-5.77,0,0,DCHG, ,
11140.9,1,1,1,1,4,1610.0,-1,12.928,-12.9,-0.44,-5.78,0,0,DCHG, ,
11145.9,1,1,1,1,4,1615.0,-1,12.928,-12.9,-0.44,-5.8,0,0,DCHG, ,
11150.9,1,1,1,1,4,1620.0,-1,12.928,-12.8,-0.44,-5.82,0,0,DCHG, ,
11155.9,1,1,1,1,4,1625.0,-1,12.928,-12.9,-0.45,-5.84,0,0,DCHG, ,
11160.9,1,1,1,1,4,1630.0,-1,12.927,-12.9,-0.45,-5.86,0,0,DCHG, ,
11165.9,1,1,1,1,4,1635.0,-1,12.926,-12.8,-0.45,-5.87,0,0,DCHG, ,
11170.9,1,1,1,1,4,1640.0,-1,12.926,-12.8,-0.45,-5.89,0,0,DCHG, ,
11175.9,1,1,1,1,4,1645.0,-1,12.926,-12.8,-0.45,-5.91,0,0,DCHG, ,
11180.9,1,1,1,1,4,1650.0,-1,12.925,-12.9,-0.45,-5.93,0,0,DCHG, ,
11185.9,1,1,1,1,4,1655.0,-1,12.925,-12.8,-0.45,-5.94,0,0,DCHG, ,
11190.9,1,1,1,1,4,1660.0,-1,12.924,-12.9,-0.46,-5.96,0,0,DCHG, ,
11195.9,1,1,1,1,4,1665.0,-1,12.924,-12.9,-0.46,-5.98,0,0,DCHG, ,
11200.9,1,1,1,1,4,1670.0,-1,12.923,-12.8,-0.46,-6,0,0,DCHG, ,
11205.9,1,1,1,1,4,1675.0,-1,12.923,-12.8,-0.46,-6.02,0,0,DCHG, ,
11210.9,1,1,1,1,4,1680.0,-1,12.923,-12.8,-0.46,-6.03,0,0,DCHG, ,
11215.9,1,1,1,1,4,1685.0,-1,12.922,-12.9,-0.46,-6.05,0,0,DCHG, ,
11220.9,1,1,1,1,4,1690.0,-1,12.922,-12.9,-0.46,-6.07,0,0,DCHG, ,
11225.9,1,1,1,1,4,1695.0,-1,12.922,-12.8,-0.47,-6.09,0,0,DCHG, ,
11230.9,1,1,1,1,4,1700.0,-1,12.921,-12.8,-0.47,-6.11,0,0,DCHG, ,
11235.9,1,1,1,1,4,1705.0,-1,12.921,-12.8,-0.47,-6.12,0,0,DCHG, ,
11240.9,1,1,1,1,4,1710.0,-1,12.92,-12.8,-0.47,-6.14,0,0,DCHG, ,
11245.9,1,1,1,1,4,1715.0,-1,12.92,-12.8,-0.47,-6.16,0,0,DCHG, ,
11250.9,1,1,1,1,4,1720.0,-1,12.919,-12.8,-0.47,-6.18,0,0,DCHG, ,
11255.9,1,1,1,1,4,1725.0,-1,12.919,-12.8,-0.47,-6.19,0,0,DCHG, ,
11260.9,1,1,1,1,4,1730.0,-1,12.919,-12.8,-0.48,-6.21,0,0,DCHG, ,
11265.9,1,1,1,1,4,1735.0,-1,12.918,-12.8,-0.48,-6.23,0,0,DCHG, ,
11270.9,1,1,1,1,4,1740.0,-1,12.918,-12.8,-0.48,-6.25,0,0,DCHG, ,
11275.9,1,1,1,1,4,1745.0,-1,12.917,-12.9,-0.48,-6.27,0,0,DCHG, ,
11280.9,1,1,1,1,4,1750.0,-1,12.917,-12.8,-0.48,-6.28,0,0,DCHG, ,
11285.9,1,1,1,1,4,1755.0,-1,12.916,-12.8,-0.48,-6.3,0,0,DCHG, ,
11290.9,1,1,1,1,4,1760.0,-0.99,12.916,-12.8,-0.48,-6.32,0,0,DCHG, ,
11295.9,1,1,1,1,4,1765.0,-1,12.915,-12.8,-0.49,-6.34,0,0,DCHG, ,
11300.9,1,1,1,1,4,1770.0,-1,12.915,-12.8,-0.49,-6.36,0,0,DCHG, ,
11305.9,1,1,1,1,4,1775.0,-1,12.915,-12.9,-0.49,-6.37,0,0,DCHG, ,
11310.9,1,1,1,1,4,1780.0,-1,12.914,-12.9,-0.49,-6.39,0,0,DCHG, ,
11315.9,1,1,1,1,4,1785.0,-1,12.914,-12.8,-0.49,-6.41,0,0,DCHG, ,
11320.9,1,1,1,1,4,1790.0,-1,12.913,-12.8,-0.49,-6.43,0,0,DCHG, ,
11325.9,1,1,1,1,4,1795.0,-1,12.913,-12.8,-0.49,-6.44,0,0,DCHG, ,
11330.9,1,1,1,1,4,1800.0,-1,12.913,-12.9,-0.49,-6.46,0,0,DCHG, ,
11335.9,1,1,1,1,4,1805.0,-1,12.912,-12.8,-0.5,-6.48,0,0,DCHG, ,
11340.9,1,1,1,1,4,1810.0,-1,12.912,-12.8,-0.5,-6.5,0,0,DCHG, ,
11345.9,1,1,1,1,4,1815.0,-1,12.911,-12.9,-0.5,-6.52,0,0,DCHG, ,
11350.9,1,1,1,1,4,1820.0,-1,12.911,-12.8,-0.5,-6.53,0,0,DCHG, ,
11355.9,1,1,1,1,4,1825.0,-1,12.911,-12.8,-0.5,-6.55,0,0,DCHG, ,
11360.9,1,1,1,1,4,1830.0,-1,12.91,-12.9,-0.5,-6.57,0,0,DCHG, ,
11365.9,1,1,1,1,4,1835.0,-1,12.91,-12.8,-0.5,-6.59,0,0,DCHG, ,
11370.9,1,1,1,1,4,1840.0,-1,12.91,-12.8,-0.51,-6.6,0,0,DCHG, ,
11375.9,1,1,1,1,4,1845.0,-1,12.909,-12.9,-0.51,-6.62,0,0,DCHG, ,
11380.9,1,1,1,1,4,1850.0,-1,12.909,-12.8,-0.51,-6.64,0,0,DCHG, ,
11385.9,1,1,1,1,4,1855.0,-1,12.908,-12.8,-0.51,-6.66,0,0,DCHG, ,
11390.9,1,1,1,1,4,1860.0,-1,12.907,-12.8,-0.51,-6.68,0,0,DCHG, ,
11395.9,1,1,1,1,4,1865.0,-1,12.907,-12.9,-0.51,-6.69,0,0,DCHG, ,
11400.9,1,1,1,1,4,1870.0,-1,12.906,-12.8,-0.51,-6.71,0,0,DCHG, ,
11405.9,1,1,1,1,4,1875.0,-1,12.906,-12.8,-0.52,-6.73,0,0,DCHG, ,
11410.9,1,1,1,1,4,1880.0,-1,12.906,-12.9,-0.52,-6.75,0,0,DCHG, ,
11415.9,1,1,1,1,4,1885.0,-1,12.906,-12.8,-0.52,-6.77,0,0,DCHG, ,
11420.9,1,1,1,1,4,1890.0,-0.99,12.905,-12.8,-0.52,-6.78,0,0,DCHG, ,
11425.9,1,1,1,1,4,1895.0,-1,12.905,-12.9,-0.52,-6.8,0,0,DCHG, ,
11430.9,1,1,1,1,4,1900.0,-1,12.904,-12.8,-0.52,-6.82,0,0,DCHG, ,
11435.9,1,1,1,1,4,1905.0,-1,12.904,-12.9,-0.52,-6.84,0,0,DCHG, ,
11440.9,1,1,1,1,4,1910.0,-1,12.904,-12.9,-0.53,-6.85,0,0,DCHG, ,
11445.9,1,1,1,1,4,1915.0,-1,12.903,-12.9,-0.53,-6.87,0,0,DCHG, ,
11450.9,1,1,1,1,4,1920.0,-1,12.903,-12.8,-0.53,-6.89,0,0,DCHG, ,
11455.9,1,1,1,1,4,1925.0,-1,12.903,-12.9,-0.53,-6.91,0,0,DCHG, ,
11460.9,1,1,1,1,4,1930.0,-1,12.902,-12.9,-0.53,-6.93,0,0,DCHG, ,
11465.9,1,1,1,1,4,1935.0,-1,12.902,-12.8,-0.53,-6.94,0,0,DCHG, ,
11470.9,1,1,1,1,4,1940.0,-1,12.901,-12.9,-0.53,-6.96,0,0,DCHG, ,
11475.9,1,1,1,1,4,1945.0,-1,12.901,-12.9,-0.54,-6.98,0,0,DCHG, ,
11480.9,1,1,1,1,4,1950.0,-1,12.9,-12.8,-0.54,-7,0,0,DCHG, ,
11485.9,1,1,1,1,4,1955.0,-1,12.9,-12.8,-0.54,-7.02,0,0,DCHG, ,
11490.9,1,1,1,1,4,1960.0,-1,12.899,-12.8,-0.54,-7.03,0,0,DCHG, ,
11495.9,1,1,1,1,4,1965.0,-1,12.899,-12.8,-0.54,-7.05,0,0,DCHG, ,
11500.9,1,1,1,1,4,1970.0,-1,12.899,-12.8,-0.54,-7.07,0,0,DCHG, ,
11505.9,1,1,1,1,4,1975.0,-1,12.899,-12.8,-0.54,-7.09,0,0,DCHG, ,
11510.9,1,1,1,1,4,1980.0,-1,12.898,-12.8,-0.54,-7.1,0,0,DCHG, ,
11515.9,1,1,1,1,4,1985.0,-1,12.898,-12.8,-0.55,-7.12,0,0,DCHG, ,
11520.9,1,1,1,1,4,1990.0,-1,12.897,-12.8,-0.55,-7.14,0,0,DCHG, ,
11525.9,1,1,1,1,4,1995.0,-1,12.896,-12.8,-0.55,-7.16,0,0,DCHG, ,
11530.9,1,1,1,1,4,2000.0,-1,12.896,-12.8,-0.55,-7.18,0,0,DCHG, ,
11535.9,1,1,1,1,4,2005.0,-1,12.896,-12.8,-0.55,-7.19,0,0,DCHG, ,
11540.9,1,1,1,1,4,2010.0,-1,12.896,-12.8,-0.55,-7.21,0,0,DCHG, ,
11545.9,1,1,1,1,4,2015.0,-1,12.895,-12.8,-0.55,-7.23,0,0,DCHG, ,
11550.9,1,1,1,1,4,2020.0,-1,12.895,-12.8,-0.56,-7.25,0,0,DCHG, ,
11555.9,1,1,1,1,4,2025.0,-1,12.895,-12.8,-0.56,-7.26,0,0,DCHG, ,
11560.9,1,1,1,1,4,2030.0,-1,12.894,-12.8,-0.56,-7.28,0,0,DCHG, ,
11565.9,1,1,1,1,4,2035.0,-1,12.893,-12.8,-0.56,-7.3,0,0,DCHG, ,
11570.9,1,1,1,1,4,2040.0,-1,12.893,-12.8,-0.56,-7.32,0,0,DCHG, ,
11575.9,1,1,1,1,4,2045.0,-1,12.893,-12.8,-0.56,-7.34,0,0,DCHG, ,
11580.9,1,1,1,1,4,2050.0,-1,12.893,-12.8,-0.56,-7.35,0,0,DCHG, ,
11585.9,1,1,1,1,4,2055.0,-1,12.892,-12.8,-0.57,-7.37,0,0,DCHG, ,
11590.9,1,1,1,1,4,2060.0,-1,12.891,-12.8,-0.57,-7.39,0,0,DCHG, ,
11595.9,1,1,1,1,4,2065.0,-1,12.891,-12.8,-0.57,-7.41,0,0,DCHG, ,
11600.9,1,1,1,1,4,2070.0,-1,12.89,-12.8,-0.57,-7.42,0,0,DCHG, ,
11605.9,1,1,1,1,4,2075.0,-1,12.89,-12.8,-0.57,-7.44,0,0,DCHG, ,
11610.9,1,1,1,1,4,2080.0,-0.99,12.89,-12.8,-0.57,-7.46,0,0,DCHG, ,
11615.9,1,1,1,1,4,2085.0,-1,12.889,-12.8,-0.57,-7.48,0,0,DCHG, ,
11620.9,1,1,1,1,4,2090.0,-1,12.889,-12.8,-0.58,-7.5,0,0,DCHG, ,
11625.9,1,1,1,1,4,2095.0,-1,12.889,-12.8,-0.58,-7.51,0,0,DCHG, ,
11630.9,1,1,1,1,4,2100.0,-1,12.888,-12.8,-0.58,-7.53,0,0,DCHG, ,
11635.9,1,1,1,1,4,2105.0,-1,12.888,-12.8,-0.58,-7.55,0,0,DCHG, ,
11640.9,1,1,1,1,4,2110.0,-1,12.887,-12.8,-0.58,-7.57,0,0,DCHG, ,
11645.9,1,1,1,1,4,2115.0,-1,12.887,-12.8,-0.58,-7.58,0,0,DCHG, ,
11650.9,1,1,1,1,4,2120.0,-1,12.886,-12.8,-0.58,-7.6,0,0,DCHG, ,
11655.9,1,1,1,1,4,2125.0,-1,12.886,-12.8,-0.59,-7.62,0,0,DCHG, ,
11660.9,1,1,1,1,4,2130.0,-1,12.885,-12.8,-0.59,-7.64,0,0,DCHG, ,
11665.9,1,1,1,1,4,2135.0,-1,12.885,-12.8,-0.59,-7.66,0,0,DCHG, ,
11670.9,1,1,1,1,4,2140.0,-1,12.885,-12.8,-0.59,-7.67,0,0,DCHG, ,
11675.9,1,1,1,1,4,2145.0,-1,12.885,-12.8,-0.59,-7.69,0,0,DCHG, ,
11680.9,1,1,1,1,4,2150.0,-1,12.884,-12.8,-0.59,-7.71,0,0,DCHG, ,
11685.9,1,1,1,1,4,2155.0,-1,12.883,-12.8,-0.59,-7.73,0,0,DCHG, ,
11690.9,1,1,1,1,4,2160.0,-1,12.883,-12.8,-0.59,-7.74,0,0,DCHG, ,
11695.9,1,1,1,1,4,2165.0,-1,12.883,-12.8,-0.6,-7.76,0,0,DCHG, ,
11700.9,1,1,1,1,4,2170.0,-1,12.882,-12.8,-0.6,-7.78,0,0,DCHG, ,
11705.9,1,1,1,1,4,2175.0,-1,12.882,-12.8,-0.6,-7.8,0,0,DCHG, ,
11710.9,1,1,1,1,4,2180.0,-1,12.881,-12.8,-0.6,-7.82,0,0,DCHG, ,
11715.9,1,1,1,1,4,2185.0,-1,12.881,-12.8,-0.6,-7.83,0,0,DCHG, ,
11720.9,1,1,1,1,4,2190.0,-1,12.881,-12.8,-0.6,-7.85,0,0,DCHG, ,
11725.9,1,1,1,1,4,2195.0,-1,12.88,-12.8,-0.6,-7.87,0,0,DCHG, ,
11730.9,1,1,1,1,4,2200.0,-1,12.88,-12.8,-0.61,-7.89,0,0,DCHG, ,
11735.9,1,1,1,1,4,2205.0,-1,12.88,-12.8,-0.61,-7.9,0,0,DCHG, ,
11740.9,1,1,1,1,4,2210.0,-1,12.879,-12.8,-0.61,-7.92,0,0,DCHG, ,
11745.9,1,1,1,1,4,2215.0,-1,12.879,-12.8,-0.61,-7.94,0,0,DCHG, ,
11750.9,1,1,1,1,4,2220.0,-1,12.879,-12.8,-0.61,-7.96,0,0,DCHG, ,
11755.9,1,1,1,1,4,2225.0,-1,12.878,-12.8,-0.61,-7.98,0,0,DCHG, ,
11760.9,1,1,1,1,4,2230.0,-1,12.877,-12.8,-0.61,-7.99,0,0,DCHG, ,
11765.9,1,1,1,1,4,2235.0,-1,12.877,-12.8,-0.62,-8.01,0,0,DCHG, ,
11770.9,1,1,1,1,4,2240.0,-1,12.876,-12.8,-0.62,-8.03,0,0,DCHG, ,
11775.9,1,1,1,1,4,2245.0,-1,12.876,-12.8,-0.62,-8.05,0,0,DCHG, ,
11780.9,1,1,1,1,4,2250.0,-1,12.876,-12.8,-0.62,-8.06,0,0,DCHG, ,
11785.9,1,1,1,1,4,2255.0,-1,12.876,-12.8,-0.62,-8.08,0,0,DCHG, ,
11790.9,1,1,1,1,4,2260.0,-1,12.875,-12.8,-0.62,-8.1,0,0,DCHG, ,
11795.9,1,1,1,1,4,2265.0,-1,12.875,-12.8,-0.62,-8.12,0,0,DCHG, ,
11800.9,1,1,1,1,4,2270.0,-1,12.874,-12.8,-0.63,-8.14,0,0,DCHG, ,
11805.9,1,1,1,1,4,2275.0,-1,12.874,-12.8,-0.63,-8.15,0,0,DCHG, ,
11810.9,1,1,1,1,4,2280.0,-1,12.873,-12.8,-0.63,-8.17,0,0,DCHG, ,
11815.9,1,1,1,1,4,2285.0,-1,12.873,-12.8,-0.63,-8.19,0,0,DCHG, ,
11820.9,1,1,1,1,4,2290.0,-1,12.873,-12.8,-0.63,-8.21,0,0,DCHG, ,
11825.9,1,1,1,1,4,2295.0,-1,12.872,-12.8,-0.63,-8.22,0,0,DCHG, ,
11830.9,1,1,1,1,4,2300.0,-1,12.872,-12.8,-0.63,-8.24,0,0,DCHG, ,
11835.9,1,1,1,1,4,2305.0,-1,12.871,-12.8,-0.64,-8.26,0,0,DCHG, ,
11840.9,1,1,1,1,4,2310.0,-1,12.87,-12.8,-0.64,-8.28,0,0,DCHG, ,
11845.9,1,1,1,1,4,2315.0,-1,12.87,-12.8,-0.64,-8.3,0,0,DCHG, ,
11850.9,1,1,1,1,4,2320.0,-1,12.87,-12.8,-0.64,-8.31,0,0,DCHG, ,
11855.9,1,1,1,1,4,2325.0,-1,12.87,-12.8,-0.64,-8.33,0,0,DCHG, ,
11860.9,1,1,1,1,4,2330.0,-1,12.869,-12.8,-0.64,-8.35,0,0,DCHG, ,
11865.9,1,1,1,1,4,2335.0,-1,12.869,-12.8,-0.64,-8.37,0,0,DCHG, ,
11870.9,1,1,1,1,4,2340.0,-1,12.869,-12.8,-0.64,-8.38,0,0,DCHG, ,
11875.9,1,1,1,1,4,2345.0,-1,12.868,-12.8,-0.65,-8.4,0,0,DCHG, ,
11880.9,1,1,1,1,4,2350.0,-1,12.868,-12.8,-0.65,-8.42,0,0,DCHG, ,
11885.9,1,1,1,1,4,2355.0,-1,12.867,-12.8,-0.65,-8.44,0,0,DCHG, ,
11890.9,1,1,1,1,4,2360.0,-1,12.867,-12.8,-0.65,-8.46,0,0,DCHG, ,
11895.9,1,1,1,1,4,2365.0,-1,12.866,-12.8,-0.65,-8.47,0,0,DCHG, ,
11900.9,1,1,1,1,4,2370.0,-1,12.866,-12.8,-0.65,-8.49,0,0,DCHG, ,
11905.9,1,1,1,1,4,2375.0,-1,12.866,-12.8,-0.65,-8.51,0,0,DCHG, ,
11910.9,1,1,1,1,4,2380.0,-1,12.865,-12.8,-0.66,-8.53,0,0,DCHG, ,
11915.9,1,1,1,1,4,2385.0,-1,12.865,-12.8,-0.66,-8.54,0,0,DCHG, ,
11920.9,1,1,1,1,4,2390.0,-1,12.865,-12.8,-0.66,-8.56,0,0,DCHG, ,
11925.9,1,1,1,1,4,2395.0,-1,12.864,-12.8,-0.66,-8.58,0,0,DCHG, ,
11930.9,1,1,1,1,4,2400.0,-1,12.863,-12.8,-0.66,-8.6,0,0,DCHG, ,
11935.9,1,1,1,1,4,2405.0,-1,12.863,-12.8,-0.66,-8.62,0,0,DCHG, ,
11940.9,1,1,1,1,4,2410.0,-1,12.862,-12.8,-0.66,-8.63,0,0,DCHG, ,
11945.9,1,1,1,1,4,2415.0,-1,12.862,-12.8,-0.67,-8.65,0,0,DCHG, ,
11950.9,1,1,1,1,4,2420.0,-1,12.862,-12.8,-0.67,-8.67,0,0,DCHG, ,
11955.9,1,1,1,1,4,2425.0,-1,12.862,-12.8,-0.67,-8.69,0,0,DCHG, ,
11960.9,1,1,1,1,4,2430.0,-1,12.861,-12.8,-0.67,-8.7,0,0,DCHG, ,
11965.9,1,1,1,1,4,2435.0,-1,12.86,-12.8,-0.67,-8.72,0,0,DCHG, ,
11970.9,1,1,1,1,4,2440.0,-1,12.86,-12.8,-0.67,-8.74,0,0,DCHG, ,
11975.9,1,1,1,1,4,2445.0,-1,12.86,-12.8,-0.67,-8.76,0,0,DCHG, ,
11980.9,1,1,1,1,4,2450.0,-1,12.859,-12.8,-0.68,-8.78,0,0,DCHG, ,
11985.9,1,1,1,1,4,2455.0,-1,12.859,-12.8,-0.68,-8.79,0,0,DCHG, ,
11990.9,1,1,1,1,4,2460.0,-1,12.859,-12.8,-0.68,-8.81,0,0,DCHG, ,
11995.9,1,1,1,1,4,2465.0,-1,12.858,-12.8,-0.68,-8.83,0,0,DCHG, ,
12000.9,1,1,1,1,4,2470.0,-1,12.858,-12.8,-0.68,-8.85,0,0,DCHG, ,
12005.9,1,1,1,1,4,2475.0,-1,12.858,-12.8,-0.68,-8.86,0,0,DCHG, ,
12010.9,1,1,1,1,4,2480.0,-1,12.857,-12.8,-0.68,-8.88,0,0,DCHG, ,
12015.9,1,1,1,1,4,2485.0,-1,12.857,-12.8,-0.69,-8.9,0,0,DCHG, ,
12020.9,1,1,1,1,4,2490.0,-1,12.856,-12.8,-0.69,-8.92,0,0,DCHG, ,
12025.9,1,1,1,1,4,2495.0,-1,12.856,-12.8,-0.69,-8.93,0,0,DCHG, ,
12030.9,1,1,1,1,4,2500.0,-0.99,12.856,-12.7,-0.69,-8.95,0,0,DCHG, ,
12035.9,1,1,1,1,4,2505.0,-1,12.855,-12.8,-0.69,-8.97,0,0,DCHG, ,
12040.9,1,1,1,1,4,2510.0,-1,12.855,-12.8,-0.69,-8.99,0,0,DCHG, ,
12045.9,1,1,1,1,4,2515.0,-1,12.854,-12.8,-0.69,-9.01,0,0,DCHG, ,
12050.9,1,1,1,1,4,2520.0,-1,12.854,-12.8,-0.69,-9.02,0,0,DCHG, ,
12055.9,1,1,1,1,4,2525.0,-1,12.854,-12.8,-0.7,-9.04,0,0,DCHG, ,
12060.9,1,1,1,1,4,2530.0,-1,12.853,-12.8,-0.7,-9.06,0,0,DCHG, ,
12065.9,1,1,1,1,4,2535.0,-1,12.853,-12.8,-0.7,-9.08,0,0,DCHG, ,
12070.9,1,1,1,1,4,2540.0,-1,12.852,-12.8,-0.7,-9.09,0,0,DCHG, ,
12075.9,1,1,1,1,4,2545.0,-1,12.852,-12.8,-0.7,-9.11,0,0,DCHG, ,
12080.9,1,1,1,1,4,2550.0,-1,12.852,-12.8,-0.7,-9.13,0,0,DCHG, ,
12085.9,1,1,1,1,4,2555.0,-1,12.851,-12.8,-0.7,-9.15,0,0,DCHG, ,
12090.9,1,1,1,1,4,2560.0,-1,12.851,-12.8,-0.71,-9.17,0,0,DCHG, ,
12095.9,1,1,1,1,4,2565.0,-1,12.851,-12.8,-0.71,-9.18,0,0,DCHG, ,
12100.9,1,1,1,1,4,2570.0,-1,12.851,-12.8,-0.71,-9.2,0,0,DCHG, ,
12105.9,1,1,1,1,4,2575.0,-1,12.85,-12.8,-0.71,-9.22,0,0,DCHG, ,
12110.9,1,1,1,1,4,2580.0,-1,12.849,-12.8,-0.71,-9.24,0,0,DCHG, ,
12115.9,1,1,1,1,4,2585.0,-1,12.848,-12.8,-0.71,-9.25,0,0,DCHG, ,
12120.9,1,1,1,1,4,2590.0,-1,12.848,-12.8,-0.71,-9.27,0,0,DCHG, ,
12125.9,1,1,1,1,4,2595.0,-1,12.848,-12.8,-0.72,-9.29,0,0,DCHG, ,
12130.9,1,1,1,1,4,2600.0,-1,12.847,-12.8,-0.72,-9.31,0,0,DCHG, ,
12135.9,1,1,1,1,4,2605.0,-1,12.847,-12.8,-0.72,-9.33,0,0,DCHG, ,
12140.9,1,1,1,1,4,2610.0,-1,12.847,-12.8,-0.72,-9.34,0,0,DCHG, ,
12145.9,1,1,1,1,4,2615.0,-1,12.846,-12.8,-0.72,-9.36,0,0,DCHG, ,
12150.9,1,1,1,1,4,2620.0,-1,12.846,-12.8,-0.72,-9.38,0,0,DCHG, ,
12155.9,1,1,1,1,4,2625.0,-1,12.845,-12.8,-0.72,-9.4,0,0,DCHG, ,
12160.9,1,1,1,1,4,2630.0,-1,12.845,-12.8,-0.73,-9.41,0,0,DCHG, ,
12165.9,1,1,1,1,4,2635.0,-1,12.844,-12.8,-0.73,-9.43,0,0,DCHG, ,
12170.9,1,1,1,1,4,2640.0,-1,12.844,-12.8,-0.73,-9.45,0,0,DCHG, ,
12175.9,1,1,1,1,4,2645.0,-1,12.843,-12.8,-0.73,-9.47,0,0,DCHG, ,
12180.9,1,1,1,1,4,2650.0,-1,12.843,-12.8,-0.73,-9.49,0,0,DCHG, ,
12185.9,1,1,1,1,4,2655.0,-1,12.843,-12.8,-0.73,-9.5,0,0,DCHG, ,
12190.9,1,1,1,1,4,2660.0,-1,12.842,-12.8,-0.73,-9.52,0,0,DCHG, ,
12195.9,1,1,1,1,4,2665.0,-1,12.842,-12.8,-0.74,-9.54,0,0,DCHG, ,
12200.9,1,1,1,1,4,2670.0,-1,12.841,-12.8,-0.74,-9.56,0,0,DCHG, ,
12205.9,1,1,1,1,4,2675.0,-1,12.841,-12.8,-0.74,-9.57,0,0,DCHG, ,
12210.9,1,1,1,1,4,2680.0,-1,12.841,-12.8,-0.74,-9.59,0,0,DCHG, ,
12215.9,1,1,1,1,4,2685.0,-1,12.84,-12.8,-0.74,-9.61,0,0,DCHG, ,
12220.9,1,1,1,1,4,2690.0,-1,12.84,-12.8,-0.74,-9.63,0,0,DCHG, ,
12225.9,1,1,1,1,4,2695.0,-1,12.839,-12.8,-0.74,-9.65,0,0,DCHG, ,
12230.9,1,1,1,1,4,2700.0,-1,12.839,-12.8,-0.74,-9.66,0,0,DCHG, ,
12235.9,1,1,1,1,4,2705.0,-1,12.839,-12.8,-0.75,-9.68,0,0,DCHG, ,
12240.9,1,1,1,1,4,2710.0,-1,12.838,-12.8,-0.75,-9.7,0,0,DCHG, ,
12245.9,1,1,1,1,4,2715.0,-1,12.838,-12.8,-0.75,-9.72,0,0,DCHG, ,
12250.9,1,1,1,1,4,2720.0,-1,12.838,-12.8,-0.75,-9.73,0,0,DCHG, ,
12255.9,1,1,1,1,4,2725.0,-1,12.837,-12.8,-0.75,-9.75,0,0,DCHG, ,
12260.9,1,1,1,1,4,2730.0,-1,12.837,-12.8,-0.75,-9.77,0,0,DCHG, ,
12265.9,1,1,1,1,4,2735.0,-1,12.837,-12.8,-0.75,-9.79,0,0,DCHG, ,
12270.9,1,1,1,1,4,2740.0,-1,12.836,-12.8,-0.76,-9.81,0,0,DCHG, ,
12275.9,1,1,1,1,4,2745.0,-1,12.835,-12.8,-0.76,-9.82,0,0,DCHG, ,
12280.9,1,1,1,1,4,2750.0,-1,12.835,-12.8,-0.76,-9.84,0,0,DCHG, ,
12285.9,1,1,1,1,4,2755.0,-1,12.835,-12.8,-0.76,-9.86,0,0,DCHG, ,
12290.9,1,1,1,1,4,2760.0,-1,12.834,-12.8,-0.76,-9.88,0,0,DCHG, ,
12295.9,1,1,1,1,4,2765.0,-1,12.834,-12.8,-0.76,-9.89,0,0,DCHG, ,
12300.9,1,1,1,1,4,2770.0,-1,12.833,-12.8,-0.76,-9.91,0,0,DCHG, ,
12305.9,1,1,1,1,4,2775.0,-1,12.833,-12.8,-0.77,-9.93,0,0,DCHG, ,
12310.9,1,1,1,1,4,2780.0,-1,12.833,-12.8,-0.77,-9.95,0,0,DCHG, ,
12315.9,1,1,1,1,4,2785.0,-1,12.832,-12.8,-0.77,-9.97,0,0,DCHG, ,
12320.9,1,1,1,1,4,2790.0,-1,12.832,-12.8,-0.77,-9.98,0,0,DCHG, ,
12325.9,1,1,1,1,4,2795.0,-1,12.832,-12.8,-0.77,-10,0,0,DCHG, ,
12330.9,1,1,1,1,4,2800.0,-1,12.831,-12.8,-0.77,-10.02,0,0,DCHG, ,
12335.9,1,1,1,1,4,2805.0,-1,12.831,-12.8,-0.77,-10.04,0,0,DCHG, ,
12340.9,1,1,1,1,4,2810.0,-1,12.83,-12.8,-0.78,-10.05,0,0,DCHG, ,
12345.9,1,1,1,1,4,2815.0,-1,12.83,-12.8,-0.78,-10.07,0,0,DCHG, ,
12350.9,1,1,1,1,4,2820.0,-1,12.83,-12.8,-0.78,-10.09,0,0,DCHG, ,
12355.9,1,1,1,1,4,2825.0,-1,12.829,-12.8,-0.78,-10.11,0,0,DCHG, ,
12360.9,1,1,1,1,4,2830.0,-1,12.829,-12.8,-0.78,-10.13,0,0,DCHG, ,
12365.9,1,1,1,1,4,2835.0,-1,12.828,-12.8,-0.78,-10.14,0,0,DCHG, ,
12370.9,1,1,1,1,4,2840.0,-1,12.828,-12.7,-0.78,-10.16,0,0,DCHG, ,
12375.9,1,1,1,1,4,2845.0,-1,12.827,-12.7,-0.79,-10.18,0,0,DCHG, ,
12380.9,1,1,1,1,4,2850.0,-1,12.827,-12.7,-0.79,-10.2,0,0,DCHG, ,
12385.9,1,1,1,1,4,2855.0,-1,12.826,-12.8,-0.79,-10.21,0,0,DCHG, ,
12390.9,1,1,1,1,4,2860.0,-1,12.826,-12.7,-0.79,-10.23,0,0,DCHG, ,
12395.9,1,1,1,1,4,2865.0,-1,12.826,-12.8,-0.79,-10.25,0,0,DCHG, ,
12400.9,1,1,1,1,4,2870.0,-1,12.826,-12.8,-0.79,-10.27,0,0,DCHG, ,
12405.9,1,1,1,1,4,2875.0,-1,12.825,-12.7,-0.79,-10.29,0,0,DCHG, ,
12410.9,1,1,1,1,4,2880.0,-1,12.824,-12.7,-0.79,-10.3,0,0,DCHG, ,
12415.9,1,1,1,1,4,2885.0,-1,12.824,-12.8,-0.8,-10.32,0,0,DCHG, ,
12420.9,1,1,1,1,4,2890.0,-1,12.824,-12.8,-0.8,-10.34,0,0,DCHG, ,
12425.9,1,1,1,1,4,2895.0,-1,12.824,-12.8,-0.8,-10.36,0,0,DCHG, ,
12430.9,1,1,1,1,4,2900.0,-1,12.823,-12.7,-0.8,-10.37,0,0,DCHG, ,
12435.9,1,1,1,1,4,2905.0,-1,12.822,-12.8,-0.8,-10.39,0,0,DCHG, ,
12440.9,1,1,1,1,4,2910.0,-1,12.822,-12.7,-0.8,-10.41,0,0,DCHG, ,
12445.9,1,1,1,1,4,2915.0,-1,12.822,-12.8,-0.8,-10.43,0,0,DCHG, ,
12450.9,1,1,1,1,4,2920.0,-1,12.821,-12.7,-0.81,-10.44,0,0,DCHG, ,
12455.9,1,1,1,1,4,2925.0,-1,12.821,-12.7,-0.81,-10.46,0,0,DCHG, ,
12460.9,1,1,1,1,4,2930.0,-1,12.821,-12.7,-0.81,-10.48,0,0,DCHG, ,
12465.9,1,1,1,1,4,2935.0,-1,12.82,-12.8,-0.81,-10.5,0,0,DCHG, ,
12470.9,1,1,1,1,4,2940.0,-1,12.82,-12.7,-0.81,-10.52,0,0,DCHG, ,
12475.9,1,1,1,1,4,2945.0,-1,12.819,-12.7,-0.81,-10.53,0,0,DCHG, ,
12480.9,1,1,1,1,4,2950.0,-1,12.819,-12.7,-0.81,-10.55,0,0,DCHG, ,
12485.9,1,1,1,1,4,2955.0,-1,12.818,-12.7,-0.82,-10.57,0,0,DCHG, ,
12490.9,1,1,1,1,4,2960.0,-1,12.818,-12.8,-0.82,-10.59,0,0,DCHG, ,
12495.9,1,1,1,1,4,2965.0,-1,12.818,-12.7,-0.82,-10.6,0,0,DCHG, ,
12500.9,1,1,1,1,4,2970.0,-1,12.817,-12.8,-0.82,-10.62,0,0,DCHG, ,
12505.9,1,1,1,1,4,2975.0,-1,12.817,-12.8,-0.82,-10.64,0,0,DCHG, ,
12510.9,1,1,1,1,4,2980.0,-1,12.817,-12.7,-0.82,-10.66,0,0,DCHG, ,
12515.9,1,1,1,1,4,2985.0,-1,12.816,-12.8,-0.82,-10.67,0,0,DCHG, ,
12520.9,1,1,1,1,4,2990.0,-1,12.816,-12.8,-0.83,-10.69,0,0,DCHG, ,
12525.9,1,1,1,1,4,2995.0,-1,12.815,-12.8,-0.83,-10.71,0,0,DCHG, ,
12530.9,1,1,1,1,4,3000.0,-1,12.814,-12.7,-0.83,-10.73,0,0,DCHG, ,
12535.9,1,1,1,1,4,3005.0,-1,12.814,-12.7,-0.83,-10.75,0,0,DCHG, ,
12540.9,1,1,1,1,4,3010.0,-1,12.814,-12.7,-0.83,-10.76,0,0,DCHG, ,
12545.9,1,1,1,1,4,3015.0,-1,12.813,-12.7,-0.83,-10.78,0,0,DCHG, ,
12550.9,1,1,1,1,4,3020.0,-1,12.813,-12.7,-0.83,-10.8,0,0,DCHG, ,
12555.9,1,1,1,1,4,3025.0,-1,12.813,-12.8,-0.84,-10.82,0,0,DCHG, ,
12560.9,1,1,1,1,4,3030.0,-1,12.813,-12.7,-0.84,-10.83,0,0,DCHG, ,
12565.9,1,1,1,1,4,3035.0,-1,12.812,-12.7,-0.84,-10.85,0,0,DCHG, ,
12570.9,1,1,1,1,4,3040.0,-1,12.811,-12.8,-0.84,-10.87,0,0,DCHG, ,
12575.9,1,1,1,1,4,3045.0,-1,12.811,-12.8,-0.84,-10.89,0,0,DCHG, ,
12580.9,1,1,1,1,4,3050.0,-1,12.811,-12.8,-0.84,-10.9,0,0,DCHG, ,
12585.9,1,1,1,1,4,3055.0,-1,12.81,-12.7,-0.84,-10.92,0,0,DCHG, ,
12590.9,1,1,1,1,4,3060.0,-1,12.81,-12.8,-0.84,-10.94,0,0,DCHG, ,
12595.9,1,1,1,1,4,3065.0,-1,12.81,-12.7,-0.85,-10.96,0,0,DCHG, ,
12600.9,1,1,1,1,4,3070.0,-1,12.809,-12.7,-0.85,-10.98,0,0,DCHG, ,
12605.9,1,1,1,1,4,3075.0,-1,12.808,-12.7,-0.85,-10.99,0,0,DCHG, ,
12610.9,1,1,1,1,4,3080.0,-1,12.808,-12.8,-0.85,-11.01,0,0,DCHG, ,
12615.9,1,1,1,1,4,3085.0,-1,12.808,-12.8,-0.85,-11.03,0,0,DCHG, ,
12620.9,1,1,1,1,4,3090.0,-1,12.807,-12.8,-0.85,-11.05,0,0,DCHG, ,
12625.9,1,1,1,1,4,3095.0,-1,12.807,-12.8,-0.85,-11.06,0,0,DCHG, ,
12630.9,1,1,1,1,4,3100.0,-1,12.806,-12.7,-0.86,-11.08,0,0,DCHG, ,
12635.9,1,1,1,1,4,3105.0,-1,12.806,-12.7,-0.86,-11.1,0,0,DCHG, ,
12640.9,1,1,1,1,4,3110.0,-1,12.806,-12.8,-0.86,-11.12,0,0,DCHG, ,
12645.9,1,1,1,1,4,3115.0,-1,12.805,-12.7,-0.86,-11.14,0,0,DCHG, ,
12650.9,1,1,1,1,4,3120.0,-1,12.805,-12.8,-0.86,-11.15,0,0,DCHG, ,
12655.9,1,1,1,1,4,3125.0,-1,12.804,-12.8,-0.86,-11.17,0,0,DCHG, ,
12660.9,1,1,1,1,4,3130.0,-1,12.804,-12.7,-0.86,-11.19,0,0,DCHG, ,
12665.9,1,1,1,1,4,3135.0,-1,12.804,-12.7,-0.87,-11.21,0,0,DCHG, ,
12670.9,1,1,1,1,4,3140.0,-1,12.803,-12.8,-0.87,-11.22,0,0,DCHG, ,
12675.9,1,1,1,1,4,3145.0,-1,12.803,-12.8,-0.87,-11.24,0,0,DCHG, ,
12680.9,1,1,1,1,4,3150.0,-1,12.802,-12.8,-0.87,-11.26,0,0,DCHG, ,
12685.9,1,1,1,1,4,3155.0,-1,12.802,-12.7,-0.87,-11.28,0,0,DCHG, ,
12690.9,1,1,1,1,4,3160.0,-1,12.801,-12.7,-0.87,-11.29,0,0,DCHG, ,
12695.9,1,1,1,1,4,3165.0,-1,12.801,-12.7,-0.87,-11.31,0,0,DCHG, ,
12700.9,1,1,1,1,4,3170.0,-1,12.801,-12.8,-0.88,-11.33,0,0,DCHG, ,
12705.9,1,1,1,1,4,3175.0,-1,12.8,-12.7,-0.88,-11.35,0,0,DCHG, ,
12710.9,1,1,1,1,4,3180.0,-1,12.8,-12.7,-0.88,-11.37,0,0,DCHG, ,
12715.9,1,1,1,1,4,3185.0,-1,12.799,-12.7,-0.88,-11.38,0,0,DCHG, ,
12720.9,1,1,1,1,4,3190.0,-1,12.799,-12.7,-0.88,-11.4,0,0,DCHG, ,
12725.9,1,1,1,1,4,3195.0,-1,12.798,-12.7,-0.88,-11.42,0,0,DCHG, ,
12730.9,1,1,1,1,4,3200.0,-1,12.798,-12.7,-0.88,-11.44,0,0,DCHG, ,
12735.9,1,1,1,1,4,3205.0,-1,12.798,-12.7,-0.89,-11.45,0,0,DCHG, ,
12740.9,1,1,1,1,4,3210.0,-1,12.797,-12.7,-0.89,-11.47,0,0,DCHG, ,
12745.9,1,1,1,1,4,3215.0,-1,12.797,-12.7,-0.89,-11.49,0,0,DCHG, ,
12750.9,1,1,1,1,4,3220.0,-1,12.796,-12.7,-0.89,-11.51,0,0,DCHG, ,
12755.9,1,1,1,1,4,3225.0,-1,12.796,-12.7,-0.89,-11.52,0,0,DCHG, ,
12760.9,1,1,1,1,4,3230.0,-1,12.795,-12.7,-0.89,-11.54,0,0,DCHG, ,
12765.9,1,1,1,1,4,3235.0,-1,12.795,-12.7,-0.89,-11.56,0,0,DCHG, ,
12770.9,1,1,1,1,4,3240.0,-1,12.795,-12.7,-0.89,-11.58,0,0,DCHG, ,
12775.9,1,1,1,1,4,3245.0,-1,12.795,-12.7,-0.9,-11.59,0,0,DCHG, ,
12780.9,1,1,1,1,4,3250.0,-1,12.794,-12.7,-0.9,-11.61,0,0,DCHG, ,
12785.9,1,1,1,1,4,3255.0,-1,12.794,-12.7,-0.9,-11.63,0,0,DCHG, ,
12790.9,1,1,1,1,4,3260.0,-1,12.793,-12.7,-0.9,-11.65,0,0,DCHG, ,
12795.9,1,1,1,1,4,3265.0,-1,12.793,-12.7,-0.9,-11.67,0,0,DCHG, ,
12800.9,1,1,1,1,4,3270.0,-1,12.792,-12.7,-0.9,-11.68,0,0,DCHG, ,
12805.9,1,1,1,1,4,3275.0,-1,12.792,-12.7,-0.9,-11.7,0,0,DCHG, ,
12810.9,1,1,1,1,4,3280.0,-1,12.792,-12.7,-0.91,-11.72,0,0,DCHG, ,
12815.9,1,1,1,1,4,3285.0,-1,12.792,-12.7,-0.91,-11.74,0,0,DCHG, ,
12820.9,1,1,1,1,4,3290.0,-1,12.791,-12.7,-0.91,-11.75,0,0,DCHG, ,
12825.9,1,1,1,1,4,3295.0,-1,12.791,-12.7,-0.91,-11.77,0,0,DCHG, ,
12830.9,1,1,1,1,4,3300.0,-1,12.79,-12.7,-0.91,-11.79,0,0,DCHG, ,
12835.9,1,1,1,1,4,3305.0,-1,12.789,-12.7,-0.91,-11.81,0,0,DCHG, ,
12840.9,1,1,1,1,4,3310.0,-1,12.789,-12.7,-0.91,-11.82,0,0,DCHG, ,
12845.9,1,1,1,1,4,3315.0,-1,12.789,-12.7,-0.92,-11.84,0,0,DCHG, ,
12850.9,1,1,1,1,4,3320.0,-1,12.789,-12.7,-0.92,-11.86,0,0,DCHG, ,
12855.9,1,1,1,1,4,3325.0,-1,12.788,-12.7,-0.92,-11.88,0,0,DCHG, ,
12860.9,1,1,1,1,4,3330.0,-1,12.787,-12.7,-0.92,-11.89,0,0,DCHG, ,
12865.9,1,1,1,1,4,3335.0,-1,12.787,-12.7,-0.92,-11.91,0,0,DCHG, ,
12870.9,1,1,1,1,4,3340.0,-1,12.787,-12.7,-0.92,-11.93,0,0,DCHG, ,
12875.9,1,1,1,1,4,3345.0,-1,12.786,-12.7,-0.92,-11.95,0,0,DCHG, ,
12880.9,1,1,1,1,4,3350.0,-1,12.786,-12.7,-0.93,-11.96,0,0,DCHG, ,
12885.9,1,1,1,1,4,3355.0,-1,12.786,-12.7,-0.93,-11.98,0,0,DCHG, ,
12890.9,1,1,1,1,4,3360.0,-1,12.785,-12.7,-0.93,-12,0,0,DCHG, ,
12895.9,1,1,1,1,4,3365.0,-1,12.784,-12.7,-0.93,-12.02,0,0,DCHG, ,
12900.9,1,1,1,1,4,3370.0,-1,12.784,-12.7,-0.93,-12.04,0,0,DCHG, ,
12905.9,1,1,1,1,4,3375.0,-1,12.784,-12.7,-0.93,-12.05,0,0,DCHG, ,
12910.9,1,1,1,1,4,3380.0,-1,12.783,-12.7,-0.93,-12.07,0,0,DCHG, ,
12915.9,1,1,1,1,4,3385.0,-1,12.783,-12.7,-0.94,-12.09,0,0,DCHG, ,
12920.9,1,1,1,1,4,3390.0,-1,12.783,-12.7,-0.94,-12.11,0,0,DCHG, ,
12925.9,1,1,1,1,4,3395.0,-1,12.782,-12.7,-0.94,-12.12,0,0,DCHG, ,
12930.9,1,1,1,1,4,3400.0,-1,12.782,-12.7,-0.94,-12.14,0,0,DCHG, ,
12935.9,1,1,1,1,4,3405.0,-1,12.782,-12.7,-0.94,-12.16,0,0,DCHG, ,
12940.9,1,1,1,1,4,3410.0,-1,12.781,-12.7,-0.94,-12.18,0,0,DCHG, ,
12945.9,1,1,1,1,4,3415.0,-1,12.781,-12.7,-0.94,-12.19,0,0,DCHG, ,
12950.9,1,1,1,1,4,3420.0,-1,12.78,-12.7,-0.94,-12.21,0,0,DCHG, ,
12955.9,1,1,1,1,4,3425.0,-1,12.78,-12.7,-0.95,-12.23,0,0,DCHG, ,
12960.9,1,1,1,1,4,3430.0,-1,12.779,-12.7,-0.95,-12.25,0,0,DCHG, ,
12965.9,1,1,1,1,4,3435.0,-1,12.779,-12.7,-0.95,-12.26,0,0,DCHG, ,
12970.9,1,1,1,1,4,3440.0,-1,12.779,-12.7,-0.95,-12.28,0,0,DCHG, ,
12975.9,1,1,1,1,4,3445.0,-1,12.778,-12.7,-0.95,-12.3,0,0,DCHG, ,
12980.9,1,1,1,1,4,3450.0,-1,12.777,-12.7,-0.95,-12.32,0,0,DCHG, ,
12985.9,1,1,1,1,4,3455.0,-1,12.777,-12.7,-0.95,-12.34,0,0,DCHG, ,
12990.9,1,1,1,1,4,3460.0,-1,12.777,-12.7,-0.96,-12.35,0,0,DCHG, ,
12995.9,1,1,1,1,4,3465.0,-1,12.776,-12.7,-0.96,-12.37,0,0,DCHG, ,
13000.9,1,1,1,1,4,3470.0,-1,12.776,-12.7,-0.96,-12.39,0,0,DCHG, ,
13005.9,1,1,1,1,4,3475.0,-1,12.775,-12.7,-0.96,-12.41,0,0,DCHG, ,
13010.9,1,1,1,1,4,3480.0,-1,12.775,-12.7,-0.96,-12.42,0,0,DCHG, ,
13015.9,1,1,1,1,4,3485.0,-1,12.774,-12.7,-0.96,-12.44,0,0,DCHG, ,
13020.9,1,1,1,1,4,3490.0,-1,12.774,-12.7,-0.96,-12.46,0,0,DCHG, ,
13025.9,1,1,1,1,4,3495.0,-1,12.774,-12.7,-0.97,-12.48,0,0,DCHG, ,
13030.9,1,1,1,1,4,3500.0,-1,12.773,-12.7,-0.97,-12.49,0,0,DCHG, ,
13035.9,1,1,1,1,4,3505.0,-1,12.773,-12.7,-0.97,-12.51,0,0,DCHG, ,
13040.9,1,1,1,1,4,3510.0,-1,12.773,-12.7,-0.97,-12.53,0,0,DCHG, ,
13045.9,1,1,1,1,4,3515.0,-1,12.772,-12.7,-0.97,-12.55,0,0,DCHG, ,
13050.9,1,1,1,1,4,3520.0,-1,12.772,-12.7,-0.97,-12.56,0,0,DCHG, ,
13055.9,1,1,1,1,4,3525.0,-1,12.771,-12.7,-0.97,-12.58,0,0,DCHG, ,
13060.9,1,1,1,1,4,3530.0,-1,12.771,-12.7,-0.98,-12.6,0,0,DCHG, ,
13065.9,1,1,1,1,4,3535.0,-1,12.77,-12.7,-0.98,-12.62,0,0,DCHG, ,
13070.9,1,1,1,1,4,3540.0,-1,12.77,-12.7,-0.98,-12.64,0,0,DCHG, ,
13075.9,1,1,1,1,4,3545.0,-1,12.77,-12.7,-0.98,-12.65,0,0,DCHG, ,
13080.9,1,1,1,1,4,3550.0,-1,12.769,-12.7,-0.98,-12.67,0,0,DCHG, ,
13085.9,1,1,1,1,4,3555.0,-1,12.769,-12.7,-0.98,-12.69,0,0,DCHG, ,
13090.9,1,1,1,1,4,3560.0,-1,12.768,-12.7,-0.98,-12.71,0,0,DCHG, ,
13095.9,1,1,1,1,4,3565.0,-1,12.768,-12.7,-0.99,-12.72,0,0,DCHG, ,
13100.9,1,1,1,1,4,3570.0,-1,12.767,-12.7,-0.99,-12.74,0,0,DCHG, ,
13105.9,1,1,1,1,4,3575.0,-1,12.767,-12.7,-0.99,-12.76,0,0,DCHG, ,
13110.9,1,1,1,1,4,3580.0,-1,12.766,-12.7,-0.99,-12.78,0,0,DCHG, ,
13115.9,1,1,1,1,4,3585.0,-1,12.766,-12.7,-0.99,-12.79,0,0,DCHG, ,
13120.9,1,1,1,1,4,3590.0,-1,12.765,-12.7,-0.99,-12.81,0,0,DCHG, ,
13125.9,1,1,1,1,4,3595.0,-1,12.765,-12.7,-0.99,-12.83,0,0,DCHG, ,
13130.9,1,1,1,1,4,3600.0,-1,12.764,-12.7,-0.99,-12.85,0,0,DCHG, ,
13135.9,1,1,1,1,4,3605.0,-1,12.764,-12.7,-1,-12.86,0,0,DCHG, ,
13140.9,1,1,1,1,4,3610.0,-1,12.763,-12.7,-1,-12.88,0,0,DCHG, ,
13145.9,1,1,1,1,4,3615.0,-1,12.764,-12.7,-1,-12.9,0,0,DCHG, ,
13150.9,1,1,1,1,4,3620.0,-1,12.763,-12.7,-1,-12.92,0,0,DCHG, ,
13155.9,1,1,1,1,4,3625.0,-1,12.762,-12.7,-1,-12.93,0,0,DCHG, ,
13160.9,1,1,1,1,4,3630.0,-1,12.762,-12.7,-1,-12.95,0,0,DCHG, ,
13165.9,1,1,1,1,4,3635.0,-1,12.762,-12.7,-1,-12.97,0,0,DCHG, ,
13170.9,1,1,1,1,4,3640.0,-1,12.762,-12.7,-1.01,-12.99,0,0,DCHG, ,
13175.9,1,1,1,1,4,3645.0,-1,12.761,-12.7,-1.01,-13.01,0,0,DCHG, ,
13180.9,1,1,1,1,4,3650.0,-1,12.76,-12.7,-1.01,-13.02,0,0,DCHG, ,
13185.9,1,1,1,1,4,3655.0,-1,12.76,-12.7,-1.01,-13.04,0,0,DCHG, ,
13190.9,1,1,1,1,4,3660.0,-0.99,12.76,-12.6,-1.01,-13.06,0,0,DCHG, ,
13195.9,1,1,1,1,4,3665.0,-1,12.759,-12.7,-1.01,-13.08,0,0,DCHG, ,
13200.9,1,1,1,1,4,3670.0,-1,12.759,-12.7,-1.01,-13.09,0,0,DCHG, ,
13205.9,1,1,1,1,4,3675.0,-1,12.759,-12.7,-1.02,-13.11,0,0,DCHG, ,
13210.9,1,1,1,1,4,3680.0,-1,12.758,-12.7,-1.02,-13.13,0,0,DCHG, ,
13215.9,1,1,1,1,4,3685.0,-1,12.758,-12.7,-1.02,-13.15,0,0,DCHG, ,
13220.9,1,1,1,1,4,3690.0,-1,12.757,-12.7,-1.02,-13.16,0,0,DCHG, ,
13225.9,1,1,1,1,4,3695.0,-1,12.757,-12.7,-1.02,-13.18,0,0,DCHG, ,
13230.9,1,1,1,1,4,3700.0,-1,12.757,-12.7,-1.02,-13.2,0,0,DCHG, ,
13235.9,1,1,1,1,4,3705.0,-1,12.756,-12.7,-1.02,-13.22,0,0,DCHG, ,
13240.9,1,1,1,1,4,3710.0,-1,12.756,-12.7,-1.03,-13.23,0,0,DCHG, ,
13245.9,1,1,1,1,4,3715.0,-1,12.755,-12.7,-1.03,-13.25,0,0,DCHG, ,
13250.9,1,1,1,1,4,3720.0,-1,12.754,-12.7,-1.03,-13.27,0,0,DCHG, ,
13255.9,1,1,1,1,4,3725.0,-1,12.754,-12.7,-1.03,-13.29,0,0,DCHG, ,
13260.9,1,1,1,1,4,3730.0,-1,12.754,-12.7,-1.03,-13.31,0,0,DCHG, ,
13265.9,1,1,1,1,4,3735.0,-1,12.754,-12.7,-1.03,-13.32,0,0,DCHG, ,
13270.9,1,1,1,1,4,3740.0,-1,12.753,-12.7,-1.03,-13.34,0,0,DCHG, ,
13275.9,1,1,1,1,4,3745.0,-1,12.752,-12.7,-1.04,-13.36,0,0,DCHG, ,
13280.9,1,1,1,1,4,3750.0,-1,12.752,-12.7,-1.04,-13.38,0,0,DCHG, ,
13285.9,1,1,1,1,4,3755.0,-1,12.752,-12.7,-1.04,-13.39,0,0,DCHG, ,
13290.9,1,1,1,1,4,3760.0,-1,12.751,-12.7,-1.04,-13.41,0,0,DCHG, ,
13295.9,1,1,1,1,4,3765.0,-1,12.751,-12.7,-1.04,-13.43,0,0,DCHG, ,
13300.9,1,1,1,1,4,3770.0,-1,12.751,-12.7,-1.04,-13.45,0,0,DCHG, ,
13305.9,1,1,1,1,4,3775.0,-1,12.75,-12.7,-1.04,-13.46,0,0,DCHG, ,
13310.9,1,1,1,1,4,3780.0,-1,12.75,-12.7,-1.04,-13.48,0,0,DCHG, ,
13315.9,1,1,1,1,4,3785.0,-1,12.75,-12.7,-1.05,-13.5,0,0,DCHG, ,
13320.9,1,1,1,1,4,3790.0,-1,12.749,-12.7,-1.05,-13.52,0,0,DCHG, ,
13325.9,1,1,1,1,4,3795.0,-1,12.749,-12.7,-1.05,-13.53,0,0,DCHG, ,
13330.9,1,1,1,1,4,3800.0,-1,12.748,-12.7,-1.05,-13.55,0,0,DCHG, ,
13335.9,1,1,1,1,4,3805.0,-1,12.748,-12.7,-1.05,-13.57,0,0,DCHG, ,
13340.9,1,1,1,1,4,3810.0,-1,12.747,-12.7,-1.05,-13.59,0,0,DCHG, ,
13345.9,1,1,1,1,4,3815.0,-0.99,12.747,-12.6,-1.05,-13.61,0,0,DCHG, ,
13350.9,1,1,1,1,4,3820.0,-1,12.746,-12.7,-1.06,-13.62,0,0,DCHG, ,
13355.9,1,1,1,1,4,3825.0,-1,12.746,-12.7,-1.06,-13.64,0,0,DCHG, ,
13360.9,1,1,1,1,4,3830.0,-1,12.745,-12.7,-1.06,-13.66,0,0,DCHG, ,
13365.9,1,1,1,1,4,3835.0,-1,12.745,-12.7,-1.06,-13.68,0,0,DCHG, ,
13370.9,1,1,1,1,4,3840.0,-1,12.745,-12.7,-1.06,-13.69,0,0,DCHG, ,
13375.9,1,1,1,1,4,3845.0,-1,12.744,-12.7,-1.06,-13.71,0,0,DCHG, ,
13380.9,1,1,1,1,4,3850.0,-1,12.744,-12.7,-1.06,-13.73,0,0,DCHG, ,
13385.9,1,1,1,1,4,3855.0,-1,12.743,-12.7,-1.07,-13.75,0,0,DCHG, ,
13390.9,1,1,1,1,4,3860.0,-1,12.743,-12.7,-1.07,-13.76,0,0,DCHG, ,
13395.9,1,1,1,1,4,3865.0,-1,12.743,-12.7,-1.07,-13.78,0,0,DCHG, ,
13400.9,1,1,1,1,4,3870.0,-1,12.742,-12.7,-1.07,-13.8,0,0,DCHG, ,
13405.9,1,1,1,1,4,3875.0,-1,12.742,-12.7,-1.07,-13.82,0,0,DCHG, ,
13410.9,1,1,1,1,4,3880.0,-1,12.741,-12.7,-1.07,-13.83,0,0,DCHG, ,
13415.9,1,1,1,1,4,3885.0,-1,12.741,-12.7,-1.07,-13.85,0,0,DCHG, ,
13420.9,1,1,1,1,4,3890.0,-1,12.741,-12.7,-1.08,-13.87,0,0,DCHG, ,
13425.9,1,1,1,1,4,3895.0,-1,12.74,-12.7,-1.08,-13.89,0,0,DCHG, ,
13430.9,1,1,1,1,4,3900.0,-1,12.74,-12.7,-1.08,-13.91,0,0,DCHG, ,
13435.9,1,1,1,1,4,3905.0,-1,12.739,-12.7,-1.08,-13.92,0,0,DCHG, ,
13440.9,1,1,1,1,4,3910.0,-1,12.739,-12.7,-1.08,-13.94,0,0,DCHG, ,
13445.9,1,1,1,1,4,3915.0,-1,12.739,-12.7,-1.08,-13.96,0,0,DCHG, ,
13450.9,1,1,1,1,4,3920.0,-1,12.738,-12.7,-1.08,-13.98,0,0,DCHG, ,
13455.9,1,1,1,1,4,3925.0,-1,12.737,-12.7,-1.09,-13.99,0,0,DCHG, ,
13460.9,1,1,1,1,4,3930.0,-1,12.737,-12.7,-1.09,-14.01,0,0,DCHG, ,
13465.9,1,1,1,1,4,3935.0,-1,12.736,-12.7,-1.09,-14.03,0,0,DCHG, ,
13470.9,1,1,1,1,4,3940.0,-1,12.736,-12.7,-1.09,-14.05,0,0,DCHG, ,
13475.9,1,1,1,1,4,3945.0,-1,12.736,-12.7,-1.09,-14.06,0,0,DCHG, ,
13480.9,1,1,1,1,4,3950.0,-1,12.735,-12.7,-1.09,-14.08,0,0,DCHG, ,
13485.9,1,1,1,1,4,3955.0,-1,12.734,-12.7,-1.09,-14.1,0,0,DCHG, ,
13490.9,1,1,1,1,4,3960.0,-1,12.734,-12.7,-1.09,-14.12,0,0,DCHG, ,
13495.9,1,1,1,1,4,3965.0,-1,12.734,-12.7,-1.1,-14.13,0,0,DCHG, ,
13500.9,1,1,1,1,4,3970.0,-0.99,12.734,-12.6,-1.1,-14.15,0,0,DCHG, ,
13505.9,1,1,1,1,4,3975.0,-1,12.733,-12.7,-1.1,-14.17,0,0,DCHG, ,
13510.9,1,1,1,1,4,3980.0,-1,12.733,-12.7,-1.1,-14.19,0,0,DCHG, ,
13515.9,1,1,1,1,4,3985.0,-1,12.732,-12.7,-1.1,-14.2,0,0,DCHG, ,
13520.9,1,1,1,1,4,3990.0,-1,12.732,-12.7,-1.1,-14.22,0,0,DCHG, ,
13525.9,1,1,1,1,4,3995.0,-1,12.731,-12.7,-1.1,-14.24,0,0,DCHG, ,
13530.9,1,1,1,1,4,4000.0,-1,12.731,-12.7,-1.11,-14.26,0,0,DCHG, ,
13535.9,1,1,1,1,4,4005.0,-1,12.731,-12.7,-1.11,-14.28,0,0,DCHG, ,
13540.9,1,1,1,1,4,4010.0,-1,12.73,-12.7,-1.11,-14.29,0,0,DCHG, ,
13545.9,1,1,1,1,4,4015.0,-1,12.73,-12.7,-1.11,-14.31,0,0,DCHG, ,
13550.9,1,1,1,1,4,4020.0,-1,12.729,-12.7,-1.11,-14.33,0,0,DCHG, ,
13555.9,1,1,1,1,4,4025.0,-1,12.729,-12.7,-1.11,-14.35,0,0,DCHG, ,
13560.9,1,1,1,1,4,4030.0,-1,12.728,-12.7,-1.11,-14.36,0,0,DCHG, ,
13565.9,1,1,1,1,4,4035.0,-1,12.728,-12.7,-1.12,-14.38,0,0,DCHG, ,
13570.9,1,1,1,1,4,4040.0,-1,12.727,-12.7,-1.12,-14.4,0,0,DCHG, ,
13575.9,1,1,1,1,4,4045.0,-1,12.727,-12.6,-1.12,-14.42,0,0,DCHG, ,
13580.9,1,1,1,1,4,4050.0,-1,12.727,-12.6,-1.12,-14.43,0,0,DCHG, ,
13585.9,1,1,1,1,4,4055.0,-1,12.726,-12.7,-1.12,-14.45,0,0,DCHG, ,
13590.9,1,1,1,1,4,4060.0,-1,12.726,-12.7,-1.12,-14.47,0,0,DCHG, ,
13595.9,1,1,1,1,4,4065.0,-1,12.725,-12.6,-1.12,-14.49,0,0,DCHG, ,
13600.9,1,1,1,1,4,4070.0,-1,12.725,-12.6,-1.13,-14.5,0,0,DCHG, ,
13605.9,1,1,1,1,4,4075.0,-1,12.724,-12.7,-1.13,-14.52,0,0,DCHG, ,
13610.9,1,1,1,1,4,4080.0,-1,12.724,-12.7,-1.13,-14.54,0,0,DCHG, ,
13615.9,1,1,1,1,4,4085.0,-1,12.724,-12.7,-1.13,-14.56,0,0,DCHG, ,
13620.9,1,1,1,1,4,4090.0,-1,12.723,-12.6,-1.13,-14.57,0,0,DCHG, ,
13625.9,1,1,1,1,4,4095.0,-1,12.723,-12.6,-1.13,-14.59,0,0,DCHG, ,
13630.9,1,1,1,1,4,4100.0,-1,12.722,-12.6,-1.13,-14.61,0,0,DCHG, ,
13635.9,1,1,1,1,4,4105.0,-1,12.722,-12.7,-1.14,-14.63,0,0,DCHG, ,
13640.9,1,1,1,1,4,4110.0,-1,12.721,-12.6,-1.14,-14.64,0,0,DCHG, ,
13645.9,1,1,1,1,4,4115.0,-1,12.721,-12.6,-1.14,-14.66,0,0,DCHG, ,
13650.9,1,1,1,1,4,4120.0,-1,12.72,-12.6,-1.14,-14.68,0,0,DCHG, ,
13655.9,1,1,1,1,4,4125.0,-1,12.72,-12.6,-1.14,-14.7,0,0,DCHG, ,
13660.9,1,1,1,1,4,4130.0,-1,12.719,-12.7,-1.14,-14.71,0,0,DCHG, ,
13665.9,1,1,1,1,4,4135.0,-1,12.719,-12.6,-1.14,-14.73,0,0,DCHG, ,
13670.9,1,1,1,1,4,4140.0,-1,12.719,-12.7,-1.14,-14.75,0,0,DCHG, ,
13675.9,1,1,1,1,4,4145.0,-1,12.718,-12.7,-1.15,-14.77,0,0,DCHG, ,
13680.9,1,1,1,1,4,4150.0,-1,12.718,-12.6,-1.15,-14.79,0,0,DCHG, ,
13685.9,1,1,1,1,4,4155.0,-1,12.718,-12.6,-1.15,-14.8,0,0,DCHG, ,
13690.9,1,1,1,1,4,4160.0,-1,12.717,-12.6,-1.15,-14.82,0,0,DCHG, ,
13695.9,1,1,1,1,4,4165.0,-1,12.716,-12.7,-1.15,-14.84,0,0,DCHG, ,
13700.9,1,1,1,1,4,4170.0,-1,12.716,-12.7,-1.15,-14.86,0,0,DCHG, ,
13705.9,1,1,1,1,4,4175.0,-1,12.715,-12.6,-1.15,-14.87,0,0,DCHG, ,
13710.9,1,1,1,1,4,4180.0,-1,12.715,-12.6,-1.16,-14.89,0,0,DCHG, ,
13715.9,1,1,1,1,4,4185.0,-1,12.715,-12.7,-1.16,-14.91,0,0,DCHG, ,
13720.9,1,1,1,1,4,4190.0,-1,12.714,-12.6,-1.16,-14.93,0,0,DCHG, ,
13725.9,1,1,1,1,4,4195.0,-1,12.713,-12.7,-1.16,-14.94,0,0,DCHG, ,
13730.9,1,1,1,1,4,4200.0,-1,12.713,-12.7,-1.16,-14.96,0,0,DCHG, ,
13735.9,1,1,1,1,4,4205.0,-1,12.713,-12.6,-1.16,-14.98,0,0,DCHG, ,
13740.9,1,1,1,1,4,4210.0,-1,12.713,-12.7,-1.16,-15,0,0,DCHG, ,
13745.9,1,1,1,1,4,4215.0,-1,12.712,-12.7,-1.17,-15.01,0,0,DCHG, ,
13750.9,1,1,1,1,4,4220.0,-1,12.711,-12.6,-1.17,-15.03,0,0,DCHG, ,
13755.9,1,1,1,1,4,4225.0,-1,12.711,-12.7,-1.17,-15.05,0,0,DCHG, ,
13760.9,1,1,1,1,4,4230.0,-1,12.711,-12.7,-1.17,-15.07,0,0,DCHG, ,
13765.9,1,1,1,1,4,4235.0,-1,12.71,-12.7,-1.17,-15.08,0,0,DCHG, ,
13770.9,1,1,1,1,4,4240.0,-1,12.71,-12.7,-1.17,-15.1,0,0,DCHG, ,
13775.9,1,1,1,1,4,4245.0,-1,12.709,-12.6,-1.17,-15.12,0,0,DCHG, ,
13780.9,1,1,1,1,4,4250.0,-1,12.709,-12.7,-1.18,-15.14,0,0,DCHG, ,
13785.9,1,1,1,1,4,4255.0,-1,12.709,-12.7,-1.18,-15.15,0,0,DCHG, ,
13790.9,1,1,1,1,4,4260.0,-1,12.708,-12.7,-1.18,-15.17,0,0,DCHG, ,
13795.9,1,1,1,1,4,4265.0,-1,12.708,-12.6,-1.18,-15.19,0,0,DCHG, ,
13800.9,1,1,1,1,4,4270.0,-1,12.708,-12.6,-1.18,-15.21,0,0,DCHG, ,
13805.9,1,1,1,1,4,4275.0,-1,12.707,-12.6,-1.18,-15.22,0,0,DCHG, ,
13810.9,1,1,1,1,4,4280.0,-1,12.707,-12.6,-1.18,-15.24,0,0,DCHG, ,
13815.9,1,1,1,1,4,4285.0,-1,12.706,-12.7,-1.19,-15.26,0,0,DCHG, ,
13820.9,1,1,1,1,4,4290.0,-1,12.706,-12.6,-1.19,-15.28,0,0,DCHG, ,
13825.9,1,1,1,1,4,4295.0,-1,12.705,-12.6,-1.19,-15.29,0,0,DCHG, ,
13830.9,1,1,1,1,4,4300.0,-1,12.705,-12.7,-1.19,-15.31,0,0,DCHG, ,
13835.9,1,1,1,1,4,4305.0,-1,12.704,-12.7,-1.19,-15.33,0,0,DCHG, ,
13840.9,1,1,1,1,4,4310.0,-1,12.704,-12.6,-1.19,-15.35,0,0,DCHG, ,
13845.9,1,1,1,1,4,4315.0,-1,12.703,-12.6,-1.19,-15.36,0,0,DCHG, ,
13850.9,1,1,1,1,4,4320.0,-1,12.703,-12.7,-1.19,-15.38,0,0,DCHG, ,
13855.9,1,1,1,1,4,4325.0,-1,12.702,-12.7,-1.2,-15.4,0,0,DCHG, ,
13860.9,1,1,1,1,4,4330.0,-1,12.702,-12.6,-1.2,-15.42,0,0,DCHG, ,
13865.9,1,1,1,1,4,4335.0,-1,12.701,-12.6,-1.2,-15.44,0,0,DCHG, ,
13870.9,1,1,1,1,4,4340.0,-1,12.701,-12.6,-1.2,-15.45,0,0,DCHG, ,
13875.9,1,1,1,1,4,4345.0,-1,12.701,-12.7,-1.2,-15.47,0,0,DCHG, ,
13880.9,1,1,1,1,4,4350.0,-1,12.701,-12.7,-1.2,-15.49,0,0,DCHG, ,
13885.9,1,1,1,1,4,4355.0,-1,12.7,-12.6,-1.2,-15.51,0,0,DCHG, ,
13890.9,1,1,1,1,4,4360.0,-1,12.699,-12.6,-1.21,-15.52,0,0,DCHG, ,
13895.9,1,1,1,1,4,4365.0,-1,12.699,-12.6,-1.21,-15.54,0,0,DCHG, ,
13900.9,1,1,1,1,4,4370.0,-1,12.698,-12.6,-1.21,-15.56,0,0,DCHG, ,
13905.9,1,1,1,1,4,4375.0,-1,12.698,-12.6,-1.21,-15.58,0,0,DCHG, ,
13910.9,1,1,1,1,4,4380.0,-1,12.697,-12.6,-1.21,-15.59,0,0,DCHG, ,
13915.9,1,1,1,1,4,4385.0,-1,12.697,-12.6,-1.21,-15.61,0,0,DCHG, ,
13920.9,1,1,1,1,4,4390.0,-1,12.697,-12.6,-1.21,-15.63,0,0,DCHG, ,
13925.9,1,1,1,1,4,4395.0,-1,12.696,-12.6,-1.22,-15.65,0,0,DCHG, ,
13930.9,1,1,1,1,4,4400.0,-1,12.696,-12.6,-1.22,-15.66,0,0,DCHG, ,
13935.9,1,1,1,1,4,4405.0,-1,12.696,-12.6,-1.22,-15.68,0,0,DCHG, ,
13940.9,1,1,1,1,4,4410.0,-1,12.695,-12.6,-1.22,-15.7,0,0,DCHG, ,
13945.9,1,1,1,1,4,4415.0,-1,12.694,-12.6,-1.22,-15.72,0,0,DCHG, ,
13950.9,1,1,1,1,4,4420.0,-1,12.694,-12.6,-1.22,-15.73,0,0,DCHG, ,
13955.9,1,1,1,1,4,4425.0,-1,12.694,-12.6,-1.22,-15.75,0,0,DCHG, ,
13960.9,1,1,1,1,4,4430.0,-0.99,12.694,-12.6,-1.23,-15.77,0,0,DCHG, ,
13965.9,1,1,1,1,4,4435.0,-1,12.693,-12.6,-1.23,-15.79,0,0,DCHG, ,
13970.9,1,1,1,1,4,4440.0,-1,12.693,-12.6,-1.23,-15.8,0,0,DCHG, ,
13975.9,1,1,1,1,4,4445.0,-1,12.692,-12.6,-1.23,-15.82,0,0,DCHG, ,
13980.9,1,1,1,1,4,4450.0,-1,12.691,-12.6,-1.23,-15.84,0,0,DCHG, ,
13985.9,1,1,1,1,4,4455.0,-1,12.691,-12.6,-1.23,-15.86,0,0,DCHG, ,
13990.9,1,1,1,1,4,4460.0,-1,12.691,-12.6,-1.23,-15.87,0,0,DCHG, ,
13995.9,1,1,1,1,4,4465.0,-1,12.691,-12.6,-1.24,-15.89,0,0,DCHG, ,
14000.9,1,1,1,1,4,4470.0,-1,12.69,-12.6,-1.24,-15.91,0,0,DCHG, ,
14005.9,1,1,1,1,4,4475.0,-1,12.689,-12.6,-1.24,-15.93,0,0,DCHG, ,
14010.9,1,1,1,1,4,4480.0,-1,12.689,-12.6,-1.24,-15.94,0,0,DCHG, ,
14015.9,1,1,1,1,4,4485.0,-1,12.688,-12.6,-1.24,-15.96,0,0,DCHG, ,
14020.9,1,1,1,1,4,4490.0,-1,12.688,-12.6,-1.24,-15.98,0,0,DCHG, ,
14025.9,1,1,1,1,4,4495.0,-1,12.688,-12.6,-1.24,-16,0,0,DCHG, ,
14030.9,1,1,1,1,4,4500.0,-1,12.687,-12.6,-1.24,-16.01,0,0,DCHG, ,
14035.9,1,1,1,1,4,4505.0,-1,12.686,-12.6,-1.25,-16.03,0,0,DCHG, ,
14040.9,1,1,1,1,4,4510.0,-1,12.686,-12.6,-1.25,-16.05,0,0,DCHG, ,
14045.9,1,1,1,1,4,4515.0,-1,12.686,-12.6,-1.25,-16.07,0,0,DCHG, ,
14050.9,1,1,1,1,4,4520.0,-1,12.685,-12.6,-1.25,-16.08,0,0,DCHG, ,
14055.9,1,1,1,1,4,4525.0,-1,12.685,-12.6,-1.25,-16.1,0,0,DCHG, ,
14060.9,1,1,1,1,4,4530.0,-1,12.684,-12.6,-1.25,-16.12,0,0,DCHG, ,
14065.9,1,1,1,1,4,4535.0,-1,12.684,-12.6,-1.25,-16.14,0,0,DCHG, ,
14070.9,1,1,1,1,4,4540.0,-1,12.683,-12.6,-1.26,-16.15,0,0,DCHG, ,
14075.9,1,1,1,1,4,4545.0,-1,12.683,-12.6,-1.26,-16.17,0,0,DCHG, ,
14080.9,1,1,1,1,4,4550.0,-1,12.683,-12.6,-1.26,-16.19,0,0,DCHG, ,
14085.9,1,1,1,1,4,4555.0,-1,12.682,-12.6,-1.26,-16.21,0,0,DCHG, ,
14090.9,1,1,1,1,4,4560.0,-1,12.682,-12.6,-1.26,-16.22,0,0,DCHG, ,
14095.9,1,1,1,1,4,4565.0,-1,12.682,-12.6,-1.26,-16.24,0,0,DCHG, ,
14100.9,1,1,1,1,4,4570.0,-1,12.681,-12.6,-1.26,-16.26,0,0,DCHG, ,
14105.9,1,1,1,1,4,4575.0,-1,12.68,-12.6,-1.27,-16.28,0,0,DCHG, ,
14110.9,1,1,1,1,4,4580.0,-1,12.68,-12.6,-1.27,-16.29,0,0,DCHG, ,
14115.9,1,1,1,1,4,4585.0,-1,12.68,-12.6,-1.27,-16.31,0,0,DCHG, ,
14120.9,1,1,1,1,4,4590.0,-1,12.679,-12.6,-1.27,-16.33,0,0,DCHG, ,
14125.9,1,1,1,1,4,4595.0,-1,12.679,-12.6,-1.27,-16.35,0,0,DCHG, ,
14130.9,1,1,1,1,4,4600.0,-1,12.678,-12.6,-1.27,-16.36,0,0,DCHG, ,
14135.9,1,1,1,1,4,4605.0,-1,12.677,-12.6,-1.27,-16.38,0,0,DCHG, ,
14140.9,1,1,1,1,4,4610.0,-1,12.677,-12.6,-1.28,-16.4,0,0,DCHG, ,
14145.9,1,1,1,1,4,4615.0,-1,12.677,-12.6,-1.28,-16.42,0,0,DCHG, ,
14150.9,1,1,1,1,4,4620.0,-1,12.676,-12.6,-1.28,-16.43,0,0,DCHG, ,
14155.9,1,1,1,1,4,4625.0,-1,12.675,-12.6,-1.28,-16.45,0,0,DCHG, ,
14160.9,1,1,1,1,4,4630.0,-1,12.675,-12.6,-1.28,-16.47,0,0,DCHG, ,
14165.9,1,1,1,1,4,4635.0,-1,12.675,-12.6,-1.28,-16.49,0,0,DCHG, ,
14170.9,1,1,1,1,4,4640.0,-1,12.674,-12.6,-1.28,-16.5,0,0,DCHG, ,
14175.9,1,1,1,1,4,4645.0,-1,12.674,-12.6,-1.29,-16.52,0,0,DCHG, ,
14180.9,1,1,1,1,4,4650.0,-1,12.674,-12.6,-1.29,-16.54,0,0,DCHG, ,
14185.9,1,1,1,1,4,4655.0,-1,12.673,-12.6,-1.29,-16.56,0,0,DCHG, ,
14190.9,1,1,1,1,4,4660.0,-1,12.673,-12.6,-1.29,-16.57,0,0,DCHG, ,
14195.9,1,1,1,1,4,4665.0,-1,12.672,-12.6,-1.29,-16.59,0,0,DCHG, ,
14200.9,1,1,1,1,4,4670.0,-1,12.672,-12.6,-1.29,-16.61,0,0,DCHG, ,
14205.9,1,1,1,1,4,4675.0,-0.99,12.671,-12.5,-1.29,-16.63,0,0,DCHG, ,
14210.9,1,1,1,1,4,4680.0,-1,12.671,-12.6,-1.29,-16.64,0,0,DCHG, ,
14215.9,1,1,1,1,4,4685.0,-1,12.671,-12.6,-1.3,-16.66,0,0,DCHG, ,
14220.9,1,1,1,1,4,4690.0,-1,12.67,-12.6,-1.3,-16.68,0,0,DCHG, ,
14225.9,1,1,1,1,4,4695.0,-1,12.67,-12.6,-1.3,-16.7,0,0,DCHG, ,
14230.9,1,1,1,1,4,4700.0,-1,12.669,-12.6,-1.3,-16.71,0,0,DCHG, ,
14235.9,1,1,1,1,4,4705.0,-1,12.669,-12.6,-1.3,-16.73,0,0,DCHG, ,
14240.9,1,1,1,1,4,4710.0,-1,12.669,-12.6,-1.3,-16.75,0,0,DCHG, ,
14245.9,1,1,1,1,4,4715.0,-1,12.668,-12.6,-1.3,-16.77,0,0,DCHG, ,
14250.9,1,1,1,1,4,4720.0,-1,12.668,-12.6,-1.31,-16.78,0,0,DCHG, ,
14255.9,1,1,1,1,4,4725.0,-1,12.667,-12.6,-1.31,-16.8,0,0,DCHG, ,
14260.9,1,1,1,1,4,4730.0,-1,12.666,-12.6,-1.31,-16.82,0,0,DCHG, ,
14265.9,1,1,1,1,4,4735.0,-1,12.667,-12.6,-1.31,-16.84,0,0,DCHG, ,
14270.9,1,1,1,1,4,4740.0,-1,12.666,-12.6,-1.31,-16.85,0,0,DCHG, ,
14275.9,1,1,1,1,4,4745.0,-1,12.665,-12.6,-1.31,-16.87,0,0,DCHG, ,
14280.9,1,1,1,1,4,4750.0,-1,12.665,-12.6,-1.31,-16.89,0,0,DCHG, ,
14285.9,1,1,1,1,4,4755.0,-1,12.664,-12.6,-1.32,-16.91,0,0,DCHG, ,
14290.9,1,1,1,1,4,4760.0,-1,12.664,-12.6,-1.32,-16.92,0,0,DCHG, ,
14295.9,1,1,1,1,4,4765.0,-1,12.664,-12.6,-1.32,-16.94,0,0,DCHG, ,
14300.9,1,1,1,1,4,4770.0,-1,12.663,-12.6,-1.32,-16.96,0,0,DCHG, ,
14305.9,1,1,1,1,4,4775.0,-1,12.663,-12.6,-1.32,-16.98,0,0,DCHG, ,
14310.9,1,1,1,1,4,4780.0,-1,12.662,-12.6,-1.32,-16.99,0,0,DCHG, ,
14315.9,1,1,1,1,4,4785.0,-1,12.662,-12.6,-1.32,-17.01,0,0,DCHG, ,
14320.9,1,1,1,1,4,4790.0,-1,12.661,-12.6,-1.33,-17.03,0,0,DCHG, ,
14325.9,1,1,1,1,4,4795.0,-1,12.66,-12.6,-1.33,-17.05,0,0,DCHG, ,
14330.9,1,1,1,1,4,4800.0,-1,12.66,-12.6,-1.33,-17.06,0,0,DCHG, ,
14335.9,1,1,1,1,4,4805.0,-1,12.66,-12.6,-1.33,-17.08,0,0,DCHG, ,
14340.9,1,1,1,1,4,4810.0,-1,12.659,-12.6,-1.33,-17.1,0,0,DCHG, ,
14345.9,1,1,1,1,4,4815.0,-1,12.659,-12.6,-1.33,-17.12,0,0,DCHG, ,
14350.9,1,1,1,1,4,4820.0,-1,12.659,-12.6,-1.33,-17.13,0,0,DCHG, ,
14355.9,1,1,1,1,4,4825.0,-1,12.658,-12.6,-1.34,-17.15,0,0,DCHG, ,
14360.9,1,1,1,1,4,4830.0,-1,12.657,-12.6,-1.34,-17.17,0,0,DCHG, ,
14365.9,1,1,1,1,4,4835.0,-1,12.656,-12.6,-1.34,-17.19,0,0,DCHG, ,
14370.9,1,1,1,1,4,4840.0,-1,12.656,-12.6,-1.34,-17.2,0,0,DCHG, ,
14375.9,1,1,1,1,4,4845.0,-1,12.656,-12.6,-1.34,-17.22,0,0,DCHG, ,
14380.9,1,1,1,1,4,4850.0,-1,12.655,-12.6,-1.34,-17.24,0,0,DCHG, ,
14385.9,1,1,1,1,4,4855.0,-1,12.655,-12.6,-1.34,-17.26,0,0,DCHG, ,
14390.9,1,1,1,1,4,4860.0,-1,12.655,-12.6,-1.34,-17.27,0,0,DCHG, ,
14395.9,1,1,1,1,4,4865.0,-1,12.654,-12.6,-1.35,-17.29,0,0,DCHG, ,
14400.9,1,1,1,1,4,4870.0,-1,12.653,-12.6,-1.35,-17.31,0,0,DCHG, ,
14405.9,1,1,1,1,4,4875.0,-1,12.653,-12.6,-1.35,-17.33,0,0,DCHG, ,
14410.9,1,1,1,1,4,4880.0,-1,12.652,-12.6,-1.35,-17.34,0,0,DCHG, ,
14415.9,1,1,1,1,4,4885.0,-1,12.652,-12.6,-1.35,-17.36,0,0,DCHG, ,
14420.9,1,1,1,1,4,4890.0,-1,12.652,-12.6,-1.35,-17.38,0,0,DCHG, ,
14425.9,1,1,1,1,4,4895.0,-1,12.651,-12.6,-1.35,-17.4,0,0,DCHG, ,
14430.9,1,1,1,1,4,4900.0,-1,12.651,-12.6,-1.36,-17.41,0,0,DCHG, ,
14435.9,1,1,1,1,4,4905.0,-1,12.65,-12.6,-1.36,-17.43,0,0,DCHG, ,
14440.9,1,1,1,1,4,4910.0,-1,12.65,-12.6,-1.36,-17.45,0,0,DCHG, ,
14445.9,1,1,1,1,4,4915.0,-1,12.649,-12.6,-1.36,-17.47,0,0,DCHG, ,
14450.9,1,1,1,1,4,4920.0,-1,12.649,-12.6,-1.36,-17.48,0,0,DCHG, ,
14455.9,1,1,1,1,4,4925.0,-1,12.649,-12.6,-1.36,-17.5,0,0,DCHG, ,
14460.9,1,1,1,1,4,4930.0,-1,12.647,-12.6,-1.36,-17.52,0,0,DCHG, ,
14465.9,1,1,1,1,4,4935.0,-1,12.648,-12.6,-1.37,-17.54,0,0,DCHG, ,
14470.9,1,1,1,1,4,4940.0,-1,12.647,-12.6,-1.37,-17.55,0,0,DCHG, ,
14475.9,1,1,1,1,4,4945.0,-1,12.647,-12.6,-1.37,-17.57,0,0,DCHG, ,
14480.9,1,1,1,1,4,4950.0,-1,12.646,-12.6,-1.37,-17.59,0,0,DCHG, ,
14485.9,1,1,1,1,4,4955.0,-1,12.645,-12.6,-1.37,-17.61,0,0,DCHG, ,
14490.9,1,1,1,1,4,4960.0,-1,12.645,-12.6,-1.37,-17.62,0,0,DCHG, ,
14495.9,1,1,1,1,4,4965.0,-1,12.645,-12.6,-1.37,-17.64,0,0,DCHG, ,
14500.9,1,1,1,1,4,4970.0,-1,12.644,-12.6,-1.38,-17.66,0,0,DCHG, ,
14505.9,1,1,1,1,4,4975.0,-1,12.644,-12.6,-1.38,-17.68,0,0,DCHG, ,
14510.9,1,1,1,1,4,4980.0,-1,12.644,-12.6,-1.38,-17.69,0,0,DCHG, ,
14515.9,1,1,1,1,4,4985.0,-1,12.643,-12.6,-1.38,-17.71,0,0,DCHG, ,
14520.9,1,1,1,1,4,4990.0,-1,12.642,-12.6,-1.38,-17.73,0,0,DCHG, ,
14525.9,1,1,1,1,4,4995.0,-1,12.642,-12.6,-1.38,-17.75,0,0,DCHG, ,
14530.9,1,1,1,1,4,5000.0,-1,12.641,-12.6,-1.38,-17.76,0,0,DCHG, ,
14535.9,1,1,1,1,4,5005.0,-1,12.641,-12.6,-1.39,-17.78,0,0,DCHG, ,
14540.9,1,1,1,1,4,5010.0,-1,12.64,-12.6,-1.39,-17.8,0,0,DCHG, ,
14545.9,1,1,1,1,4,5015.0,-1,12.64,-12.6,-1.39,-17.82,0,0,DCHG, ,
14550.9,1,1,1,1,4,5020.0,-1,12.639,-12.6,-1.39,-17.83,0,0,DCHG, ,
14555.9,1,1,1,1,4,5025.0,-1,12.639,-12.6,-1.39,-17.85,0,0,DCHG, ,
14560.9,1,1,1,1,4,5030.0,-1,12.638,-12.6,-1.39,-17.87,0,0,DCHG, ,
14565.9,1,1,1,1,4,5035.0,-1,12.638,-12.6,-1.39,-17.89,0,0,DCHG, ,
14570.9,1,1,1,1,4,5040.0,-1,12.637,-12.6,-1.39,-17.9,0,0,DCHG, ,
14575.9,1,1,1,1,4,5045.0,-1,12.637,-12.6,-1.4,-17.92,0,0,DCHG, ,
14580.9,1,1,1,1,4,5050.0,-1,12.636,-12.6,-1.4,-17.94,0,0,DCHG, ,
14585.9,1,1,1,1,4,5055.0,-1,12.636,-12.6,-1.4,-17.96,0,0,DCHG, ,
14590.9,1,1,1,1,4,5060.0,-1,12.636,-12.6,-1.4,-17.97,0,0,DCHG, ,
14595.9,1,1,1,1,4,5065.0,-1,12.635,-12.6,-1.4,-17.99,0,0,DCHG, ,
14600.9,1,1,1,1,4,5070.0,-1,12.634,-12.6,-1.4,-18.01,0,0,DCHG, ,
14605.9,1,1,1,1,4,5075.0,-1,12.634,-12.6,-1.4,-18.03,0,0,DCHG, ,
14610.9,1,1,1,1,4,5080.0,-1,12.634,-12.6,-1.41,-18.04,0,0,DCHG, ,
14615.9,1,1,1,1,4,5085.0,-1,12.633,-12.6,-1.41,-18.06,0,0,DCHG, ,
14620.9,1,1,1,1,4,5090.0,-1,12.633,-12.6,-1.41,-18.08,0,0,DCHG, ,
14625.9,1,1,1,1,4,5095.0,-1,12.633,-12.6,-1.41,-18.1,0,0,DCHG, ,
14630.9,1,1,1,1,4,5100.0,-1,12.632,-12.6,-1.41,-18.11,0,0,DCHG, ,
14635.9,1,1,1,1,4,5105.0,-1,12.632,-12.6,-1.41,-18.13,0,0,DCHG, ,
14640.9,1,1,1,1,4,5110.0,-1,12.631,-12.6,-1.41,-18.15,0,0,DCHG, ,
14645.9,1,1,1,1,4,5115.0,-1,12.631,-12.6,-1.42,-18.17,0,0,DCHG, ,
14650.9,1,1,1,1,4,5120.0,-1,12.63,-12.6,-1.42,-18.18,0,0,DCHG, ,
14655.9,1,1,1,1,4,5125.0,-1,12.63,-12.6,-1.42,-18.2,0,0,DCHG, ,
14660.9,1,1,1,1,4,5130.0,-1,12.629,-12.6,-1.42,-18.22,0,0,DCHG, ,
14665.9,1,1,1,1,4,5135.0,-1,12.629,-12.6,-1.42,-18.24,0,0,DCHG, ,
14670.9,1,1,1,1,4,5140.0,-1,12.628,-12.6,-1.42,-18.25,0,0,DCHG, ,
14675.9,1,1,1,1,4,5145.0,-1,12.628,-12.6,-1.42,-18.27,0,0,DCHG, ,
14680.9,1,1,1,1,4,5150.0,-1,12.627,-12.6,-1.43,-18.29,0,0,DCHG, ,
14685.9,1,1,1,1,4,5155.0,-1,12.626,-12.6,-1.43,-18.31,0,0,DCHG, ,
14690.9,1,1,1,1,4,5160.0,-1,12.626,-12.5,-1.43,-18.32,0,0,DCHG, ,
14695.9,1,1,1,1,4,5165.0,-1,12.626,-12.6,-1.43,-18.34,0,0,DCHG, ,
14700.9,1,1,1,1,4,5170.0,-1,12.625,-12.5,-1.43,-18.36,0,0,DCHG, ,
14705.9,1,1,1,1,4,5175.0,-1,12.625,-12.5,-1.43,-18.37,0,0,DCHG, ,
14710.9,1,1,1,1,4,5180.0,-1,12.624,-12.5,-1.43,-18.39,0,0,DCHG, ,
14715.9,1,1,1,1,4,5185.0,-1,12.624,-12.6,-1.44,-18.41,0,0,DCHG, ,
14720.9,1,1,1,1,4,5190.0,-1,12.623,-12.5,-1.44,-18.43,0,0,DCHG, ,
14725.9,1,1,1,1,4,5195.0,-1,12.623,-12.5,-1.44,-18.44,0,0,DCHG, ,
14730.9,1,1,1,1,4,5200.0,-1,12.623,-12.5,-1.44,-18.46,0,0,DCHG, ,
14735.9,1,1,1,1,4,5205.0,-1,12.622,-12.6,-1.44,-18.48,0,0,DCHG, ,
14740.9,1,1,1,1,4,5210.0,-1,12.622,-12.6,-1.44,-18.5,0,0,DCHG, ,
14745.9,1,1,1,1,4,5215.0,-1,12.622,-12.5,-1.44,-18.51,0,0,DCHG, ,
14750.9,1,1,1,1,4,5220.0,-1,12.621,-12.5,-1.44,-18.53,0,0,DCHG, ,
14755.9,1,1,1,1,4,5225.0,-1,12.62,-12.6,-1.45,-18.55,0,0,DCHG, ,
14760.9,1,1,1,1,4,5230.0,-1,12.62,-12.5,-1.45,-18.57,0,0,DCHG, ,
14765.9,1,1,1,1,4,5235.0,-1,12.62,-12.6,-1.45,-18.58,0,0,DCHG, ,
14770.9,1,1,1,1,4,5240.0,-1,12.619,-12.6,-1.45,-18.6,0,0,DCHG, ,
14775.9,1,1,1,1,4,5245.0,-1,12.618,-12.5,-1.45,-18.62,0,0,DCHG, ,
14780.9,1,1,1,1,4,5250.0,-1,12.618,-12.5,-1.45,-18.64,0,0,DCHG, ,
14785.9,1,1,1,1,4,5255.0,-1,12.618,-12.6,-1.45,-18.65,0,0,DCHG, ,
14790.9,1,1,1,1,4,5260.0,-1,12.617,-12.5,-1.46,-18.67,0,0,DCHG, ,
14795.9,1,1,1,1,4,5265.0,-1,12.616,-12.5,-1.46,-18.69,0,0,DCHG, ,
14800.9,1,1,1,1,4,5270.0,-1,12.616,-12.5,-1.46,-18.71,0,0,DCHG, ,
14805.9,1,1,1,1,4,5275.0,-1,12.615,-12.6,-1.46,-18.72,0,0,DCHG, ,
14810.9,1,1,1,1,4,5280.0,-1,12.615,-12.5,-1.46,-18.74,0,0,DCHG, ,
14815.9,1,1,1,1,4,5285.0,-1,12.614,-12.6,-1.46,-18.76,0,0,DCHG, ,
14820.9,1,1,1,1,4,5290.0,-1,12.614,-12.5,-1.46,-18.78,0,0,DCHG, ,
14825.9,1,1,1,1,4,5295.0,-1,12.613,-12.6,-1.47,-18.79,0,0,DCHG, ,
14830.9,1,1,1,1,4,5300.0,-1,12.613,-12.5,-1.47,-18.81,0,0,DCHG, ,
14835.9,1,1,1,1,4,5305.0,-1,12.613,-12.6,-1.47,-18.83,0,0,DCHG, ,
14840.9,1,1,1,1,4,5310.0,-1,12.612,-12.6,-1.47,-18.85,0,0,DCHG, ,
14845.9,1,1,1,1,4,5315.0,-1,12.612,-12.5,-1.47,-18.86,0,0,DCHG, ,
14850.9,1,1,1,1,4,5320.0,-1,12.611,-12.6,-1.47,-18.88,0,0,DCHG, ,
14855.9,1,1,1,1,4,5325.0,-1,12.611,-12.6,-1.47,-18.9,0,0,DCHG, ,
14860.9,1,1,1,1,4,5330.0,-1,12.61,-12.5,-1.48,-18.91,0,0,DCHG, ,
14865.9,1,1,1,1,4,5335.0,-1,12.61,-12.5,-1.48,-18.93,0,0,DCHG, ,
14870.9,1,1,1,1,4,5340.0,-1,12.609,-12.6,-1.48,-18.95,0,0,DCHG, ,
14875.9,1,1,1,1,4,5345.0,-1,12.609,-12.5,-1.48,-18.97,0,0,DCHG, ,
14880.9,1,1,1,1,4,5350.0,-1,12.608,-12.5,-1.48,-18.98,0,0,DCHG, ,
14884.0,1,1,1,1,4,5353.1,0,12.723,-0.1,-1.48,-18.99,0,0,DCHG,Z,
14885.9,1,1,1,1,4,5355.0,-1,12.649,-12.6,-1.48,-19,0,0,DCHG, ,
14890.9,1,1,1,1,4,5360.0,-1,12.624,-12.6,-1.48,-19.02,0,0,DCHG, ,
14895.9,1,1,1,1,4,5365.0,-1,12.615,-12.5,-1.48,-19.04,0,0,DCHG, ,
14900.9,1,1,1,1,4,5370.0,-1,12.611,-12.5,-1.49,-19.05,0,0,DCHG, ,
14905.9,1,1,1,1,4,5375.0,-1,12.609,-12.5,-1.49,-19.07,0,0,DCHG, ,
14910.9,1,1,1,1,4,5380.0,-1,12.608,-12.5,-1.49,-19.09,0,0,DCHG, ,
14915.9,1,1,1,1,4,5385.0,-1,12.606,-12.5,-1.49,-19.11,0,0,DCHG, ,
14920.9,1,1,1,1,4,5390.0,-1,12.606,-12.5,-1.49,-19.12,0,0,DCHG, ,
14925.9,1,1,1,1,4,5395.0,-1,12.605,-12.5,-1.49,-19.14,0,0,DCHG, ,
14930.9,1,1,1,1,4,5400.0,-1,12.605,-12.6,-1.49,-19.16,0,0,DCHG, ,
14935.9,1,1,1,1,4,5405.0,-1,12.603,-12.5,-1.5,-19.18,0,0,DCHG, ,
14940.9,1,1,1,1,4,5410.0,-1,12.603,-12.5,-1.5,-19.19,0,0,DCHG, ,
14945.9,1,1,1,1,4,5415.0,-1,12.602,-12.6,-1.5,-19.21,0,0,DCHG, ,
14950.9,1,1,1,1,4,5420.0,-0.99,12.601,-12.5,-1.5,-19.23,0,0,DCHG, ,
14955.9,1,1,1,1,4,5425.0,-1,12.601,-12.6,-1.5,-19.25,0,0,DCHG, ,
14960.9,1,1,1,1,4,5430.0,-1,12.601,-12.6,-1.5,-19.26,0,0,DCHG, ,
14965.9,1,1,1,1,4,5435.0,-1,12.6,-12.6,-1.5,-19.28,0,0,DCHG, ,
14970.9,1,1,1,1,4,5440.0,-1,12.6,-12.5,-1.51,-19.3,0,0,DCHG, ,
14975.9,1,1,1,1,4,5445.0,-1,12.599,-12.5,-1.51,-19.31,0,0,DCHG, ,
14980.9,1,1,1,1,4,5450.0,-1,12.599,-12.5,-1.51,-19.33,0,0,DCHG, ,
14985.9,1,1,1,1,4,5455.0,-1,12.598,-12.5,-1.51,-19.35,0,0,DCHG, ,
14990.9,1,1,1,1,4,5460.0,-1,12.598,-12.5,-1.51,-19.37,0,0,DCHG, ,
14995.9,1,1,1,1,4,5465.0,-1,12.597,-12.5,-1.51,-19.38,0,0,DCHG, ,
15000.9,1,1,1,1,4,5470.0,-1,12.597,-12.5,-1.51,-19.4,0,0,DCHG, ,
15005.9,1,1,1,1,4,5475.0,-1,12.597,-12.5,-1.52,-19.42,0,0,DCHG, ,
15010.9,1,1,1,1,4,5480.0,-1,12.596,-12.5,-1.52,-19.44,0,0,DCHG, ,
15015.9,1,1,1,1,4,5485.0,-1,12.596,-12.5,-1.52,-19.45,0,0,DCHG, ,
15020.9,1,1,1,1,4,5490.0,-1,12.595,-12.5,-1.52,-19.47,0,0,DCHG, ,
15025.9,1,1,1,1,4,5495.0,-1,12.594,-12.5,-1.52,-19.49,0,0,DCHG, ,
15030.9,1,1,1,1,4,5500.0,-1,12.594,-12.5,-1.52,-19.51,0,0,DCHG, ,
15035.9,1,1,1,1,4,5505.0,-1,12.593,-12.5,-1.52,-19.52,0,0,DCHG, ,
15040.9,1,1,1,1,4,5510.0,-1,12.593,-12.5,-1.53,-19.54,0,0,DCHG, ,
15045.9,1,1,1,1,4,5515.0,-1,12.592,-12.5,-1.53,-19.56,0,0,DCHG, ,
15050.9,1,1,1,1,4,5520.0,-1,12.592,-12.5,-1.53,-19.58,0,0,DCHG, ,
15055.9,1,1,1,1,4,5525.0,-1,12.592,-12.5,-1.53,-19.59,0,0,DCHG, ,
15060.9,1,1,1,1,4,5530.0,-1,12.591,-12.5,-1.53,-19.61,0,0,DCHG, ,
15065.9,1,1,1,1,4,5535.0,-1,12.59,-12.5,-1.53,-19.63,0,0,DCHG, ,
15070.9,1,1,1,1,4,5540.0,-1,12.59,-12.5,-1.53,-19.64,0,0,DCHG, ,
15075.9,1,1,1,1,4,5545.0,-1,12.589,-12.5,-1.53,-19.66,0,0,DCHG, ,
15080.9,1,1,1,1,4,5550.0,-1,12.589,-12.5,-1.54,-19.68,0,0,DCHG, ,
15085.9,1,1,1,1,4,5555.0,-1,12.589,-12.5,-1.54,-19.7,0,0,DCHG, ,
15090.9,1,1,1,1,4,5560.0,-1,12.588,-12.5,-1.54,-19.71,0,0,DCHG, ,
15095.9,1,1,1,1,4,5565.0,-1,12.587,-12.5,-1.54,-19.73,0,0,DCHG, ,
15100.9,1,1,1,1,4,5570.0,-1,12.587,-12.5,-1.54,-19.75,0,0,DCHG, ,
15105.9,1,1,1,1,4,5575.0,-1,12.587,-12.5,-1.54,-19.77,0,0,DCHG, ,
15110.9,1,1,1,1,4,5580.0,-1,12.586,-12.5,-1.54,-19.78,0,0,DCHG, ,
15115.9,1,1,1,1,4,5585.0,-1,12.586,-12.5,-1.55,-19.8,0,0,DCHG, ,
15120.9,1,1,1,1,4,5590.0,-1,12.585,-12.5,-1.55,-19.82,0,0,DCHG, ,
15125.9,1,1,1,1,4,5595.0,-1,12.585,-12.5,-1.55,-19.84,0,0,DCHG, ,
15130.9,1,1,1,1,4,5600.0,-1,12.584,-12.5,-1.55,-19.85,0,0,DCHG, ,
15135.9,1,1,1,1,4,5605.0,-1,12.584,-12.5,-1.55,-19.87,0,0,DCHG, ,
15140.9,1,1,1,1,4,5610.0,-1,12.583,-12.5,-1.55,-19.89,0,0,DCHG, ,
15145.9,1,1,1,1,4,5615.0,-1,12.583,-12.5,-1.55,-19.91,0,0,DCHG, ,
15150.9,1,1,1,1,4,5620.0,-1,12.582,-12.5,-1.56,-19.92,0,0,DCHG, ,
15155.9,1,1,1,1,4,5625.0,-1,12.582,-12.5,-1.56,-19.94,0,0,DCHG, ,
15160.9,1,1,1,1,4,5630.0,-1,12.581,-12.5,-1.56,-19.96,0,0,DCHG, ,
15165.9,1,1,1,1,4,5635.0,-1,12.581,-12.5,-1.56,-19.97,0,0,DCHG, ,
15170.9,1,1,1,1,4,5640.0,-1,12.58,-12.5,-1.56,-19.99,0,0,DCHG, ,
15175.9,1,1,1,1,4,5645.0,-1,12.58,-12.5,-1.56,-20.01,0,0,DCHG, ,
15180.9,1,1,1,1,4,5650.0,-1,12.579,-12.5,-1.56,-20.03,0,0,DCHG, ,
15185.9,1,1,1,1,4,5655.0,-1,12.579,-12.5,-1.57,-20.04,0,0,DCHG, ,
15190.9,1,1,1,1,4,5660.0,-1,12.579,-12.5,-1.57,-20.06,0,0,DCHG, ,
15195.9,1,1,1,1,4,5665.0,-1,12.578,-12.5,-1.57,-20.08,0,0,DCHG, ,
15200.9,1,1,1,1,4,5670.0,-1,12.577,-12.5,-1.57,-20.1,0,0,DCHG, ,
15205.9,1,1,1,1,4,5675.0,-1,12.577,-12.5,-1.57,-20.11,0,0,DCHG, ,
15210.9,1,1,1,1,4,5680.0,-1,12.577,-12.5,-1.57,-20.13,0,0,DCHG, ,
15215.9,1,1,1,1,4,5685.0,-1,12.577,-12.5,-1.57,-20.15,0,0,DCHG, ,
15220.9,1,1,1,1,4,5690.0,-1,12.576,-12.5,-1.58,-20.17,0,0,DCHG, ,
15225.9,1,1,1,1,4,5695.0,-1,12.575,-12.5,-1.58,-20.18,0,0,DCHG, ,
15230.9,1,1,1,1,4,5700.0,-1,12.575,-12.5,-1.58,-20.2,0,0,DCHG, ,
15235.9,1,1,1,1,4,5705.0,-1,12.574,-12.5,-1.58,-20.22,0,0,DCHG, ,
15240.9,1,1,1,1,4,5710.0,-1,12.574,-12.5,-1.58,-20.24,0,0,DCHG, ,
15245.9,1,1,1,1,4,5715.0,-1,12.573,-12.5,-1.58,-20.25,0,0,DCHG, ,
15250.9,1,1,1,1,4,5720.0,-1,12.573,-12.5,-1.58,-20.27,0,0,DCHG, ,
15255.9,1,1,1,1,4,5725.0,-1,12.572,-12.5,-1.58,-20.29,0,0,DCHG, ,
15260.9,1,1,1,1,4,5730.0,-1,12.572,-12.5,-1.59,-20.3,0,0,DCHG, ,
15265.9,1,1,1,1,4,5735.0,-1,12.571,-12.5,-1.59,-20.32,0,0,DCHG, ,
15270.9,1,1,1,1,4,5740.0,-1,12.571,-12.5,-1.59,-20.34,0,0,DCHG, ,
15275.9,1,1,1,1,4,5745.0,-1,12.57,-12.5,-1.59,-20.36,0,0,DCHG, ,
15280.9,1,1,1,1,4,5750.0,-1,12.569,-12.5,-1.59,-20.37,0,0,DCHG, ,
15285.9,1,1,1,1,4,5755.0,-1,12.569,-12.5,-1.59,-20.39,0,0,DCHG, ,
15290.9,1,1,1,1,4,5760.0,-1,12.569,-12.5,-1.59,-20.41,0,0,DCHG, ,
15295.9,1,1,1,1,4,5765.0,-1,12.568,-12.5,-1.6,-20.43,0,0,DCHG, ,
15300.9,1,1,1,1,4,5770.0,-1,12.568,-12.5,-1.6,-20.44,0,0,DCHG, ,
15305.9,1,1,1,1,4,5775.0,-1,12.567,-12.5,-1.6,-20.46,0,0,DCHG, ,
15310.9,1,1,1,1,4,5780.0,-1,12.567,-12.5,-1.6,-20.48,0,0,DCHG, ,
15315.9,1,1,1,1,4,5785.0,-1,12.567,-12.5,-1.6,-20.5,0,0,DCHG, ,
15320.9,1,1,1,1,4,5790.0,-1,12.566,-12.5,-1.6,-20.51,0,0,DCHG, ,
15325.9,1,1,1,1,4,5795.0,-1,12.565,-12.5,-1.6,-20.53,0,0,DCHG, ,
15330.9,1,1,1,1,4,5800.0,-1,12.565,-12.5,-1.61,-20.55,0,0,DCHG, ,
15335.9,1,1,1,1,4,5805.0,-1,12.564,-12.5,-1.61,-20.56,0,0,DCHG, ,
15340.9,1,1,1,1,4,5810.0,-1,12.564,-12.5,-1.61,-20.58,0,0,DCHG, ,
15345.9,1,1,1,1,4,5815.0,-1,12.563,-12.5,-1.61,-20.6,0,0,DCHG, ,
15350.9,1,1,1,1,4,5820.0,-1,12.563,-12.5,-1.61,-20.62,0,0,DCHG, ,
15355.9,1,1,1,1,4,5825.0,-1,12.562,-12.5,-1.61,-20.63,0,0,DCHG, ,
15360.9,1,1,1,1,4,5830.0,-1,12.562,-12.5,-1.61,-20.65,0,0,DCHG, ,
15365.9,1,1,1,1,4,5835.0,-1,12.561,-12.5,-1.62,-20.67,0,0,DCHG, ,
15370.9,1,1,1,1,4,5840.0,-1,12.561,-12.5,-1.62,-20.69,0,0,DCHG, ,
15375.9,1,1,1,1,4,5845.0,-1,12.56,-12.5,-1.62,-20.7,0,0,DCHG, ,
15380.9,1,1,1,1,4,5850.0,-1,12.56,-12.5,-1.62,-20.72,0,0,DCHG, ,
15385.9,1,1,1,1,4,5855.0,-1,12.56,-12.5,-1.62,-20.74,0,0,DCHG, ,
15390.9,1,1,1,1,4,5860.0,-1,12.559,-12.5,-1.62,-20.76,0,0,DCHG, ,
15395.9,1,1,1,1,4,5865.0,-1,12.558,-12.5,-1.62,-20.77,0,0,DCHG, ,
15400.9,1,1,1,1,4,5870.0,-1,12.557,-12.5,-1.63,-20.79,0,0,DCHG, ,
15405.9,1,1,1,1,4,5875.0,-1,12.557,-12.5,-1.63,-20.81,0,0,DCHG, ,
15410.9,1,1,1,1,4,5880.0,-1,12.557,-12.5,-1.63,-20.83,0,0,DCHG, ,
15415.9,1,1,1,1,4,5885.0,-1,12.556,-12.5,-1.63,-20.84,0,0,DCHG, ,
15420.9,1,1,1,1,4,5890.0,-1,12.556,-12.5,-1.63,-20.86,0,0,DCHG, ,
15425.9,1,1,1,1,4,5895.0,-1,12.555,-12.5,-1.63,-20.88,0,0,DCHG, ,
15430.9,1,1,1,1,4,5900.0,-1,12.555,-12.5,-1.63,-20.89,0,0,DCHG, ,
15435.9,1,1,1,1,4,5905.0,-1,12.555,-12.5,-1.63,-20.91,0,0,DCHG, ,
15440.9,1,1,1,1,4,5910.0,-1,12.554,-12.5,-1.64,-20.93,0,0,DCHG, ,
15445.9,1,1,1,1,4,5915.0,-1,12.554,-12.5,-1.64,-20.95,0,0,DCHG, ,
15450.9,1,1,1,1,4,5920.0,-1,12.553,-12.5,-1.64,-20.96,0,0,DCHG, ,
15455.9,1,1,1,1,4,5925.0,-1,12.552,-12.5,-1.64,-20.98,0,0,DCHG, ,
15460.9,1,1,1,1,4,5930.0,-1,12.552,-12.5,-1.64,-21,0,0,DCHG, ,
15465.9,1,1,1,1,4,5935.0,-1,12.552,-12.5,-1.64,-21.02,0,0,DCHG, ,
15470.9,1,1,1,1,4,5940.0,-1,12.551,-12.5,-1.64,-21.03,0,0,DCHG, ,
15475.9,1,1,1,1,4,5945.0,-1,12.551,-12.5,-1.65,-21.05,0,0,DCHG, ,
15480.9,1,1,1,1,4,5950.0,-1,12.55,-12.5,-1.65,-21.07,0,0,DCHG, ,
15485.9,1,1,1,1,4,5955.0,-1,12.549,-12.5,-1.65,-21.09,0,0,DCHG, ,
15490.9,1,1,1,1,4,5960.0,-1,12.549,-12.5,-1.65,-21.1,0,0,DCHG, ,
15495.9,1,1,1,1,4,5965.0,-1,12.548,-12.5,-1.65,-21.12,0,0,DCHG, ,
15500.9,1,1,1,1,4,5970.0,-1,12.548,-12.5,-1.65,-21.14,0,0,DCHG, ,
15505.9,1,1,1,1,4,5975.0,-1,12.548,-12.5,-1.65,-21.16,0,0,DCHG, ,
15510.9,1,1,1,1,4,5980.0,-1,12.547,-12.5,-1.66,-21.17,0,0,DCHG, ,
15515.9,1,1,1,1,4,5985.0,-1,12.546,-12.5,-1.66,-21.19,0,0,DCHG, ,
15520.9,1,1,1,1,4,5990.0,-1,12.546,-12.5,-1.66,-21.21,0,0,DCHG, ,
15525.9,1,1,1,1,4,5995.0,-1,12.546,-12.5,-1.66,-21.22,0,0,DCHG, ,
15530.9,1,1,1,1,4,6000.0,-1,12.545,-12.5,-1.66,-21.24,0,0,DCHG, ,
15535.9,1,1,1,1,4,6005.0,-1,12.545,-12.5,-1.66,-21.26,0,0,DCHG, ,
15540.9,1,1,1,1,4,6010.0,-1,12.544,-12.5,-1.66,-21.28,0,0,DCHG, ,
15545.9,1,1,1,1,4,6015.0,-1,12.543,-12.5,-1.67,-21.29,0,0,DCHG, ,
15550.9,1,1,1,1,4,6020.0,-1,12.543,-12.5,-1.67,-21.31,0,0,DCHG, ,
15555.9,1,1,1,1,4,6025.0,-1,12.543,-12.5,-1.67,-21.33,0,0,DCHG, ,
15560.9,1,1,1,1,4,6030.0,-1,12.542,-12.5,-1.67,-21.35,0,0,DCHG, ,
15565.9,1,1,1,1,4,6035.0,-1,12.542,-12.5,-1.67,-21.36,0,0,DCHG, ,
15570.9,1,1,1,1,4,6040.0,-1,12.541,-12.5,-1.67,-21.38,0,0,DCHG, ,
15575.9,1,1,1,1,4,6045.0,-1,12.541,-12.5,-1.67,-21.4,0,0,DCHG, ,
15580.9,1,1,1,1,4,6050.0,-1,12.54,-12.5,-1.68,-21.42,0,0,DCHG, ,
15585.9,1,1,1,1,4,6055.0,-1,12.54,-12.5,-1.68,-21.43,0,0,DCHG, ,
15590.9,1,1,1,1,4,6060.0,-1,12.539,-12.5,-1.68,-21.45,0,0,DCHG, ,
15595.9,1,1,1,1,4,6065.0,-1,12.538,-12.5,-1.68,-21.47,0,0,DCHG, ,
15600.9,1,1,1,1,4,6070.0,-1,12.538,-12.5,-1.68,-21.48,0,0,DCHG, ,
15605.9,1,1,1,1,4,6075.0,-1,12.538,-12.5,-1.68,-21.5,0,0,DCHG, ,
15610.9,1,1,1,1,4,6080.0,-1,12.537,-12.5,-1.68,-21.52,0,0,DCHG, ,
15615.9,1,1,1,1,4,6085.0,-1,12.537,-12.5,-1.68,-21.54,0,0,DCHG, ,
15620.9,1,1,1,1,4,6090.0,-1,12.537,-12.5,-1.69,-21.55,0,0,DCHG, ,
15625.9,1,1,1,1,4,6095.0,-1,12.536,-12.5,-1.69,-21.57,0,0,DCHG, ,
15630.9,1,1,1,1,4,6100.0,-1,12.535,-12.5,-1.69,-21.59,0,0,DCHG, ,
15635.9,1,1,1,1,4,6105.0,-1,12.535,-12.5,-1.69,-21.61,0,0,DCHG, ,
15640.9,1,1,1,1,4,6110.0,-1,12.534,-12.5,-1.69,-21.62,0,0,DCHG, ,
15645.9,1,1,1,1,4,6115.0,-1,12.533,-12.5,-1.69,-21.64,0,0,DCHG, ,
15650.9,1,1,1,1,4,6120.0,-1,12.533,-12.5,-1.69,-21.66,0,0,DCHG, ,
15655.9,1,1,1,1,4,6125.0,-1,12.533,-12.5,-1.7,-21.68,0,0,DCHG, ,
15660.9,1,1,1,1,4,6130.0,-1,12.532,-12.5,-1.7,-21.69,0,0,DCHG, ,
15665.9,1,1,1,1,4,6135.0,-1,12.532,-12.5,-1.7,-21.71,0,0,DCHG, ,
15670.9,1,1,1,1,4,6140.0,-1,12.531,-12.5,-1.7,-21.73,0,0,DCHG, ,
15675.9,1,1,1,1,4,6145.0,-1,12.53,-12.5,-1.7,-21.75,0,0,DCHG, ,
15680.9,1,1,1,1,4,6150.0,-1,12.53,-12.5,-1.7,-21.76,0,0,DCHG, ,
15685.9,1,1,1,1,4,6155.0,-1,12.53,-12.5,-1.7,-21.78,0,0,DCHG, ,
15690.9,1,1,1,1,4,6160.0,-1,12.529,-12.5,-1.71,-21.8,0,0,DCHG, ,
15695.9,1,1,1,1,4,6165.0,-1,12.528,-12.5,-1.71,-21.81,0,0,DCHG, ,
15700.9,1,1,1,1,4,6170.0,-1,12.528,-12.5,-1.71,-21.83,0,0,DCHG, ,
15705.9,1,1,1,1,4,6175.0,-1,12.527,-12.5,-1.71,-21.85,0,0,DCHG, ,
15710.9,1,1,1,1,4,6180.0,-1,12.527,-12.5,-1.71,-21.87,0,0,DCHG, ,
15715.9,1,1,1,1,4,6185.0,-1,12.527,-12.5,-1.71,-21.88,0,0,DCHG, ,
15720.9,1,1,1,1,4,6190.0,-1,12.526,-12.5,-1.71,-21.9,0,0,DCHG, ,
15725.9,1,1,1,1,4,6195.0,-1,12.525,-12.5,-1.72,-21.92,0,0,DCHG, ,
15730.9,1,1,1,1,4,6200.0,-1,12.525,-12.4,-1.72,-21.94,0,0,DCHG, ,
15735.9,1,1,1,1,4,6205.0,-1,12.525,-12.4,-1.72,-21.95,0,0,DCHG, ,
15740.9,1,1,1,1,4,6210.0,-1,12.524,-12.5,-1.72,-21.97,0,0,DCHG, ,
15745.9,1,1,1,1,4,6215.0,-1,12.524,-12.4,-1.72,-21.99,0,0,DCHG, ,
15750.9,1,1,1,1,4,6220.0,-1,12.523,-12.5,-1.72,-22.01,0,0,DCHG, ,
15755.9,1,1,1,1,4,6225.0,-1,12.522,-12.4,-1.72,-22.02,0,0,DCHG, ,
15760.9,1,1,1,1,4,6230.0,-1,12.522,-12.4,-1.73,-22.04,0,0,DCHG, ,
15765.9,1,1,1,1,4,6235.0,-1,12.522,-12.4,-1.73,-22.06,0,0,DCHG, ,
15770.9,1,1,1,1,4,6240.0,-1,12.521,-12.4,-1.73,-22.07,0,0,DCHG, ,
15775.9,1,1,1,1,4,6245.0,-1,12.521,-12.4,-1.73,-22.09,0,0,DCHG, ,
15780.9,1,1,1,1,4,6250.0,-1,12.52,-12.5,-1.73,-22.11,0,0,DCHG, ,
15785.9,1,1,1,1,4,6255.0,-1,12.519,-12.5,-1.73,-22.13,0,0,DCHG, ,
15790.9,1,1,1,1,4,6260.0,-1,12.519,-12.5,-1.73,-22.14,0,0,DCHG, ,
15795.9,1,1,1,1,4,6265.0,-1,12.519,-12.5,-1.73,-22.16,0,0,DCHG, ,
15800.9,1,1,1,1,4,6270.0,-1,12.518,-12.5,-1.74,-22.18,0,0,DCHG, ,
15805.9,1,1,1,1,4,6275.0,-1,12.518,-12.5,-1.74,-22.2,0,0,DCHG, ,
15810.9,1,1,1,1,4,6280.0,-1,12.517,-12.5,-1.74,-22.21,0,0,DCHG, ,
15815.9,1,1,1,1,4,6285.0,-1,12.517,-12.5,-1.74,-22.23,0,0,DCHG, ,
15820.9,1,1,1,1,4,6290.0,-1,12.516,-12.4,-1.74,-22.25,0,0,DCHG, ,
15825.9,1,1,1,1,4,6295.0,-1,12.516,-12.5,-1.74,-22.26,0,0,DCHG, ,
15830.9,1,1,1,1,4,6300.0,-1,12.516,-12.5,-1.74,-22.28,0,0,DCHG, ,
15835.9,1,1,1,1,4,6305.0,-1,12.515,-12.5,-1.75,-22.3,0,0,DCHG, ,
15840.9,1,1,1,1,4,6310.0,-1,12.514,-12.5,-1.75,-22.32,0,0,DCHG, ,
15845.9,1,1,1,1,4,6315.0,-1,12.514,-12.5,-1.75,-22.33,0,0,DCHG, ,
15850.9,1,1,1,1,4,6320.0,-1,12.513,-12.4,-1.75,-22.35,0,0,DCHG, ,
15855.9,1,1,1,1,4,6325.0,-1,12.513,-12.5,-1.75,-22.37,0,0,DCHG, ,
15860.9,1,1,1,1,4,6330.0,-1,12.513,-12.4,-1.75,-22.39,0,0,DCHG, ,
15865.9,1,1,1,1,4,6335.0,-1,12.512,-12.4,-1.75,-22.4,0,0,DCHG, ,
15870.9,1,1,1,1,4,6340.0,-1,12.511,-12.5,-1.76,-22.42,0,0,DCHG, ,
15875.9,1,1,1,1,4,6345.0,-1,12.511,-12.4,-1.76,-22.44,0,0,DCHG, ,
15880.9,1,1,1,1,4,6350.0,-1,12.51,-12.5,-1.76,-22.45,0,0,DCHG, ,
15885.9,1,1,1,1,4,6355.0,-1,12.51,-12.4,-1.76,-22.47,0,0,DCHG, ,
15890.9,1,1,1,1,4,6360.0,-1,12.509,-12.4,-1.76,-22.49,0,0,DCHG, ,
15895.9,1,1,1,1,4,6365.0,-1,12.508,-12.4,-1.76,-22.51,0,0,DCHG, ,
15900.9,1,1,1,1,4,6370.0,-1,12.508,-12.4,-1.76,-22.52,0,0,DCHG, ,
15905.9,1,1,1,1,4,6375.0,-1,12.508,-12.5,-1.77,-22.54,0,0,DCHG, ,
15910.9,1,1,1,1,4,6380.0,-1,12.507,-12.4,-1.77,-22.56,0,0,DCHG, ,
15915.9,1,1,1,1,4,6385.0,-1,12.507,-12.5,-1.77,-22.58,0,0,DCHG, ,
15920.9,1,1,1,1,4,6390.0,-1,12.507,-12.4,-1.77,-22.59,0,0,DCHG, ,
15925.9,1,1,1,1,4,6395.0,-1,12.506,-12.4,-1.77,-22.61,0,0,DCHG, ,
15930.9,1,1,1,1,4,6400.0,-1,12.505,-12.5,-1.77,-22.63,0,0,DCHG, ,
15935.9,1,1,1,1,4,6405.0,-1,12.505,-12.5,-1.77,-22.64,0,0,DCHG, ,
15940.9,1,1,1,1,4,6410.0,-1,12.505,-12.4,-1.78,-22.66,0,0,DCHG, ,
15945.9,1,1,1,1,4,6415.0,-1,12.504,-12.4,-1.78,-22.68,0,0,DCHG, ,
15950.9,1,1,1,1,4,6420.0,-1,12.503,-12.4,-1.78,-22.7,0,0,DCHG, ,
15955.9,1,1,1,1,4,6425.0,-1,12.503,-12.4,-1.78,-22.71,0,0,DCHG, ,
15960.9,1,1,1,1,4,6430.0,-1,12.502,-12.5,-1.78,-22.73,0,0,DCHG, ,
15965.9,1,1,1,1,4,6435.0,-1,12.502,-12.5,-1.78,-22.75,0,0,DCHG, ,
15970.9,1,1,1,1,4,6440.0,-1,12.501,-12.4,-1.78,-22.77,0,0,DCHG, ,
15975.9,1,1,1,1,4,6445.0,-1,12.501,-12.5,-1.78,-22.78,0,0,DCHG, ,
15980.9,1,1,1,1,4,6450.0,-1,12.501,-12.5,-1.79,-22.8,0,0,DCHG, ,
15985.9,1,1,1,1,4,6455.0,-1,12.5,-12.5,-1.79,-22.82,0,0,DCHG, ,
15990.9,1,1,1,1,4,6460.0,-1,12.5,-12.4,-1.79,-22.84,0,0,DCHG, ,
15995.9,1,1,1,1,4,6465.0,-1,12.499,-12.4,-1.79,-22.85,0,0,DCHG, ,
16000.9,1,1,1,1,4,6470.0,-1,12.499,-12.4,-1.79,-22.87,0,0,DCHG, ,
16005.9,1,1,1,1,4,6475.0,-1,12.498,-12.4,-1.79,-22.89,0,0,DCHG, ,
16010.9,1,1,1,1,4,6480.0,-1,12.497,-12.4,-1.79,-22.9,0,0,DCHG, ,
16015.9,1,1,1,1,4,6485.0,-1,12.497,-12.4,-1.8,-22.92,0,0,DCHG, ,
16020.9,1,1,1,1,4,6490.0,-1,12.497,-12.4,-1.8,-22.94,0,0,DCHG, ,
16025.9,1,1,1,1,4,6495.0,-1,12.496,-12.4,-1.8,-22.96,0,0,DCHG, ,
16030.9,1,1,1,1,4,6500.0,-1,12.496,-12.4,-1.8,-22.97,0,0,DCHG, ,
16035.9,1,1,1,1,4,6505.0,-1,12.495,-12.4,-1.8,-22.99,0,0,DCHG, ,
16040.9,1,1,1,1,4,6510.0,-1,12.495,-12.4,-1.8,-23.01,0,0,DCHG, ,
16045.9,1,1,1,1,4,6515.0,-1,12.495,-12.4,-1.8,-23.02,0,0,DCHG, ,
16050.9,1,1,1,1,4,6520.0,-1,12.494,-12.4,-1.81,-23.04,0,0,DCHG, ,
16055.9,1,1,1,1,4,6525.0,-1,12.493,-12.4,-1.81,-23.06,0,0,DCHG, ,
16060.9,1,1,1,1,4,6530.0,-0.99,12.492,-12.3,-1.81,-23.08,0,0,DCHG, ,
16065.9,1,1,1,1,4,6535.0,-1,12.492,-12.4,-1.81,-23.09,0,0,DCHG, ,
16070.9,1,1,1,1,4,6540.0,-1,12.492,-12.4,-1.81,-23.11,0,0,DCHG, ,
16075.9,1,1,1,1,4,6545.0,-1,12.491,-12.4,-1.81,-23.13,0,0,DCHG, ,
16080.9,1,1,1,1,4,6550.0,-1,12.491,-12.4,-1.81,-23.15,0,0,DCHG, ,
16085.9,1,1,1,1,4,6555.0,-1,12.491,-12.4,-1.82,-23.16,0,0,DCHG, ,
16090.9,1,1,1,1,4,6560.0,-1,12.491,-12.4,-1.82,-23.18,0,0,DCHG, ,
16095.9,1,1,1,1,4,6565.0,-1,12.489,-12.4,-1.82,-23.2,0,0,DCHG, ,
16100.9,1,1,1,1,4,6570.0,-1,12.49,-12.4,-1.82,-23.21,0,0,DCHG, ,
16105.9,1,1,1,1,4,6575.0,-1,12.489,-12.4,-1.82,-23.23,0,0,DCHG, ,
16110.9,1,1,1,1,4,6580.0,-1,12.488,-12.4,-1.82,-23.25,0,0,DCHG, ,
16115.9,1,1,1,1,4,6585.0,-1,12.488,-12.4,-1.82,-23.27,0,0,DCHG, ,
16120.9,1,1,1,1,4,6590.0,-1,12.487,-12.4,-1.83,-23.28,0,0,DCHG, ,
16125.9,1,1,1,1,4,6595.0,-1,12.487,-12.4,-1.83,-23.3,0,0,DCHG, ,
16130.9,1,1,1,1,4,6600.0,-1,12.486,-12.4,-1.83,-23.32,0,0,DCHG, ,
16135.9,1,1,1,1,4,6605.0,-1,12.486,-12.4,-1.83,-23.33,0,0,DCHG, ,
16140.9,1,1,1,1,4,6610.0,-1,12.485,-12.4,-1.83,-23.35,0,0,DCHG, ,
16145.9,1,1,1,1,4,6615.0,-1,12.485,-12.4,-1.83,-23.37,0,0,DCHG, ,
16150.9,1,1,1,1,4,6620.0,-1,12.484,-12.4,-1.83,-23.39,0,0,DCHG, ,
16155.9,1,1,1,1,4,6625.0,-1,12.484,-12.4,-1.83,-23.4,0,0,DCHG, ,
16160.9,1,1,1,1,4,6630.0,-1,12.483,-12.4,-1.84,-23.42,0,0,DCHG, ,
16165.9,1,1,1,1,4,6635.0,-1,12.483,-12.4,-1.84,-23.44,0,0,DCHG, ,
16170.9,1,1,1,1,4,6640.0,-1,12.483,-12.4,-1.84,-23.46,0,0,DCHG, ,
16175.9,1,1,1,1,4,6645.0,-1,12.482,-12.4,-1.84,-23.47,0,0,DCHG, ,
16180.9,1,1,1,1,4,6650.0,-1,12.482,-12.4,-1.84,-23.49,0,0,DCHG, ,
16185.9,1,1,1,1,4,6655.0,-1,12.481,-12.4,-1.84,-23.51,0,0,DCHG, ,
16190.9,1,1,1,1,4,6660.0,-1,12.48,-12.4,-1.84,-23.52,0,0,DCHG, ,
16195.9,1,1,1,1,4,6665.0,-1,12.48,-12.4,-1.85,-23.54,0,0,DCHG, ,
16200.9,1,1,1,1,4,6670.0,-1,12.48,-12.4,-1.85,-23.56,0,0,DCHG, ,
16205.9,1,1,1,1,4,6675.0,-1,12.479,-12.4,-1.85,-23.58,0,0,DCHG, ,
16210.9,1,1,1,1,4,6680.0,-1,12.479,-12.4,-1.85,-23.59,0,0,DCHG, ,
16215.9,1,1,1,1,4,6685.0,-1,12.478,-12.4,-1.85,-23.61,0,0,DCHG, ,
16220.9,1,1,1,1,4,6690.0,-1,12.478,-12.4,-1.85,-23.63,0,0,DCHG, ,
16225.9,1,1,1,1,4,6695.0,-1,12.477,-12.4,-1.85,-23.64,0,0,DCHG, ,
16230.9,1,1,1,1,4,6700.0,-1,12.477,-12.4,-1.86,-23.66,0,0,DCHG, ,
16235.9,1,1,1,1,4,6705.0,-1,12.476,-12.4,-1.86,-23.68,0,0,DCHG, ,
16240.9,1,1,1,1,4,6710.0,-1,12.476,-12.4,-1.86,-23.7,0,0,DCHG, ,
16245.9,1,1,1,1,4,6715.0,-1,12.475,-12.4,-1.86,-23.71,0,0,DCHG, ,
16250.9,1,1,1,1,4,6720.0,-1,12.475,-12.4,-1.86,-23.73,0,0,DCHG, ,
16255.9,1,1,1,1,4,6725.0,-1,12.475,-12.4,-1.86,-23.75,0,0,DCHG, ,
16260.9,1,1,1,1,4,6730.0,-1,12.474,-12.4,-1.86,-23.77,0,0,DCHG, ,
16265.9,1,1,1,1,4,6735.0,-1,12.474,-12.4,-1.87,-23.78,0,0,DCHG, ,
16270.9,1,1,1,1,4,6740.0,-1,12.473,-12.4,-1.87,-23.8,0,0,DCHG, ,
16275.9,1,1,1,1,4,6745.0,-1,12.473,-12.4,-1.87,-23.82,0,0,DCHG, ,
16280.9,1,1,1,1,4,6750.0,-1,12.472,-12.4,-1.87,-23.83,0,0,DCHG, ,
16285.9,1,1,1,1,4,6755.0,-1,12.472,-12.4,-1.87,-23.85,0,0,DCHG, ,
16290.9,1,1,1,1,4,6760.0,-1,12.471,-12.4,-1.87,-23.87,0,0,DCHG, ,
16295.9,1,1,1,1,4,6765.0,-1,12.471,-12.4,-1.87,-23.89,0,0,DCHG, ,
16300.9,1,1,1,1,4,6770.0,-1,12.47,-12.4,-1.88,-23.9,0,0,DCHG, ,
16305.9,1,1,1,1,4,6775.0,-1,12.47,-12.4,-1.88,-23.92,0,0,DCHG, ,
16310.9,1,1,1,1,4,6780.0,-1,12.469,-12.4,-1.88,-23.94,0,0,DCHG, ,
16315.9,1,1,1,1,4,6785.0,-1,12.469,-12.4,-1.88,-23.95,0,0,DCHG, ,
16320.9,1,1,1,1,4,6790.0,-1,12.468,-12.4,-1.88,-23.97,0,0,DCHG, ,
16325.9,1,1,1,1,4,6795.0,-1,12.468,-12.4,-1.88,-23.99,0,0,DCHG, ,
16330.9,1,1,1,1,4,6800.0,-1,12.467,-12.4,-1.88,-24.01,0,0,DCHG, ,
16335.9,1,1,1,1,4,6805.0,-1,12.467,-12.4,-1.88,-24.02,0,0,DCHG, ,
16340.9,1,1,1,1,4,6810.0,-1,12.467,-12.4,-1.89,-24.04,0,0,DCHG, ,
16345.9,1,1,1,1,4,6815.0,-1,12.467,-12.4,-1.89,-24.06,0,0,DCHG, ,
16350.9,1,1,1,1,4,6820.0,-1,12.466,-12.4,-1.89,-24.07,0,0,DCHG, ,
16355.9,1,1,1,1,4,6825.0,-1,12.465,-12.4,-1.89,-24.09,0,0,DCHG, ,
16360.9,1,1,1,1,4,6830.0,-1,12.465,-12.4,-1.89,-24.11,0,0,DCHG, ,
16365.9,1,1,1,1,4,6835.0,-1,12.464,-12.4,-1.89,-24.13,0,0,DCHG, ,
16370.9,1,1,1,1,4,6840.0,-1,12.464,-12.4,-1.89,-24.14,0,0,DCHG, ,
16375.9,1,1,1,1,4,6845.0,-1,12.464,-12.4,-1.9,-24.16,0,0,DCHG, ,
16380.9,1,1,1,1,4,6850.0,-1,12.463,-12.4,-1.9,-24.18,0,0,DCHG, ,
16385.9,1,1,1,1,4,6855.0,-1,12.462,-12.4,-1.9,-24.2,0,0,DCHG, ,
16390.9,1,1,1,1,4,6860.0,-1,12.462,-12.4,-1.9,-24.21,0,0,DCHG, ,
16395.9,1,1,1,1,4,6865.0,-1,12.462,-12.4,-1.9,-24.23,0,0,DCHG, ,
16400.9,1,1,1,1,4,6870.0,-1,12.461,-12.4,-1.9,-24.25,0,0,DCHG, ,
16405.9,1,1,1,1,4,6875.0,-1,12.461,-12.4,-1.9,-24.26,0,0,DCHG, ,
16410.9,1,1,1,1,4,6880.0,-1,12.46,-12.4,-1.91,-24.28,0,0,DCHG, ,
16415.9,1,1,1,1,4,6885.0,-1,12.46,-12.4,-1.91,-24.3,0,0,DCHG, ,
16420.9,1,1,1,1,4,6890.0,-1,12.459,-12.4,-1.91,-24.32,0,0,DCHG, ,
16425.9,1,1,1,1,4,6895.0,-1,12.459,-12.4,-1.91,-24.33,0,0,DCHG, ,
16430.9,1,1,1,1,4,6900.0,-1,12.459,-12.4,-1.91,-24.35,0,0,DCHG, ,
16435.9,1,1,1,1,4,6905.0,-1,12.458,-12.4,-1.91,-24.37,0,0,DCHG, ,
16440.9,1,1,1,1,4,6910.0,-1,12.458,-12.4,-1.91,-24.38,0,0,DCHG, ,
16445.9,1,1,1,1,4,6915.0,-1,12.457,-12.4,-1.92,-24.4,0,0,DCHG, ,
16450.9,1,1,1,1,4,6920.0,-1,12.457,-12.4,-1.92,-24.42,0,0,DCHG, ,
16455.9,1,1,1,1,4,6925.0,-1,12.457,-12.4,-1.92,-24.44,0,0,DCHG, ,
16460.9,1,1,1,1,4,6930.0,-1,12.456,-12.4,-1.92,-24.45,0,0,DCHG, ,
16465.9,1,1,1,1,4,6935.0,-1,12.456,-12.4,-1.92,-24.47,0,0,DCHG, ,
16470.9,1,1,1,1,4,6940.0,-1,12.455,-12.4,-1.92,-24.49,0,0,DCHG, ,
16475.9,1,1,1,1,4,6945.0,-1,12.454,-12.4,-1.92,-24.51,0,0,DCHG, ,
16480.9,1,1,1,1,4,6950.0,-0.99,12.454,-12.3,-1.93,-24.52,0,0,DCHG, ,
16485.9,1,1,1,1,4,6955.0,-1,12.454,-12.4,-1.93,-24.54,0,0,DCHG, ,
16490.9,1,1,1,1,4,6960.0,-1,12.454,-12.4,-1.93,-24.56,0,0,DCHG, ,
16495.9,1,1,1,1,4,6965.0,-1,12.453,-12.4,-1.93,-24.57,0,0,DCHG, ,
16500.9,1,1,1,1,4,6970.0,-1,12.453,-12.4,-1.93,-24.59,0,0,DCHG, ,
16505.9,1,1,1,1,4,6975.0,-1,12.453,-12.4,-1.93,-24.61,0,0,DCHG, ,
16510.9,1,1,1,1,4,6980.0,-1,12.452,-12.4,-1.93,-24.63,0,0,DCHG, ,
16515.9,1,1,1,1,4,6985.0,-1,12.451,-12.4,-1.93,-24.64,0,0,DCHG, ,
16520.9,1,1,1,1,4,6990.0,-1,12.451,-12.4,-1.94,-24.66,0,0,DCHG, ,
16525.9,1,1,1,1,4,6995.0,-1,12.45,-12.4,-1.94,-24.68,0,0,DCHG, ,
16530.9,1,1,1,1,4,7000.0,-1,12.45,-12.4,-1.94,-24.69,0,0,DCHG, ,
16535.9,1,1,1,1,4,7005.0,-1,12.45,-12.4,-1.94,-24.71,0,0,DCHG, ,
16540.9,1,1,1,1,4,7010.0,-1,12.449,-12.4,-1.94,-24.73,0,0,DCHG, ,
16545.9,1,1,1,1,4,7015.0,-1,12.449,-12.4,-1.94,-24.75,0,0,DCHG, ,
16550.9,1,1,1,1,4,7020.0,-1,12.448,-12.4,-1.94,-24.76,0,0,DCHG, ,
16555.9,1,1,1,1,4,7025.0,-1,12.448,-12.4,-1.95,-24.78,0,0,DCHG, ,
16560.9,1,1,1,1,4,7030.0,-1,12.447,-12.4,-1.95,-24.8,0,0,DCHG, ,
16565.9,1,1,1,1,4,7035.0,-1,12.447,-12.4,-1.95,-24.82,0,0,DCHG, ,
16570.9,1,1,1,1,4,7040.0,-1,12.447,-12.3,-1.95,-24.83,0,0,DCHG, ,
16575.9,1,1,1,1,4,7045.0,-1,12.446,-12.4,-1.95,-24.85,0,0,DCHG, ,
16580.9,1,1,1,1,4,7050.0,-1,12.446,-12.4,-1.95,-24.87,0,0,DCHG, ,
16585.9,1,1,1,1,4,7055.0,-1,12.446,-12.4,-1.95,-24.88,0,0,DCHG, ,
16590.9,1,1,1,1,4,7060.0,-1,12.445,-12.4,-1.96,-24.9,0,0,DCHG, ,
16595.9,1,1,1,1,4,7065.0,-0.99,12.444,-12.3,-1.96,-24.92,0,0,DCHG, ,
16600.9,1,1,1,1,4,7070.0,-1,12.444,-12.4,-1.96,-24.94,0,0,DCHG, ,
16605.9,1,1,1,1,4,7075.0,-1,12.443,-12.4,-1.96,-24.95,0,0,DCHG, ,
16610.9,1,1,1,1,4,7080.0,-1,12.443,-12.4,-1.96,-24.97,0,0,DCHG, ,
16615.9,1,1,1,1,4,7085.0,-1,12.442,-12.4,-1.96,-24.99,0,0,DCHG, ,
16620.9,1,1,1,1,4,7090.0,-1,12.442,-12.4,-1.96,-25,0,0,DCHG, ,
16625.9,1,1,1,1,4,7095.0,-1,12.442,-12.4,-1.97,-25.02,0,0,DCHG, ,
16630.9,1,1,1,1,4,7100.0,-1,12.442,-12.4,-1.97,-25.04,0,0,DCHG, ,
16635.9,1,1,1,1,4,7105.0,-1,12.441,-12.4,-1.97,-25.06,0,0,DCHG, ,
16640.9,1,1,1,1,4,7110.0,-1,12.44,-12.4,-1.97,-25.07,0,0,DCHG, ,
16645.9,1,1,1,1,4,7115.0,-1,12.44,-12.4,-1.97,-25.09,0,0,DCHG, ,
16650.9,1,1,1,1,4,7120.0,-1,12.44,-12.4,-1.97,-25.11,0,0,DCHG, ,
16655.9,1,1,1,1,4,7125.0,-1,12.44,-12.4,-1.97,-25.13,0,0,DCHG, ,
16660.9,1,1,1,1,4,7130.0,-1,12.439,-12.4,-1.98,-25.14,0,0,DCHG, ,
16665.9,1,1,1,1,4,7135.0,-1,12.439,-12.4,-1.98,-25.16,0,0,DCHG, ,
16670.9,1,1,1,1,4,7140.0,-1,12.438,-12.4,-1.98,-25.18,0,0,DCHG, ,
16675.9,1,1,1,1,4,7145.0,-1,12.438,-12.4,-1.98,-25.19,0,0,DCHG, ,
16680.9,1,1,1,1,4,7150.0,-1,12.437,-12.4,-1.98,-25.21,0,0,DCHG, ,
16685.9,1,1,1,1,4,7155.0,-1,12.437,-12.4,-1.98,-25.23,0,0,DCHG, ,
16690.9,1,1,1,1,4,7160.0,-1,12.437,-12.4,-1.98,-25.25,0,0,DCHG, ,
16695.9,1,1,1,1,4,7165.0,-1,12.436,-12.4,-1.98,-25.26,0,0,DCHG, ,
16700.9,1,1,1,1,4,7170.0,-1,12.436,-12.4,-1.99,-25.28,0,0,DCHG, ,
16705.9,1,1,1,1,4,7175.0,-1,12.436,-12.4,-1.99,-25.3,0,0,DCHG, ,
16710.9,1,1,1,1,4,7180.0,-1,12.435,-12.4,-1.99,-25.31,0,0,DCHG, ,
16715.9,1,1,1,1,4,7185.0,-1,12.435,-12.4,-1.99,-25.33,0,0,DCHG, ,
16720.9,1,1,1,1,4,7190.0,-1,12.434,-12.4,-1.99,-25.35,0,0,DCHG, ,
16725.9,1,1,1,1,4,7195.0,-1,12.434,-12.4,-1.99,-25.37,0,0,DCHG, ,
16730.9,1,1,1,1,4,7200.0,-1,12.433,-12.4,-1.99,-25.38,0,0,DCHG, ,
16735.9,1,1,1,1,4,7205.0,-1,12.433,-12.4,-2,-25.4,0,0,DCHG, ,
16740.9,1,1,1,1,4,7210.0,-1,12.432,-12.4,-2,-25.42,0,0,DCHG, ,
16745.9,1,1,1,1,4,7215.0,-1,12.432,-12.4,-2,-25.44,0,0,DCHG, ,
16750.9,1,1,1,1,4,7220.0,-0.99,12.432,-12.3,-2,-25.45,0,0,DCHG, ,
16755.9,1,1,1,1,4,7225.0,-1,12.431,-12.4,-2,-25.47,0,0,DCHG, ,
16760.9,1,1,1,1,4,7230.0,-1,12.431,-12.4,-2,-25.49,0,0,DCHG, ,
16765.9,1,1,1,1,4,7235.0,-1,12.431,-12.4,-2,-25.5,0,0,DCHG, ,
16770.9,1,1,1,1,4,7240.0,-1,12.43,-12.4,-2.01,-25.52,0,0,DCHG, ,
16775.9,1,1,1,1,4,7245.0,-1,12.43,-12.4,-2.01,-25.54,0,0,DCHG, ,
16780.9,1,1,1,1,4,7250.0,-1,12.429,-12.4,-2.01,-25.56,0,0,DCHG, ,
16785.9,1,1,1,1,4,7255.0,-1,12.429,-12.4,-2.01,-25.57,0,0,DCHG, ,
16790.9,1,1,1,1,4,7260.0,-1,12.429,-12.4,-2.01,-25.59,0,0,DCHG, ,
16795.9,1,1,1,1,4,7265.0,-1,12.429,-12.4,-2.01,-25.61,0,0,DCHG, ,
16800.9,1,1,1,1,4,7270.0,-1,12.428,-12.4,-2.01,-25.62,0,0,DCHG, ,
16805.9,1,1,1,1,4,7275.0,-1,12.427,-12.4,-2.02,-25.64,0,0,DCHG, ,
16810.9,1,1,1,1,4,7280.0,-1,12.427,-12.4,-2.02,-25.66,0,0,DCHG, ,
16815.9,1,1,1,1,4,7285.0,-1,12.427,-12.4,-2.02,-25.68,0,0,DCHG, ,
16820.9,1,1,1,1,4,7290.0,-1,12.426,-12.4,-2.02,-25.69,0,0,DCHG, ,
16825.9,1,1,1,1,4,7295.0,-1,12.425,-12.4,-2.02,-25.71,0,0,DCHG, ,
16830.9,1,1,1,1,4,7300.0,-1,12.425,-12.4,-2.02,-25.73,0,0,DCHG, ,
16835.9,1,1,1,1,4,7305.0,-1,12.425,-12.4,-2.02,-25.75,0,0,DCHG, ,
16840.9,1,1,1,1,4,7310.0,-1,12.425,-12.4,-2.03,-25.76,0,0,DCHG, ,
16845.9,1,1,1,1,4,7315.0,-1,12.425,-12.4,-2.03,-25.78,0,0,DCHG, ,
16850.9,1,1,1,1,4,7320.0,-0.99,12.424,-12.3,-2.03,-25.8,0,0,DCHG, ,
16855.9,1,1,1,1,4,7325.0,-1,12.423,-12.4,-2.03,-25.81,0,0,DCHG, ,
16860.9,1,1,1,1,4,7330.0,-1,12.423,-12.3,-2.03,-25.83,0,0,DCHG, ,
16865.9,1,1,1,1,4,7335.0,-1,12.422,-12.4,-2.03,-25.85,0,0,DCHG, ,
16870.9,1,1,1,1,4,7340.0,-1,12.423,-12.3,-2.03,-25.87,0,0,DCHG, ,
16875.9,1,1,1,1,4,7345.0,-1,12.422,-12.3,-2.03,-25.88,0,0,DCHG, ,
16880.9,1,1,1,1,4,7350.0,-1,12.421,-12.4,-2.04,-25.9,0,0,DCHG, ,
16885.9,1,1,1,1,4,7355.0,-1,12.421,-12.4,-2.04,-25.92,0,0,DCHG, ,
16890.9,1,1,1,1,4,7360.0,-1,12.421,-12.4,-2.04,-25.93,0,0,DCHG, ,
16895.9,1,1,1,1,4,7365.0,-1,12.42,-12.3,-2.04,-25.95,0,0,DCHG, ,
16900.9,1,1,1,1,4,7370.0,-1,12.42,-12.4,-2.04,-25.97,0,0,DCHG, ,
16905.9,1,1,1,1,4,7375.0,-1,12.42,-12.3,-2.04,-25.99,0,0,DCHG, ,
16910.9,1,1,1,1,4,7380.0,-1,12.419,-12.4,-2.04,-26,0,0,DCHG, ,
16915.9,1,1,1,1,4,7385.0,-1,12.419,-12.3,-2.05,-26.02,0,0,DCHG, ,
16920.9,1,1,1,1,4,7390.0,-1,12.419,-12.3,-2.05,-26.04,0,0,DCHG, ,
16925.9,1,1,1,1,4,7395.0,-1,12.418,-12.4,-2.05,-26.05,0,0,DCHG, ,
16930.9,1,1,1,1,4,7400.0,-1,12.418,-12.3,-2.05,-26.07,0,0,DCHG, ,
16935.9,1,1,1,1,4,7405.0,-1,12.417,-12.3,-2.05,-26.09,0,0,DCHG, ,
16940.9,1,1,1,1,4,7410.0,-1,12.417,-12.3,-2.05,-26.11,0,0,DCHG, ,
16945.9,1,1,1,1,4,7415.0,-1,12.417,-12.3,-2.05,-26.12,0,0,DCHG, ,
16950.9,1,1,1,1,4,7420.0,-1,12.416,-12.4,-2.06,-26.14,0,0,DCHG, ,
16955.9,1,1,1,1,4,7425.0,-1,12.416,-12.3,-2.06,-26.16,0,0,DCHG, ,
16960.9,1,1,1,1,4,7430.0,-1,12.416,-12.4,-2.06,-26.17,0,0,DCHG, ,
16965.9,1,1,1,1,4,7435.0,-1,12.415,-12.4,-2.06,-26.19,0,0,DCHG, ,
16970.9,1,1,1,1,4,7440.0,-1,12.415,-12.4,-2.06,-26.21,0,0,DCHG, ,
16975.9,1,1,1,1,4,7445.0,-1,12.414,-12.3,-2.06,-26.23,0,0,DCHG, ,
16980.9,1,1,1,1,4,7450.0,-1,12.414,-12.3,-2.06,-26.24,0,0,DCHG, ,
16985.9,1,1,1,1,4,7455.0,-1,12.414,-12.4,-2.07,-26.26,0,0,DCHG, ,
16990.9,1,1,1,1,4,7460.0,-1,12.413,-12.4,-2.07,-26.28,0,0,DCHG, ,
16995.9,1,1,1,1,4,7465.0,-1,12.413,-12.3,-2.07,-26.29,0,0,DCHG, ,
17000.9,1,1,1,1,4,7470.0,-1,12.413,-12.3,-2.07,-26.31,0,0,DCHG, ,
17005.9,1,1,1,1,4,7475.0,-1,12.412,-12.4,-2.07,-26.33,0,0,DCHG, ,
17010.9,1,1,1,1,4,7480.0,-1,12.412,-12.4,-2.07,-26.35,0,0,DCHG, ,
17015.9,1,1,1,1,4,7485.0,-1,12.412,-12.3,-2.07,-26.36,0,0,DCHG, ,
17020.9,1,1,1,1,4,7490.0,-1,12.412,-12.3,-2.08,-26.38,0,0,DCHG, ,
17025.9,1,1,1,1,4,7495.0,-1,12.411,-12.4,-2.08,-26.4,0,0,DCHG, ,
17030.9,1,1,1,1,4,7500.0,-1,12.41,-12.4,-2.08,-26.41,0,0,DCHG, ,
17035.9,1,1,1,1,4,7505.0,-0.99,12.41,-12.3,-2.08,-26.43,0,0,DCHG, ,
17040.9,1,1,1,1,4,7510.0,-1,12.409,-12.3,-2.08,-26.45,0,0,DCHG, ,
17045.9,1,1,1,1,4,7515.0,-1,12.41,-12.3,-2.08,-26.47,0,0,DCHG, ,
17050.9,1,1,1,1,4,7520.0,-1,12.409,-12.3,-2.08,-26.48,0,0,DCHG, ,
17055.9,1,1,1,1,4,7525.0,-1,12.409,-12.3,-2.08,-26.5,0,0,DCHG, ,
17060.9,1,1,1,1,4,7530.0,-1,12.409,-12.4,-2.09,-26.52,0,0,DCHG, ,
17065.9,1,1,1,1,4,7535.0,-1,12.408,-12.4,-2.09,-26.53,0,0,DCHG, ,
17070.9,1,1,1,1,4,7540.0,-1,12.408,-12.3,-2.09,-26.55,0,0,DCHG, ,
17075.9,1,1,1,1,4,7545.0,-1,12.407,-12.4,-2.09,-26.57,0,0,DCHG, ,
17080.9,1,1,1,1,4,7550.0,-1,12.407,-12.3,-2.09,-26.59,0,0,DCHG, ,
17085.9,1,1,1,1,4,7555.0,-1,12.407,-12.4,-2.09,-26.6,0,0,DCHG, ,
17090.9,1,1,1,1,4,7560.0,-1,12.406,-12.3,-2.09,-26.62,0,0,DCHG, ,
17095.9,1,1,1,1,4,7565.0,-1,12.406,-12.4,-2.1,-26.64,0,0,DCHG, ,
17100.9,1,1,1,1,4,7570.0,-1,12.406,-12.4,-2.1,-26.65,0,0,DCHG, ,
17105.9,1,1,1,1,4,7575.0,-1,12.405,-12.3,-2.1,-26.67,0,0,DCHG, ,
17110.9,1,1,1,1,4,7580.0,-1,12.405,-12.3,-2.1,-26.69,0,0,DCHG, ,
17115.9,1,1,1,1,4,7585.0,-1,12.404,-12.4,-2.1,-26.71,0,0,DCHG, ,
17120.9,1,1,1,1,4,7590.0,-1,12.404,-12.3,-2.1,-26.72,0,0,DCHG, ,
17125.9,1,1,1,1,4,7595.0,-1,12.404,-12.4,-2.1,-26.74,0,0,DCHG, ,
17130.9,1,1,1,1,4,7600.0,-1,12.404,-12.4,-2.11,-26.76,0,0,DCHG, ,
17135.9,1,1,1,1,4,7605.0,-1,12.403,-12.4,-2.11,-26.77,0,0,DCHG, ,
17140.9,1,1,1,1,4,7610.0,-1,12.403,-12.3,-2.11,-26.79,0,0,DCHG, ,
17145.9,1,1,1,1,4,7615.0,-1,12.402,-12.3,-2.11,-26.81,0,0,DCHG, ,
17150.9,1,1,1,1,4,7620.0,-1,12.402,-12.3,-2.11,-26.83,0,0,DCHG, ,
17155.9,1,1,1,1,4,7625.0,-1,12.402,-12.3,-2.11,-26.84,0,0,DCHG, ,
17160.9,1,1,1,1,4,7630.0,-1,12.402,-12.4,-2.11,-26.86,0,0,DCHG, ,
17165.9,1,1,1,1,4,7635.0,-1,12.401,-12.4,-2.12,-26.88,0,0,DCHG, ,
17170.9,1,1,1,1,4,7640.0,-1,12.401,-12.3,-2.12,-26.89,0,0,DCHG, ,
17175.9,1,1,1,1,4,7645.0,-1,12.4,-12.4,-2.12,-26.91,0,0,DCHG, ,
17180.9,1,1,1,1,4,7650.0,-1,12.4,-12.4,-2.12,-26.93,0,0,DCHG, ,
17185.9,1,1,1,1,4,7655.0,-1,12.399,-12.3,-2.12,-26.95,0,0,DCHG, ,
17190.9,1,1,1,1,4,7660.0,-1,12.399,-12.3,-2.12,-26.96,0,0,DCHG, ,
17195.9,1,1,1,1,4,7665.0,-1,12.399,-12.3,-2.12,-26.98,0,0,DCHG, ,
17200.9,1,1,1,1,4,7670.0,-1,12.399,-12.3,-2.13,-27,0,0,DCHG, ,
17205.9,1,1,1,1,4,7675.0,-1,12.399,-12.3,-2.13,-27.01,0,0,DCHG, ,
17210.9,1,1,1,1,4,7680.0,-1,12.398,-12.3,-2.13,-27.03,0,0,DCHG, ,
17215.9,1,1,1,1,4,7685.0,-1,12.398,-12.3,-2.13,-27.05,0,0,DCHG, ,
17220.9,1,1,1,1,4,7690.0,-1,12.397,-12.3,-2.13,-27.07,0,0,DCHG, ,
17225.9,1,1,1,1,4,7695.0,-1,12.397,-12.3,-2.13,-27.08,0,0,DCHG, ,
17230.9,1,1,1,1,4,7700.0,-1,12.397,-12.3,-2.13,-27.1,0,0,DCHG, ,
17235.9,1,1,1,1,4,7705.0,-1,12.396,-12.3,-2.13,-27.12,0,0,DCHG, ,
17240.9,1,1,1,1,4,7710.0,-1,12.396,-12.3,-2.14,-27.13,0,0,DCHG, ,
17245.9,1,1,1,1,4,7715.0,-1,12.396,-12.3,-2.14,-27.15,0,0,DCHG, ,
17250.9,1,1,1,1,4,7720.0,-1,12.396,-12.3,-2.14,-27.17,0,0,DCHG, ,
17255.9,1,1,1,1,4,7725.0,-1,12.395,-12.3,-2.14,-27.18,0,0,DCHG, ,
17260.9,1,1,1,1,4,7730.0,-1,12.395,-12.3,-2.14,-27.2,0,0,DCHG, ,
17265.9,1,1,1,1,4,7735.0,-1,12.395,-12.3,-2.14,-27.22,0,0,DCHG, ,
17270.9,1,1,1,1,4,7740.0,-1,12.395,-12.3,-2.14,-27.24,0,0,DCHG, ,
17275.9,1,1,1,1,4,7745.0,-1,12.394,-12.3,-2.15,-27.25,0,0,DCHG, ,
17280.9,1,1,1,1,4,7750.0,-1,12.394,-12.3,-2.15,-27.27,0,0,DCHG, ,
17285.9,1,1,1,1,4,7755.0,-1,12.393,-12.3,-2.15,-27.29,0,0,DCHG, ,
17290.9,1,1,1,1,4,7760.0,-1,12.393,-12.3,-2.15,-27.3,0,0,DCHG, ,
17295.9,1,1,1,1,4,7765.0,-1,12.392,-12.3,-2.15,-27.32,0,0,DCHG, ,
17300.9,1,1,1,1,4,7770.0,-1,12.392,-12.3,-2.15,-27.34,0,0,DCHG, ,
17305.9,1,1,1,1,4,7775.0,-1,12.392,-12.3,-2.15,-27.36,0,0,DCHG, ,
17310.9,1,1,1,1,4,7780.0,-1,12.391,-12.3,-2.16,-27.37,0,0,DCHG, ,
17315.9,1,1,1,1,4,7785.0,-1,12.391,-12.3,-2.16,-27.39,0,0,DCHG, ,
17320.9,1,1,1,1,4,7790.0,-1,12.39,-12.3,-2.16,-27.41,0,0,DCHG, ,
17325.9,1,1,1,1,4,7795.0,-1,12.39,-12.3,-2.16,-27.42,0,0,DCHG, ,
17330.9,1,1,1,1,4,7800.0,-1,12.39,-12.3,-2.16,-27.44,0,0,DCHG, ,
17335.9,1,1,1,1,4,7805.0,-1,12.389,-12.3,-2.16,-27.46,0,0,DCHG, ,
17340.9,1,1,1,1,4,7810.0,-1,12.389,-12.3,-2.16,-27.48,0,0,DCHG, ,
17345.9,1,1,1,1,4,7815.0,-1,12.389,-12.3,-2.17,-27.49,0,0,DCHG, ,
17350.9,1,1,1,1,4,7820.0,-1,12.389,-12.3,-2.17,-27.51,0,0,DCHG, ,
17355.9,1,1,1,1,4,7825.0,-1,12.388,-12.3,-2.17,-27.53,0,0,DCHG, ,
17360.9,1,1,1,1,4,7830.0,-1,12.388,-12.3,-2.17,-27.54,0,0,DCHG, ,
17365.9,1,1,1,1,4,7835.0,-1,12.388,-12.3,-2.17,-27.56,0,0,DCHG, ,
17370.9,1,1,1,1,4,7840.0,-1,12.387,-12.3,-2.17,-27.58,0,0,DCHG, ,
17375.9,1,1,1,1,4,7845.0,-1,12.387,-12.3,-2.17,-27.59,0,0,DCHG, ,
17380.9,1,1,1,1,4,7850.0,-1,12.387,-12.3,-2.18,-27.61,0,0,DCHG, ,
17385.9,1,1,1,1,4,7855.0,-1,12.387,-12.3,-2.18,-27.63,0,0,DCHG, ,
17390.9,1,1,1,1,4,7860.0,-1,12.386,-12.3,-2.18,-27.65,0,0,DCHG, ,
17395.9,1,1,1,1,4,7865.0,-1,12.386,-12.3,-2.18,-27.66,0,0,DCHG, ,
17400.9,1,1,1,1,4,7870.0,-1,12.386,-12.3,-2.18,-27.68,0,0,DCHG, ,
17405.9,1,1,1,1,4,7875.0,-1,12.385,-12.3,-2.18,-27.7,0,0,DCHG, ,
17410.9,1,1,1,1,4,7880.0,-1,12.385,-12.3,-2.18,-27.71,0,0,DCHG, ,
17415.9,1,1,1,1,4,7885.0,-1,12.384,-12.3,-2.18,-27.73,0,0,DCHG, ,
17420.9,1,1,1,1,4,7890.0,-1,12.384,-12.3,-2.19,-27.75,0,0,DCHG, ,
17425.9,1,1,1,1,4,7895.0,-1,12.383,-12.3,-2.19,-27.77,0,0,DCHG, ,
17430.9,1,1,1,1,4,7900.0,-1,12.383,-12.3,-2.19,-27.78,0,0,DCHG, ,
17435.9,1,1,1,1,4,7905.0,-1,12.383,-12.3,-2.19,-27.8,0,0,DCHG, ,
17440.9,1,1,1,1,4,7910.0,-1,12.383,-12.3,-2.19,-27.82,0,0,DCHG, ,
17445.9,1,1,1,1,4,7915.0,-1,12.382,-12.3,-2.19,-27.83,0,0,DCHG, ,
17450.9,1,1,1,1,4,7920.0,-1,12.382,-12.3,-2.19,-27.85,0,0,DCHG, ,
17455.9,1,1,1,1,4,7925.0,-1,12.381,-12.3,-2.2,-27.87,0,0,DCHG, ,
17460.9,1,1,1,1,4,7930.0,-1,12.382,-12.3,-2.2,-27.89,0,0,DCHG, ,
17465.9,1,1,1,1,4,7935.0,-1,12.381,-12.3,-2.2,-27.9,0,0,DCHG, ,
17470.9,1,1,1,1,4,7940.0,-1,12.381,-12.3,-2.2,-27.92,0,0,DCHG, ,
17475.9,1,1,1,1,4,7945.0,-1,12.38,-12.3,-2.2,-27.94,0,0,DCHG, ,
17480.9,1,1,1,1,4,7950.0,-1,12.38,-12.3,-2.2,-27.95,0,0,DCHG, ,
17485.9,1,1,1,1,4,7955.0,-1,12.38,-12.3,-2.2,-27.97,0,0,DCHG, ,
17490.9,1,1,1,1,4,7960.0,-1,12.38,-12.3,-2.21,-27.99,0,0,DCHG, ,
17495.9,1,1,1,1,4,7965.0,-1,12.38,-12.3,-2.21,-28,0,0,DCHG, ,
17500.9,1,1,1,1,4,7970.0,-1,12.379,-12.3,-2.21,-28.02,0,0,DCHG, ,
17505.9,1,1,1,1,4,7975.0,-1,12.379,-12.3,-2.21,-28.04,0,0,DCHG, ,
17510.9,1,1,1,1,4,7980.0,-1,12.379,-12.3,-2.21,-28.06,0,0,DCHG, ,
17515.9,1,1,1,1,4,7985.0,-1,12.378,-12.3,-2.21,-28.07,0,0,DCHG, ,
17520.9,1,1,1,1,4,7990.0,-1,12.378,-12.3,-2.21,-28.09,0,0,DCHG, ,
17525.9,1,1,1,1,4,7995.0,-1,12.378,-12.3,-2.22,-28.11,0,0,DCHG, ,
17530.9,1,1,1,1,4,8000.0,-1,12.377,-12.3,-2.22,-28.12,0,0,DCHG, ,
17535.9,1,1,1,1,4,8005.0,-1,12.377,-12.3,-2.22,-28.14,0,0,DCHG, ,
17540.9,1,1,1,1,4,8010.0,-1,12.377,-12.3,-2.22,-28.16,0,0,DCHG, ,
17545.9,1,1,1,1,4,8015.0,-1,12.376,-12.3,-2.22,-28.18,0,0,DCHG, ,
17550.9,1,1,1,1,4,8020.0,-1,12.376,-12.3,-2.22,-28.19,0,0,DCHG, ,
17555.9,1,1,1,1,4,8025.0,-1,12.376,-12.3,-2.22,-28.21,0,0,DCHG, ,
17560.9,1,1,1,1,4,8030.0,-1,12.376,-12.3,-2.23,-28.23,0,0,DCHG, ,
17565.9,1,1,1,1,4,8035.0,-1,12.375,-12.3,-2.23,-28.24,0,0,DCHG, ,
17570.9,1,1,1,1,4,8040.0,-1,12.375,-12.3,-2.23,-28.26,0,0,DCHG, ,
17575.9,1,1,1,1,4,8045.0,-1,12.375,-12.3,-2.23,-28.28,0,0,DCHG, ,
17580.9,1,1,1,1,4,8050.0,-1,12.374,-12.3,-2.23,-28.3,0,0,DCHG, ,
17585.9,1,1,1,1,4,8055.0,-1,12.374,-12.3,-2.23,-28.31,0,0,DCHG, ,
17590.9,1,1,1,1,4,8060.0,-1,12.373,-12.3,-2.23,-28.33,0,0,DCHG, ,
17595.9,1,1,1,1,4,8065.0,-1,12.373,-12.3,-2.23,-28.35,0,0,DCHG, ,
17600.9,1,1,1,1,4,8070.0,-1,12.373,-12.3,-2.24,-28.36,0,0,DCHG, ,
17605.9,1,1,1,1,4,8075.0,-1,12.373,-12.3,-2.24,-28.38,0,0,DCHG, ,
17610.9,1,1,1,1,4,8080.0,-1,12.372,-12.3,-2.24,-28.4,0,0,DCHG, ,
17615.9,1,1,1,1,4,8085.0,-0.99,12.372,-12.2,-2.24,-28.41,0,0,DCHG, ,
17620.9,1,1,1,1,4,8090.0,-1,12.372,-12.3,-2.24,-28.43,0,0,DCHG, ,
17625.9,1,1,1,1,4,8095.0,-1,12.372,-12.3,-2.24,-28.45,0,0,DCHG, ,
17630.9,1,1,1,1,4,8100.0,-1,12.371,-12.3,-2.24,-28.47,0,0,DCHG, ,
17635.9,1,1,1,1,4,8105.0,-1,12.371,-12.3,-2.25,-28.48,0,0,DCHG, ,
17640.9,1,1,1,1,4,8110.0,-1,12.371,-12.3,-2.25,-28.5,0,0,DCHG, ,
17645.9,1,1,1,1,4,8115.0,-1,12.371,-12.3,-2.25,-28.52,0,0,DCHG, ,
17650.9,1,1,1,1,4,8120.0,-1,12.37,-12.3,-2.25,-28.53,0,0,DCHG, ,
17655.9,1,1,1,1,4,8125.0,-1,12.369,-12.3,-2.25,-28.55,0,0,DCHG, ,
17660.9,1,1,1,1,4,8130.0,-1,12.369,-12.3,-2.25,-28.57,0,0,DCHG, ,
17665.9,1,1,1,1,4,8135.0,-1,12.369,-12.3,-2.25,-28.59,0,0,DCHG, ,
17670.9,1,1,1,1,4,8140.0,-1,12.369,-12.3,-2.26,-28.6,0,0,DCHG, ,
17675.9,1,1,1,1,4,8145.0,-1,12.369,-12.3,-2.26,-28.62,0,0,DCHG, ,
17680.9,1,1,1,1,4,8150.0,-1,12.368,-12.3,-2.26,-28.64,0,0,DCHG, ,
17685.9,1,1,1,1,4,8155.0,-1,12.368,-12.3,-2.26,-28.65,0,0,DCHG, ,
17690.9,1,1,1,1,4,8160.0,-1,12.368,-12.3,-2.26,-28.67,0,0,DCHG, ,
17695.9,1,1,1,1,4,8165.0,-1,12.367,-12.3,-2.26,-28.69,0,0,DCHG, ,
17700.9,1,1,1,1,4,8170.0,-1,12.367,-12.3,-2.26,-28.7,0,0,DCHG, ,
17705.9,1,1,1,1,4,8175.0,-1,12.367,-12.3,-2.27,-28.72,0,0,DCHG, ,
17710.9,1,1,1,1,4,8180.0,-1,12.366,-12.3,-2.27,-28.74,0,0,DCHG, ,
17715.9,1,1,1,1,4,8185.0,-1,12.366,-12.3,-2.27,-28.76,0,0,DCHG, ,
17720.9,1,1,1,1,4,8190.0,-1,12.366,-12.3,-2.27,-28.77,0,0,DCHG, ,
17725.9,1,1,1,1,4,8195.0,-1,12.366,-12.3,-2.27,-28.79,0,0,DCHG, ,
17730.9,1,1,1,1,4,8200.0,-1,12.365,-12.3,-2.27,-28.81,0,0,DCHG, ,
17735.9,1,1,1,1,4,8205.0,-1,12.365,-12.3,-2.27,-28.82,0,0,DCHG, ,
17740.9,1,1,1,1,4,8210.0,-1,12.365,-12.3,-2.28,-28.84,0,0,DCHG, ,
17745.9,1,1,1,1,4,8215.0,-1,12.364,-12.3,-2.28,-28.86,0,0,DCHG, ,
17750.9,1,1,1,1,4,8220.0,-1,12.364,-12.3,-2.28,-28.88,0,0,DCHG, ,
17755.9,1,1,1,1,4,8225.0,-1,12.364,-12.3,-2.28,-28.89,0,0,DCHG, ,
17760.9,1,1,1,1,4,8230.0,-1,12.363,-12.3,-2.28,-28.91,0,0,DCHG, ,
17765.9,1,1,1,1,4,8235.0,-1,12.363,-12.3,-2.28,-28.93,0,0,DCHG, ,
17770.9,1,1,1,1,4,8240.0,-1,12.363,-12.3,-2.28,-28.94,0,0,DCHG, ,
17775.9,1,1,1,1,4,8245.0,-1,12.363,-12.3,-2.28,-28.96,0,0,DCHG, ,
17780.9,1,1,1,1,4,8250.0,-1,12.362,-12.3,-2.29,-28.98,0,0,DCHG, ,
17785.9,1,1,1,1,4,8255.0,-1,12.362,-12.3,-2.29,-29,0,0,DCHG, ,
17790.9,1,1,1,1,4,8260.0,-1,12.361,-12.3,-2.29,-29.01,0,0,DCHG, ,
17795.9,1,1,1,1,4,8265.0,-1,12.361,-12.3,-2.29,-29.03,0,0,DCHG, ,
17800.9,1,1,1,1,4,8270.0,-1,12.361,-12.3,-2.29,-29.05,0,0,DCHG, ,
17805.9,1,1,1,1,4,8275.0,-1,12.36,-12.3,-2.29,-29.06,0,0,DCHG, ,
17810.9,1,1,1,1,4,8280.0,-1,12.36,-12.3,-2.29,-29.08,0,0,DCHG, ,
17815.9,1,1,1,1,4,8285.0,-1,12.36,-12.3,-2.3,-29.1,0,0,DCHG, ,
17820.9,1,1,1,1,4,8290.0,-1,12.36,-12.3,-2.3,-29.11,0,0,DCHG, ,
17825.9,1,1,1,1,4,8295.0,-1,12.359,-12.3,-2.3,-29.13,0,0,DCHG, ,
17830.9,1,1,1,1,4,8300.0,-1,12.359,-12.3,-2.3,-29.15,0,0,DCHG, ,
17835.9,1,1,1,1,4,8305.0,-1,12.359,-12.3,-2.3,-29.17,0,0,DCHG, ,
17840.9,1,1,1,1,4,8310.0,-0.99,12.358,-12.2,-2.3,-29.18,0,0,DCHG, ,
17845.9,1,1,1,1,4,8315.0,-1,12.358,-12.3,-2.3,-29.2,0,0,DCHG, ,
17850.9,1,1,1,1,4,8320.0,-1,12.358,-12.3,-2.31,-29.22,0,0,DCHG, ,
17855.9,1,1,1,1,4,8325.0,-1,12.357,-12.3,-2.31,-29.23,0,0,DCHG, ,
17860.9,1,1,1,1,4,8330.0,-1,12.357,-12.3,-2.31,-29.25,0,0,DCHG, ,
17865.9,1,1,1,1,4,8335.0,-1,12.357,-12.3,-2.31,-29.27,0,0,DCHG, ,
17870.9,1,1,1,1,4,8340.0,-1,12.357,-12.3,-2.31,-29.29,0,0,DCHG, ,
17875.9,1,1,1,1,4,8345.0,-1,12.357,-12.3,-2.31,-29.3,0,0,DCHG, ,
17880.9,1,1,1,1,4,8350.0,-1,12.356,-12.3,-2.31,-29.32,0,0,DCHG, ,
17885.9,1,1,1,1,4,8355.0,-1,12.356,-12.3,-2.32,-29.34,0,0,DCHG, ,
17890.9,1,1,1,1,4,8360.0,-1,12.355,-12.3,-2.32,-29.35,0,0,DCHG, ,
17895.9,1,1,1,1,4,8365.0,-1,12.355,-12.3,-2.32,-29.37,0,0,DCHG, ,
17900.9,1,1,1,1,4,8370.0,-1,12.355,-12.3,-2.32,-29.39,0,0,DCHG, ,
17905.9,1,1,1,1,4,8375.0,-1,12.355,-12.3,-2.32,-29.41,0,0,DCHG, ,
17910.9,1,1,1,1,4,8380.0,-1,12.354,-12.3,-2.32,-29.42,0,0,DCHG, ,
17915.9,1,1,1,1,4,8385.0,-1,12.354,-12.3,-2.32,-29.44,0,0,DCHG, ,
17920.9,1,1,1,1,4,8390.0,-1,12.353,-12.3,-2.33,-29.46,0,0,DCHG, ,
17925.9,1,1,1,1,4,8395.0,-1,12.353,-12.3,-2.33,-29.47,0,0,DCHG, ,
17930.9,1,1,1,1,4,8400.0,-1,12.353,-12.3,-2.33,-29.49,0,0,DCHG, ,
17935.9,1,1,1,1,4,8405.0,-1,12.353,-12.3,-2.33,-29.51,0,0,DCHG, ,
17940.9,1,1,1,1,4,8410.0,-1,12.352,-12.3,-2.33,-29.52,0,0,DCHG, ,
17945.9,1,1,1,1,4,8415.0,-1,12.352,-12.3,-2.33,-29.54,0,0,DCHG, ,
17950.9,1,1,1,1,4,8420.0,-1,12.352,-12.3,-2.33,-29.56,0,0,DCHG, ,
17955.9,1,1,1,1,4,8425.0,-1,12.351,-12.3,-2.33,-29.58,0,0,DCHG, ,
17960.9,1,1,1,1,4,8430.0,-1,12.351,-12.3,-2.34,-29.59,0,0,DCHG, ,
17965.9,1,1,1,1,4,8435.0,-1,12.351,-12.3,-2.34,-29.61,0,0,DCHG, ,
17970.9,1,1,1,1,4,8440.0,-1,12.35,-12.3,-2.34,-29.63,0,0,DCHG, ,
17975.9,1,1,1,1,4,8445.0,-1,12.35,-12.3,-2.34,-29.64,0,0,DCHG, ,
17980.9,1,1,1,1,4,8450.0,-1,12.35,-12.3,-2.34,-29.66,0,0,DCHG, ,
17985.9,1,1,1,1,4,8455.0,-1,12.35,-12.3,-2.34,-29.68,0,0,DCHG, ,
17990.9,1,1,1,1,4,8460.0,-1,12.35,-12.3,-2.34,-29.7,0,0,DCHG, ,
17995.9,1,1,1,1,4,8465.0,-1,12.349,-12.3,-2.35,-29.71,0,0,DCHG, ,
18000.9,1,1,1,1,4,8470.0,-1,12.349,-12.3,-2.35,-29.73,0,0,DCHG, ,
18005.9,1,1,1,1,4,8475.0,-1,12.349,-12.3,-2.35,-29.75,0,0,DCHG, ,
18010.9,1,1,1,1,4,8480.0,-1,12.349,-12.3,-2.35,-29.76,0,0,DCHG, ,
18015.9,1,1,1,1,4,8485.0,-1,12.348,-12.3,-2.35,-29.78,0,0,DCHG, ,
18020.9,1,1,1,1,4,8490.0,-1,12.348,-12.3,-2.35,-29.8,0,0,DCHG, ,
18025.9,1,1,1,1,4,8495.0,-1,12.348,-12.3,-2.35,-29.82,0,0,DCHG, ,
18030.9,1,1,1,1,4,8500.0,-1,12.348,-12.3,-2.36,-29.83,0,0,DCHG, ,
18035.9,1,1,1,1,4,8505.0,-1,12.347,-12.3,-2.36,-29.85,0,0,DCHG, ,
18040.9,1,1,1,1,4,8510.0,-1,12.347,-12.3,-2.36,-29.87,0,0,DCHG, ,
18045.9,1,1,1,1,4,8515.0,-1,12.346,-12.3,-2.36,-29.88,0,0,DCHG, ,
18050.9,1,1,1,1,4,8520.0,-1,12.346,-12.3,-2.36,-29.9,0,0,DCHG, ,
18055.9,1,1,1,1,4,8525.0,-1,12.346,-12.3,-2.36,-29.92,0,0,DCHG, ,
18060.9,1,1,1,1,4,8530.0,-1,12.346,-12.3,-2.36,-29.93,0,0,DCHG, ,
18065.9,1,1,1,1,4,8535.0,-1,12.345,-12.3,-2.37,-29.95,0,0,DCHG, ,
18070.9,1,1,1,1,4,8540.0,-1,12.345,-12.3,-2.37,-29.97,0,0,DCHG, ,
18075.9,1,1,1,1,4,8545.0,-1,12.344,-12.3,-2.37,-29.99,0,0,DCHG, ,
18080.9,1,1,1,1,4,8550.0,-1,12.344,-12.3,-2.37,-30,0,0,DCHG, ,
18085.9,1,1,1,1,4,8555.0,-1,12.344,-12.3,-2.37,-30.02,0,0,DCHG, ,
18090.9,1,1,1,1,4,8560.0,-1,12.344,-12.3,-2.37,-30.04,0,0,DCHG, ,
18095.9,1,1,1,1,4,8565.0,-1,12.344,-12.3,-2.37,-30.05,0,0,DCHG, ,
18100.9,1,1,1,1,4,8570.0,-1,12.344,-12.3,-2.38,-30.07,0,0,DCHG, ,
18105.9,1,1,1,1,4,8575.0,-1,12.343,-12.3,-2.38,-30.09,0,0,DCHG, ,
18110.9,1,1,1,1,4,8580.0,-1,12.342,-12.3,-2.38,-30.11,0,0,DCHG, ,
18115.9,1,1,1,1,4,8585.0,-1,12.343,-12.3,-2.38,-30.12,0,0,DCHG, ,
18120.9,1,1,1,1,4,8590.0,-1,12.342,-12.3,-2.38,-30.14,0,0,DCHG, ,
18125.9,1,1,1,1,4,8595.0,-1,12.342,-12.3,-2.38,-30.16,0,0,DCHG, ,
18130.9,1,1,1,1,4,8600.0,-1,12.342,-12.3,-2.38,-30.17,0,0,DCHG, ,
18135.9,1,1,1,1,4,8605.0,-1,12.342,-12.3,-2.38,-30.19,0,0,DCHG, ,
18140.9,1,1,1,1,4,8610.0,-1,12.341,-12.3,-2.39,-30.21,0,0,DCHG, ,
18145.9,1,1,1,1,4,8615.0,-1,12.34,-12.3,-2.39,-30.23,0,0,DCHG, ,
18150.9,1,1,1,1,4,8620.0,-1,12.34,-12.3,-2.39,-30.24,0,0,DCHG, ,
18155.9,1,1,1,1,4,8625.0,-1,12.34,-12.3,-2.39,-30.26,0,0,DCHG, ,
18160.9,1,1,1,1,4,8630.0,-1,12.34,-12.3,-2.39,-30.28,0,0,DCHG, ,
18165.9,1,1,1,1,4,8635.0,-1,12.339,-12.3,-2.39,-30.29,0,0,DCHG, ,
18170.9,1,1,1,1,4,8640.0,-1,12.339,-12.3,-2.39,-30.31,0,0,DCHG, ,
18175.9,1,1,1,1,4,8645.0,-1,12.339,-12.3,-2.4,-30.33,0,0,DCHG, ,
18180.9,1,1,1,1,4,8650.0,-1,12.338,-12.3,-2.4,-30.34,0,0,DCHG, ,
18185.9,1,1,1,1,4,8655.0,-1,12.338,-12.3,-2.4,-30.36,0,0,DCHG, ,
18190.9,1,1,1,1,4,8660.0,-1,12.338,-12.3,-2.4,-30.38,0,0,DCHG, ,
18195.9,1,1,1,1,4,8665.0,-1,12.338,-12.3,-2.4,-30.4,0,0,DCHG, ,
18200.9,1,1,1,1,4,8670.0,-1,12.338,-12.3,-2.4,-30.41,0,0,DCHG, ,
18205.9,1,1,1,1,4,8675.0,-1,12.337,-12.3,-2.4,-30.43,0,0,DCHG, ,
18210.9,1,1,1,1,4,8680.0,-1,12.337,-12.3,-2.41,-30.45,0,0,DCHG, ,
18215.9,1,1,1,1,4,8685.0,-1,12.336,-12.3,-2.41,-30.46,0,0,DCHG, ,
18220.9,1,1,1,1,4,8690.0,-1,12.336,-12.3,-2.41,-30.48,0,0,DCHG, ,
18225.9,1,1,1,1,4,8695.0,-1,12.336,-12.3,-2.41,-30.5,0,0,DCHG, ,
18230.9,1,1,1,1,4,8700.0,-1,12.336,-12.3,-2.41,-30.52,0,0,DCHG, ,
18235.9,1,1,1,1,4,8705.0,-1,12.335,-12.3,-2.41,-30.53,0,0,DCHG, ,
18240.9,1,1,1,1,4,8710.0,-1,12.335,-12.3,-2.41,-30.55,0,0,DCHG, ,
18245.9,1,1,1,1,4,8715.0,-1,12.335,-12.3,-2.42,-30.57,0,0,DCHG, ,
18250.9,1,1,1,1,4,8720.0,-1,12.335,-12.3,-2.42,-30.58,0,0,DCHG, ,
18255.9,1,1,1,1,4,8725.0,-1,12.334,-12.3,-2.42,-30.6,0,0,DCHG, ,
18260.9,1,1,1,1,4,8730.0,-1,12.334,-12.3,-2.42,-30.62,0,0,DCHG, ,
18265.9,1,1,1,1,4,8735.0,-1,12.334,-12.3,-2.42,-30.64,0,0,DCHG, ,
18270.9,1,1,1,1,4,8740.0,-1,12.333,-12.3,-2.42,-30.65,0,0,DCHG, ,
18275.9,1,1,1,1,4,8745.0,-1,12.333,-12.3,-2.42,-30.67,0,0,DCHG, ,
18280.9,1,1,1,1,4,8750.0,-1,12.333,-12.3,-2.43,-30.69,0,0,DCHG, ,
18285.9,1,1,1,1,4,8755.0,-1,12.332,-12.3,-2.43,-30.7,0,0,DCHG, ,
18290.9,1,1,1,1,4,8760.0,-1,12.333,-12.3,-2.43,-30.72,0,0,DCHG, ,
18295.9,1,1,1,1,4,8765.0,-1,12.332,-12.3,-2.43,-30.74,0,0,DCHG, ,
18300.9,1,1,1,1,4,8770.0,-1,12.331,-12.3,-2.43,-30.75,0,0,DCHG, ,
18305.9,1,1,1,1,4,8775.0,-1,12.331,-12.3,-2.43,-30.77,0,0,DCHG, ,
18310.9,1,1,1,1,4,8780.0,-1,12.331,-12.3,-2.43,-30.79,0,0,DCHG, ,
18315.9,1,1,1,1,4,8785.0,-1,12.331,-12.3,-2.43,-30.81,0,0,DCHG, ,
18320.9,1,1,1,1,4,8790.0,-1,12.331,-12.3,-2.44,-30.82,0,0,DCHG, ,
18325.9,1,1,1,1,4,8795.0,-1,12.33,-12.3,-2.44,-30.84,0,0,DCHG, ,
18330.9,1,1,1,1,4,8800.0,-1,12.33,-12.3,-2.44,-30.86,0,0,DCHG, ,
18335.9,1,1,1,1,4,8805.0,-1,12.33,-12.3,-2.44,-30.87,0,0,DCHG, ,
18340.9,1,1,1,1,4,8810.0,-1,12.329,-12.3,-2.44,-30.89,0,0,DCHG, ,
18345.9,1,1,1,1,4,8815.0,-1,12.329,-12.3,-2.44,-30.91,0,0,DCHG, ,
18350.9,1,1,1,1,4,8820.0,-1,12.329,-12.3,-2.44,-30.93,0,0,DCHG, ,
18355.9,1,1,1,1,4,8825.0,-1,12.328,-12.3,-2.45,-30.94,0,0,DCHG, ,
18360.9,1,1,1,1,4,8830.0,-1,12.328,-12.3,-2.45,-30.96,0,0,DCHG, ,
18365.9,1,1,1,1,4,8835.0,-1,12.328,-12.3,-2.45,-30.98,0,0,DCHG, ,
18370.9,1,1,1,1,4,8840.0,-0.99,12.328,-12.2,-2.45,-30.99,0,0,DCHG, ,
18375.9,1,1,1,1,4,8845.0,-1,12.328,-12.3,-2.45,-31.01,0,0,DCHG, ,
18380.9,1,1,1,1,4,8850.0,-1,12.327,-12.3,-2.45,-31.03,0,0,DCHG, ,
18385.9,1,1,1,1,4,8855.0,-1,12.327,-12.3,-2.45,-31.05,0,0,DCHG, ,
18390.9,1,1,1,1,4,8860.0,-1,12.327,-12.3,-2.46,-31.06,0,0,DCHG, ,
18395.9,1,1,1,1,4,8865.0,-1,12.326,-12.3,-2.46,-31.08,0,0,DCHG, ,
18400.9,1,1,1,1,4,8870.0,-1,12.326,-12.3,-2.46,-31.1,0,0,DCHG, ,
18405.9,1,1,1,1,4,8875.0,-1,12.326,-12.3,-2.46,-31.11,0,0,DCHG, ,
18410.9,1,1,1,1,4,8880.0,-1,12.325,-12.3,-2.46,-31.13,0,0,DCHG, ,
18415.9,1,1,1,1,4,8885.0,-1,12.325,-12.3,-2.46,-31.15,0,0,DCHG, ,
18420.9,1,1,1,1,4,8890.0,-1,12.325,-12.3,-2.46,-31.16,0,0,DCHG, ,
18425.9,1,1,1,1,4,8895.0,-1,12.324,-12.3,-2.47,-31.18,0,0,DCHG, ,
18430.9,1,1,1,1,4,8900.0,-1,12.324,-12.3,-2.47,-31.2,0,0,DCHG, ,
18435.9,1,1,1,1,4,8905.0,-1,12.324,-12.3,-2.47,-31.22,0,0,DCHG, ,
18440.9,1,1,1,1,4,8910.0,-1,12.324,-12.3,-2.47,-31.23,0,0,DCHG, ,
18445.9,1,1,1,1,4,8915.0,-1,12.324,-12.3,-2.47,-31.25,0,0,DCHG, ,
18450.9,1,1,1,1,4,8920.0,-1,12.324,-12.3,-2.47,-31.27,0,0,DCHG, ,
18455.9,1,1,1,1,4,8925.0,-1,12.323,-12.2,-2.47,-31.28,0,0,DCHG, ,
18460.9,1,1,1,1,4,8930.0,-1,12.323,-12.3,-2.48,-31.3,0,0,DCHG, ,
18465.9,1,1,1,1,4,8935.0,-1,12.322,-12.2,-2.48,-31.32,0,0,DCHG, ,
18470.9,1,1,1,1,4,8940.0,-1,12.322,-12.3,-2.48,-31.34,0,0,DCHG, ,
18475.9,1,1,1,1,4,8945.0,-1,12.322,-12.2,-2.48,-31.35,0,0,DCHG, ,
18480.9,1,1,1,1,4,8950.0,-1,12.322,-12.3,-2.48,-31.37,0,0,DCHG, ,
18485.9,1,1,1,1,4,8955.0,-1,12.321,-12.3,-2.48,-31.39,0,0,DCHG, ,
18490.9,1,1,1,1,4,8960.0,-1,12.321,-12.3,-2.48,-31.4,0,0,DCHG, ,
18495.9,1,1,1,1,4,8965.0,-1,12.32,-12.2,-2.48,-31.42,0,0,DCHG, ,
18500.9,1,1,1,1,4,8970.0,-1,12.32,-12.2,-2.49,-31.44,0,0,DCHG, ,
18505.9,1,1,1,1,4,8975.0,-1,12.32,-12.3,-2.49,-31.45,0,0,DCHG, ,
18510.9,1,1,1,1,4,8980.0,-1,12.32,-12.3,-2.49,-31.47,0,0,DCHG, ,
18515.9,1,1,1,1,4,8985.0,-1,12.319,-12.3,-2.49,-31.49,0,0,DCHG, ,
18520.9,1,1,1,1,4,8990.0,-1,12.319,-12.2,-2.49,-31.51,0,0,DCHG, ,
18525.9,1,1,1,1,4,8995.0,-1,12.319,-12.2,-2.49,-31.52,0,0,DCHG, ,
18530.9,1,1,1,1,4,9000.0,-1,12.319,-12.3,-2.49,-31.54,0,0,DCHG, ,
18535.9,1,1,1,1,4,9005.0,-1,12.318,-12.2,-2.5,-31.56,0,0,DCHG, ,
18540.9,1,1,1,1,4,9010.0,-1,12.317,-12.3,-2.5,-31.57,0,0,DCHG, ,
18545.9,1,1,1,1,4,9015.0,-1,12.318,-12.2,-2.5,-31.59,0,0,DCHG, ,
18550.9,1,1,1,1,4,9020.0,-1,12.318,-12.3,-2.5,-31.61,0,0,DCHG, ,
18555.9,1,1,1,1,4,9025.0,-1,12.318,-12.2,-2.5,-31.62,0,0,DCHG, ,
18560.9,1,1,1,1,4,9030.0,-1,12.317,-12.2,-2.5,-31.64,0,0,DCHG, ,
18565.9,1,1,1,1,4,9035.0,-1,12.317,-12.2,-2.5,-31.66,0,0,DCHG, ,
18570.9,1,1,1,1,4,9040.0,-1,12.316,-12.2,-2.51,-31.68,0,0,DCHG, ,
18575.9,1,1,1,1,4,9045.0,-1,12.316,-12.3,-2.51,-31.69,0,0,DCHG, ,
18580.9,1,1,1,1,4,9050.0,-1,12.316,-12.2,-2.51,-31.71,0,0,DCHG, ,
18585.9,1,1,1,1,4,9055.0,-1,12.316,-12.2,-2.51,-31.73,0,0,DCHG, ,
18590.9,1,1,1,1,4,9060.0,-1,12.315,-12.2,-2.51,-31.74,0,0,DCHG, ,
18595.9,1,1,1,1,4,9065.0,-1,12.315,-12.3,-2.51,-31.76,0,0,DCHG, ,
18600.9,1,1,1,1,4,9070.0,-1,12.315,-12.2,-2.51,-31.78,0,0,DCHG, ,
18605.9,1,1,1,1,4,9075.0,-1,12.315,-12.3,-2.52,-31.79,0,0,DCHG, ,
18610.9,1,1,1,1,4,9080.0,-1,12.314,-12.2,-2.52,-31.81,0,0,DCHG, ,
18615.9,1,1,1,1,4,9085.0,-1,12.314,-12.2,-2.52,-31.83,0,0,DCHG, ,
18620.9,1,1,1,1,4,9090.0,-1,12.314,-12.2,-2.52,-31.85,0,0,DCHG, ,
18625.9,1,1,1,1,4,9095.0,-1,12.313,-12.3,-2.52,-31.86,0,0,DCHG, ,
18630.9,1,1,1,1,4,9100.0,-1,12.314,-12.3,-2.52,-31.88,0,0,DCHG, ,
18635.9,1,1,1,1,4,9105.0,-1,12.313,-12.3,-2.52,-31.9,0,0,DCHG, ,
18640.9,1,1,1,1,4,9110.0,-1,12.312,-12.3,-2.53,-31.91,0,0,DCHG, ,
18645.9,1,1,1,1,4,9115.0,-1,12.312,-12.2,-2.53,-31.93,0,0,DCHG, ,
18650.9,1,1,1,1,4,9120.0,-1,12.312,-12.2,-2.53,-31.95,0,0,DCHG, ,
18655.9,1,1,1,1,4,9125.0,-1,12.312,-12.2,-2.53,-31.96,0,0,DCHG, ,
18660.9,1,1,1,1,4,9130.0,-1,12.311,-12.3,-2.53,-31.98,0,0,DCHG, ,
18665.9,1,1,1,1,4,9135.0,-1,12.311,-12.2,-2.53,-32,0,0,DCHG, ,
18670.9,1,1,1,1,4,9140.0,-1,12.311,-12.3,-2.53,-32.02,0,0,DCHG, ,
18675.9,1,1,1,1,4,9145.0,-1,12.31,-12.3,-2.53,-32.03,0,0,DCHG, ,
18680.9,1,1,1,1,4,9150.0,-1,12.311,-12.3,-2.54,-32.05,0,0,DCHG, ,
18685.9,1,1,1,1,4,9155.0,-1,12.31,-12.2,-2.54,-32.07,0,0,DCHG, ,
18690.9,1,1,1,1,4,9160.0,-1,12.31,-12.2,-2.54,-32.08,0,0,DCHG, ,
18695.9,1,1,1,1,4,9165.0,-1,12.309,-12.2,-2.54,-32.1,0,0,DCHG, ,
18700.9,1,1,1,1,4,9170.0,-1,12.309,-12.3,-2.54,-32.12,0,0,DCHG, ,
18705.9,1,1,1,1,4,9175.0,-1,12.309,-12.3,-2.54,-32.13,0,0,DCHG, ,
18710.9,1,1,1,1,4,9180.0,-1,12.309,-12.3,-2.54,-32.15,0,0,DCHG, ,
18715.9,1,1,1,1,4,9185.0,-1,12.308,-12.2,-2.55,-32.17,0,0,DCHG, ,
18720.9,1,1,1,1,4,9190.0,-1,12.308,-12.3,-2.55,-32.19,0,0,DCHG, ,
18725.9,1,1,1,1,4,9195.0,-1,12.308,-12.2,-2.55,-32.2,0,0,DCHG, ,
18730.9,1,1,1,1,4,9200.0,-1,12.307,-12.2,-2.55,-32.22,0,0,DCHG, ,
18735.9,1,1,1,1,4,9205.0,-1,12.307,-12.3,-2.55,-32.24,0,0,DCHG, ,
18740.9,1,1,1,1,4,9210.0,-1,12.307,-12.3,-2.55,-32.25,0,0,DCHG, ,
18745.9,1,1,1,1,4,9215.0,-1,12.307,-12.2,-2.55,-32.27,0,0,DCHG, ,
18750.9,1,1,1,1,4,9220.0,-1,12.306,-12.2,-2.56,-32.29,0,0,DCHG, ,
18755.9,1,1,1,1,4,9225.0,-1,12.306,-12.2,-2.56,-32.3,0,0,DCHG, ,
18760.9,1,1,1,1,4,9230.0,-1,12.305,-12.2,-2.56,-32.32,0,0,DCHG, ,
18765.9,1,1,1,1,4,9235.0,-1,12.305,-12.2,-2.56,-32.34,0,0,DCHG, ,
18770.9,1,1,1,1,4,9240.0,-1,12.305,-12.2,-2.56,-32.36,0,0,DCHG, ,
18775.9,1,1,1,1,4,9245.0,-1,12.305,-12.3,-2.56,-32.37,0,0,DCHG, ,
18780.9,1,1,1,1,4,9250.0,-1,12.304,-12.3,-2.56,-32.39,0,0,DCHG, ,
18785.9,1,1,1,1,4,9255.0,-1,12.305,-12.2,-2.57,-32.41,0,0,DCHG, ,
18790.9,1,1,1,1,4,9260.0,-1,12.304,-12.3,-2.57,-32.42,0,0,DCHG, ,
18795.9,1,1,1,1,4,9265.0,-1,12.303,-12.2,-2.57,-32.44,0,0,DCHG, ,
18800.9,1,1,1,1,4,9270.0,-1,12.304,-12.2,-2.57,-32.46,0,0,DCHG, ,
18805.9,1,1,1,1,4,9275.0,-1,12.303,-12.3,-2.57,-32.47,0,0,DCHG, ,
18810.9,1,1,1,1,4,9280.0,-1,12.303,-12.3,-2.57,-32.49,0,0,DCHG, ,
18815.9,1,1,1,1,4,9285.0,-1,12.302,-12.2,-2.57,-32.51,0,0,DCHG, ,
18820.9,1,1,1,1,4,9290.0,-1,12.302,-12.2,-2.58,-32.53,0,0,DCHG, ,
18825.9,1,1,1,1,4,9295.0,-1,12.302,-12.2,-2.58,-32.54,0,0,DCHG, ,
18830.9,1,1,1,1,4,9300.0,-1,12.302,-12.2,-2.58,-32.56,0,0,DCHG, ,
18835.9,1,1,1,1,4,9305.0,-1,12.301,-12.2,-2.58,-32.58,0,0,DCHG, ,
18840.9,1,1,1,1,4,9310.0,-1,12.301,-12.3,-2.58,-32.59,0,0,DCHG, ,
18845.9,1,1,1,1,4,9315.0,-1,12.301,-12.2,-2.58,-32.61,0,0,DCHG, ,
18850.9,1,1,1,1,4,9320.0,-1,12.301,-12.2,-2.58,-32.63,0,0,DCHG, ,
18855.9,1,1,1,1,4,9325.0,-1,12.301,-12.2,-2.58,-32.64,0,0,DCHG, ,
18860.9,1,1,1,1,4,9330.0,-1,12.3,-12.3,-2.59,-32.66,0,0,DCHG, ,
18865.9,1,1,1,1,4,9335.0,-1,12.3,-12.2,-2.59,-32.68,0,0,DCHG, ,
18870.9,1,1,1,1,4,9340.0,-1,12.3,-12.2,-2.59,-32.7,0,0,DCHG, ,
18875.9,1,1,1,1,4,9345.0,-1,12.299,-12.2,-2.59,-32.71,0,0,DCHG, ,
18880.9,1,1,1,1,4,9350.0,-1,12.299,-12.2,-2.59,-32.73,0,0,DCHG, ,
18885.9,1,1,1,1,4,9355.0,-1,12.299,-12.2,-2.59,-32.75,0,0,DCHG, ,
18890.9,1,1,1,1,4,9360.0,-1,12.298,-12.2,-2.59,-32.76,0,0,DCHG, ,
18895.9,1,1,1,1,4,9365.0,-1,12.298,-12.2,-2.6,-32.78,0,0,DCHG, ,
18900.9,1,1,1,1,4,9370.0,-1,12.298,-12.2,-2.6,-32.8,0,0,DCHG, ,
18905.9,1,1,1,1,4,9375.0,-1,12.298,-12.2,-2.6,-32.81,0,0,DCHG, ,
18910.9,1,1,1,1,4,9380.0,-1,12.297,-12.2,-2.6,-32.83,0,0,DCHG, ,
18915.9,1,1,1,1,4,9385.0,-1,12.297,-12.2,-2.6,-32.85,0,0,DCHG, ,
18920.9,1,1,1,1,4,9390.0,-1,12.297,-12.2,-2.6,-32.87,0,0,DCHG, ,
18925.9,1,1,1,1,4,9395.0,-1,12.297,-12.2,-2.6,-32.88,0,0,DCHG, ,
18930.9,1,1,1,1,4,9400.0,-1,12.296,-12.2,-2.61,-32.9,0,0,DCHG, ,
18935.9,1,1,1,1,4,9405.0,-1,12.296,-12.2,-2.61,-32.92,0,0,DCHG, ,
18940.9,1,1,1,1,4,9410.0,-1,12.296,-12.2,-2.61,-32.93,0,0,DCHG, ,
18945.9,1,1,1,1,4,9415.0,-1,12.296,-12.2,-2.61,-32.95,0,0,DCHG, ,
18950.9,1,1,1,1,4,9420.0,-1,12.295,-12.2,-2.61,-32.97,0,0,DCHG, ,
18955.9,1,1,1,1,4,9425.0,-1,12.295,-12.2,-2.61,-32.98,0,0,DCHG, ,
18960.9,1,1,1,1,4,9430.0,-1,12.295,-12.2,-2.61,-33,0,0,DCHG, ,
18965.9,1,1,1,1,4,9435.0,-1,12.294,-12.2,-2.62,-33.02,0,0,DCHG, ,
18970.9,1,1,1,1,4,9440.0,-1,12.294,-12.2,-2.62,-33.03,0,0,DCHG, ,
18975.9,1,1,1,1,4,9445.0,-1,12.294,-12.2,-2.62,-33.05,0,0,DCHG, ,
18980.9,1,1,1,1,4,9450.0,-1,12.294,-12.2,-2.62,-33.07,0,0,DCHG, ,
18985.9,1,1,1,1,4,9455.0,-1,12.293,-12.2,-2.62,-33.09,0,0,DCHG, ,
18990.9,1,1,1,1,4,9460.0,-1,12.293,-12.2,-2.62,-33.1,0,0,DCHG, ,
18995.9,1,1,1,1,4,9465.0,-1,12.293,-12.2,-2.62,-33.12,0,0,DCHG, ,
19000.9,1,1,1,1,4,9470.0,-1,12.292,-12.2,-2.63,-33.14,0,0,DCHG, ,
19005.9,1,1,1,1,4,9475.0,-1,12.292,-12.2,-2.63,-33.15,0,0,DCHG, ,
19010.9,1,1,1,1,4,9480.0,-1,12.292,-12.2,-2.63,-33.17,0,0,DCHG, ,
19015.9,1,1,1,1,4,9485.0,-1,12.291,-12.2,-2.63,-33.19,0,0,DCHG, ,
19020.9,1,1,1,1,4,9490.0,-1,12.291,-12.2,-2.63,-33.2,0,0,DCHG, ,
19025.9,1,1,1,1,4,9495.0,-1,12.29,-12.2,-2.63,-33.22,0,0,DCHG, ,
19030.9,1,1,1,1,4,9500.0,-1,12.29,-12.2,-2.63,-33.24,0,0,DCHG, ,
19035.9,1,1,1,1,4,9505.0,-1,12.29,-12.2,-2.63,-33.26,0,0,DCHG, ,
19040.9,1,1,1,1,4,9510.0,-1,12.29,-12.2,-2.64,-33.27,0,0,DCHG, ,
19045.9,1,1,1,1,4,9515.0,-1,12.29,-12.2,-2.64,-33.29,0,0,DCHG, ,
19050.9,1,1,1,1,4,9520.0,-0.99,12.289,-12.2,-2.64,-33.31,0,0,DCHG, ,
19055.9,1,1,1,1,4,9525.0,-1,12.289,-12.2,-2.64,-33.32,0,0,DCHG, ,
19060.9,1,1,1,1,4,9530.0,-1,12.289,-12.2,-2.64,-33.34,0,0,DCHG, ,
19065.9,1,1,1,1,4,9535.0,-1,12.289,-12.2,-2.64,-33.36,0,0,DCHG, ,
19070.9,1,1,1,1,4,9540.0,-1,12.288,-12.2,-2.64,-33.37,0,0,DCHG, ,
19075.9,1,1,1,1,4,9545.0,-1,12.288,-12.2,-2.65,-33.39,0,0,DCHG, ,
19080.9,1,1,1,1,4,9550.0,-1,12.288,-12.2,-2.65,-33.41,0,0,DCHG, ,
19085.9,1,1,1,1,4,9555.0,-1,12.287,-12.2,-2.65,-33.42,0,0,DCHG, ,
19090.9,1,1,1,1,4,9560.0,-1,12.287,-12.2,-2.65,-33.44,0,0,DCHG, ,
19095.9,1,1,1,1,4,9565.0,-1,12.287,-12.2,-2.65,-33.46,0,0,DCHG, ,
19100.9,1,1,1,1,4,9570.0,-1,12.286,-12.2,-2.65,-33.48,0,0,DCHG, ,
19105.9,1,1,1,1,4,9575.0,-1,12.286,-12.2,-2.65,-33.49,0,0,DCHG, ,
19110.9,1,1,1,1,4,9580.0,-1,12.286,-12.2,-2.66,-33.51,0,0,DCHG, ,
19115.9,1,1,1,1,4,9585.0,-1,12.286,-12.2,-2.66,-33.53,0,0,DCHG, ,
19120.9,1,1,1,1,4,9590.0,-1,12.286,-12.2,-2.66,-33.54,0,0,DCHG, ,
19125.9,1,1,1,1,4,9595.0,-1,12.286,-12.2,-2.66,-33.56,0,0,DCHG, ,
19130.9,1,1,1,1,4,9600.0,-0.99,12.286,-12.1,-2.66,-33.58,0,0,DCHG, ,
19135.9,1,1,1,1,4,9605.0,-1,12.285,-12.2,-2.66,-33.59,0,0,DCHG, ,
19140.9,1,1,1,1,4,9610.0,-1,12.284,-12.2,-2.66,-33.61,0,0,DCHG, ,
19145.9,1,1,1,1,4,9615.0,-1,12.284,-12.2,-2.67,-33.63,0,0,DCHG, ,
19150.9,1,1,1,1,4,9620.0,-1,12.284,-12.2,-2.67,-33.64,0,0,DCHG, ,
19155.9,1,1,1,1,4,9625.0,-1,12.283,-12.2,-2.67,-33.66,0,0,DCHG, ,
19160.9,1,1,1,1,4,9630.0,-1,12.283,-12.2,-2.67,-33.68,0,0,DCHG, ,
19165.9,1,1,1,1,4,9635.0,-1,12.283,-12.2,-2.67,-33.7,0,0,DCHG, ,
19170.9,1,1,1,1,4,9640.0,-1,12.282,-12.2,-2.67,-33.71,0,0,DCHG, ,
19175.9,1,1,1,1,4,9645.0,-1,12.282,-12.2,-2.67,-33.73,0,0,DCHG, ,
19180.9,1,1,1,1,4,9650.0,-1,12.282,-12.2,-2.68,-33.75,0,0,DCHG, ,
19185.9,1,1,1,1,4,9655.0,-1,12.282,-12.2,-2.68,-33.76,0,0,DCHG, ,
19190.9,1,1,1,1,4,9660.0,-1,12.281,-12.2,-2.68,-33.78,0,0,DCHG, ,
19195.9,1,1,1,1,4,9665.0,-0.99,12.281,-12.2,-2.68,-33.8,0,0,DCHG, ,
19200.9,1,1,1,1,4,9670.0,-1,12.281,-12.2,-2.68,-33.81,0,0,DCHG, ,
19205.9,1,1,1,1,4,9675.0,-1,12.281,-12.2,-2.68,-33.83,0,0,DCHG, ,
19210.9,1,1,1,1,4,9680.0,-1,12.281,-12.2,-2.68,-33.85,0,0,DCHG, ,
19215.9,1,1,1,1,4,9685.0,-1,12.28,-12.2,-2.68,-33.87,0,0,DCHG, ,
19220.9,1,1,1,1,4,9690.0,-1,12.279,-12.2,-2.69,-33.88,0,0,DCHG, ,
19225.9,1,1,1,1,4,9695.0,-1,12.279,-12.2,-2.69,-33.9,0,0,DCHG, ,
19230.9,1,1,1,1,4,9700.0,-1,12.279,-12.2,-2.69,-33.92,0,0,DCHG, ,
19235.9,1,1,1,1,4,9705.0,-1,12.279,-12.2,-2.69,-33.93,0,0,DCHG, ,
19240.9,1,1,1,1,4,9710.0,-1,12.279,-12.2,-2.69,-33.95,0,0,DCHG, ,
19245.9,1,1,1,1,4,9715.0,-1,12.279,-12.2,-2.69,-33.97,0,0,DCHG, ,
19250.9,1,1,1,1,4,9720.0,-1,12.278,-12.2,-2.69,-33.98,0,0,DCHG, ,
19255.9,1,1,1,1,4,9725.0,-1,12.278,-12.2,-2.7,-34,0,0,DCHG, ,
19260.9,1,1,1,1,4,9730.0,-1,12.278,-12.2,-2.7,-34.02,0,0,DCHG, ,
19265.9,1,1,1,1,4,9735.0,-1,12.277,-12.2,-2.7,-34.03,0,0,DCHG, ,
19270.9,1,1,1,1,4,9740.0,-1,12.277,-12.2,-2.7,-34.05,0,0,DCHG, ,
19275.9,1,1,1,1,4,9745.0,-1,12.277,-12.2,-2.7,-34.07,0,0,DCHG, ,
19280.9,1,1,1,1,4,9750.0,-1,12.276,-12.2,-2.7,-34.09,0,0,DCHG, ,
19285.9,1,1,1,1,4,9755.0,-1,12.276,-12.2,-2.7,-34.1,0,0,DCHG, ,
19290.9,1,1,1,1,4,9760.0,-1,12.276,-12.2,-2.71,-34.12,0,0,DCHG, ,
19295.9,1,1,1,1,4,9765.0,-0.99,12.276,-12.1,-2.71,-34.14,0,0,DCHG, ,
19300.9,1,1,1,1,4,9770.0,-1,12.275,-12.2,-2.71,-34.15,0,0,DCHG, ,
19305.9,1,1,1,1,4,9775.0,-1,12.275,-12.2,-2.71,-34.17,0,0,DCHG, ,
19310.9,1,1,1,1,4,9780.0,-1,12.275,-12.2,-2.71,-34.19,0,0,DCHG, ,
19315.9,1,1,1,1,4,9785.0,-1,12.275,-12.2,-2.71,-34.2,0,0,DCHG, ,
19320.9,1,1,1,1,4,9790.0,-1,12.274,-12.2,-2.71,-34.22,0,0,DCHG, ,
19325.9,1,1,1,1,4,9795.0,-1,12.274,-12.2,-2.72,-34.24,0,0,DCHG, ,
19330.9,1,1,1,1,4,9800.0,-1,12.274,-12.2,-2.72,-34.25,0,0,DCHG, ,
19335.9,1,1,1,1,4,9805.0,-1,12.273,-12.2,-2.72,-34.27,0,0,DCHG, ,
19340.9,1,1,1,1,4,9810.0,-1,12.273,-12.2,-2.72,-34.29,0,0,DCHG, ,
19345.9,1,1,1,1,4,9815.0,-1,12.273,-12.2,-2.72,-34.31,0,0,DCHG, ,
19350.9,1,1,1,1,4,9820.0,-1,12.272,-12.2,-2.72,-34.32,0,0,DCHG, ,
19355.9,1,1,1,1,4,9825.0,-1,12.272,-12.2,-2.72,-34.34,0,0,DCHG, ,
19360.9,1,1,1,1,4,9830.0,-1,12.271,-12.2,-2.73,-34.36,0,0,DCHG, ,
19365.9,1,1,1,1,4,9835.0,-1,12.271,-12.2,-2.73,-34.37,0,0,DCHG, ,
19370.9,1,1,1,1,4,9840.0,-1,12.271,-12.2,-2.73,-34.39,0,0,DCHG, ,
19375.9,1,1,1,1,4,9845.0,-1,12.271,-12.2,-2.73,-34.41,0,0,DCHG, ,
19380.9,1,1,1,1,4,9850.0,-1,12.271,-12.2,-2.73,-34.42,0,0,DCHG, ,
19385.9,1,1,1,1,4,9855.0,-1,12.27,-12.2,-2.73,-34.44,0,0,DCHG, ,
19390.9,1,1,1,1,4,9860.0,-1,12.27,-12.2,-2.73,-34.46,0,0,DCHG, ,
19395.9,1,1,1,1,4,9865.0,-1,12.27,-12.2,-2.73,-34.48,0,0,DCHG, ,
19400.9,1,1,1,1,4,9870.0,-1,12.27,-12.2,-2.74,-34.49,0,0,DCHG, ,
19405.9,1,1,1,1,4,9875.0,-1,12.269,-12.2,-2.74,-34.51,0,0,DCHG, ,
19410.9,1,1,1,1,4,9880.0,-1,12.269,-12.2,-2.74,-34.53,0,0,DCHG, ,
19415.9,1,1,1,1,4,9885.0,-1,12.268,-12.2,-2.74,-34.54,0,0,DCHG, ,
19420.9,1,1,1,1,4,9890.0,-1,12.268,-12.2,-2.74,-34.56,0,0,DCHG, ,
19425.9,1,1,1,1,4,9895.0,-1,12.268,-12.2,-2.74,-34.58,0,0,DCHG, ,
19430.9,1,1,1,1,4,9900.0,-1,12.268,-12.2,-2.74,-34.59,0,0,DCHG, ,
19435.9,1,1,1,1,4,9905.0,-1,12.268,-12.2,-2.75,-34.61,0,0,DCHG, ,
19440.9,1,1,1,1,4,9910.0,-1,12.267,-12.2,-2.75,-34.63,0,0,DCHG, ,
19445.9,1,1,1,1,4,9915.0,-1,12.267,-12.2,-2.75,-34.64,0,0,DCHG, ,
19450.9,1,1,1,1,4,9920.0,-1,12.266,-12.2,-2.75,-34.66,0,0,DCHG, ,
19455.9,1,1,1,1,4,9925.0,-1,12.267,-12.2,-2.75,-34.68,0,0,DCHG, ,
19460.9,1,1,1,1,4,9930.0,-1,12.266,-12.2,-2.75,-34.7,0,0,DCHG, ,
19465.9,1,1,1,1,4,9935.0,-1,12.266,-12.2,-2.75,-34.71,0,0,DCHG, ,
19470.9,1,1,1,1,4,9940.0,-1,12.265,-12.2,-2.76,-34.73,0,0,DCHG, ,
19475.9,1,1,1,1,4,9945.0,-1,12.265,-12.2,-2.76,-34.75,0,0,DCHG, ,
19480.9,1,1,1,1,4,9950.0,-1,12.265,-12.2,-2.76,-34.76,0,0,DCHG, ,
19485.9,1,1,1,1,4,9955.0,-1,12.265,-12.2,-2.76,-34.78,0,0,DCHG, ,
19490.9,1,1,1,1,4,9960.0,-1,12.264,-12.2,-2.76,-34.8,0,0,DCHG, ,
19495.9,1,1,1,1,4,9965.0,-1,12.264,-12.2,-2.76,-34.81,0,0,DCHG, ,
19500.9,1,1,1,1,4,9970.0,-1,12.264,-12.2,-2.76,-34.83,0,0,DCHG, ,
19505.9,1,1,1,1,4,9975.0,-1,12.263,-12.2,-2.77,-34.85,0,0,DCHG, ,
19510.9,1,1,1,1,4,9980.0,-1,12.263,-12.2,-2.77,-34.86,0,0,DCHG, ,
19515.9,1,1,1,1,4,9985.0,-1,12.263,-12.2,-2.77,-34.88,0,0,DCHG, ,
19520.9,1,1,1,1,4,9990.0,-1,12.262,-12.2,-2.77,-34.9,0,0,DCHG, ,
19525.9,1,1,1,1,4,9995.0,-1,12.262,-12.2,-2.77,-34.92,0,0,DCHG, ,
19530.9,1,1,1,1,4,10000.0,-1,12.262,-12.2,-2.77,-34.93,0,0,DCHG, ,
19535.9,1,1,1,1,4,10005.0,-1,12.262,-12.2,-2.77,-34.95,0,0,DCHG, ,
19540.9,1,1,1,1,4,10010.0,-1,12.261,-12.2,-2.78,-34.97,0,0,DCHG, ,
19545.9,1,1,1,1,4,10015.0,-1,12.261,-12.2,-2.78,-34.98,0,0,DCHG, ,
19550.9,1,1,1,1,4,10020.0,-1,12.261,-12.2,-2.78,-35,0,0,DCHG, ,
19555.9,1,1,1,1,4,10025.0,-1,12.26,-12.2,-2.78,-35.02,0,0,DCHG, ,
19560.9,1,1,1,1,4,10030.0,-1,12.26,-12.2,-2.78,-35.03,0,0,DCHG, ,
19565.9,1,1,1,1,4,10035.0,-1,12.26,-12.2,-2.78,-35.05,0,0,DCHG, ,
19570.9,1,1,1,1,4,10040.0,-1,12.26,-12.2,-2.78,-35.07,0,0,DCHG, ,
19575.9,1,1,1,1,4,10045.0,-1,12.259,-12.2,-2.78,-35.08,0,0,DCHG, ,
19580.9,1,1,1,1,4,10050.0,-1,12.259,-12.2,-2.79,-35.1,0,0,DCHG, ,
19585.9,1,1,1,1,4,10055.0,-1,12.259,-12.2,-2.79,-35.12,0,0,DCHG, ,
19590.9,1,1,1,1,4,10060.0,-1,12.259,-12.2,-2.79,-35.14,0,0,DCHG, ,
19595.9,1,1,1,1,4,10065.0,-1,12.258,-12.2,-2.79,-35.15,0,0,DCHG, ,
19600.9,1,1,1,1,4,10070.0,-1,12.258,-12.2,-2.79,-35.17,0,0,DCHG, ,
19605.9,1,1,1,1,4,10075.0,-1,12.258,-12.2,-2.79,-35.19,0,0,DCHG, ,
19610.9,1,1,1,1,4,10080.0,-1,12.258,-12.2,-2.79,-35.2,0,0,DCHG, ,
19615.9,1,1,1,1,4,10085.0,-1,12.258,-12.2,-2.8,-35.22,0,0,DCHG, ,
19620.9,1,1,1,1,4,10090.0,-1,12.257,-12.2,-2.8,-35.24,0,0,DCHG, ,
19625.9,1,1,1,1,4,10095.0,-1,12.257,-12.2,-2.8,-35.25,0,0,DCHG, ,
19630.9,1,1,1,1,4,10100.0,-1,12.257,-12.2,-2.8,-35.27,0,0,DCHG, ,
19635.9,1,1,1,1,4,10105.0,-1,12.256,-12.2,-2.8,-35.29,0,0,DCHG, ,
19640.9,1,1,1,1,4,10110.0,-1,12.256,-12.2,-2.8,-35.31,0,0,DCHG, ,
19645.9,1,1,1,1,4,10115.0,-1,12.256,-12.2,-2.8,-35.32,0,0,DCHG, ,
19650.9,1,1,1,1,4,10120.0,-1,12.255,-12.2,-2.81,-35.34,0,0,DCHG, ,
19655.9,1,1,1,1,4,10125.0,-1,12.255,-12.2,-2.81,-35.36,0,0,DCHG, ,
19660.9,1,1,1,1,4,10130.0,-1,12.255,-12.2,-2.81,-35.37,0,0,DCHG, ,
19665.9,1,1,1,1,4,10135.0,-1,12.255,-12.2,-2.81,-35.39,0,0,DCHG, ,
19670.9,1,1,1,1,4,10140.0,-1,12.255,-12.2,-2.81,-35.41,0,0,DCHG, ,
19675.9,1,1,1,1,4,10145.0,-1,12.254,-12.2,-2.81,-35.42,0,0,DCHG, ,
19680.9,1,1,1,1,4,10150.0,-1,12.254,-12.2,-2.81,-35.44,0,0,DCHG, ,
19685.9,1,1,1,1,4,10155.0,-1,12.254,-12.2,-2.82,-35.46,0,0,DCHG, ,
19690.9,1,1,1,1,4,10160.0,-1,12.253,-12.2,-2.82,-35.47,0,0,DCHG, ,
19695.9,1,1,1,1,4,10165.0,-1,12.253,-12.2,-2.82,-35.49,0,0,DCHG, ,
19700.9,1,1,1,1,4,10170.0,-1,12.253,-12.2,-2.82,-35.51,0,0,DCHG, ,
19705.9,1,1,1,1,4,10175.0,-1,12.252,-12.2,-2.82,-35.53,0,0,DCHG, ,
19710.9,1,1,1,1,4,10180.0,-1,12.252,-12.2,-2.82,-35.54,0,0,DCHG, ,
19715.9,1,1,1,1,4,10185.0,-1,12.252,-12.2,-2.82,-35.56,0,0,DCHG, ,
19720.9,1,1,1,1,4,10190.0,-1,12.251,-12.2,-2.83,-35.58,0,0,DCHG, ,
19725.9,1,1,1,1,4,10195.0,-1,12.251,-12.2,-2.83,-35.59,0,0,DCHG, ,
19730.9,1,1,1,1,4,10200.0,-1,12.251,-12.2,-2.83,-35.61,0,0,DCHG, ,
19735.9,1,1,1,1,4,10205.0,-1,12.25,-12.2,-2.83,-35.63,0,0,DCHG, ,
19740.9,1,1,1,1,4,10210.0,-1,12.25,-12.2,-2.83,-35.64,0,0,DCHG, ,
19745.9,1,1,1,1,4,10215.0,-1,12.25,-12.2,-2.83,-35.66,0,0,DCHG, ,
19750.9,1,1,1,1,4,10220.0,-1,12.249,-12.2,-2.83,-35.68,0,0,DCHG, ,
19755.9,1,1,1,1,4,10225.0,-1,12.249,-12.2,-2.83,-35.69,0,0,DCHG, ,
19760.9,1,1,1,1,4,10230.0,-1,12.249,-12.2,-2.84,-35.71,0,0,DCHG, ,
19765.9,1,1,1,1,4,10235.0,-1,12.249,-12.2,-2.84,-35.73,0,0,DCHG, ,
19770.9,1,1,1,1,4,10240.0,-1,12.248,-12.2,-2.84,-35.75,0,0,DCHG, ,
19775.9,1,1,1,1,4,10245.0,-1,12.248,-12.2,-2.84,-35.76,0,0,DCHG, ,
19780.9,1,1,1,1,4,10250.0,-1,12.248,-12.2,-2.84,-35.78,0,0,DCHG, ,
19785.9,1,1,1,1,4,10255.0,-1,12.247,-12.2,-2.84,-35.8,0,0,DCHG, ,
19790.9,1,1,1,1,4,10260.0,-1,12.247,-12.2,-2.84,-35.81,0,0,DCHG, ,
19795.9,1,1,1,1,4,10265.0,-1,12.247,-12.2,-2.85,-35.83,0,0,DCHG, ,
19800.9,1,1,1,1,4,10270.0,-1,12.247,-12.2,-2.85,-35.85,0,0,DCHG, ,
19805.9,1,1,1,1,4,10275.0,-1,12.247,-12.2,-2.85,-35.86,0,0,DCHG, ,
19810.9,1,1,1,1,4,10280.0,-1,12.246,-12.2,-2.85,-35.88,0,0,DCHG, ,
19815.9,1,1,1,1,4,10285.0,-1,12.246,-12.2,-2.85,-35.9,0,0,DCHG, ,
19820.9,1,1,1,1,4,10290.0,-1,12.246,-12.2,-2.85,-35.92,0,0,DCHG, ,
19825.9,1,1,1,1,4,10295.0,-1,12.246,-12.2,-2.85,-35.93,0,0,DCHG, ,
19830.9,1,1,1,1,4,10300.0,-1,12.245,-12.2,-2.86,-35.95,0,0,DCHG, ,
19835.9,1,1,1,1,4,10305.0,-1,12.245,-12.2,-2.86,-35.97,0,0,DCHG, ,
19840.9,1,1,1,1,4,10310.0,-1,12.245,-12.2,-2.86,-35.98,0,0,DCHG, ,
19845.9,1,1,1,1,4,10315.0,-1,12.244,-12.2,-2.86,-36,0,0,DCHG, ,
19850.9,1,1,1,1,4,10320.0,-1,12.243,-12.2,-2.86,-36.02,0,0,DCHG, ,
19855.9,1,1,1,1,4,10325.0,-1,12.244,-12.2,-2.86,-36.03,0,0,DCHG, ,
19860.9,1,1,1,1,4,10330.0,-1,12.243,-12.2,-2.86,-36.05,0,0,DCHG, ,
19865.9,1,1,1,1,4,10335.0,-1,12.243,-12.2,-2.87,-36.07,0,0,DCHG, ,
19870.9,1,1,1,1,4,10340.0,-1,12.243,-12.2,-2.87,-36.08,0,0,DCHG, ,
19875.9,1,1,1,1,4,10345.0,-1,12.242,-12.2,-2.87,-36.1,0,0,DCHG, ,
19880.9,1,1,1,1,4,10350.0,-1,12.242,-12.2,-2.87,-36.12,0,0,DCHG, ,
19885.9,1,1,1,1,4,10355.0,-1,12.241,-12.2,-2.87,-36.14,0,0,DCHG, ,
19890.9,1,1,1,1,4,10360.0,-1,12.241,-12.2,-2.87,-36.15,0,0,DCHG, ,
19895.9,1,1,1,1,4,10365.0,-1,12.241,-12.2,-2.87,-36.17,0,0,DCHG, ,
19900.9,1,1,1,1,4,10370.0,-1,12.24,-12.2,-2.88,-36.19,0,0,DCHG, ,
19905.9,1,1,1,1,4,10375.0,-0.99,12.24,-12.1,-2.88,-36.2,0,0,DCHG, ,
19910.9,1,1,1,1,4,10380.0,-1,12.24,-12.2,-2.88,-36.22,0,0,DCHG, ,
19915.9,1,1,1,1,4,10385.0,-1,12.24,-12.2,-2.88,-36.24,0,0,DCHG, ,
19920.9,1,1,1,1,4,10390.0,-1,12.24,-12.2,-2.88,-36.25,0,0,DCHG, ,
19925.9,1,1,1,1,4,10395.0,-1,12.239,-12.2,-2.88,-36.27,0,0,DCHG, ,
19930.9,1,1,1,1,4,10400.0,-1,12.239,-12.2,-2.88,-36.29,0,0,DCHG, ,
19935.9,1,1,1,1,4,10405.0,-1,12.239,-12.2,-2.88,-36.3,0,0,DCHG, ,
19940.9,1,1,1,1,4,10410.0,-1,12.239,-12.2,-2.89,-36.32,0,0,DCHG, ,
19945.9,1,1,1,1,4,10415.0,-1,12.238,-12.2,-2.89,-36.34,0,0,DCHG, ,
19950.9,1,1,1,1,4,10420.0,-1,12.238,-12.2,-2.89,-36.36,0,0,DCHG, ,
19955.9,1,1,1,1,4,10425.0,-1,12.238,-12.2,-2.89,-36.37,0,0,DCHG, ,
19960.9,1,1,1,1,4,10430.0,-1,12.238,-12.2,-2.89,-36.39,0,0,DCHG, ,
19965.9,1,1,1,1,4,10435.0,-1,12.238,-12.2,-2.89,-36.41,0,0,DCHG, ,
19970.9,1,1,1,1,4,10440.0,-1,12.237,-12.2,-2.89,-36.42,0,0,DCHG, ,
19975.9,1,1,1,1,4,10445.0,-1,12.237,-12.2,-2.9,-36.44,0,0,DCHG, ,
19980.9,1,1,1,1,4,10450.0,-1,12.237,-12.2,-2.9,-36.46,0,0,DCHG, ,
19985.9,1,1,1,1,4,10455.0,-1,12.236,-12.2,-2.9,-36.47,0,0,DCHG, ,
19990.9,1,1,1,1,4,10460.0,-1,12.236,-12.2,-2.9,-36.49,0,0,DCHG, ,
19995.9,1,1,1,1,4,10465.0,-1,12.236,-12.2,-2.9,-36.51,0,0,DCHG, ,
20000.9,1,1,1,1,4,10470.0,-1,12.236,-12.2,-2.9,-36.53,0,0,DCHG, ,
20005.9,1,1,1,1,4,10475.0,-1,12.235,-12.2,-2.9,-36.54,0,0,DCHG, ,
20010.9,1,1,1,1,4,10480.0,-1,12.235,-12.2,-2.91,-36.56,0,0,DCHG, ,
20015.9,1,1,1,1,4,10485.0,-1,12.235,-12.2,-2.91,-36.58,0,0,DCHG, ,
20020.9,1,1,1,1,4,10490.0,-1,12.234,-12.2,-2.91,-36.59,0,0,DCHG, ,
20025.9,1,1,1,1,4,10495.0,-1,12.234,-12.2,-2.91,-36.61,0,0,DCHG, ,
20030.9,1,1,1,1,4,10500.0,-1,12.234,-12.2,-2.91,-36.63,0,0,DCHG, ,
20035.9,1,1,1,1,4,10505.0,-1,12.233,-12.2,-2.91,-36.64,0,0,DCHG, ,
20040.9,1,1,1,1,4,10510.0,-1,12.233,-12.2,-2.91,-36.66,0,0,DCHG, ,
20045.9,1,1,1,1,4,10515.0,-1,12.232,-12.2,-2.92,-36.68,0,0,DCHG, ,
20050.9,1,1,1,1,4,10520.0,-1,12.233,-12.2,-2.92,-36.69,0,0,DCHG, ,
20055.9,1,1,1,1,4,10525.0,-1,12.232,-12.2,-2.92,-36.71,0,0,DCHG, ,
20060.9,1,1,1,1,4,10530.0,-1,12.232,-12.2,-2.92,-36.73,0,0,DCHG, ,
20065.9,1,1,1,1,4,10535.0,-1,12.231,-12.2,-2.92,-36.75,0,0,DCHG, ,
20070.9,1,1,1,1,4,10540.0,-1,12.231,-12.2,-2.92,-36.76,0,0,DCHG, ,
20075.9,1,1,1,1,4,10545.0,-1,12.231,-12.2,-2.92,-36.78,0,0,DCHG, ,
20080.9,1,1,1,1,4,10550.0,-1,12.23,-12.2,-2.93,-36.8,0,0,DCHG, ,
20085.9,1,1,1,1,4,10555.0,-1,12.23,-12.2,-2.93,-36.81,0,0,DCHG, ,
20090.9,1,1,1,1,4,10560.0,-1,12.229,-12.2,-2.93,-36.83,0,0,DCHG, ,
20095.9,1,1,1,1,4,10565.0,-1,12.229,-12.2,-2.93,-36.85,0,0,DCHG, ,
20100.9,1,1,1,1,4,10570.0,-1,12.23,-12.2,-2.93,-36.86,0,0,DCHG, ,
20105.9,1,1,1,1,4,10575.0,-1,12.229,-12.2,-2.93,-36.88,0,0,DCHG, ,
20110.9,1,1,1,1,4,10580.0,-1,12.229,-12.2,-2.93,-36.9,0,0,DCHG, ,
20115.9,1,1,1,1,4,10585.0,-1,12.229,-12.2,-2.93,-36.91,0,0,DCHG, ,
20120.9,1,1,1,1,4,10590.0,-1,12.229,-12.2,-2.94,-36.93,0,0,DCHG, ,
20125.9,1,1,1,1,4,10595.0,-1,12.228,-12.2,-2.94,-36.95,0,0,DCHG, ,
20130.9,1,1,1,1,4,10600.0,-1,12.228,-12.2,-2.94,-36.97,0,0,DCHG, ,
20135.9,1,1,1,1,4,10605.0,-1,12.228,-12.2,-2.94,-36.98,0,0,DCHG, ,
20140.9,1,1,1,1,4,10610.0,-1,12.227,-12.2,-2.94,-37,0,0,DCHG, ,
20145.9,1,1,1,1,4,10615.0,-1,12.227,-12.2,-2.94,-37.02,0,0,DCHG, ,
20150.9,1,1,1,1,4,10620.0,-1,12.227,-12.2,-2.94,-37.03,0,0,DCHG, ,
20155.9,1,1,1,1,4,10625.0,-1,12.227,-12.2,-2.95,-37.05,0,0,DCHG, ,
20160.9,1,1,1,1,4,10630.0,-1,12.226,-12.2,-2.95,-37.07,0,0,DCHG, ,
20165.9,1,1,1,1,4,10635.0,-1,12.227,-12.2,-2.95,-37.08,0,0,DCHG, ,
20170.9,1,1,1,1,4,10640.0,-1,12.226,-12.2,-2.95,-37.1,0,0,DCHG, ,
20175.9,1,1,1,1,4,10645.0,-1,12.225,-12.2,-2.95,-37.12,0,0,DCHG, ,
20180.9,1,1,1,1,4,10650.0,-1,12.225,-12.2,-2.95,-37.14,0,0,DCHG, ,
20185.9,1,1,1,1,4,10655.0,-1,12.225,-12.2,-2.95,-37.15,0,0,DCHG, ,
20190.9,1,1,1,1,4,10660.0,-1,12.225,-12.2,-2.96,-37.17,0,0,DCHG, ,
20195.9,1,1,1,1,4,10665.0,-1,12.224,-12.2,-2.96,-37.19,0,0,DCHG, ,
20200.9,1,1,1,1,4,10670.0,-1,12.224,-12.2,-2.96,-37.2,0,0,DCHG, ,
20205.9,1,1,1,1,4,10675.0,-1,12.223,-12.2,-2.96,-37.22,0,0,DCHG, ,
20210.9,1,1,1,1,4,10680.0,-1,12.223,-12.2,-2.96,-37.24,0,0,DCHG, ,
20215.9,1,1,1,1,4,10685.0,-1,12.223,-12.2,-2.96,-37.25,0,0,DCHG, ,
20220.9,1,1,1,1,4,10690.0,-1,12.223,-12.2,-2.96,-37.27,0,0,DCHG, ,
20225.9,1,1,1,1,4,10695.0,-1,12.223,-12.2,-2.97,-37.29,0,0,DCHG, ,
20230.9,1,1,1,1,4,10700.0,-1,12.223,-12.2,-2.97,-37.3,0,0,DCHG, ,
20235.9,1,1,1,1,4,10705.0,-1,12.222,-12.2,-2.97,-37.32,0,0,DCHG, ,
20240.9,1,1,1,1,4,10710.0,-1,12.222,-12.1,-2.97,-37.34,0,0,DCHG, ,
20245.9,1,1,1,1,4,10715.0,-1,12.222,-12.1,-2.97,-37.36,0,0,DCHG, ,
20250.9,1,1,1,1,4,10720.0,-1,12.221,-12.2,-2.97,-37.37,0,0,DCHG, ,
20255.9,1,1,1,1,4,10725.0,-1,12.221,-12.1,-2.97,-37.39,0,0,DCHG, ,
20260.9,1,1,1,1,4,10730.0,-0.99,12.22,-12.1,-2.98,-37.41,0,0,DCHG, ,
20265.9,1,1,1,1,4,10735.0,-1,12.22,-12.2,-2.98,-37.42,0,0,DCHG, ,
20270.9,1,1,1,1,4,10740.0,-1,12.22,-12.1,-2.98,-37.44,0,0,DCHG, ,
20275.9,1,1,1,1,4,10745.0,-1,12.22,-12.1,-2.98,-37.46,0,0,DCHG, ,
20280.9,1,1,1,1,4,10750.0,-1,12.219,-12.2,-2.98,-37.47,0,0,DCHG, ,
20285.9,1,1,1,1,4,10755.0,-1,12.219,-12.2,-2.98,-37.49,0,0,DCHG, ,
20290.9,1,1,1,1,4,10760.0,-1,12.219,-12.2,-2.98,-37.51,0,0,DCHG, ,
20295.9,1,1,1,1,4,10765.0,-1,12.219,-12.2,-2.98,-37.52,0,0,DCHG, ,
20300.9,1,1,1,1,4,10770.0,-1,12.218,-12.2,-2.99,-37.54,0,0,DCHG, ,
20305.9,1,1,1,1,4,10775.0,-1,12.218,-12.1,-2.99,-37.56,0,0,DCHG, ,
20310.9,1,1,1,1,4,10780.0,-1,12.217,-12.2,-2.99,-37.57,0,0,DCHG, ,
20315.9,1,1,1,1,4,10785.0,-1,12.217,-12.1,-2.99,-37.59,0,0,DCHG, ,
20320.9,1,1,1,1,4,10790.0,-1,12.217,-12.2,-2.99,-37.61,0,0,DCHG, ,
20325.9,1,1,1,1,4,10795.0,-1,12.217,-12.1,-2.99,-37.63,0,0,DCHG, ,
20330.9,1,1,1,1,4,10800.0,-1,12.216,-12.2,-2.99,-37.64,0,0,DCHG, ,
20335.9,1,1,1,1,4,10805.0,-1,12.216,-12.2,-3,-37.66,0,0,DCHG, ,
20340.9,1,1,1,1,4,10810.0,-1,12.216,-12.1,-3,-37.68,0,0,DCHG, ,
20345.9,1,1,1,1,4,10815.0,-1,12.215,-12.2,-3,-37.69,0,0,DCHG, ,
20350.9,1,1,1,1,4,10820.0,-1,12.216,-12.2,-3,-37.71,0,0,DCHG, ,
20355.9,1,1,1,1,4,10825.0,-1,12.215,-12.2,-3,-37.73,0,0,DCHG, ,
20360.9,1,1,1,1,4,10830.0,-1,12.214,-12.1,-3,-37.74,0,0,DCHG, ,
20365.9,1,1,1,1,4,10835.0,-1,12.214,-12.1,-3,-37.76,0,0,DCHG, ,
20370.9,1,1,1,1,4,10840.0,-1,12.214,-12.2,-3.01,-37.78,0,0,DCHG, ,
20375.9,1,1,1,1,4,10845.0,-1,12.214,-12.1,-3.01,-37.79,0,0,DCHG, ,
20380.9,1,1,1,1,4,10850.0,-1,12.214,-12.2,-3.01,-37.81,0,0,DCHG, ,
20385.9,1,1,1,1,4,10855.0,-1,12.213,-12.2,-3.01,-37.83,0,0,DCHG, ,
20390.9,1,1,1,1,4,10860.0,-1,12.213,-12.2,-3.01,-37.84,0,0,DCHG, ,
20395.9,1,1,1,1,4,10865.0,-1,12.212,-12.1,-3.01,-37.86,0,0,DCHG, ,
20400.9,1,1,1,1,4,10870.0,-1,12.212,-12.1,-3.01,-37.88,0,0,DCHG, ,
20405.9,1,1,1,1,4,10875.0,-1,12.212,-12.1,-3.02,-37.89,0,0,DCHG, ,
20410.9,1,1,1,1,4,10880.0,-1,12.212,-12.1,-3.02,-37.91,0,0,DCHG, ,
20415.9,1,1,1,1,4,10885.0,-1,12.211,-12.2,-3.02,-37.93,0,0,DCHG, ,
20420.9,1,1,1,1,4,10890.0,-0.99,12.211,-12,-3.02,-37.95,0,0,DCHG, ,
20425.9,1,1,1,1,4,10895.0,-1,12.211,-12.1,-3.02,-37.96,0,0,DCHG, ,
20430.9,1,1,1,1,4,10900.0,-1,12.211,-12.1,-3.02,-37.98,0,0,DCHG, ,
20435.9,1,1,1,1,4,10905.0,-1,12.21,-12.2,-3.02,-38,0,0,DCHG, ,
20440.9,1,1,1,1,4,10910.0,-1,12.21,-12.2,-3.03,-38.01,0,0,DCHG, ,
20445.9,1,1,1,1,4,10915.0,-1,12.21,-12.1,-3.03,-38.03,0,0,DCHG, ,
20450.9,1,1,1,1,4,10920.0,-1,12.21,-12.2,-3.03,-38.05,0,0,DCHG, ,
20455.9,1,1,1,1,4,10925.0,-1,12.209,-12.2,-3.03,-38.06,0,0,DCHG, ,
20460.9,1,1,1,1,4,10930.0,-1,12.209,-12.2,-3.03,-38.08,0,0,DCHG, ,
20465.9,1,1,1,1,4,10935.0,-1,12.208,-12.2,-3.03,-38.1,0,0,DCHG, ,
20470.9,1,1,1,1,4,10940.0,-1,12.208,-12.2,-3.03,-38.11,0,0,DCHG, ,
20475.9,1,1,1,1,4,10945.0,-1,12.208,-12.1,-3.03,-38.13,0,0,DCHG, ,
20480.9,1,1,1,1,4,10950.0,-1,12.207,-12.2,-3.04,-38.15,0,0,DCHG, ,
20485.9,1,1,1,1,4,10955.0,-1,12.207,-12.1,-3.04,-38.16,0,0,DCHG, ,
20490.9,1,1,1,1,4,10960.0,-1,12.207,-12.2,-3.04,-38.18,0,0,DCHG, ,
20495.9,1,1,1,1,4,10965.0,-1,12.207,-12.2,-3.04,-38.2,0,0,DCHG, ,
20500.9,1,1,1,1,4,10970.0,-1,12.206,-12.1,-3.04,-38.22,0,0,DCHG, ,
20505.9,1,1,1,1,4,10975.0,-1,12.206,-12.1,-3.04,-38.23,0,0,DCHG, ,
20510.9,1,1,1,1,4,10980.0,-1,12.206,-12.1,-3.04,-38.25,0,0,DCHG, ,
20515.9,1,1,1,1,4,10985.0,-1,12.206,-12.1,-3.05,-38.27,0,0,DCHG, ,
20520.9,1,1,1,1,4,10990.0,-1,12.205,-12.2,-3.05,-38.28,0,0,DCHG, ,
20525.9,1,1,1,1,4,10995.0,-1,12.205,-12.2,-3.05,-38.3,0,0,DCHG, ,
20530.9,1,1,1,1,4,11000.0,-1,12.205,-12.1,-3.05,-38.32,0,0,DCHG, ,
20535.9,1,1,1,1,4,11005.0,-1,12.205,-12.2,-3.05,-38.33,0,0,DCHG, ,
20540.9,1,1,1,1,4,11010.0,-1,12.204,-12.2,-3.05,-38.35,0,0,DCHG, ,
20545.9,1,1,1,1,4,11015.0,-1,12.204,-12.2,-3.05,-38.37,0,0,DCHG, ,
20550.9,1,1,1,1,4,11020.0,-1,12.204,-12.2,-3.06,-38.38,0,0,DCHG, ,
20555.9,1,1,1,1,4,11025.0,-1,12.204,-12.1,-3.06,-38.4,0,0,DCHG, ,
20560.9,1,1,1,1,4,11030.0,-1,12.203,-12.1,-3.06,-38.42,0,0,DCHG, ,
20565.9,1,1,1,1,4,11035.0,-1,12.203,-12.2,-3.06,-38.43,0,0,DCHG, ,
20570.9,1,1,1,1,4,11040.0,-1,12.202,-12.2,-3.06,-38.45,0,0,DCHG, ,
20575.9,1,1,1,1,4,11045.0,-1,12.202,-12.2,-3.06,-38.47,0,0,DCHG, ,
20580.9,1,1,1,1,4,11050.0,-1,12.202,-12.2,-3.06,-38.49,0,0,DCHG, ,
20585.9,1,1,1,1,4,11055.0,-0.99,12.202,-12.1,-3.07,-38.5,0,0,DCHG, ,
20590.9,1,1,1,1,4,11060.0,-1,12.201,-12.2,-3.07,-38.52,0,0,DCHG, ,
20595.9,1,1,1,1,4,11065.0,-1,12.201,-12.1,-3.07,-38.54,0,0,DCHG, ,
20600.9,1,1,1,1,4,11070.0,-1,12.201,-12.1,-3.07,-38.55,0,0,DCHG, ,
20605.9,1,1,1,1,4,11075.0,-1,12.2,-12.2,-3.07,-38.57,0,0,DCHG, ,
20610.9,1,1,1,1,4,11080.0,-1,12.2,-12.1,-3.07,-38.59,0,0,DCHG, ,
20615.9,1,1,1,1,4,11085.0,-1,12.2,-12.1,-3.07,-38.6,0,0,DCHG, ,
20620.9,1,1,1,1,4,11090.0,-1,12.2,-12.1,-3.08,-38.62,0,0,DCHG, ,
20625.9,1,1,1,1,4,11095.0,-1,12.199,-12.1,-3.08,-38.64,0,0,DCHG, ,
20630.9,1,1,1,1,4,11100.0,-1,12.199,-12.1,-3.08,-38.65,0,0,DCHG, ,
20635.9,1,1,1,1,4,11105.0,-1,12.199,-12.1,-3.08,-38.67,0,0,DCHG, ,
20640.9,1,1,1,1,4,11110.0,-1,12.198,-12.1,-3.08,-38.69,0,0,DCHG, ,
20645.9,1,1,1,1,4,11115.0,-1,12.199,-12.1,-3.08,-38.7,0,0,DCHG, ,
20650.9,1,1,1,1,4,11120.0,-1,12.198,-12.1,-3.08,-38.72,0,0,DCHG, ,
20655.9,1,1,1,1,4,11125.0,-0.99,12.197,-12.1,-3.08,-38.74,0,0,DCHG, ,
20660.9,1,1,1,1,4,11130.0,-1,12.197,-12.1,-3.09,-38.75,0,0,DCHG, ,
20665.9,1,1,1,1,4,11135.0,-1,12.197,-12.1,-3.09,-38.77,0,0,DCHG, ,
20670.9,1,1,1,1,4,11140.0,-1,12.196,-12.1,-3.09,-38.79,0,0,DCHG, ,
20675.9,1,1,1,1,4,11145.0,-1,12.196,-12.1,-3.09,-38.81,0,0,DCHG, ,
20680.9,1,1,1,1,4,11150.0,-1,12.196,-12.1,-3.09,-38.82,0,0,DCHG, ,
20685.9,1,1,1,1,4,11155.0,-1,12.196,-12.1,-3.09,-38.84,0,0,DCHG, ,
20690.9,1,1,1,1,4,11160.0,-1,12.196,-12.1,-3.09,-38.86,0,0,DCHG, ,
20695.9,1,1,1,1,4,11165.0,-1,12.195,-12.1,-3.1,-38.87,0,0,DCHG, ,
20700.9,1,1,1,1,4,11170.0,-1,12.195,-12.1,-3.1,-38.89,0,0,DCHG, ,
20705.9,1,1,1,1,4,11175.0,-1,12.194,-12.1,-3.1,-38.91,0,0,DCHG, ,
20710.9,1,1,1,1,4,11180.0,-1,12.194,-12.1,-3.1,-38.92,0,0,DCHG, ,
20715.9,1,1,1,1,4,11185.0,-1,12.194,-12.1,-3.1,-38.94,0,0,DCHG, ,
20720.9,1,1,1,1,4,11190.0,-1,12.194,-12.1,-3.1,-38.96,0,0,DCHG, ,
20725.9,1,1,1,1,4,11195.0,-1,12.194,-12.1,-3.1,-38.97,0,0,DCHG, ,
20730.9,1,1,1,1,4,11200.0,-1,12.194,-12.1,-3.11,-38.99,0,0,DCHG, ,
20735.9,1,1,1,1,4,11205.0,-1,12.193,-12.1,-3.11,-39.01,0,0,DCHG, ,
20740.9,1,1,1,1,4,11210.0,-1,12.193,-12.1,-3.11,-39.02,0,0,DCHG, ,
20745.9,1,1,1,1,4,11215.0,-1,12.193,-12.1,-3.11,-39.04,0,0,DCHG, ,
20750.9,1,1,1,1,4,11220.0,-1,12.192,-12.1,-3.11,-39.06,0,0,DCHG, ,
20755.9,1,1,1,1,4,11225.0,-1,12.192,-12.1,-3.11,-39.07,0,0,DCHG, ,
20760.9,1,1,1,1,4,11230.0,-1,12.192,-12.1,-3.11,-39.09,0,0,DCHG, ,
20765.9,1,1,1,1,4,11235.0,-1,12.191,-12.1,-3.12,-39.11,0,0,DCHG, ,
20770.9,1,1,1,1,4,11240.0,-1,12.191,-12.1,-3.12,-39.12,0,0,DCHG, ,
20775.9,1,1,1,1,4,11245.0,-1,12.19,-12.1,-3.12,-39.14,0,0,DCHG, ,
20780.9,1,1,1,1,4,11250.0,-1,12.19,-12.1,-3.12,-39.16,0,0,DCHG, ,
20785.9,1,1,1,1,4,11255.0,-0.99,12.19,-12.1,-3.12,-39.17,0,0,DCHG, ,
20790.9,1,1,1,1,4,11260.0,-1,12.189,-12.1,-3.12,-39.19,0,0,DCHG, ,
20795.9,1,1,1,1,4,11265.0,-1,12.189,-12.1,-3.12,-39.21,0,0,DCHG, ,
20800.9,1,1,1,1,4,11270.0,-1,12.189,-12.1,-3.13,-39.23,0,0,DCHG, ,
20805.9,1,1,1,1,4,11275.0,-1,12.189,-12.1,-3.13,-39.24,0,0,DCHG, ,
20810.9,1,1,1,1,4,11280.0,-1,12.189,-12.1,-3.13,-39.26,0,0,DCHG, ,
20815.9,1,1,1,1,4,11285.0,-1,12.188,-12.1,-3.13,-39.28,0,0,DCHG, ,
20820.9,1,1,1,1,4,11290.0,-1,12.188,-12.1,-3.13,-39.29,0,0,DCHG, ,
20825.9,1,1,1,1,4,11295.0,-1,12.188,-12.1,-3.13,-39.31,0,0,DCHG, ,
20830.9,1,1,1,1,4,11300.0,-1,12.187,-12.1,-3.13,-39.33,0,0,DCHG, ,
20835.9,1,1,1,1,4,11305.0,-1,12.187,-12.1,-3.13,-39.34,0,0,DCHG, ,
20840.9,1,1,1,1,4,11310.0,-1,12.187,-12.1,-3.14,-39.36,0,0,DCHG, ,
20845.9,1,1,1,1,4,11315.0,-1,12.186,-12.1,-3.14,-39.38,0,0,DCHG, ,
20850.9,1,1,1,1,4,11320.0,-1,12.186,-12.1,-3.14,-39.39,0,0,DCHG, ,
20855.9,1,1,1,1,4,11325.0,-1,12.186,-12.1,-3.14,-39.41,0,0,DCHG, ,
20860.9,1,1,1,1,4,11330.0,-1,12.185,-12.1,-3.14,-39.43,0,0,DCHG, ,
20865.9,1,1,1,1,4,11335.0,-1,12.185,-12.1,-3.14,-39.44,0,0,DCHG, ,
20870.9,1,1,1,1,4,11340.0,-1,12.185,-12.1,-3.14,-39.46,0,0,DCHG, ,
20875.9,1,1,1,1,4,11345.0,-1,12.185,-12.1,-3.15,-39.48,0,0,DCHG, ,
20880.9,1,1,1,1,4,11350.0,-1,12.184,-12.1,-3.15,-39.49,0,0,DCHG, ,
20885.9,1,1,1,1,4,11355.0,-1,12.184,-12.1,-3.15,-39.51,0,0,DCHG, ,
20890.9,1,1,1,1,4,11360.0,-1,12.184,-12.1,-3.15,-39.53,0,0,DCHG, ,
20895.9,1,1,1,1,4,11365.0,-1,12.184,-12.1,-3.15,-39.54,0,0,DCHG, ,
20900.9,1,1,1,1,4,11370.0,-1,12.183,-12.1,-3.15,-39.56,0,0,DCHG, ,
20905.9,1,1,1,1,4,11375.0,-1,12.183,-12.1,-3.15,-39.58,0,0,DCHG, ,
20910.9,1,1,1,1,4,11380.0,-1,12.183,-12.1,-3.16,-39.59,0,0,DCHG, ,
20915.9,1,1,1,1,4,11385.0,-1,12.183,-12.1,-3.16,-39.61,0,0,DCHG, ,
20920.9,1,1,1,1,4,11390.0,-1,12.182,-12.1,-3.16,-39.63,0,0,DCHG, ,
20925.9,1,1,1,1,4,11395.0,-1,12.181,-12.1,-3.16,-39.65,0,0,DCHG, ,
20930.9,1,1,1,1,4,11400.0,-1,12.181,-12.1,-3.16,-39.66,0,0,DCHG, ,
20935.9,1,1,1,1,4,11405.0,-1,12.181,-12.1,-3.16,-39.68,0,0,DCHG, ,
20940.9,1,1,1,1,4,11410.0,-1,12.18,-12.1,-3.16,-39.7,0,0,DCHG, ,
20945.9,1,1,1,1,4,11415.0,-1,12.18,-12.1,-3.17,-39.71,0,0,DCHG, ,
20950.9,1,1,1,1,4,11420.0,-1,12.18,-12.1,-3.17,-39.73,0,0,DCHG, ,
20955.9,1,1,1,1,4,11425.0,-1,12.18,-12.1,-3.17,-39.75,0,0,DCHG, ,
20960.9,1,1,1,1,4,11430.0,-1,12.18,-12.1,-3.17,-39.76,0,0,DCHG, ,
20965.9,1,1,1,1,4,11435.0,-1,12.179,-12.1,-3.17,-39.78,0,0,DCHG, ,
20970.9,1,1,1,1,4,11440.0,-1,12.179,-12.1,-3.17,-39.8,0,0,DCHG, ,
20975.9,1,1,1,1,4,11445.0,-1,12.179,-12.1,-3.17,-39.81,0,0,DCHG, ,
20980.9,1,1,1,1,4,11450.0,-1,12.178,-12.1,-3.18,-39.83,0,0,DCHG, ,
20985.9,1,1,1,1,4,11455.0,-1,12.178,-12.1,-3.18,-39.85,0,0,DCHG, ,
20990.9,1,1,1,1,4,11460.0,-1,12.178,-12.1,-3.18,-39.86,0,0,DCHG, ,
20995.9,1,1,1,1,4,11465.0,-1,12.178,-12.1,-3.18,-39.88,0,0,DCHG, ,
21000.9,1,1,1,1,4,11470.0,-1,12.177,-12.1,-3.18,-39.9,0,0,DCHG, ,
21005.9,1,1,1,1,4,11475.0,-1,12.177,-12.1,-3.18,-39.91,0,0,DCHG, ,
21010.9,1,1,1,1,4,11480.0,-1,12.177,-12.1,-3.18,-39.93,0,0,DCHG, ,
21015.9,1,1,1,1,4,11485.0,-1,12.177,-12.1,-3.18,-39.95,0,0,DCHG, ,
21020.9,1,1,1,1,4,11490.0,-1,12.176,-12.1,-3.19,-39.96,0,0,DCHG, ,
21025.9,1,1,1,1,4,11495.0,-1,12.175,-12.1,-3.19,-39.98,0,0,DCHG, ,
21030.9,1,1,1,1,4,11500.0,-1,12.175,-12.1,-3.19,-40,0,0,DCHG, ,
21035.9,1,1,1,1,4,11505.0,-1,12.175,-12.1,-3.19,-40.02,0,0,DCHG, ,
21040.9,1,1,1,1,4,11510.0,-1,12.174,-12.1,-3.19,-40.03,0,0,DCHG, ,
21045.9,1,1,1,1,4,11515.0,-1,12.174,-12.1,-3.19,-40.05,0,0,DCHG, ,
21050.9,1,1,1,1,4,11520.0,-1,12.174,-12.1,-3.19,-40.07,0,0,DCHG, ,
21055.9,1,1,1,1,4,11525.0,-1,12.174,-12.1,-3.2,-40.08,0,0,DCHG, ,
21060.9,1,1,1,1,4,11530.0,-1,12.174,-12.1,-3.2,-40.1,0,0,DCHG, ,
21065.9,1,1,1,1,4,11535.0,-1,12.174,-12.1,-3.2,-40.12,0,0,DCHG, ,
21070.9,1,1,1,1,4,11540.0,-1,12.173,-12.1,-3.2,-40.13,0,0,DCHG, ,
21075.9,1,1,1,1,4,11545.0,-1,12.173,-12.1,-3.2,-40.15,0,0,DCHG, ,
21080.9,1,1,1,1,4,11550.0,-0.99,12.173,-12,-3.2,-40.17,0,0,DCHG, ,
21085.9,1,1,1,1,4,11555.0,-1,12.172,-12.1,-3.2,-40.18,0,0,DCHG, ,
21090.9,1,1,1,1,4,11560.0,-1,12.172,-12.1,-3.21,-40.2,0,0,DCHG, ,
21095.9,1,1,1,1,4,11565.0,-1,12.172,-12.1,-3.21,-40.22,0,0,DCHG, ,
21100.9,1,1,1,1,4,11570.0,-1,12.171,-12.1,-3.21,-40.23,0,0,DCHG, ,
21105.9,1,1,1,1,4,11575.0,-1,12.171,-12.1,-3.21,-40.25,0,0,DCHG, ,
21110.9,1,1,1,1,4,11580.0,-1,12.171,-12.1,-3.21,-40.27,0,0,DCHG, ,
21115.9,1,1,1,1,4,11585.0,-1,12.17,-12.1,-3.21,-40.28,0,0,DCHG, ,
21120.9,1,1,1,1,4,11590.0,-1,12.17,-12.1,-3.21,-40.3,0,0,DCHG, ,
21125.9,1,1,1,1,4,11595.0,-1,12.17,-12.1,-3.22,-40.32,0,0,DCHG, ,
21130.9,1,1,1,1,4,11600.0,-1,12.17,-12.1,-3.22,-40.33,0,0,DCHG, ,
21135.9,1,1,1,1,4,11605.0,-1,12.169,-12.1,-3.22,-40.35,0,0,DCHG, ,
21140.9,1,1,1,1,4,11610.0,-1,12.169,-12.1,-3.22,-40.37,0,0,DCHG, ,
21145.9,1,1,1,1,4,11615.0,-1,12.168,-12.1,-3.22,-40.38,0,0,DCHG, ,
21150.9,1,1,1,1,4,11620.0,-1,12.168,-12.1,-3.22,-40.4,0,0,DCHG, ,
21155.9,1,1,1,1,4,11625.0,-1,12.168,-12.1,-3.22,-40.42,0,0,DCHG, ,
21160.9,1,1,1,1,4,11630.0,-1,12.168,-12.1,-3.23,-40.44,0,0,DCHG, ,
21165.9,1,1,1,1,4,11635.0,-1,12.167,-12.1,-3.23,-40.45,0,0,DCHG, ,
21170.9,1,1,1,1,4,11640.0,-1,12.167,-12.1,-3.23,-40.47,0,0,DCHG, ,
21175.9,1,1,1,1,4,11645.0,-1,12.167,-12.1,-3.23,-40.49,0,0,DCHG, ,
21180.9,1,1,1,1,4,11650.0,-1,12.167,-12.1,-3.23,-40.5,0,0,DCHG, ,
21185.9,1,1,1,1,4,11655.0,-1,12.166,-12.1,-3.23,-40.52,0,0,DCHG, ,
21190.9,1,1,1,1,4,11660.0,-1,12.166,-12.1,-3.23,-40.54,0,0,DCHG, ,
21195.9,1,1,1,1,4,11665.0,-1,12.166,-12.1,-3.23,-40.55,0,0,DCHG, ,
21200.9,1,1,1,1,4,11670.0,-1,12.165,-12.1,-3.24,-40.57,0,0,DCHG, ,
21205.9,1,1,1,1,4,11675.0,-1,12.165,-12.1,-3.24,-40.59,0,0,DCHG, ,
21210.9,1,1,1,1,4,11680.0,-1,12.165,-12.1,-3.24,-40.6,0,0,DCHG, ,
21215.9,1,1,1,1,4,11685.0,-1,12.164,-12.1,-3.24,-40.62,0,0,DCHG, ,
21220.9,1,1,1,1,4,11690.0,-1,12.164,-12.1,-3.24,-40.64,0,0,DCHG, ,
21225.9,1,1,1,1,4,11695.0,-1,12.164,-12.1,-3.24,-40.65,0,0,DCHG, ,
21230.9,1,1,1,1,4,11700.0,-1,12.163,-12.1,-3.24,-40.67,0,0,DCHG, ,
21235.9,1,1,1,1,4,11705.0,-1,12.163,-12.1,-3.25,-40.69,0,0,DCHG, ,
21240.9,1,1,1,1,4,11710.0,-1,12.163,-12.1,-3.25,-40.7,0,0,DCHG, ,
21245.9,1,1,1,1,4,11715.0,-1,12.163,-12.1,-3.25,-40.72,0,0,DCHG, ,
21250.9,1,1,1,1,4,11720.0,-1,12.162,-12.1,-3.25,-40.74,0,0,DCHG, ,
21255.9,1,1,1,1,4,11725.0,-1,12.162,-12.1,-3.25,-40.75,0,0,DCHG, ,
21260.9,1,1,1,1,4,11730.0,-1,12.162,-12.1,-3.25,-40.77,0,0,DCHG, ,
21265.9,1,1,1,1,4,11735.0,-1,12.162,-12.1,-3.25,-40.79,0,0,DCHG, ,
21270.9,1,1,1,1,4,11740.0,-1,12.161,-12.1,-3.26,-40.8,0,0,DCHG, ,
21275.9,1,1,1,1,4,11745.0,-1,12.161,-12.1,-3.26,-40.82,0,0,DCHG, ,
21280.9,1,1,1,1,4,11750.0,-1,12.16,-12.1,-3.26,-40.84,0,0,DCHG, ,
21285.9,1,1,1,1,4,11755.0,-1,12.16,-12.1,-3.26,-40.86,0,0,DCHG, ,
21290.9,1,1,1,1,4,11760.0,-1,12.16,-12.1,-3.26,-40.87,0,0,DCHG, ,
21295.9,1,1,1,1,4,11765.0,-1,12.159,-12.1,-3.26,-40.89,0,0,DCHG, ,
21300.9,1,1,1,1,4,11770.0,-1,12.16,-12.1,-3.26,-40.91,0,0,DCHG, ,
21305.9,1,1,1,1,4,11775.0,-1,12.159,-12.1,-3.27,-40.92,0,0,DCHG, ,
21310.9,1,1,1,1,4,11780.0,-1,12.159,-12.1,-3.27,-40.94,0,0,DCHG, ,
21315.9,1,1,1,1,4,11785.0,-1,12.158,-12.1,-3.27,-40.96,0,0,DCHG, ,
21320.9,1,1,1,1,4,11790.0,-1,12.158,-12.1,-3.27,-40.97,0,0,DCHG, ,
21325.9,1,1,1,1,4,11795.0,-1,12.158,-12.1,-3.27,-40.99,0,0,DCHG, ,
21330.9,1,1,1,1,4,11800.0,-1,12.158,-12.1,-3.27,-41.01,0,0,DCHG, ,
21335.9,1,1,1,1,4,11805.0,-1,12.158,-12.1,-3.27,-41.02,0,0,DCHG, ,
21340.9,1,1,1,1,4,11810.0,-1,12.157,-12.1,-3.28,-41.04,0,0,DCHG, ,
21345.9,1,1,1,1,4,11815.0,-1,12.156,-12.1,-3.28,-41.06,0,0,DCHG, ,
21350.9,1,1,1,1,4,11820.0,-1,12.156,-12.1,-3.28,-41.07,0,0,DCHG, ,
21355.9,1,1,1,1,4,11825.0,-1,12.156,-12.1,-3.28,-41.09,0,0,DCHG, ,
21360.9,1,1,1,1,4,11830.0,-1,12.156,-12.1,-3.28,-41.11,0,0,DCHG, ,
21365.9,1,1,1,1,4,11835.0,-1,12.156,-12.1,-3.28,-41.12,0,0,DCHG, ,
21370.9,1,1,1,1,4,11840.0,-1,12.155,-12.1,-3.28,-41.14,0,0,DCHG, ,
21375.9,1,1,1,1,4,11845.0,-1,12.155,-12.1,-3.28,-41.16,0,0,DCHG, ,
21380.9,1,1,1,1,4,11850.0,-1,12.155,-12.1,-3.29,-41.17,0,0,DCHG, ,
21385.9,1,1,1,1,4,11855.0,-1,12.155,-12.1,-3.29,-41.19,0,0,DCHG, ,
21390.9,1,1,1,1,4,11860.0,-1,12.154,-12.1,-3.29,-41.21,0,0,DCHG, ,
21395.9,1,1,1,1,4,11865.0,-1,12.154,-12.1,-3.29,-41.22,0,0,DCHG, ,
21400.9,1,1,1,1,4,11870.0,-1,12.154,-12.1,-3.29,-41.24,0,0,DCHG, ,
21405.9,1,1,1,1,4,11875.0,-1,12.153,-12.1,-3.29,-41.26,0,0,DCHG, ,
21410.9,1,1,1,1,4,11880.0,-1,12.153,-12.1,-3.29,-41.28,0,0,DCHG, ,
21415.9,1,1,1,1,4,11885.0,-1,12.152,-12.1,-3.3,-41.29,0,0,DCHG, ,
21420.9,1,1,1,1,4,11890.0,-1,12.152,-12.1,-3.3,-41.31,0,0,DCHG, ,
21425.9,1,1,1,1,4,11895.0,-1,12.152,-12.1,-3.3,-41.33,0,0,DCHG, ,
21430.9,1,1,1,1,4,11900.0,-1,12.152,-12.1,-3.3,-41.34,0,0,DCHG, ,
21435.9,1,1,1,1,4,11905.0,-1,12.152,-12.1,-3.3,-41.36,0,0,DCHG, ,
21440.9,1,1,1,1,4,11910.0,-1,12.151,-12.1,-3.3,-41.38,0,0,DCHG, ,
21445.9,1,1,1,1,4,11915.0,-1,12.151,-12.1,-3.3,-41.39,0,0,DCHG, ,
21450.9,1,1,1,1,4,11920.0,-1,12.151,-12.1,-3.31,-41.41,0,0,DCHG, ,
21455.9,1,1,1,1,4,11925.0,-1,12.15,-12.1,-3.31,-41.43,0,0,DCHG, ,
21460.9,1,1,1,1,4,11930.0,-1,12.15,-12.1,-3.31,-41.44,0,0,DCHG, ,
21465.9,1,1,1,1,4,11935.0,-1,12.15,-12.1,-3.31,-41.46,0,0,DCHG, ,
21470.9,1,1,1,1,4,11940.0,-1,12.15,-12.1,-3.31,-41.48,0,0,DCHG, ,
21475.9,1,1,1,1,4,11945.0,-1,12.149,-12.1,-3.31,-41.49,0,0,DCHG, ,
21480.9,1,1,1,1,4,11950.0,-1,12.148,-12.1,-3.31,-41.51,0,0,DCHG, ,
21485.9,1,1,1,1,4,11955.0,-1,12.149,-12.1,-3.32,-41.53,0,0,DCHG, ,
21490.9,1,1,1,1,4,11960.0,-1,12.149,-12.1,-3.32,-41.54,0,0,DCHG, ,
21495.9,1,1,1,1,4,11965.0,-1,12.148,-12.1,-3.32,-41.56,0,0,DCHG, ,
21500.9,1,1,1,1,4,11970.0,-1,12.148,-12.1,-3.32,-41.58,0,0,DCHG, ,
21505.9,1,1,1,1,4,11975.0,-1,12.148,-12.1,-3.32,-41.59,0,0,DCHG, ,
21510.9,1,1,1,1,4,11980.0,-1,12.147,-12.1,-3.32,-41.61,0,0,DCHG, ,
21515.9,1,1,1,1,4,11985.0,-1,12.147,-12.1,-3.32,-41.63,0,0,DCHG, ,
21520.9,1,1,1,1,4,11990.0,-1,12.146,-12.1,-3.33,-41.65,0,0,DCHG, ,
21525.9,1,1,1,1,4,11995.0,-1,12.146,-12.1,-3.33,-41.66,0,0,DCHG, ,
21530.9,1,1,1,1,4,12000.0,-1,12.146,-12.1,-3.33,-41.68,0,0,DCHG, ,
21535.9,1,1,1,1,4,12005.0,-1,12.146,-12.1,-3.33,-41.7,0,0,DCHG, ,
21540.9,1,1,1,1,4,12010.0,-1,12.145,-12.1,-3.33,-41.71,0,0,DCHG, ,
21545.9,1,1,1,1,4,12015.0,-1,12.145,-12.1,-3.33,-41.73,0,0,DCHG, ,
21550.9,1,1,1,1,4,12020.0,-1,12.145,-12.1,-3.33,-41.75,0,0,DCHG, ,
21555.9,1,1,1,1,4,12025.0,-1,12.144,-12.1,-3.33,-41.76,0,0,DCHG, ,
21560.9,1,1,1,1,4,12030.0,-1,12.144,-12.1,-3.34,-41.78,0,0,DCHG, ,
21565.9,1,1,1,1,4,12035.0,-1,12.144,-12.1,-3.34,-41.8,0,0,DCHG, ,
21570.9,1,1,1,1,4,12040.0,-1,12.144,-12.1,-3.34,-41.81,0,0,DCHG, ,
21575.9,1,1,1,1,4,12045.0,-1,12.144,-12.1,-3.34,-41.83,0,0,DCHG, ,
21580.9,1,1,1,1,4,12050.0,-1,12.143,-12.1,-3.34,-41.85,0,0,DCHG, ,
21585.9,1,1,1,1,4,12055.0,-1,12.143,-12.1,-3.34,-41.86,0,0,DCHG, ,
21590.9,1,1,1,1,4,12060.0,-1,12.142,-12.1,-3.34,-41.88,0,0,DCHG, ,
21595.9,1,1,1,1,4,12065.0,-1,12.142,-12.1,-3.35,-41.9,0,0,DCHG, ,
21600.9,1,1,1,1,4,12070.0,-1,12.142,-12.1,-3.35,-41.91,0,0,DCHG, ,
21605.9,1,1,1,1,4,12075.0,-1,12.141,-12.1,-3.35,-41.93,0,0,DCHG, ,
21610.9,1,1,1,1,4,12080.0,-1,12.141,-12.1,-3.35,-41.95,0,0,DCHG, ,
21615.9,1,1,1,1,4,12085.0,-1,12.141,-12.1,-3.35,-41.96,0,0,DCHG, ,
21620.9,1,1,1,1,4,12090.0,-1,12.14,-12.1,-3.35,-41.98,0,0,DCHG, ,
21625.9,1,1,1,1,4,12095.0,-1,12.14,-12.1,-3.35,-42,0,0,DCHG, ,
21630.9,1,1,1,1,4,12100.0,-1,12.14,-12.1,-3.36,-42.01,0,0,DCHG, ,
21635.9,1,1,1,1,4,12105.0,-1,12.139,-12.1,-3.36,-42.03,0,0,DCHG, ,
21640.9,1,1,1,1,4,12110.0,-1,12.139,-12.1,-3.36,-42.05,0,0,DCHG, ,
21645.9,1,1,1,1,4,12115.0,-1,12.139,-12.1,-3.36,-42.07,0,0,DCHG, ,
21650.9,1,1,1,1,4,12120.0,-1,12.139,-12.1,-3.36,-42.08,0,0,DCHG, ,
21655.9,1,1,1,1,4,12125.0,-1,12.139,-12.1,-3.36,-42.1,0,0,DCHG, ,
21660.9,1,1,1,1,4,12130.0,-1,12.138,-12.1,-3.36,-42.12,0,0,DCHG, ,
21665.9,1,1,1,1,4,12135.0,-1,12.138,-12.1,-3.37,-42.13,0,0,DCHG, ,
21670.9,1,1,1,1,4,12140.0,-1,12.137,-12.1,-3.37,-42.15,0,0,DCHG, ,
21675.9,1,1,1,1,4,12145.0,-1,12.137,-12.1,-3.37,-42.17,0,0,DCHG, ,
21680.9,1,1,1,1,4,12150.0,-1,12.137,-12.1,-3.37,-42.18,0,0,DCHG, ,
21685.9,1,1,1,1,4,12155.0,-1,12.136,-12.1,-3.37,-42.2,0,0,DCHG, ,
21690.9,1,1,1,1,4,12160.0,-1,12.136,-12.1,-3.37,-42.22,0,0,DCHG, ,
21695.9,1,1,1,1,4,12165.0,-1,12.136,-12.1,-3.37,-42.23,0,0,DCHG, ,
21700.9,1,1,1,1,4,12170.0,-1,12.136,-12.1,-3.38,-42.25,0,0,DCHG, ,
21705.9,1,1,1,1,4,12175.0,-1,12.136,-12.1,-3.38,-42.27,0,0,DCHG, ,
21710.9,1,1,1,1,4,12180.0,-1,12.136,-12.1,-3.38,-42.28,0,0,DCHG, ,
21715.9,1,1,1,1,4,12185.0,-1,12.135,-12.1,-3.38,-42.3,0,0,DCHG, ,
21720.9,1,1,1,1,4,12190.0,-1,12.135,-12.1,-3.38,-42.32,0,0,DCHG, ,
21725.9,1,1,1,1,4,12195.0,-1,12.134,-12.1,-3.38,-42.33,0,0,DCHG, ,
21730.9,1,1,1,1,4,12200.0,-1,12.134,-12.1,-3.38,-42.35,0,0,DCHG, ,
21735.9,1,1,1,1,4,12205.0,-1,12.134,-12.1,-3.38,-42.37,0,0,DCHG, ,
21740.9,1,1,1,1,4,12210.0,-1,12.133,-12.1,-3.39,-42.38,0,0,DCHG, ,
21745.9,1,1,1,1,4,12215.0,-1,12.133,-12.1,-3.39,-42.4,0,0,DCHG, ,
21750.9,1,1,1,1,4,12220.0,-1,12.133,-12.1,-3.39,-42.42,0,0,DCHG, ,
21755.9,1,1,1,1,4,12225.0,-1,12.133,-12.1,-3.39,-42.43,0,0,DCHG, ,
21760.9,1,1,1,1,4,12230.0,-1,12.133,-12.1,-3.39,-42.45,0,0,DCHG, ,
21765.9,1,1,1,1,4,12235.0,-1,12.132,-12.1,-3.39,-42.47,0,0,DCHG, ,
21770.9,1,1,1,1,4,12240.0,-1,12.132,-12.1,-3.39,-42.49,0,0,DCHG, ,
21775.9,1,1,1,1,4,12245.0,-1,12.131,-12.1,-3.4,-42.5,0,0,DCHG, ,
21780.9,1,1,1,1,4,12250.0,-1,12.131,-12.1,-3.4,-42.52,0,0,DCHG, ,
21785.9,1,1,1,1,4,12255.0,-1,12.13,-12.1,-3.4,-42.54,0,0,DCHG, ,
21790.9,1,1,1,1,4,12260.0,-1,12.13,-12.1,-3.4,-42.55,0,0,DCHG, ,
21795.9,1,1,1,1,4,12265.0,-1,12.13,-12.1,-3.4,-42.57,0,0,DCHG, ,
21800.9,1,1,1,1,4,12270.0,-1,12.13,-12.1,-3.4,-42.59,0,0,DCHG, ,
21805.9,1,1,1,1,4,12275.0,-1,12.129,-12.1,-3.4,-42.6,0,0,DCHG, ,
21810.9,1,1,1,1,4,12280.0,-1,12.129,-12.1,-3.41,-42.62,0,0,DCHG, ,
21815.9,1,1,1,1,4,12285.0,-1,12.129,-12.1,-3.41,-42.64,0,0,DCHG, ,
21820.9,1,1,1,1,4,12290.0,-1,12.129,-12.1,-3.41,-42.65,0,0,DCHG, ,
21825.9,1,1,1,1,4,12295.0,-1,12.128,-12.1,-3.41,-42.67,0,0,DCHG, ,
21830.9,1,1,1,1,4,12300.0,-1,12.128,-12.1,-3.41,-42.69,0,0,DCHG, ,
21835.9,1,1,1,1,4,12305.0,-1,12.128,-12.1,-3.41,-42.7,0,0,DCHG, ,
21840.9,1,1,1,1,4,12310.0,-1,12.128,-12.1,-3.41,-42.72,0,0,DCHG, ,
21845.9,1,1,1,1,4,12315.0,-1,12.127,-12.1,-3.42,-42.74,0,0,DCHG, ,
21850.9,1,1,1,1,4,12320.0,-1,12.127,-12.1,-3.42,-42.75,0,0,DCHG, ,
21855.9,1,1,1,1,4,12325.0,-1,12.126,-12.1,-3.42,-42.77,0,0,DCHG, ,
21860.9,1,1,1,1,4,12330.0,-1,12.126,-12.1,-3.42,-42.79,0,0,DCHG, ,
21865.9,1,1,1,1,4,12335.0,-1,12.126,-12.1,-3.42,-42.8,0,0,DCHG, ,
21870.9,1,1,1,1,4,12340.0,-1,12.126,-12.1,-3.42,-42.82,0,0,DCHG, ,
21875.9,1,1,1,1,4,12345.0,-1,12.126,-12.1,-3.42,-42.84,0,0,DCHG, ,
21880.9,1,1,1,1,4,12350.0,-1,12.125,-12.1,-3.43,-42.85,0,0,DCHG, ,
21885.9,1,1,1,1,4,12355.0,-1,12.125,-12.1,-3.43,-42.87,0,0,DCHG, ,
21890.9,1,1,1,1,4,12360.0,-1,12.125,-12.1,-3.43,-42.89,0,0,DCHG, ,
21895.9,1,1,1,1,4,12365.0,-0.99,12.124,-12,-3.43,-42.91,0,0,DCHG, ,
21900.9,1,1,1,1,4,12370.0,-1,12.124,-12.1,-3.43,-42.92,0,0,DCHG, ,
21905.9,1,1,1,1,4,12375.0,-1,12.124,-12.1,-3.43,-42.94,0,0,DCHG, ,
21910.9,1,1,1,1,4,12380.0,-1,12.123,-12.1,-3.43,-42.96,0,0,DCHG, ,
21915.9,1,1,1,1,4,12385.0,-1,12.123,-12.1,-3.43,-42.97,0,0,DCHG, ,
21920.9,1,1,1,1,4,12390.0,-1,12.122,-12.1,-3.44,-42.99,0,0,DCHG, ,
21925.9,1,1,1,1,4,12395.0,-1,12.123,-12.1,-3.44,-43.01,0,0,DCHG, ,
21930.9,1,1,1,1,4,12400.0,-1,12.122,-12.1,-3.44,-43.02,0,0,DCHG, ,
21935.9,1,1,1,1,4,12405.0,-1,12.122,-12.1,-3.44,-43.04,0,0,DCHG, ,
21940.9,1,1,1,1,4,12410.0,-1,12.122,-12,-3.44,-43.06,0,0,DCHG, ,
21945.9,1,1,1,1,4,12415.0,-1,12.121,-12,-3.44,-43.07,0,0,DCHG, ,
21950.9,1,1,1,1,4,12420.0,-1,12.121,-12,-3.44,-43.09,0,0,DCHG, ,
21955.9,1,1,1,1,4,12425.0,-1,12.121,-12,-3.45,-43.11,0,0,DCHG, ,
21960.9,1,1,1,1,4,12430.0,-1,12.12,-12,-3.45,-43.12,0,0,DCHG, ,
21965.9,1,1,1,1,4,12435.0,-1,12.12,-12.1,-3.45,-43.14,0,0,DCHG, ,
21970.9,1,1,1,1,4,12440.0,-1,12.119,-12.1,-3.45,-43.16,0,0,DCHG, ,
21975.9,1,1,1,1,4,12445.0,-1,12.119,-12,-3.45,-43.17,0,0,DCHG, ,
21980.9,1,1,1,1,4,12450.0,-1,12.119,-12.1,-3.45,-43.19,0,0,DCHG, ,
21985.9,1,1,1,1,4,12455.0,-1,12.119,-12,-3.45,-43.21,0,0,DCHG, ,
21990.9,1,1,1,1,4,12460.0,-1,12.118,-12.1,-3.46,-43.22,0,0,DCHG, ,
21995.9,1,1,1,1,4,12465.0,-1,12.118,-12,-3.46,-43.24,0,0,DCHG, ,
22000.9,1,1,1,1,4,12470.0,-1,12.118,-12,-3.46,-43.26,0,0,DCHG, ,
22005.9,1,1,1,1,4,12475.0,-1,12.118,-12,-3.46,-43.27,0,0,DCHG, ,
22010.9,1,1,1,1,4,12480.0,-1,12.117,-12,-3.46,-43.29,0,0,DCHG, ,
22015.9,1,1,1,1,4,12485.0,-1,12.117,-12,-3.46,-43.31,0,0,DCHG, ,
22020.9,1,1,1,1,4,12490.0,-0.99,12.117,-12,-3.46,-43.32,0,0,DCHG, ,
22025.9,1,1,1,1,4,12495.0,-1,12.116,-12,-3.47,-43.34,0,0,DCHG, ,
22030.9,1,1,1,1,4,12500.0,-1,12.116,-12.1,-3.47,-43.36,0,0,DCHG, ,
22035.9,1,1,1,1,4,12505.0,-1,12.116,-12.1,-3.47,-43.37,0,0,DCHG, ,
22040.9,1,1,1,1,4,12510.0,-1,12.115,-12,-3.47,-43.39,0,0,DCHG, ,
22045.9,1,1,1,1,4,12515.0,-1,12.115,-12.1,-3.47,-43.41,0,0,DCHG, ,
22050.9,1,1,1,1,4,12520.0,-1,12.115,-12,-3.47,-43.42,0,0,DCHG, ,
22055.9,1,1,1,1,4,12525.0,-1,12.114,-12,-3.47,-43.44,0,0,DCHG, ,
22060.9,1,1,1,1,4,12530.0,-1,12.114,-12,-3.48,-43.46,0,0,DCHG, ,
22065.9,1,1,1,1,4,12535.0,-1,12.114,-12,-3.48,-43.47,0,0,DCHG, ,
22070.9,1,1,1,1,4,12540.0,-1,12.113,-12,-3.48,-43.49,0,0,DCHG, ,
22075.9,1,1,1,1,4,12545.0,-1,12.113,-12.1,-3.48,-43.51,0,0,DCHG, ,
22080.9,1,1,1,1,4,12550.0,-1,12.113,-12,-3.48,-43.53,0,0,DCHG, ,
22085.9,1,1,1,1,4,12555.0,-1,12.113,-12,-3.48,-43.54,0,0,DCHG, ,
22090.9,1,1,1,1,4,12560.0,-1,12.112,-12,-3.48,-43.56,0,0,DCHG, ,
22095.9,1,1,1,1,4,12565.0,-1,12.112,-12.1,-3.48,-43.58,0,0,DCHG, ,
22100.9,1,1,1,1,4,12570.0,-1,12.112,-12,-3.49,-43.59,0,0,DCHG, ,
22105.9,1,1,1,1,4,12575.0,-1,12.111,-12.1,-3.49,-43.61,0,0,DCHG, ,
22110.9,1,1,1,1,4,12580.0,-1,12.111,-12.1,-3.49,-43.63,0,0,DCHG, ,
22115.9,1,1,1,1,4,12585.0,-1,12.111,-12.1,-3.49,-43.64,0,0,DCHG, ,
22120.9,1,1,1,1,4,12590.0,-1,12.111,-12,-3.49,-43.66,0,0,DCHG, ,
22125.9,1,1,1,1,4,12595.0,-1,12.11,-12,-3.49,-43.68,0,0,DCHG, ,
22130.9,1,1,1,1,4,12600.0,-1,12.11,-12.1,-3.49,-43.69,0,0,DCHG, ,
22135.9,1,1,1,1,4,12605.0,-1,12.11,-12,-3.5,-43.71,0,0,DCHG, ,
22140.9,1,1,1,1,4,12610.0,-1,12.109,-12.1,-3.5,-43.73,0,0,DCHG, ,
22145.9,1,1,1,1,4,12615.0,-1,12.109,-12,-3.5,-43.74,0,0,DCHG, ,
22150.9,1,1,1,1,4,12620.0,-1,12.108,-12.1,-3.5,-43.76,0,0,DCHG, ,
22155.9,1,1,1,1,4,12625.0,-1,12.108,-12,-3.5,-43.78,0,0,DCHG, ,
22160.9,1,1,1,1,4,12630.0,-1,12.108,-12.1,-3.5,-43.79,0,0,DCHG, ,
22165.9,1,1,1,1,4,12635.0,-1,12.108,-12.1,-3.5,-43.81,0,0,DCHG, ,
22170.9,1,1,1,1,4,12640.0,-1,12.107,-12.1,-3.51,-43.83,0,0,DCHG, ,
22175.9,1,1,1,1,4,12645.0,-1,12.107,-12,-3.51,-43.84,0,0,DCHG, ,
22180.9,1,1,1,1,4,12650.0,-1,12.107,-12.1,-3.51,-43.86,0,0,DCHG, ,
22185.9,1,1,1,1,4,12655.0,-0.99,12.107,-12,-3.51,-43.88,0,0,DCHG, ,
22190.9,1,1,1,1,4,12660.0,-1,12.106,-12.1,-3.51,-43.89,0,0,DCHG, ,
22195.9,1,1,1,1,4,12665.0,-1,12.106,-12.1,-3.51,-43.91,0,0,DCHG, ,
22200.9,1,1,1,1,4,12670.0,-1,12.106,-12.1,-3.51,-43.93,0,0,DCHG, ,
22205.9,1,1,1,1,4,12675.0,-1,12.105,-12,-3.52,-43.94,0,0,DCHG, ,
22210.9,1,1,1,1,4,12680.0,-1,12.105,-12,-3.52,-43.96,0,0,DCHG, ,
22215.9,1,1,1,1,4,12685.0,-1,12.104,-12.1,-3.52,-43.98,0,0,DCHG, ,
22220.9,1,1,1,1,4,12690.0,-1,12.104,-12.1,-3.52,-43.99,0,0,DCHG, ,
22225.9,1,1,1,1,4,12695.0,-1,12.104,-12,-3.52,-44.01,0,0,DCHG, ,
22230.9,1,1,1,1,4,12700.0,-1,12.104,-12,-3.52,-44.03,0,0,DCHG, ,
22235.9,1,1,1,1,4,12705.0,-1,12.104,-12,-3.52,-44.04,0,0,DCHG, ,
22240.9,1,1,1,1,4,12710.0,-1,12.103,-12.1,-3.53,-44.06,0,0,DCHG, ,
22245.9,1,1,1,1,4,12715.0,-1,12.103,-12,-3.53,-44.08,0,0,DCHG, ,
22250.9,1,1,1,1,4,12720.0,-1,12.103,-12.1,-3.53,-44.09,0,0,DCHG, ,
22255.9,1,1,1,1,4,12725.0,-1,12.102,-12,-3.53,-44.11,0,0,DCHG, ,
22260.9,1,1,1,1,4,12730.0,-1,12.102,-12.1,-3.53,-44.13,0,0,DCHG, ,
22265.9,1,1,1,1,4,12735.0,-1,12.101,-12,-3.53,-44.14,0,0,DCHG, ,
22270.9,1,1,1,1,4,12740.0,-1,12.101,-12.1,-3.53,-44.16,0,0,DCHG, ,
22275.9,1,1,1,1,4,12745.0,-1,12.101,-12.1,-3.53,-44.18,0,0,DCHG, ,
22280.9,1,1,1,1,4,12750.0,-1,12.101,-12,-3.54,-44.19,0,0,DCHG, ,
22285.9,1,1,1,1,4,12755.0,-1,12.101,-12,-3.54,-44.21,0,0,DCHG, ,
22290.9,1,1,1,1,4,12760.0,-0.99,12.1,-12,-3.54,-44.23,0,0,DCHG, ,
22295.9,1,1,1,1,4,12765.0,-1,12.099,-12,-3.54,-44.24,0,0,DCHG, ,
22300.9,1,1,1,1,4,12770.0,-1,12.099,-12,-3.54,-44.26,0,0,DCHG, ,
22305.9,1,1,1,1,4,12775.0,-1,12.099,-12,-3.54,-44.28,0,0,DCHG, ,
22310.9,1,1,1,1,4,12780.0,-1,12.099,-12,-3.54,-44.29,0,0,DCHG, ,
22315.9,1,1,1,1,4,12785.0,-1,12.099,-12,-3.55,-44.31,0,0,DCHG, ,
22320.9,1,1,1,1,4,12790.0,-1,12.098,-12,-3.55,-44.33,0,0,DCHG, ,
22325.9,1,1,1,1,4,12795.0,-1,12.098,-12,-3.55,-44.34,0,0,DCHG, ,
22330.9,1,1,1,1,4,12800.0,-1,12.098,-12,-3.55,-44.36,0,0,DCHG, ,
22335.9,1,1,1,1,4,12805.0,-1,12.097,-12,-3.55,-44.38,0,0,DCHG, ,
22340.9,1,1,1,1,4,12810.0,-1,12.097,-12,-3.55,-44.39,0,0,DCHG, ,
22345.9,1,1,1,1,4,12815.0,-1,12.097,-12,-3.55,-44.41,0,0,DCHG, ,
22350.9,1,1,1,1,4,12820.0,-1,12.096,-12,-3.56,-44.43,0,0,DCHG, ,
22355.9,1,1,1,1,4,12825.0,-1,12.096,-12,-3.56,-44.44,0,0,DCHG, ,
22360.9,1,1,1,1,4,12830.0,-1,12.096,-12,-3.56,-44.46,0,0,DCHG, ,
22365.9,1,1,1,1,4,12835.0,-1,12.096,-12,-3.56,-44.48,0,0,DCHG, ,
22370.9,1,1,1,1,4,12840.0,-1,12.095,-12,-3.56,-44.49,0,0,DCHG, ,
22375.9,1,1,1,1,4,12845.0,-1,12.095,-12,-3.56,-44.51,0,0,DCHG, ,
22380.9,1,1,1,1,4,12850.0,-1,12.094,-12,-3.56,-44.53,0,0,DCHG, ,
22385.9,1,1,1,1,4,12855.0,-1,12.094,-12,-3.57,-44.54,0,0,DCHG, ,
22390.9,1,1,1,1,4,12860.0,-1,12.094,-12,-3.57,-44.56,0,0,DCHG, ,
22395.9,1,1,1,1,4,12865.0,-1,12.094,-12,-3.57,-44.58,0,0,DCHG, ,
22400.9,1,1,1,1,4,12870.0,-1,12.094,-12,-3.57,-44.59,0,0,DCHG, ,
22405.9,1,1,1,1,4,12875.0,-1,12.093,-12,-3.57,-44.61,0,0,DCHG, ,
22410.9,1,1,1,1,4,12880.0,-1,12.093,-12,-3.57,-44.63,0,0,DCHG, ,
22415.9,1,1,1,1,4,12885.0,-1,12.092,-12,-3.57,-44.64,0,0,DCHG, ,
22420.9,1,1,1,1,4,12890.0,-1,12.092,-12,-3.58,-44.66,0,0,DCHG, ,
22425.9,1,1,1,1,4,12895.0,-1,12.092,-12,-3.58,-44.68,0,0,DCHG, ,
22430.9,1,1,1,1,4,12900.0,-1,12.092,-12,-3.58,-44.69,0,0,DCHG, ,
22435.9,1,1,1,1,4,12905.0,-1,12.092,-12,-3.58,-44.71,0,0,DCHG, ,
22440.9,1,1,1,1,4,12910.0,-1,12.091,-12,-3.58,-44.73,0,0,DCHG, ,
22445.9,1,1,1,1,4,12915.0,-1,12.091,-12,-3.58,-44.74,0,0,DCHG, ,
22450.9,1,1,1,1,4,12920.0,-1,12.09,-12,-3.58,-44.76,0,0,DCHG, ,
22455.9,1,1,1,1,4,12925.0,-1,12.09,-12,-3.58,-44.78,0,0,DCHG, ,
22460.9,1,1,1,1,4,12930.0,-1,12.09,-12,-3.59,-44.79,0,0,DCHG, ,
22465.9,1,1,1,1,4,12935.0,-1,12.09,-12,-3.59,-44.81,0,0,DCHG, ,
22470.9,1,1,1,1,4,12940.0,-1,12.089,-12,-3.59,-44.83,0,0,DCHG, ,
22475.9,1,1,1,1,4,12945.0,-1,12.089,-12,-3.59,-44.84,0,0,DCHG, ,
22480.9,1,1,1,1,4,12950.0,-1,12.088,-12,-3.59,-44.86,0,0,DCHG, ,
22485.9,1,1,1,1,4,12955.0,-1,12.088,-12,-3.59,-44.88,0,0,DCHG, ,
22490.9,1,1,1,1,4,12960.0,-1,12.088,-12,-3.59,-44.89,0,0,DCHG, ,
22495.9,1,1,1,1,4,12965.0,-1,12.088,-12,-3.6,-44.91,0,0,DCHG, ,
22500.9,1,1,1,1,4,12970.0,-1,12.088,-12,-3.6,-44.93,0,0,DCHG, ,
22505.9,1,1,1,1,4,12975.0,-1,12.087,-12,-3.6,-44.94,0,0,DCHG, ,
22510.9,1,1,1,1,4,12980.0,-1,12.087,-12,-3.6,-44.96,0,0,DCHG, ,
22515.9,1,1,1,1,4,12985.0,-1,12.086,-12,-3.6,-44.98,0,0,DCHG, ,
22520.9,1,1,1,1,4,12990.0,-1,12.086,-12,-3.6,-44.99,0,0,DCHG, ,
22525.9,1,1,1,1,4,12995.0,-1,12.086,-12,-3.6,-45.01,0,0,DCHG, ,
22530.9,1,1,1,1,4,13000.0,-1,12.086,-12,-3.61,-45.03,0,0,DCHG, ,
22535.9,1,1,1,1,4,13005.0,-1,12.085,-12,-3.61,-45.04,0,0,DCHG, ,
22540.9,1,1,1,1,4,13010.0,-1,12.085,-12,-3.61,-45.06,0,0,DCHG, ,
22545.9,1,1,1,1,4,13015.0,-1,12.085,-12,-3.61,-45.08,0,0,DCHG, ,
22550.9,1,1,1,1,4,13020.0,-1,12.085,-12,-3.61,-45.09,0,0,DCHG, ,
22555.9,1,1,1,1,4,13025.0,-1,12.084,-12,-3.61,-45.11,0,0,DCHG, ,
22560.9,1,1,1,1,4,13030.0,-1,12.084,-12,-3.61,-45.13,0,0,DCHG, ,
22565.9,1,1,1,1,4,13035.0,-1,12.084,-12,-3.62,-45.14,0,0,DCHG, ,
22570.9,1,1,1,1,4,13040.0,-1,12.083,-12,-3.62,-45.16,0,0,DCHG, ,
22575.9,1,1,1,1,4,13045.0,-1,12.083,-12,-3.62,-45.18,0,0,DCHG, ,
22580.9,1,1,1,1,4,13050.0,-1,12.083,-12,-3.62,-45.19,0,0,DCHG, ,
22585.9,1,1,1,1,4,13055.0,-1,12.082,-12,-3.62,-45.21,0,0,DCHG, ,
22590.9,1,1,1,1,4,13060.0,-1,12.082,-12,-3.62,-45.23,0,0,DCHG, ,
22595.9,1,1,1,1,4,13065.0,-1,12.082,-12,-3.62,-45.24,0,0,DCHG, ,
22600.9,1,1,1,1,4,13070.0,-1,12.082,-12,-3.62,-45.26,0,0,DCHG, ,
22605.9,1,1,1,1,4,13075.0,-1,12.081,-12,-3.63,-45.28,0,0,DCHG, ,
22610.9,1,1,1,1,4,13080.0,-1,12.081,-12,-3.63,-45.29,0,0,DCHG, ,
22615.9,1,1,1,1,4,13085.0,-1,12.081,-12,-3.63,-45.31,0,0,DCHG, ,
22620.9,1,1,1,1,4,13090.0,-1,12.08,-12,-3.63,-45.33,0,0,DCHG, ,
22625.9,1,1,1,1,4,13095.0,-1,12.08,-12,-3.63,-45.34,0,0,DCHG, ,
22630.9,1,1,1,1,4,13100.0,-1,12.08,-12,-3.63,-45.36,0,0,DCHG, ,
22635.9,1,1,1,1,4,13105.0,-1,12.079,-12,-3.63,-45.38,0,0,DCHG, ,
22640.9,1,1,1,1,4,13110.0,-1,12.079,-12,-3.64,-45.39,0,0,DCHG, ,
22645.9,1,1,1,1,4,13115.0,-1,12.079,-12,-3.64,-45.41,0,0,DCHG, ,
22650.9,1,1,1,1,4,13120.0,-1,12.078,-12,-3.64,-45.43,0,0,DCHG, ,
22655.9,1,1,1,1,4,13125.0,-1,12.078,-12,-3.64,-45.44,0,0,DCHG, ,
22660.9,1,1,1,1,4,13130.0,-1,12.078,-12,-3.64,-45.46,0,0,DCHG, ,
22665.9,1,1,1,1,4,13135.0,-1,12.078,-12,-3.64,-45.48,0,0,DCHG, ,
22670.9,1,1,1,1,4,13140.0,-1,12.077,-12,-3.64,-45.49,0,0,DCHG, ,
22675.9,1,1,1,1,4,13145.0,-1,12.077,-12,-3.65,-45.51,0,0,DCHG, ,
22680.9,1,1,1,1,4,13150.0,-1,12.076,-12,-3.65,-45.53,0,0,DCHG, ,
22685.9,1,1,1,1,4,13155.0,-1,12.076,-12,-3.65,-45.54,0,0,DCHG, ,
22690.9,1,1,1,1,4,13160.0,-1,12.075,-12,-3.65,-45.56,0,0,DCHG, ,
22695.9,1,1,1,1,4,13165.0,-1,12.076,-12,-3.65,-45.58,0,0,DCHG, ,
22700.9,1,1,1,1,4,13170.0,-1,12.075,-12,-3.65,-45.59,0,0,DCHG, ,
22705.9,1,1,1,1,4,13175.0,-1,12.075,-12,-3.65,-45.61,0,0,DCHG, ,
22710.9,1,1,1,1,4,13180.0,-1,12.074,-12,-3.66,-45.63,0,0,DCHG, ,
22715.9,1,1,1,1,4,13185.0,-1,12.074,-12,-3.66,-45.64,0,0,DCHG, ,
22720.9,1,1,1,1,4,13190.0,-1,12.074,-12,-3.66,-45.66,0,0,DCHG, ,
22725.9,1,1,1,1,4,13195.0,-1,12.074,-12,-3.66,-45.68,0,0,DCHG, ,
22730.9,1,1,1,1,4,13200.0,-1,12.073,-12,-3.66,-45.69,0,0,DCHG, ,
22735.9,1,1,1,1,4,13205.0,-1,12.073,-12,-3.66,-45.71,0,0,DCHG, ,
22740.9,1,1,1,1,4,13210.0,-1,12.073,-12,-3.66,-45.73,0,0,DCHG, ,
22745.9,1,1,1,1,4,13215.0,-1,12.072,-12,-3.67,-45.74,0,0,DCHG, ,
22750.9,1,1,1,1,4,13220.0,-1,12.072,-12,-3.67,-45.76,0,0,DCHG, ,
22755.9,1,1,1,1,4,13225.0,-1,12.072,-12,-3.67,-45.78,0,0,DCHG, ,
22760.9,1,1,1,1,4,13230.0,-1,12.072,-12,-3.67,-45.79,0,0,DCHG, ,
22765.9,1,1,1,1,4,13235.0,-1,12.071,-12,-3.67,-45.81,0,0,DCHG, ,
22770.9,1,1,1,1,4,13240.0,-1,12.07,-12,-3.67,-45.83,0,0,DCHG, ,
22775.9,1,1,1,1,4,13245.0,-1,12.071,-12,-3.67,-45.84,0,0,DCHG, ,
22780.9,1,1,1,1,4,13250.0,-1,12.07,-12,-3.67,-45.86,0,0,DCHG, ,
22785.9,1,1,1,1,4,13255.0,-1,12.07,-12,-3.68,-45.88,0,0,DCHG, ,
22790.9,1,1,1,1,4,13260.0,-1,12.069,-12,-3.68,-45.89,0,0,DCHG, ,
22795.9,1,1,1,1,4,13265.0,-1,12.07,-12,-3.68,-45.91,0,0,DCHG, ,
22800.9,1,1,1,1,4,13270.0,-1,12.069,-12,-3.68,-45.93,0,0,DCHG, ,
22805.9,1,1,1,1,4,13275.0,-1,12.069,-12,-3.68,-45.94,0,0,DCHG, ,
22810.9,1,1,1,1,4,13280.0,-1,12.069,-12,-3.68,-45.96,0,0,DCHG, ,
22815.9,1,1,1,1,4,13285.0,-1,12.068,-12,-3.68,-45.98,0,0,DCHG, ,
22820.9,1,1,1,1,4,13290.0,-1,12.068,-12,-3.69,-45.99,0,0,DCHG, ,
22825.9,1,1,1,1,4,13295.0,-1,12.068,-12,-3.69,-46.01,0,0,DCHG, ,
22830.9,1,1,1,1,4,13300.0,-1,12.067,-12,-3.69,-46.03,0,0,DCHG, ,
22835.9,1,1,1,1,4,13305.0,-1,12.067,-12,-3.69,-46.04,0,0,DCHG, ,
22840.9,1,1,1,1,4,13310.0,-1,12.066,-12,-3.69,-46.06,0,0,DCHG, ,
22845.9,1,1,1,1,4,13315.0,-1,12.067,-12,-3.69,-46.08,0,0,DCHG, ,
22850.9,1,1,1,1,4,13320.0,-1,12.066,-12,-3.69,-46.09,0,0,DCHG, ,
22855.9,1,1,1,1,4,13325.0,-1,12.066,-12,-3.7,-46.11,0,0,DCHG, ,
22860.9,1,1,1,1,4,13330.0,-1,12.066,-12,-3.7,-46.13,0,0,DCHG, ,
22865.9,1,1,1,1,4,13335.0,-1,12.066,-12,-3.7,-46.14,0,0,DCHG, ,
22870.9,1,1,1,1,4,13340.0,-1,12.065,-12,-3.7,-46.16,0,0,DCHG, ,
22875.9,1,1,1,1,4,13345.0,-1,12.064,-12,-3.7,-46.18,0,0,DCHG, ,
22880.9,1,1,1,1,4,13350.0,-1,12.064,-12,-3.7,-46.19,0,0,DCHG, ,
22885.9,1,1,1,1,4,13355.0,-1,12.064,-12,-3.7,-46.21,0,0,DCHG, ,
22890.9,1,1,1,1,4,13360.0,-1,12.064,-12,-3.71,-46.23,0,0,DCHG, ,
22895.9,1,1,1,1,4,13365.0,-1,12.063,-12,-3.71,-46.24,0,0,DCHG, ,
22900.9,1,1,1,1,4,13370.0,-1,12.062,-12,-3.71,-46.26,0,0,DCHG, ,
22905.9,1,1,1,1,4,13375.0,-1,12.063,-12,-3.71,-46.28,0,0,DCHG, ,
22910.9,1,1,1,1,4,13380.0,-1,12.062,-12,-3.71,-46.29,0,0,DCHG, ,
22915.9,1,1,1,1,4,13385.0,-1,12.062,-12,-3.71,-46.31,0,0,DCHG, ,
22920.9,1,1,1,1,4,13390.0,-1,12.062,-12,-3.71,-46.33,0,0,DCHG, ,
22925.9,1,1,1,1,4,13395.0,-1,12.061,-12,-3.72,-46.34,0,0,DCHG, ,
22930.9,1,1,1,1,4,13400.0,-1,12.061,-12,-3.72,-46.36,0,0,DCHG, ,
22935.9,1,1,1,1,4,13405.0,-1,12.061,-12,-3.72,-46.38,0,0,DCHG, ,
22940.9,1,1,1,1,4,13410.0,-1,12.061,-12,-3.72,-46.39,0,0,DCHG, ,
22945.9,1,1,1,1,4,13415.0,-1,12.06,-12,-3.72,-46.41,0,0,DCHG, ,
22950.9,1,1,1,1,4,13420.0,-1,12.06,-12,-3.72,-46.43,0,0,DCHG, ,
22955.9,1,1,1,1,4,13425.0,-1,12.06,-12,-3.72,-46.44,0,0,DCHG, ,
22960.9,1,1,1,1,4,13430.0,-1,12.059,-12,-3.72,-46.46,0,0,DCHG, ,
22965.9,1,1,1,1,4,13435.0,-1,12.059,-12,-3.73,-46.48,0,0,DCHG, ,
22970.9,1,1,1,1,4,13440.0,-1,12.059,-12,-3.73,-46.49,0,0,DCHG, ,
22975.9,1,1,1,1,4,13445.0,-1,12.058,-12,-3.73,-46.51,0,0,DCHG, ,
22980.9,1,1,1,1,4,13450.0,-1,12.058,-12,-3.73,-46.53,0,0,DCHG, ,
22985.9,1,1,1,1,4,13455.0,-1,12.058,-12,-3.73,-46.54,0,0,DCHG, ,
22990.9,1,1,1,1,4,13460.0,-1,12.057,-12,-3.73,-46.56,0,0,DCHG, ,
22995.9,1,1,1,1,4,13465.0,-1,12.057,-12,-3.73,-46.58,0,0,DCHG, ,
23000.9,1,1,1,1,4,13470.0,-1,12.057,-12,-3.74,-46.59,0,0,DCHG, ,
23005.9,1,1,1,1,4,13475.0,-1,12.056,-12,-3.74,-46.61,0,0,DCHG, ,
23010.9,1,1,1,1,4,13480.0,-1,12.056,-12,-3.74,-46.63,0,0,DCHG, ,
23015.9,1,1,1,1,4,13485.0,-1,12.056,-12,-3.74,-46.64,0,0,DCHG, ,
23020.9,1,1,1,1,4,13490.0,-1,12.056,-12,-3.74,-46.66,0,0,DCHG, ,
23025.9,1,1,1,1,4,13495.0,-1,12.055,-12,-3.74,-46.68,0,0,DCHG, ,
23030.9,1,1,1,1,4,13500.0,-1,12.055,-12,-3.74,-46.69,0,0,DCHG, ,
23035.9,1,1,1,1,4,13505.0,-1,12.055,-12,-3.75,-46.71,0,0,DCHG, ,
23040.9,1,1,1,1,4,13510.0,-1,12.054,-12,-3.75,-46.73,0,0,DCHG, ,
23045.9,1,1,1,1,4,13515.0,-1,12.055,-12,-3.75,-46.74,0,0,DCHG, ,
23050.9,1,1,1,1,4,13520.0,-1,12.054,-12,-3.75,-46.76,0,0,DCHG, ,
23055.9,1,1,1,1,4,13525.0,-1,12.054,-12,-3.75,-46.78,0,0,DCHG, ,
23060.9,1,1,1,1,4,13530.0,-1,12.053,-12,-3.75,-46.79,0,0,DCHG, ,
23065.9,1,1,1,1,4,13535.0,-1,12.053,-12,-3.75,-46.81,0,0,DCHG, ,
23070.9,1,1,1,1,4,13540.0,-1,12.052,-12,-3.76,-46.83,0,0,DCHG, ,
23075.9,1,1,1,1,4,13545.0,-1,12.052,-12,-3.76,-46.84,0,0,DCHG, ,
23080.9,1,1,1,1,4,13550.0,-1,12.052,-12,-3.76,-46.86,0,0,DCHG, ,
23085.9,1,1,1,1,4,13555.0,-1,12.052,-12,-3.76,-46.88,0,0,DCHG, ,
23090.9,1,1,1,1,4,13560.0,-1,12.051,-12,-3.76,-46.89,0,0,DCHG, ,
23095.9,1,1,1,1,4,13565.0,-1,12.051,-12,-3.76,-46.91,0,0,DCHG, ,
23100.9,1,1,1,1,4,13570.0,-1,12.051,-12,-3.76,-46.93,0,0,DCHG, ,
23105.9,1,1,1,1,4,13575.0,-1,12.051,-12,-3.77,-46.94,0,0,DCHG, ,
23110.9,1,1,1,1,4,13580.0,-1,12.05,-12,-3.77,-46.96,0,0,DCHG, ,
23115.9,1,1,1,1,4,13585.0,-1,12.05,-12,-3.77,-46.98,0,0,DCHG, ,
23120.9,1,1,1,1,4,13590.0,-1,12.049,-12,-3.77,-46.99,0,0,DCHG, ,
23125.9,1,1,1,1,4,13595.0,-1,12.049,-12,-3.77,-47.01,0,0,DCHG, ,
23130.9,1,1,1,1,4,13600.0,-1,12.049,-12,-3.77,-47.03,0,0,DCHG, ,
23135.9,1,1,1,1,4,13605.0,-1,12.048,-12,-3.77,-47.04,0,0,DCHG, ,
23140.9,1,1,1,1,4,13610.0,-1,12.048,-12,-3.77,-47.06,0,0,DCHG, ,
23145.9,1,1,1,1,4,13615.0,-1,12.048,-12,-3.78,-47.08,0,0,DCHG, ,
23150.9,1,1,1,1,4,13620.0,-1,12.047,-12,-3.78,-47.09,0,0,DCHG, ,
23155.9,1,1,1,1,4,13625.0,-1,12.047,-12,-3.78,-47.11,0,0,DCHG, ,
23160.9,1,1,1,1,4,13630.0,-1,12.047,-12,-3.78,-47.13,0,0,DCHG, ,
23165.9,1,1,1,1,4,13635.0,-1,12.047,-12,-3.78,-47.14,0,0,DCHG, ,
23170.9,1,1,1,1,4,13640.0,-1,12.046,-12,-3.78,-47.16,0,0,DCHG, ,
23175.9,1,1,1,1,4,13645.0,-1,12.046,-12,-3.78,-47.18,0,0,DCHG, ,
23180.9,1,1,1,1,4,13650.0,-0.99,12.046,-11.9,-3.79,-47.19,0,0,DCHG, ,
23185.9,1,1,1,1,4,13655.0,-1,12.045,-12,-3.79,-47.21,0,0,DCHG, ,
23190.9,1,1,1,1,4,13660.0,-1,12.045,-12,-3.79,-47.23,0,0,DCHG, ,
23195.9,1,1,1,1,4,13665.0,-1,12.045,-12,-3.79,-47.24,0,0,DCHG, ,
23200.9,1,1,1,1,4,13670.0,-1,12.044,-12,-3.79,-47.26,0,0,DCHG, ,
23205.9,1,1,1,1,4,13675.0,-1,12.044,-12,-3.79,-47.28,0,0,DCHG, ,
23210.9,1,1,1,1,4,13680.0,-1,12.044,-12,-3.79,-47.29,0,0,DCHG, ,
23215.9,1,1,1,1,4,13685.0,-1,12.043,-12,-3.8,-47.31,0,0,DCHG, ,
23220.9,1,1,1,1,4,13690.0,-1,12.043,-12,-3.8,-47.33,0,0,DCHG, ,
23225.9,1,1,1,1,4,13695.0,-1,12.043,-12,-3.8,-47.34,0,0,DCHG, ,
23230.9,1,1,1,1,4,13700.0,-1,12.043,-12,-3.8,-47.36,0,0,DCHG, ,
23235.9,1,1,1,1,4,13705.0,-1,12.042,-12,-3.8,-47.38,0,0,DCHG, ,
23240.9,1,1,1,1,4,13710.0,-1,12.041,-12,-3.8,-47.39,0,0,DCHG, ,
23245.9,1,1,1,1,4,13715.0,-1,12.041,-12,-3.8,-47.41,0,0,DCHG, ,
23250.9,1,1,1,1,4,13720.0,-1,12.041,-12,-3.81,-47.43,0,0,DCHG, ,
23255.9,1,1,1,1,4,13725.0,-1,12.041,-12,-3.81,-47.44,0,0,DCHG, ,
23260.9,1,1,1,1,4,13730.0,-1,12.041,-12,-3.81,-47.46,0,0,DCHG, ,
23265.9,1,1,1,1,4,13735.0,-1,12.04,-12,-3.81,-47.48,0,0,DCHG, ,
23270.9,1,1,1,1,4,13740.0,-1,12.04,-12,-3.81,-47.49,0,0,DCHG, ,
23275.9,1,1,1,1,4,13745.0,-1,12.039,-12,-3.81,-47.51,0,0,DCHG, ,
23280.9,1,1,1,1,4,13750.0,-1,12.039,-12,-3.81,-47.53,0,0,DCHG, ,
23285.9,1,1,1,1,4,13755.0,-1,12.039,-12,-3.82,-47.54,0,0,DCHG, ,
23290.9,1,1,1,1,4,13760.0,-1,12.039,-12,-3.82,-47.56,0,0,DCHG, ,
23295.9,1,1,1,1,4,13765.0,-1,12.039,-12,-3.82,-47.58,0,0,DCHG, ,
23300.9,1,1,1,1,4,13770.0,-1,12.038,-12,-3.82,-47.59,0,0,DCHG, ,
23305.9,1,1,1,1,4,13775.0,-1,12.038,-12,-3.82,-47.61,0,0,DCHG, ,
23310.9,1,1,1,1,4,13780.0,-1,12.038,-12,-3.82,-47.63,0,0,DCHG, ,
23315.9,1,1,1,1,4,13785.0,-1,12.037,-12,-3.82,-47.64,0,0,DCHG, ,
23320.9,1,1,1,1,4,13790.0,-1,12.037,-12,-3.82,-47.66,0,0,DCHG, ,
23325.9,1,1,1,1,4,13795.0,-1,12.037,-12,-3.83,-47.68,0,0,DCHG, ,
23330.9,1,1,1,1,4,13800.0,-1,12.036,-12,-3.83,-47.69,0,0,DCHG, ,
23335.9,1,1,1,1,4,13805.0,-1,12.036,-12,-3.83,-47.71,0,0,DCHG, ,
23340.9,1,1,1,1,4,13810.0,-1,12.036,-12,-3.83,-47.73,0,0,DCHG, ,
23345.9,1,1,1,1,4,13815.0,-1,12.036,-12,-3.83,-47.74,0,0,DCHG, ,
23350.9,1,1,1,1,4,13820.0,-1,12.035,-12,-3.83,-47.76,0,0,DCHG, ,
23355.9,1,1,1,1,4,13825.0,-1,12.034,-12,-3.83,-47.78,0,0,DCHG, ,
23360.9,1,1,1,1,4,13830.0,-1,12.035,-12,-3.84,-47.79,0,0,DCHG, ,
23365.9,1,1,1,1,4,13835.0,-1,12.034,-12,-3.84,-47.81,0,0,DCHG, ,
23370.9,1,1,1,1,4,13840.0,-1,12.033,-12,-3.84,-47.83,0,0,DCHG, ,
23375.9,1,1,1,1,4,13845.0,-1,12.033,-12,-3.84,-47.84,0,0,DCHG, ,
23380.9,1,1,1,1,4,13850.0,-1,12.033,-12,-3.84,-47.86,0,0,DCHG, ,
23385.9,1,1,1,1,4,13855.0,-1,12.033,-12,-3.84,-47.88,0,0,DCHG, ,
23390.9,1,1,1,1,4,13860.0,-1,12.032,-12,-3.84,-47.89,0,0,DCHG, ,
23395.9,1,1,1,1,4,13865.0,-1,12.032,-12,-3.85,-47.91,0,0,DCHG, ,
23400.9,1,1,1,1,4,13870.0,-1,12.032,-12,-3.85,-47.93,0,0,DCHG, ,
23405.9,1,1,1,1,4,13875.0,-1,12.031,-12,-3.85,-47.94,0,0,DCHG, ,
23410.9,1,1,1,1,4,13880.0,-1,12.031,-12,-3.85,-47.96,0,0,DCHG, ,
23415.9,1,1,1,1,4,13885.0,-1,12.031,-12,-3.85,-47.98,0,0,DCHG, ,
23420.9,1,1,1,1,4,13890.0,-1,12.031,-12,-3.85,-47.99,0,0,DCHG, ,
23425.9,1,1,1,1,4,13895.0,-1,12.03,-12,-3.85,-48.01,0,0,DCHG, ,
23430.9,1,1,1,1,4,13900.0,-1,12.03,-12,-3.86,-48.03,0,0,DCHG, ,
23435.9,1,1,1,1,4,13905.0,-1,12.03,-12,-3.86,-48.04,0,0,DCHG, ,
23440.9,1,1,1,1,4,13910.0,-1,12.03,-12,-3.86,-48.06,0,0,DCHG, ,
23445.9,1,1,1,1,4,13915.0,-1,12.03,-12,-3.86,-48.08,0,0,DCHG, ,
23450.9,1,1,1,1,4,13920.0,-1,12.029,-12,-3.86,-48.09,0,0,DCHG, ,
23455.9,1,1,1,1,4,13925.0,-1,12.028,-12,-3.86,-48.11,0,0,DCHG, ,
23460.9,1,1,1,1,4,13930.0,-1,12.028,-12,-3.86,-48.13,0,0,DCHG, ,
23465.9,1,1,1,1,4,13935.0,-1,12.028,-12,-3.87,-48.14,0,0,DCHG, ,
23470.9,1,1,1,1,4,13940.0,-1,12.028,-12,-3.87,-48.16,0,0,DCHG, ,
23475.9,1,1,1,1,4,13945.0,-1,12.027,-12,-3.87,-48.18,0,0,DCHG, ,
23480.9,1,1,1,1,4,13950.0,-1,12.027,-12,-3.87,-48.19,0,0,DCHG, ,
23485.9,1,1,1,1,4,13955.0,-1,12.027,-12,-3.87,-48.21,0,0,DCHG, ,
23490.9,1,1,1,1,4,13960.0,-1,12.026,-12,-3.87,-48.23,0,0,DCHG, ,
23495.9,1,1,1,1,4,13965.0,-1,12.026,-12,-3.87,-48.24,0,0,DCHG, ,
23500.9,1,1,1,1,4,13970.0,-1,12.026,-12,-3.87,-48.26,0,0,DCHG, ,
23505.9,1,1,1,1,4,13975.0,-1,12.025,-12,-3.88,-48.28,0,0,DCHG, ,
23510.9,1,1,1,1,4,13980.0,-1,12.025,-12,-3.88,-48.29,0,0,DCHG, ,
23515.9,1,1,1,1,4,13985.0,-1,12.025,-12,-3.88,-48.31,0,0,DCHG, ,
23520.9,1,1,1,1,4,13990.0,-1,12.024,-12,-3.88,-48.33,0,0,DCHG, ,
23525.9,1,1,1,1,4,13995.0,-1,12.024,-12,-3.88,-48.34,0,0,DCHG, ,
23530.9,1,1,1,1,4,14000.0,-1,12.024,-12,-3.88,-48.36,0,0,DCHG, ,
23535.9,1,1,1,1,4,14005.0,-1,12.023,-12,-3.88,-48.38,0,0,DCHG, ,
23540.9,1,1,1,1,4,14010.0,-1,12.023,-12,-3.89,-48.39,0,0,DCHG, ,
23545.9,1,1,1,1,4,14015.0,-1,12.023,-12,-3.89,-48.41,0,0,DCHG, ,
23550.9,1,1,1,1,4,14020.0,-1,12.022,-12,-3.89,-48.43,0,0,DCHG, ,
23555.9,1,1,1,1,4,14025.0,-1,12.022,-12,-3.89,-48.44,0,0,DCHG, ,
23560.9,1,1,1,1,4,14030.0,-1,12.022,-12,-3.89,-48.46,0,0,DCHG, ,
23565.9,1,1,1,1,4,14035.0,-1,12.021,-12,-3.89,-48.48,0,0,DCHG, ,
23570.9,1,1,1,1,4,14040.0,-1,12.021,-12,-3.89,-48.49,0,0,DCHG, ,
23575.9,1,1,1,1,4,14045.0,-1,12.021,-12,-3.9,-48.51,0,0,DCHG, ,
23580.9,1,1,1,1,4,14050.0,-1,12.021,-12,-3.9,-48.53,0,0,DCHG, ,
23585.9,1,1,1,1,4,14055.0,-1,12.021,-12,-3.9,-48.54,0,0,DCHG, ,
23590.9,1,1,1,1,4,14060.0,-1,12.02,-12,-3.9,-48.56,0,0,DCHG, ,
23595.9,1,1,1,1,4,14065.0,-1,12.02,-12,-3.9,-48.58,0,0,DCHG, ,
23600.9,1,1,1,1,4,14070.0,-1,12.02,-12,-3.9,-48.59,0,0,DCHG, ,
23605.9,1,1,1,1,4,14075.0,-1,12.019,-12,-3.9,-48.61,0,0,DCHG, ,
23610.9,1,1,1,1,4,14080.0,-1,12.018,-12,-3.91,-48.63,0,0,DCHG, ,
23615.9,1,1,1,1,4,14085.0,-1,12.018,-12,-3.91,-48.64,0,0,DCHG, ,
23620.9,1,1,1,1,4,14090.0,-1,12.018,-11.9,-3.91,-48.66,0,0,DCHG, ,
23625.9,1,1,1,1,4,14095.0,-1,12.018,-12,-3.91,-48.68,0,0,DCHG, ,
23630.9,1,1,1,1,4,14100.0,-1,12.018,-11.9,-3.91,-48.69,0,0,DCHG, ,
23635.9,1,1,1,1,4,14105.0,-1,12.017,-12,-3.91,-48.71,0,0,DCHG, ,
23640.9,1,1,1,1,4,14110.0,-1,12.017,-12,-3.91,-48.73,0,0,DCHG, ,
23645.9,1,1,1,1,4,14115.0,-1,12.017,-11.9,-3.92,-48.74,0,0,DCHG, ,
23650.9,1,1,1,1,4,14120.0,-1,12.016,-11.9,-3.92,-48.76,0,0,DCHG, ,
23655.9,1,1,1,1,4,14125.0,-1,12.016,-11.9,-3.92,-48.78,0,0,DCHG, ,
23660.9,1,1,1,1,4,14130.0,-1,12.016,-11.9,-3.92,-48.79,0,0,DCHG, ,
23665.9,1,1,1,1,4,14135.0,-1,12.016,-12,-3.92,-48.81,0,0,DCHG, ,
23670.9,1,1,1,1,4,14140.0,-1,12.015,-11.9,-3.92,-48.83,0,0,DCHG, ,
23675.9,1,1,1,1,4,14145.0,-1,12.015,-11.9,-3.92,-48.84,0,0,DCHG, ,
23680.9,1,1,1,1,4,14150.0,-1,12.014,-11.9,-3.92,-48.86,0,0,DCHG, ,
23685.9,1,1,1,1,4,14155.0,-1,12.014,-12,-3.93,-48.88,0,0,DCHG, ,
23690.9,1,1,1,1,4,14160.0,-1,12.014,-11.9,-3.93,-48.89,0,0,DCHG, ,
23695.9,1,1,1,1,4,14165.0,-1,12.014,-11.9,-3.93,-48.91,0,0,DCHG, ,
23700.9,1,1,1,1,4,14170.0,-1,12.013,-12,-3.93,-48.93,0,0,DCHG, ,
23705.9,1,1,1,1,4,14175.0,-1,12.013,-12,-3.93,-48.94,0,0,DCHG, ,
23710.9,1,1,1,1,4,14180.0,-1,12.013,-12,-3.93,-48.96,0,0,DCHG, ,
23715.9,1,1,1,1,4,14185.0,-1,12.012,-12,-3.93,-48.98,0,0,DCHG, ,
23720.9,1,1,1,1,4,14190.0,-1,12.012,-11.9,-3.94,-48.99,0,0,DCHG, ,
23725.9,1,1,1,1,4,14195.0,-1,12.012,-11.9,-3.94,-49.01,0,0,DCHG, ,
23730.9,1,1,1,1,4,14200.0,-1,12.011,-11.9,-3.94,-49.03,0,0,DCHG, ,
23735.9,1,1,1,1,4,14205.0,-1,12.011,-12,-3.94,-49.04,0,0,DCHG, ,
23740.9,1,1,1,1,4,14210.0,-1,12.011,-11.9,-3.94,-49.06,0,0,DCHG, ,
23745.9,1,1,1,1,4,14215.0,-1,12.01,-11.9,-3.94,-49.08,0,0,DCHG, ,
23750.9,1,1,1,1,4,14220.0,-1,12.01,-12,-3.94,-49.09,0,0,DCHG, ,
23755.9,1,1,1,1,4,14225.0,-1,12.009,-11.9,-3.95,-49.11,0,0,DCHG, ,
23760.9,1,1,1,1,4,14230.0,-1,12.009,-12,-3.95,-49.12,0,0,DCHG, ,
23765.9,1,1,1,1,4,14235.0,-1,12.009,-11.9,-3.95,-49.14,0,0,DCHG, ,
23770.9,1,1,1,1,4,14240.0,-1,12.008,-11.9,-3.95,-49.16,0,0,DCHG, ,
23775.9,1,1,1,1,4,14245.0,-1,12.008,-12,-3.95,-49.17,0,0,DCHG, ,
23780.9,1,1,1,1,4,14250.0,-1,12.008,-11.9,-3.95,-49.19,0,0,DCHG, ,
23785.9,1,1,1,1,4,14255.0,-1,12.008,-12,-3.95,-49.21,0,0,DCHG, ,
23790.9,1,1,1,1,4,14260.0,-1,12.007,-12,-3.96,-49.22,0,0,DCHG, ,
23795.9,1,1,1,1,4,14265.0,-1,12.007,-12,-3.96,-49.24,0,0,DCHG, ,
23800.9,1,1,1,1,4,14270.0,-1,12.007,-12,-3.96,-49.26,0,0,DCHG, ,
23805.9,1,1,1,1,4,14275.0,-1,12.006,-12,-3.96,-49.27,0,0,DCHG, ,
23810.9,1,1,1,1,4,14280.0,-1,12.006,-11.9,-3.96,-49.29,0,0,DCHG, ,
23815.9,1,1,1,1,4,14285.0,-1,12.006,-12,-3.96,-49.31,0,0,DCHG, ,
23820.9,1,1,1,1,4,14290.0,-1,12.006,-12,-3.96,-49.32,0,0,DCHG, ,
23825.9,1,1,1,1,4,14295.0,-1,12.005,-12,-3.97,-49.34,0,0,DCHG, ,
23830.9,1,1,1,1,4,14300.0,-1,12.005,-12,-3.97,-49.36,0,0,DCHG, ,
23835.9,1,1,1,1,4,14305.0,-1,12.005,-11.9,-3.97,-49.37,0,0,DCHG, ,
23840.9,1,1,1,1,4,14310.0,-1,12.004,-11.9,-3.97,-49.39,0,0,DCHG, ,
23845.9,1,1,1,1,4,14315.0,-1,12.004,-12,-3.97,-49.41,0,0,DCHG, ,
23850.9,1,1,1,1,4,14320.0,-1,12.004,-12,-3.97,-49.42,0,0,DCHG, ,
23855.9,1,1,1,1,4,14325.0,-1,12.003,-12,-3.97,-49.44,0,0,DCHG, ,
23860.9,1,1,1,1,4,14330.0,-1,12.003,-12,-3.97,-49.46,0,0,DCHG, ,
23865.9,1,1,1,1,4,14335.0,-1,12.002,-12,-3.98,-49.47,0,0,DCHG, ,
23870.9,1,1,1,1,4,14340.0,-1,12.003,-12,-3.98,-49.49,0,0,DCHG, ,
23875.9,1,1,1,1,4,14345.0,-1,12.002,-11.9,-3.98,-49.51,0,0,DCHG, ,
23880.9,1,1,1,1,4,14350.0,-1,12.002,-11.9,-3.98,-49.52,0,0,DCHG, ,
23885.9,1,1,1,1,4,14355.0,-1,12.002,-12,-3.98,-49.54,0,0,DCHG, ,
23890.9,1,1,1,1,4,14360.0,-1,12.001,-12,-3.98,-49.56,0,0,DCHG, ,
23895.9,1,1,1,1,4,14365.0,-1,12.001,-12,-3.98,-49.57,0,0,DCHG, ,
23900.9,1,1,1,1,4,14370.0,-1,12.001,-11.9,-3.99,-49.59,0,0,DCHG, ,
23905.9,1,1,1,1,4,14375.0,-1,12,-11.9,-3.99,-49.61,0,0,DCHG, ,
23910.9,1,1,1,1,4,14380.0,-1,12,-11.9,-3.99,-49.62,0,0,DCHG, ,
23915.9,1,1,1,1,4,14385.0,-1,11.999,-11.9,-3.99,-49.64,0,0,DCHG, ,
23920.9,1,1,1,1,4,14390.0,-1,11.999,-11.9,-3.99,-49.66,0,0,DCHG, ,
23925.9,1,1,1,1,4,14395.0,-1,11.999,-11.9,-3.99,-49.67,0,0,DCHG, ,
23930.9,1,1,1,1,4,14400.0,-1,11.999,-11.9,-3.99,-49.69,0,0,DCHG, ,
23935.9,1,1,1,1,4,14405.0,-1,11.998,-11.9,-4,-49.71,0,0,DCHG, ,
23940.9,1,1,1,1,4,14410.0,-1,11.998,-11.9,-4,-49.72,0,0,DCHG, ,
23945.9,1,1,1,1,4,14415.0,-1,11.997,-11.9,-4,-49.74,0,0,DCHG, ,
23950.9,1,1,1,1,4,14420.0,-1,11.997,-11.9,-4,-49.75,0,0,DCHG, ,
23955.9,1,1,1,1,4,14425.0,-1,11.997,-11.9,-4,-49.77,0,0,DCHG, ,
23960.9,1,1,1,1,4,14430.0,-1,11.997,-11.9,-4,-49.79,0,0,DCHG, ,
23965.9,1,1,1,1,4,14435.0,-1,11.996,-11.9,-4,-49.8,0,0,DCHG, ,
23970.9,1,1,1,1,4,14440.0,-1,11.996,-11.9,-4.01,-49.82,0,0,DCHG, ,
23975.9,1,1,1,1,4,14445.0,-1,11.996,-11.9,-4.01,-49.84,0,0,DCHG, ,
23980.9,1,1,1,1,4,14450.0,-1,11.995,-11.9,-4.01,-49.85,0,0,DCHG, ,
23985.9,1,1,1,1,4,14455.0,-1,11.995,-11.9,-4.01,-49.87,0,0,DCHG, ,
23990.9,1,1,1,1,4,14460.0,-1,11.995,-11.9,-4.01,-49.89,0,0,DCHG, ,
23995.9,1,1,1,1,4,14465.0,-1,11.994,-11.9,-4.01,-49.9,0,0,DCHG, ,
24000.9,1,1,1,1,4,14470.0,-1,11.994,-11.9,-4.01,-49.92,0,0,DCHG, ,
24005.9,1,1,1,1,4,14475.0,-1,11.994,-11.9,-4.02,-49.94,0,0,DCHG, ,
24010.9,1,1,1,1,4,14480.0,-1,11.994,-11.9,-4.02,-49.95,0,0,DCHG, ,
24015.9,1,1,1,1,4,14485.0,-1,11.993,-11.9,-4.02,-49.97,0,0,DCHG, ,
24020.9,1,1,1,1,4,14490.0,-1,11.993,-11.9,-4.02,-49.99,0,0,DCHG, ,
24025.9,1,1,1,1,4,14495.0,-1,11.992,-11.9,-4.02,-50,0,0,DCHG, ,
24030.9,1,1,1,1,4,14500.0,-1,11.993,-11.9,-4.02,-50.02,0,0,DCHG, ,
24035.9,1,1,1,1,4,14505.0,-1,11.992,-11.9,-4.02,-50.04,0,0,DCHG, ,
24040.9,1,1,1,1,4,14510.0,-1,11.992,-11.9,-4.02,-50.05,0,0,DCHG, ,
24045.9,1,1,1,1,4,14515.0,-1,11.992,-11.9,-4.03,-50.07,0,0,DCHG, ,
24050.9,1,1,1,1,4,14520.0,-1,11.991,-11.9,-4.03,-50.09,0,0,DCHG, ,
24055.9,1,1,1,1,4,14525.0,-1,11.991,-11.9,-4.03,-50.1,0,0,DCHG, ,
24060.9,1,1,1,1,4,14530.0,-1,11.991,-11.9,-4.03,-50.12,0,0,DCHG, ,
24065.9,1,1,1,1,4,14535.0,-1,11.99,-11.9,-4.03,-50.13,0,0,DCHG, ,
24070.9,1,1,1,1,4,14540.0,-1,11.99,-11.9,-4.03,-50.15,0,0,DCHG, ,
24075.9,1,1,1,1,4,14545.0,-1,11.99,-11.9,-4.03,-50.17,0,0,DCHG, ,
24080.9,1,1,1,1,4,14550.0,-1,11.989,-11.9,-4.04,-50.18,0,0,DCHG, ,
24085.9,1,1,1,1,4,14555.0,-1,11.989,-11.9,-4.04,-50.2,0,0,DCHG, ,
24090.9,1,1,1,1,4,14560.0,-1,11.988,-11.9,-4.04,-50.22,0,0,DCHG, ,
24095.9,1,1,1,1,4,14565.0,-1,11.988,-11.9,-4.04,-50.23,0,0,DCHG, ,
24100.9,1,1,1,1,4,14570.0,-1,11.988,-11.9,-4.04,-50.25,0,0,DCHG, ,
24105.9,1,1,1,1,4,14575.0,-1,11.988,-11.9,-4.04,-50.27,0,0,DCHG, ,
24110.9,1,1,1,1,4,14580.0,-1,11.988,-11.9,-4.04,-50.28,0,0,DCHG, ,
24115.9,1,1,1,1,4,14585.0,-1,11.987,-11.9,-4.05,-50.3,0,0,DCHG, ,
24120.9,1,1,1,1,4,14590.0,-1,11.986,-11.9,-4.05,-50.32,0,0,DCHG, ,
24125.9,1,1,1,1,4,14595.0,-1,11.986,-11.9,-4.05,-50.33,0,0,DCHG, ,
24130.9,1,1,1,1,4,14600.0,-1,11.986,-11.9,-4.05,-50.35,0,0,DCHG, ,
24135.9,1,1,1,1,4,14605.0,-1,11.986,-11.9,-4.05,-50.37,0,0,DCHG, ,
24140.9,1,1,1,1,4,14610.0,-1,11.985,-11.9,-4.05,-50.38,0,0,DCHG, ,
24145.9,1,1,1,1,4,14615.0,-1,11.985,-11.9,-4.05,-50.4,0,0,DCHG, ,
24150.9,1,1,1,1,4,14620.0,-1,11.984,-11.9,-4.06,-50.42,0,0,DCHG, ,
24155.9,1,1,1,1,4,14625.0,-1,11.984,-11.9,-4.06,-50.43,0,0,DCHG, ,
24160.9,1,1,1,1,4,14630.0,-1,11.984,-11.9,-4.06,-50.45,0,0,DCHG, ,
24165.9,1,1,1,1,4,14635.0,-1,11.984,-11.9,-4.06,-50.47,0,0,DCHG, ,
24170.9,1,1,1,1,4,14640.0,-1,11.984,-11.9,-4.06,-50.48,0,0,DCHG, ,
24175.9,1,1,1,1,4,14645.0,-1,11.983,-11.9,-4.06,-50.5,0,0,DCHG, ,
24180.9,1,1,1,1,4,14650.0,-1,11.983,-11.9,-4.06,-50.52,0,0,DCHG, ,
24185.9,1,1,1,1,4,14655.0,-1,11.982,-11.9,-4.07,-50.53,0,0,DCHG, ,
24190.9,1,1,1,1,4,14660.0,-1,11.982,-11.9,-4.07,-50.55,0,0,DCHG, ,
24195.9,1,1,1,1,4,14665.0,-1,11.982,-11.9,-4.07,-50.56,0,0,DCHG, ,
24200.9,1,1,1,1,4,14670.0,-0.99,11.982,-11.9,-4.07,-50.58,0,0,DCHG, ,
24205.9,1,1,1,1,4,14675.0,-1,11.981,-11.9,-4.07,-50.6,0,0,DCHG, ,
24210.9,1,1,1,1,4,14680.0,-1,11.981,-11.9,-4.07,-50.61,0,0,DCHG, ,
24215.9,1,1,1,1,4,14685.0,-1,11.981,-11.9,-4.07,-50.63,0,0,DCHG, ,
24220.9,1,1,1,1,4,14690.0,-1,11.981,-11.9,-4.07,-50.65,0,0,DCHG, ,
24225.9,1,1,1,1,4,14695.0,-1,11.98,-11.9,-4.08,-50.66,0,0,DCHG, ,
24230.9,1,1,1,1,4,14700.0,-1,11.98,-11.9,-4.08,-50.68,0,0,DCHG, ,
24235.9,1,1,1,1,4,14705.0,-1,11.979,-11.9,-4.08,-50.7,0,0,DCHG, ,
24240.9,1,1,1,1,4,14710.0,-1,11.979,-11.9,-4.08,-50.71,0,0,DCHG, ,
24245.9,1,1,1,1,4,14715.0,-1,11.978,-11.9,-4.08,-50.73,0,0,DCHG, ,
24250.9,1,1,1,1,4,14720.0,-1,11.978,-11.9,-4.08,-50.75,0,0,DCHG, ,
24255.9,1,1,1,1,4,14725.0,-1,11.978,-11.9,-4.08,-50.76,0,0,DCHG, ,
24260.9,1,1,1,1,4,14730.0,-1,11.978,-11.9,-4.09,-50.78,0,0,DCHG, ,
24265.9,1,1,1,1,4,14735.0,-1,11.977,-11.9,-4.09,-50.8,0,0,DCHG, ,
24270.9,1,1,1,1,4,14740.0,-1,11.977,-11.9,-4.09,-50.81,0,0,DCHG, ,
24275.9,1,1,1,1,4,14745.0,-1,11.977,-11.9,-4.09,-50.83,0,0,DCHG, ,
24280.9,1,1,1,1,4,14750.0,-1,11.976,-11.9,-4.09,-50.85,0,0,DCHG, ,
24285.9,1,1,1,1,4,14755.0,-1,11.976,-11.9,-4.09,-50.86,0,0,DCHG, ,
24290.9,1,1,1,1,4,14760.0,-1,11.976,-11.9,-4.09,-50.88,0,0,DCHG, ,
24295.9,1,1,1,1,4,14765.0,-1,11.975,-11.9,-4.1,-50.9,0,0,DCHG, ,
24300.9,1,1,1,1,4,14770.0,-1,11.975,-11.9,-4.1,-50.91,0,0,DCHG, ,
24305.9,1,1,1,1,4,14775.0,-1,11.975,-11.9,-4.1,-50.93,0,0,DCHG, ,
24310.9,1,1,1,1,4,14780.0,-1,11.975,-11.9,-4.1,-50.94,0,0,DCHG, ,
24315.9,1,1,1,1,4,14785.0,-1,11.974,-11.9,-4.1,-50.96,0,0,DCHG, ,
24320.9,1,1,1,1,4,14790.0,-1,11.974,-11.9,-4.1,-50.98,0,0,DCHG, ,
24325.9,1,1,1,1,4,14795.0,-1,11.974,-11.9,-4.1,-50.99,0,0,DCHG, ,
24330.9,1,1,1,1,4,14800.0,-1,11.973,-11.9,-4.11,-51.01,0,0,DCHG, ,
24335.9,1,1,1,1,4,14805.0,-1,11.973,-11.9,-4.11,-51.03,0,0,DCHG, ,
24340.9,1,1,1,1,4,14810.0,-1,11.973,-11.9,-4.11,-51.04,0,0,DCHG, ,
24345.9,1,1,1,1,4,14815.0,-1,11.972,-11.9,-4.11,-51.06,0,0,DCHG, ,
24350.9,1,1,1,1,4,14820.0,-1,11.972,-11.9,-4.11,-51.08,0,0,DCHG, ,
24355.9,1,1,1,1,4,14825.0,-1,11.972,-11.9,-4.11,-51.09,0,0,DCHG, ,
24360.9,1,1,1,1,4,14830.0,-1,11.971,-11.9,-4.11,-51.11,0,0,DCHG, ,
24365.9,1,1,1,1,4,14835.0,-1,11.97,-11.9,-4.12,-51.13,0,0,DCHG, ,
24370.9,1,1,1,1,4,14840.0,-1,11.97,-11.9,-4.12,-51.14,0,0,DCHG, ,
24375.9,1,1,1,1,4,14845.0,-1,11.97,-11.9,-4.12,-51.16,0,0,DCHG, ,
24380.9,1,1,1,1,4,14850.0,-1,11.97,-11.9,-4.12,-51.18,0,0,DCHG, ,
24385.9,1,1,1,1,4,14855.0,-1,11.97,-11.9,-4.12,-51.19,0,0,DCHG, ,
24390.9,1,1,1,1,4,14860.0,-1,11.97,-11.9,-4.12,-51.21,0,0,DCHG, ,
24395.9,1,1,1,1,4,14865.0,-1,11.969,-11.9,-4.12,-51.23,0,0,DCHG, ,
24400.9,1,1,1,1,4,14870.0,-1,11.969,-11.9,-4.12,-51.24,0,0,DCHG, ,
24405.9,1,1,1,1,4,14875.0,-1,11.969,-11.9,-4.13,-51.26,0,0,DCHG, ,
24410.9,1,1,1,1,4,14880.0,-1,11.968,-11.9,-4.13,-51.28,0,0,DCHG, ,
24415.9,1,1,1,1,4,14885.0,-1,11.968,-11.9,-4.13,-51.29,0,0,DCHG, ,
24420.9,1,1,1,1,4,14890.0,-1,11.968,-11.9,-4.13,-51.31,0,0,DCHG, ,
24425.9,1,1,1,1,4,14895.0,-1,11.967,-11.9,-4.13,-51.32,0,0,DCHG, ,
24430.9,1,1,1,1,4,14900.0,-1,11.967,-11.9,-4.13,-51.34,0,0,DCHG, ,
24435.9,1,1,1,1,4,14905.0,-1,11.966,-11.9,-4.13,-51.36,0,0,DCHG, ,
24440.9,1,1,1,1,4,14910.0,-1,11.966,-11.9,-4.14,-51.37,0,0,DCHG, ,
24445.9,1,1,1,1,4,14915.0,-1,11.966,-11.9,-4.14,-51.39,0,0,DCHG, ,
24450.9,1,1,1,1,4,14920.0,-1,11.966,-11.9,-4.14,-51.41,0,0,DCHG, ,
24455.9,1,1,1,1,4,14925.0,-1,11.965,-11.9,-4.14,-51.42,0,0,DCHG, ,
24460.9,1,1,1,1,4,14930.0,-1,11.965,-11.9,-4.14,-51.44,0,0,DCHG, ,
24465.9,1,1,1,1,4,14935.0,-1,11.965,-11.9,-4.14,-51.46,0,0,DCHG, ,
24470.9,1,1,1,1,4,14940.0,-1,11.964,-11.9,-4.14,-51.47,0,0,DCHG, ,
24475.9,1,1,1,1,4,14945.0,-1,11.964,-11.9,-4.15,-51.49,0,0,DCHG, ,
24480.9,1,1,1,1,4,14950.0,-1,11.964,-11.9,-4.15,-51.51,0,0,DCHG, ,
24485.9,1,1,1,1,4,14955.0,-1,11.964,-11.9,-4.15,-51.52,0,0,DCHG, ,
24490.9,1,1,1,1,4,14960.0,-1,11.963,-11.9,-4.15,-51.54,0,0,DCHG, ,
24495.9,1,1,1,1,4,14965.0,-1,11.963,-11.9,-4.15,-51.56,0,0,DCHG, ,
24500.9,1,1,1,1,4,14970.0,-1,11.962,-11.9,-4.15,-51.57,0,0,DCHG, ,
24505.9,1,1,1,1,4,14975.0,-1,11.962,-11.9,-4.15,-51.59,0,0,DCHG, ,
24510.9,1,1,1,1,4,14980.0,-1,11.962,-11.9,-4.16,-51.61,0,0,DCHG, ,
24515.9,1,1,1,1,4,14985.0,-1,11.961,-11.9,-4.16,-51.62,0,0,DCHG, ,
24520.9,1,1,1,1,4,14990.0,-1,11.961,-11.9,-4.16,-51.64,0,0,DCHG, ,
24525.9,1,1,1,1,4,14995.0,-1,11.961,-11.9,-4.16,-51.66,0,0,DCHG, ,
24530.9,1,1,1,1,4,15000.0,-1,11.961,-11.9,-4.16,-51.67,0,0,DCHG, ,
24535.9,1,1,1,1,4,15005.0,-1,11.961,-11.9,-4.16,-51.69,0,0,DCHG, ,
24540.9,1,1,1,1,4,15010.0,-1,11.96,-11.9,-4.16,-51.7,0,0,DCHG, ,
24545.9,1,1,1,1,4,15015.0,-1,11.96,-11.9,-4.17,-51.72,0,0,DCHG, ,
24550.9,1,1,1,1,4,15020.0,-1,11.959,-11.9,-4.17,-51.74,0,0,DCHG, ,
24555.9,1,1,1,1,4,15025.0,-1,11.959,-11.9,-4.17,-51.75,0,0,DCHG, ,
24560.9,1,1,1,1,4,15030.0,-1,11.958,-11.9,-4.17,-51.77,0,0,DCHG, ,
24565.9,1,1,1,1,4,15035.0,-1,11.958,-11.9,-4.17,-51.79,0,0,DCHG, ,
24570.9,1,1,1,1,4,15040.0,-1,11.957,-11.9,-4.17,-51.8,0,0,DCHG, ,
24575.9,1,1,1,1,4,15045.0,-1,11.957,-11.9,-4.17,-51.82,0,0,DCHG, ,
24580.9,1,1,1,1,4,15050.0,-1,11.957,-11.9,-4.17,-51.84,0,0,DCHG, ,
24585.9,1,1,1,1,4,15055.0,-1,11.957,-11.9,-4.18,-51.85,0,0,DCHG, ,
24590.9,1,1,1,1,4,15060.0,-1,11.956,-11.9,-4.18,-51.87,0,0,DCHG, ,
24595.9,1,1,1,1,4,15065.0,-1,11.956,-11.9,-4.18,-51.89,0,0,DCHG, ,
24600.9,1,1,1,1,4,15070.0,-1,11.956,-11.9,-4.18,-51.9,0,0,DCHG, ,
24605.9,1,1,1,1,4,15075.0,-1,11.956,-11.9,-4.18,-51.92,0,0,DCHG, ,
24610.9,1,1,1,1,4,15080.0,-1,11.955,-11.9,-4.18,-51.94,0,0,DCHG, ,
24615.9,1,1,1,1,4,15085.0,-1,11.955,-11.9,-4.18,-51.95,0,0,DCHG, ,
24620.9,1,1,1,1,4,15090.0,-1,11.955,-11.9,-4.19,-51.97,0,0,DCHG, ,
24625.9,1,1,1,1,4,15095.0,-1,11.954,-11.9,-4.19,-51.99,0,0,DCHG, ,
24630.9,1,1,1,1,4,15100.0,-1,11.954,-11.9,-4.19,-52,0,0,DCHG, ,
24635.9,1,1,1,1,4,15105.0,-1,11.954,-11.9,-4.19,-52.02,0,0,DCHG, ,
24640.9,1,1,1,1,4,15110.0,-1,11.953,-11.9,-4.19,-52.04,0,0,DCHG, ,
24645.9,1,1,1,1,4,15115.0,-1,11.953,-11.9,-4.19,-52.05,0,0,DCHG, ,
24650.9,1,1,1,1,4,15120.0,-1,11.953,-11.9,-4.19,-52.07,0,0,DCHG, ,
24655.9,1,1,1,1,4,15125.0,-1,11.952,-11.9,-4.2,-52.09,0,0,DCHG, ,
24660.9,1,1,1,1,4,15130.0,-1,11.952,-11.9,-4.2,-52.1,0,0,DCHG, ,
24665.9,1,1,1,1,4,15135.0,-1,11.952,-11.9,-4.2,-52.12,0,0,DCHG, ,
24670.9,1,1,1,1,4,15140.0,-1,11.951,-11.9,-4.2,-52.13,0,0,DCHG, ,
24675.9,1,1,1,1,4,15145.0,-1,11.951,-11.9,-4.2,-52.15,0,0,DCHG, ,
24680.9,1,1,1,1,4,15150.0,-1,11.951,-11.9,-4.2,-52.17,0,0,DCHG, ,
24685.9,1,1,1,1,4,15155.0,-1,11.95,-11.9,-4.2,-52.18,0,0,DCHG, ,
24690.9,1,1,1,1,4,15160.0,-1,11.95,-11.9,-4.21,-52.2,0,0,DCHG, ,
24695.9,1,1,1,1,4,15165.0,-1,11.95,-11.9,-4.21,-52.22,0,0,DCHG, ,
24700.9,1,1,1,1,4,15170.0,-1,11.949,-11.9,-4.21,-52.23,0,0,DCHG, ,
24705.9,1,1,1,1,4,15175.0,-1,11.949,-11.9,-4.21,-52.25,0,0,DCHG, ,
24710.9,1,1,1,1,4,15180.0,-1,11.949,-11.9,-4.21,-52.27,0,0,DCHG, ,
24715.9,1,1,1,1,4,15185.0,-1,11.948,-11.9,-4.21,-52.28,0,0,DCHG, ,
24720.9,1,1,1,1,4,15190.0,-1,11.948,-11.9,-4.21,-52.3,0,0,DCHG, ,
24725.9,1,1,1,1,4,15195.0,-1,11.948,-11.9,-4.22,-52.32,0,0,DCHG, ,
24730.9,1,1,1,1,4,15200.0,-1,11.947,-11.9,-4.22,-52.33,0,0,DCHG, ,
24735.9,1,1,1,1,4,15205.0,-1,11.947,-11.9,-4.22,-52.35,0,0,DCHG, ,
24740.9,1,1,1,1,4,15210.0,-1,11.947,-11.9,-4.22,-52.37,0,0,DCHG, ,
24745.9,1,1,1,1,4,15215.0,-1,11.946,-11.9,-4.22,-52.38,0,0,DCHG, ,
24750.9,1,1,1,1,4,15220.0,-1,11.946,-11.9,-4.22,-52.4,0,0,DCHG, ,
24755.9,1,1,1,1,4,15225.0,-1,11.946,-11.9,-4.22,-52.42,0,0,DCHG, ,
24760.9,1,1,1,1,4,15230.0,-1,11.945,-11.9,-4.22,-52.43,0,0,DCHG, ,
24765.9,1,1,1,1,4,15235.0,-1,11.945,-11.9,-4.23,-52.45,0,0,DCHG, ,
24770.9,1,1,1,1,4,15240.0,-1,11.945,-11.9,-4.23,-52.47,0,0,DCHG, ,
24775.9,1,1,1,1,4,15245.0,-1,11.945,-11.9,-4.23,-52.48,0,0,DCHG, ,
24780.9,1,1,1,1,4,15250.0,-1,11.945,-11.9,-4.23,-52.5,0,0,DCHG, ,
24785.9,1,1,1,1,4,15255.0,-1,11.944,-11.9,-4.23,-52.51,0,0,DCHG, ,
24790.9,1,1,1,1,4,15260.0,-1,11.943,-11.9,-4.23,-52.53,0,0,DCHG, ,
24795.9,1,1,1,1,4,15265.0,-1,11.943,-11.9,-4.23,-52.55,0,0,DCHG, ,
24800.9,1,1,1,1,4,15270.0,-1,11.942,-11.9,-4.24,-52.56,0,0,DCHG, ,
24805.9,1,1,1,1,4,15275.0,-1,11.943,-11.9,-4.24,-52.58,0,0,DCHG, ,
24810.9,1,1,1,1,4,15280.0,-1,11.942,-11.9,-4.24,-52.6,0,0,DCHG, ,
24815.9,1,1,1,1,4,15285.0,-1,11.942,-11.9,-4.24,-52.61,0,0,DCHG, ,
24820.9,1,1,1,1,4,15290.0,-1,11.942,-11.9,-4.24,-52.63,0,0,DCHG, ,
24825.9,1,1,1,1,4,15295.0,-1,11.941,-11.9,-4.24,-52.65,0,0,DCHG, ,
24830.9,1,1,1,1,4,15300.0,-1,11.941,-11.9,-4.24,-52.66,0,0,DCHG, ,
24835.9,1,1,1,1,4,15305.0,-1,11.941,-11.9,-4.25,-52.68,0,0,DCHG, ,
24840.9,1,1,1,1,4,15310.0,-1,11.94,-11.9,-4.25,-52.7,0,0,DCHG, ,
24845.9,1,1,1,1,4,15315.0,-1,11.94,-11.9,-4.25,-52.71,0,0,DCHG, ,
24850.9,1,1,1,1,4,15320.0,-1,11.94,-11.9,-4.25,-52.73,0,0,DCHG, ,
24855.9,1,1,1,1,4,15325.0,-1,11.939,-11.9,-4.25,-52.75,0,0,DCHG, ,
24860.9,1,1,1,1,4,15330.0,-1,11.939,-11.9,-4.25,-52.76,0,0,DCHG, ,
24865.9,1,1,1,1,4,15335.0,-1,11.939,-11.9,-4.25,-52.78,0,0,DCHG, ,
24870.9,1,1,1,1,4,15340.0,-1,11.938,-11.9,-4.26,-52.8,0,0,DCHG, ,
24875.9,1,1,1,1,4,15345.0,-1,11.938,-11.9,-4.26,-52.81,0,0,DCHG, ,
24880.9,1,1,1,1,4,15350.0,-1,11.938,-11.9,-4.26,-52.83,0,0,DCHG, ,
24885.9,1,1,1,1,4,15355.0,-1,11.938,-11.9,-4.26,-52.85,0,0,DCHG, ,
24890.9,1,1,1,1,4,15360.0,-1,11.937,-11.9,-4.26,-52.86,0,0,DCHG, ,
24895.9,1,1,1,1,4,15365.0,-1,11.937,-11.9,-4.26,-52.88,0,0,DCHG, ,
24900.9,1,1,1,1,4,15370.0,-1,11.937,-11.9,-4.26,-52.89,0,0,DCHG, ,
24905.9,1,1,1,1,4,15375.0,-1,11.936,-11.9,-4.27,-52.91,0,0,DCHG, ,
24910.9,1,1,1,1,4,15380.0,-1,11.936,-11.9,-4.27,-52.93,0,0,DCHG, ,
24915.9,1,1,1,1,4,15385.0,-1,11.936,-11.9,-4.27,-52.94,0,0,DCHG, ,
24920.9,1,1,1,1,4,15390.0,-1,11.935,-11.9,-4.27,-52.96,0,0,DCHG, ,
24925.9,1,1,1,1,4,15395.0,-1,11.935,-11.9,-4.27,-52.98,0,0,DCHG, ,
24930.9,1,1,1,1,4,15400.0,-1,11.935,-11.9,-4.27,-52.99,0,0,DCHG, ,
24935.9,1,1,1,1,4,15405.0,-1,11.934,-11.9,-4.27,-53.01,0,0,DCHG, ,
24940.9,1,1,1,1,4,15410.0,-1,11.934,-11.9,-4.27,-53.03,0,0,DCHG, ,
24945.9,1,1,1,1,4,15415.0,-1,11.933,-11.9,-4.28,-53.04,0,0,DCHG, ,
24950.9,1,1,1,1,4,15420.0,-1,11.934,-11.9,-4.28,-53.06,0,0,DCHG, ,
24955.9,1,1,1,1,4,15425.0,-1,11.933,-11.9,-4.28,-53.08,0,0,DCHG, ,
24960.9,1,1,1,1,4,15430.0,-1,11.932,-11.9,-4.28,-53.09,0,0,DCHG, ,
24965.9,1,1,1,1,4,15435.0,-1,11.932,-11.9,-4.28,-53.11,0,0,DCHG, ,
24970.9,1,1,1,1,4,15440.0,-1,11.932,-11.9,-4.28,-53.13,0,0,DCHG, ,
24975.9,1,1,1,1,4,15445.0,-1,11.932,-11.9,-4.28,-53.14,0,0,DCHG, ,
24980.9,1,1,1,1,4,15450.0,-1,11.931,-11.9,-4.29,-53.16,0,0,DCHG, ,
24985.9,1,1,1,1,4,15455.0,-1,11.931,-11.9,-4.29,-53.18,0,0,DCHG, ,
24990.9,1,1,1,1,4,15460.0,-1,11.931,-11.9,-4.29,-53.19,0,0,DCHG, ,
24995.9,1,1,1,1,4,15465.0,-1,11.93,-11.9,-4.29,-53.21,0,0,DCHG, ,
25000.9,1,1,1,1,4,15470.0,-1,11.93,-11.9,-4.29,-53.23,0,0,DCHG, ,
25005.9,1,1,1,1,4,15475.0,-1,11.929,-11.9,-4.29,-53.24,0,0,DCHG, ,
25010.9,1,1,1,1,4,15480.0,-1,11.929,-11.9,-4.29,-53.26,0,0,DCHG, ,
25015.9,1,1,1,1,4,15485.0,-1,11.929,-11.9,-4.3,-53.27,0,0,DCHG, ,
25020.9,1,1,1,1,4,15490.0,-1,11.929,-11.9,-4.3,-53.29,0,0,DCHG, ,
25025.9,1,1,1,1,4,15495.0,-1,11.928,-11.9,-4.3,-53.31,0,0,DCHG, ,
25030.9,1,1,1,1,4,15500.0,-1,11.928,-11.9,-4.3,-53.32,0,0,DCHG, ,
25035.9,1,1,1,1,4,15505.0,-1,11.928,-11.9,-4.3,-53.34,0,0,DCHG, ,
25040.9,1,1,1,1,4,15510.0,-1,11.927,-11.9,-4.3,-53.36,0,0,DCHG, ,
25045.9,1,1,1,1,4,15515.0,-1,11.927,-11.9,-4.3,-53.37,0,0,DCHG, ,
25050.9,1,1,1,1,4,15520.0,-1,11.927,-11.9,-4.31,-53.39,0,0,DCHG, ,
25055.9,1,1,1,1,4,15525.0,-0.99,11.926,-11.8,-4.31,-53.41,0,0,DCHG, ,
25060.9,1,1,1,1,4,15530.0,-1,11.926,-11.9,-4.31,-53.42,0,0,DCHG, ,
25065.9,1,1,1,1,4,15535.0,-1,11.926,-11.9,-4.31,-53.44,0,0,DCHG, ,
25070.9,1,1,1,1,4,15540.0,-1,11.925,-11.9,-4.31,-53.46,0,0,DCHG, ,
25075.9,1,1,1,1,4,15545.0,-1,11.925,-11.9,-4.31,-53.47,0,0,DCHG, ,
25080.9,1,1,1,1,4,15550.0,-1,11.925,-11.9,-4.31,-53.49,0,0,DCHG, ,
25085.9,1,1,1,1,4,15555.0,-1,11.924,-11.9,-4.32,-53.51,0,0,DCHG, ,
25090.9,1,1,1,1,4,15560.0,-1,11.924,-11.9,-4.32,-53.52,0,0,DCHG, ,
25095.9,1,1,1,1,4,15565.0,-1,11.924,-11.9,-4.32,-53.54,0,0,DCHG, ,
25100.9,1,1,1,1,4,15570.0,-1,11.924,-11.9,-4.32,-53.56,0,0,DCHG, ,
25105.9,1,1,1,1,4,15575.0,-1,11.923,-11.9,-4.32,-53.57,0,0,DCHG, ,
25110.9,1,1,1,1,4,15580.0,-1,11.923,-11.9,-4.32,-53.59,0,0,DCHG, ,
25115.9,1,1,1,1,4,15585.0,-1,11.923,-11.9,-4.32,-53.61,0,0,DCHG, ,
25120.9,1,1,1,1,4,15590.0,-1,11.922,-11.9,-4.32,-53.62,0,0,DCHG, ,
25125.9,1,1,1,1,4,15595.0,-1,11.921,-11.9,-4.33,-53.64,0,0,DCHG, ,
25130.9,1,1,1,1,4,15600.0,-1,11.921,-11.9,-4.33,-53.66,0,0,DCHG, ,
25135.9,1,1,1,1,4,15605.0,-1,11.921,-11.9,-4.33,-53.67,0,0,DCHG, ,
25140.9,1,1,1,1,4,15610.0,-1,11.921,-11.9,-4.33,-53.69,0,0,DCHG, ,
25145.9,1,1,1,1,4,15615.0,-1,11.921,-11.9,-4.33,-53.7,0,0,DCHG, ,
25150.9,1,1,1,1,4,15620.0,-1,11.92,-11.9,-4.33,-53.72,0,0,DCHG, ,
25155.9,1,1,1,1,4,15625.0,-1,11.92,-11.9,-4.33,-53.74,0,0,DCHG, ,
25160.9,1,1,1,1,4,15630.0,-1,11.92,-11.9,-4.34,-53.75,0,0,DCHG, ,
25165.9,1,1,1,1,4,15635.0,-1,11.919,-11.9,-4.34,-53.77,0,0,DCHG, ,
25170.9,1,1,1,1,4,15640.0,-1,11.919,-11.9,-4.34,-53.79,0,0,DCHG, ,
25175.9,1,1,1,1,4,15645.0,-1,11.919,-11.9,-4.34,-53.8,0,0,DCHG, ,
25180.9,1,1,1,1,4,15650.0,-1,11.919,-11.9,-4.34,-53.82,0,0,DCHG, ,
25185.9,1,1,1,1,4,15655.0,-1,11.918,-11.8,-4.34,-53.84,0,0,DCHG, ,
25190.9,1,1,1,1,4,15660.0,-1,11.918,-11.8,-4.34,-53.85,0,0,DCHG, ,
25195.9,1,1,1,1,4,15665.0,-1,11.917,-11.8,-4.35,-53.87,0,0,DCHG, ,
25200.9,1,1,1,1,4,15670.0,-1,11.917,-11.9,-4.35,-53.89,0,0,DCHG, ,
25205.9,1,1,1,1,4,15675.0,-1,11.917,-11.9,-4.35,-53.9,0,0,DCHG, ,
25210.9,1,1,1,1,4,15680.0,-1,11.916,-11.8,-4.35,-53.92,0,0,DCHG, ,
25215.9,1,1,1,1,4,15685.0,-1,11.916,-11.9,-4.35,-53.94,0,0,DCHG, ,
25220.9,1,1,1,1,4,15690.0,-1,11.916,-11.8,-4.35,-53.95,0,0,DCHG, ,
25225.9,1,1,1,1,4,15695.0,-1,11.915,-11.9,-4.35,-53.97,0,0,DCHG, ,
25230.9,1,1,1,1,4,15700.0,-1,11.915,-11.8,-4.36,-53.98,0,0,DCHG, ,
25235.9,1,1,1,1,4,15705.0,-1,11.915,-11.9,-4.36,-54,0,0,DCHG, ,
25240.9,1,1,1,1,4,15710.0,-1,11.915,-11.8,-4.36,-54.02,0,0,DCHG, ,
25245.9,1,1,1,1,4,15715.0,-1,11.914,-11.9,-4.36,-54.03,0,0,DCHG, ,
25250.9,1,1,1,1,4,15720.0,-1,11.914,-11.8,-4.36,-54.05,0,0,DCHG, ,
25255.9,1,1,1,1,4,15725.0,-1,11.913,-11.8,-4.36,-54.07,0,0,DCHG, ,
25260.9,1,1,1,1,4,15730.0,-1,11.913,-11.9,-4.36,-54.08,0,0,DCHG, ,
25265.9,1,1,1,1,4,15735.0,-1,11.913,-11.9,-4.37,-54.1,0,0,DCHG, ,
25270.9,1,1,1,1,4,15740.0,-1,11.913,-11.8,-4.37,-54.12,0,0,DCHG, ,
25275.9,1,1,1,1,4,15745.0,-1,11.912,-11.9,-4.37,-54.13,0,0,DCHG, ,
25280.9,1,1,1,1,4,15750.0,-1,11.912,-11.8,-4.37,-54.15,0,0,DCHG, ,
25285.9,1,1,1,1,4,15755.0,-1,11.912,-11.8,-4.37,-54.17,0,0,DCHG, ,
25290.9,1,1,1,1,4,15760.0,-1,11.911,-11.8,-4.37,-54.18,0,0,DCHG, ,
25295.9,1,1,1,1,4,15765.0,-1,11.911,-11.9,-4.37,-54.2,0,0,DCHG, ,
25300.9,1,1,1,1,4,15770.0,-1,11.911,-11.8,-4.37,-54.21,0,0,DCHG, ,
25305.9,1,1,1,1,4,15775.0,-1,11.911,-11.8,-4.38,-54.23,0,0,DCHG, ,
25310.9,1,1,1,1,4,15780.0,-1,11.91,-11.8,-4.38,-54.25,0,0,DCHG, ,
25315.9,1,1,1,1,4,15785.0,-1,11.909,-11.9,-4.38,-54.26,0,0,DCHG, ,
25320.9,1,1,1,1,4,15790.0,-1,11.91,-11.8,-4.38,-54.28,0,0,DCHG, ,
25325.9,1,1,1,1,4,15795.0,-1,11.908,-11.9,-4.38,-54.3,0,0,DCHG, ,
25330.9,1,1,1,1,4,15800.0,-1,11.909,-11.9,-4.38,-54.31,0,0,DCHG, ,
25335.9,1,1,1,1,4,15805.0,-1,11.908,-11.8,-4.38,-54.33,0,0,DCHG, ,
25340.9,1,1,1,1,4,15810.0,-1,11.908,-11.9,-4.39,-54.35,0,0,DCHG, ,
25345.9,1,1,1,1,4,15815.0,-1,11.907,-11.8,-4.39,-54.36,0,0,DCHG, ,
25350.9,1,1,1,1,4,15820.0,-1,11.908,-11.8,-4.39,-54.38,0,0,DCHG, ,
25355.9,1,1,1,1,4,15825.0,-1,11.907,-11.8,-4.39,-54.4,0,0,DCHG, ,
25360.9,1,1,1,1,4,15830.0,-1,11.907,-11.9,-4.39,-54.41,0,0,DCHG, ,
25365.9,1,1,1,1,4,15835.0,-0.99,11.906,-11.8,-4.39,-54.43,0,0,DCHG, ,
25370.9,1,1,1,1,4,15840.0,-1,11.906,-11.8,-4.39,-54.45,0,0,DCHG, ,
25375.9,1,1,1,1,4,15845.0,-1,11.906,-11.8,-4.4,-54.46,0,0,DCHG, ,
25380.9,1,1,1,1,4,15850.0,-1,11.905,-11.8,-4.4,-54.48,0,0,DCHG, ,
25385.9,1,1,1,1,4,15855.0,-1,11.905,-11.8,-4.4,-54.49,0,0,DCHG, ,
25390.9,1,1,1,1,4,15860.0,-1,11.904,-11.9,-4.4,-54.51,0,0,DCHG, ,
25395.9,1,1,1,1,4,15865.0,-1,11.904,-11.8,-4.4,-54.53,0,0,DCHG, ,
25400.9,1,1,1,1,4,15870.0,-1,11.904,-11.8,-4.4,-54.54,0,0,DCHG, ,
25405.9,1,1,1,1,4,15875.0,-1,11.904,-11.9,-4.4,-54.56,0,0,DCHG, ,
25410.9,1,1,1,1,4,15880.0,-1,11.903,-11.8,-4.41,-54.58,0,0,DCHG, ,
25415.9,1,1,1,1,4,15885.0,-1,11.902,-11.9,-4.41,-54.59,0,0,DCHG, ,
25420.9,1,1,1,1,4,15890.0,-1,11.903,-11.8,-4.41,-54.61,0,0,DCHG, ,
25425.9,1,1,1,1,4,15895.0,-1,11.902,-11.8,-4.41,-54.63,0,0,DCHG, ,
25430.9,1,1,1,1,4,15900.0,-1,11.902,-11.9,-4.41,-54.64,0,0,DCHG, ,
25435.9,1,1,1,1,4,15905.0,-1,11.901,-11.8,-4.41,-54.66,0,0,DCHG, ,
25440.9,1,1,1,1,4,15910.0,-1,11.901,-11.9,-4.41,-54.68,0,0,DCHG, ,
25445.9,1,1,1,1,4,15915.0,-1,11.901,-11.9,-4.42,-54.69,0,0,DCHG, ,
25450.9,1,1,1,1,4,15920.0,-1,11.901,-11.9,-4.42,-54.71,0,0,DCHG, ,
25455.9,1,1,1,1,4,15925.0,-1,11.9,-11.8,-4.42,-54.73,0,0,DCHG, ,
25460.9,1,1,1,1,4,15930.0,-1,11.9,-11.9,-4.42,-54.74,0,0,DCHG, ,
25465.9,1,1,1,1,4,15935.0,-1,11.899,-11.8,-4.42,-54.76,0,0,DCHG, ,
25470.9,1,1,1,1,4,15940.0,-1,11.899,-11.8,-4.42,-54.77,0,0,DCHG, ,
25475.9,1,1,1,1,4,15945.0,-1,11.898,-11.8,-4.42,-54.79,0,0,DCHG, ,
25480.9,1,1,1,1,4,15950.0,-1,11.898,-11.8,-4.42,-54.81,0,0,DCHG, ,
25485.9,1,1,1,1,4,15955.0,-1,11.898,-11.8,-4.43,-54.82,0,0,DCHG, ,
25490.9,1,1,1,1,4,15960.0,-1,11.898,-11.8,-4.43,-54.84,0,0,DCHG, ,
25495.9,1,1,1,1,4,15965.0,-1,11.897,-11.8,-4.43,-54.86,0,0,DCHG, ,
25500.9,1,1,1,1,4,15970.0,-1,11.897,-11.8,-4.43,-54.87,0,0,DCHG, ,
25505.9,1,1,1,1,4,15975.0,-1,11.897,-11.8,-4.43,-54.89,0,0,DCHG, ,
25510.9,1,1,1,1,4,15980.0,-1,11.896,-11.8,-4.43,-54.91,0,0,DCHG, ,
25515.9,1,1,1,1,4,15985.0,-1,11.896,-11.8,-4.43,-54.92,0,0,DCHG, ,
25520.9,1,1,1,1,4,15990.0,-1,11.896,-11.8,-4.44,-54.94,0,0,DCHG, ,
25525.9,1,1,1,1,4,15995.0,-1,11.896,-11.8,-4.44,-54.95,0,0,DCHG, ,
25530.9,1,1,1,1,4,16000.0,-0.99,11.895,-11.7,-4.44,-54.97,0,0,DCHG, ,
25535.9,1,1,1,1,4,16005.0,-1,11.895,-11.8,-4.44,-54.99,0,0,DCHG, ,
25540.9,1,1,1,1,4,16010.0,-1,11.895,-11.8,-4.44,-55,0,0,DCHG, ,
25545.9,1,1,1,1,4,16015.0,-1,11.894,-11.8,-4.44,-55.02,0,0,DCHG, ,
25550.9,1,1,1,1,4,16020.0,-1,11.894,-11.8,-4.44,-55.04,0,0,DCHG, ,
25555.9,1,1,1,1,4,16025.0,-1,11.893,-11.8,-4.45,-55.05,0,0,DCHG, ,
25560.9,1,1,1,1,4,16030.0,-1,11.893,-11.8,-4.45,-55.07,0,0,DCHG, ,
25565.9,1,1,1,1,4,16035.0,-1,11.893,-11.8,-4.45,-55.09,0,0,DCHG, ,
25570.9,1,1,1,1,4,16040.0,-1,11.893,-11.8,-4.45,-55.1,0,0,DCHG, ,
25575.9,1,1,1,1,4,16045.0,-1,11.892,-11.8,-4.45,-55.12,0,0,DCHG, ,
25580.9,1,1,1,1,4,16050.0,-1,11.892,-11.8,-4.45,-55.13,0,0,DCHG, ,
25585.9,1,1,1,1,4,16055.0,-1,11.892,-11.8,-4.45,-55.15,0,0,DCHG, ,
25590.9,1,1,1,1,4,16060.0,-1,11.891,-11.8,-4.46,-55.17,0,0,DCHG, ,
25595.9,1,1,1,1,4,16065.0,-1,11.891,-11.8,-4.46,-55.18,0,0,DCHG, ,
25600.9,1,1,1,1,4,16070.0,-1,11.891,-11.8,-4.46,-55.2,0,0,DCHG, ,
25605.9,1,1,1,1,4,16075.0,-1,11.89,-11.8,-4.46,-55.22,0,0,DCHG, ,
25610.9,1,1,1,1,4,16080.0,-1,11.89,-11.8,-4.46,-55.23,0,0,DCHG, ,
25615.9,1,1,1,1,4,16085.0,-1,11.889,-11.8,-4.46,-55.25,0,0,DCHG, ,
25620.9,1,1,1,1,4,16090.0,-1,11.889,-11.8,-4.46,-55.27,0,0,DCHG, ,
25625.9,1,1,1,1,4,16095.0,-1,11.889,-11.8,-4.47,-55.28,0,0,DCHG, ,
25630.9,1,1,1,1,4,16100.0,-1,11.888,-11.8,-4.47,-55.3,0,0,DCHG, ,
25635.9,1,1,1,1,4,16105.0,-1,11.888,-11.8,-4.47,-55.32,0,0,DCHG, ,
25640.9,1,1,1,1,4,16110.0,-1,11.888,-11.8,-4.47,-55.33,0,0,DCHG, ,
25645.9,1,1,1,1,4,16115.0,-1,11.888,-11.8,-4.47,-55.35,0,0,DCHG, ,
25650.9,1,1,1,1,4,16120.0,-1,11.887,-11.8,-4.47,-55.36,0,0,DCHG, ,
25655.9,1,1,1,1,4,16125.0,-1,11.887,-11.8,-4.47,-55.38,0,0,DCHG, ,
25660.9,1,1,1,1,4,16130.0,-1,11.886,-11.8,-4.47,-55.4,0,0,DCHG, ,
25665.9,1,1,1,1,4,16135.0,-1,11.886,-11.8,-4.48,-55.41,0,0,DCHG, ,
25670.9,1,1,1,1,4,16140.0,-1,11.886,-11.8,-4.48,-55.43,0,0,DCHG, ,
25675.9,1,1,1,1,4,16145.0,-1,11.885,-11.8,-4.48,-55.45,0,0,DCHG, ,
25680.9,1,1,1,1,4,16150.0,-1,11.885,-11.8,-4.48,-55.46,0,0,DCHG, ,
25685.9,1,1,1,1,4,16155.0,-1,11.885,-11.8,-4.48,-55.48,0,0,DCHG, ,
25690.9,1,1,1,1,4,16160.0,-1,11.884,-11.8,-4.48,-55.5,0,0,DCHG, ,
25695.9,1,1,1,1,4,16165.0,-1,11.884,-11.8,-4.48,-55.51,0,0,DCHG, ,
25700.9,1,1,1,1,4,16170.0,-1,11.884,-11.8,-4.49,-55.53,0,0,DCHG, ,
25705.9,1,1,1,1,4,16175.0,-1,11.884,-11.8,-4.49,-55.54,0,0,DCHG, ,
25710.9,1,1,1,1,4,16180.0,-1,11.883,-11.8,-4.49,-55.56,0,0,DCHG, ,
25715.9,1,1,1,1,4,16185.0,-1,11.883,-11.8,-4.49,-55.58,0,0,DCHG, ,
25720.9,1,1,1,1,4,16190.0,-1,11.882,-11.8,-4.49,-55.59,0,0,DCHG, ,
25725.9,1,1,1,1,4,16195.0,-1,11.882,-11.8,-4.49,-55.61,0,0,DCHG, ,
25730.9,1,1,1,1,4,16200.0,-1,11.882,-11.8,-4.49,-55.63,0,0,DCHG, ,
25735.9,1,1,1,1,4,16205.0,-1,11.881,-11.8,-4.5,-55.64,0,0,DCHG, ,
25740.9,1,1,1,1,4,16210.0,-1,11.881,-11.8,-4.5,-55.66,0,0,DCHG, ,
25745.9,1,1,1,1,4,16215.0,-1,11.881,-11.8,-4.5,-55.68,0,0,DCHG, ,
25750.9,1,1,1,1,4,16220.0,-1,11.88,-11.8,-4.5,-55.69,0,0,DCHG, ,
25755.9,1,1,1,1,4,16225.0,-1,11.88,-11.8,-4.5,-55.71,0,0,DCHG, ,
25760.9,1,1,1,1,4,16230.0,-1,11.88,-11.8,-4.5,-55.72,0,0,DCHG, ,
25765.9,1,1,1,1,4,16235.0,-1,11.879,-11.8,-4.5,-55.74,0,0,DCHG, ,
25770.9,1,1,1,1,4,16240.0,-1,11.879,-11.8,-4.51,-55.76,0,0,DCHG, ,
25775.9,1,1,1,1,4,16245.0,-1,11.879,-11.8,-4.51,-55.77,0,0,DCHG, ,
25780.9,1,1,1,1,4,16250.0,-1,11.879,-11.8,-4.51,-55.79,0,0,DCHG, ,
25785.9,1,1,1,1,4,16255.0,-1,11.878,-11.8,-4.51,-55.81,0,0,DCHG, ,
25790.9,1,1,1,1,4,16260.0,-1,11.878,-11.8,-4.51,-55.82,0,0,DCHG, ,
25795.9,1,1,1,1,4,16265.0,-1,11.878,-11.8,-4.51,-55.84,0,0,DCHG, ,
25800.9,1,1,1,1,4,16270.0,-1,11.877,-11.8,-4.51,-55.86,0,0,DCHG, ,
25805.9,1,1,1,1,4,16275.0,-1,11.877,-11.8,-4.52,-55.87,0,0,DCHG, ,
25810.9,1,1,1,1,4,16280.0,-1,11.877,-11.8,-4.52,-55.89,0,0,DCHG, ,
25815.9,1,1,1,1,4,16285.0,-1,11.876,-11.8,-4.52,-55.91,0,0,DCHG, ,
25820.9,1,1,1,1,4,16290.0,-1,11.876,-11.8,-4.52,-55.92,0,0,DCHG, ,
25825.9,1,1,1,1,4,16295.0,-1,11.876,-11.8,-4.52,-55.94,0,0,DCHG, ,
25830.9,1,1,1,1,4,16300.0,-1,11.875,-11.8,-4.52,-55.95,0,0,DCHG, ,
25835.9,1,1,1,1,4,16305.0,-1,11.875,-11.8,-4.52,-55.97,0,0,DCHG, ,
25840.9,1,1,1,1,4,16310.0,-1,11.875,-11.8,-4.52,-55.99,0,0,DCHG, ,
25845.9,1,1,1,1,4,16315.0,-1,11.875,-11.8,-4.53,-56,0,0,DCHG, ,
25850.9,1,1,1,1,4,16320.0,-1,11.874,-11.8,-4.53,-56.02,0,0,DCHG, ,
25855.9,1,1,1,1,4,16325.0,-1,11.874,-11.8,-4.53,-56.04,0,0,DCHG, ,
25860.9,1,1,1,1,4,16330.0,-1,11.873,-11.8,-4.53,-56.05,0,0,DCHG, ,
25865.9,1,1,1,1,4,16335.0,-1,11.873,-11.8,-4.53,-56.07,0,0,DCHG, ,
25870.9,1,1,1,1,4,16340.0,-1,11.873,-11.8,-4.53,-56.09,0,0,DCHG, ,
25875.9,1,1,1,1,4,16345.0,-1,11.872,-11.8,-4.53,-56.1,0,0,DCHG, ,
25880.9,1,1,1,1,4,16350.0,-1,11.873,-11.8,-4.54,-56.12,0,0,DCHG, ,
25885.9,1,1,1,1,4,16355.0,-1,11.872,-11.8,-4.54,-56.13,0,0,DCHG, ,
25890.9,1,1,1,1,4,16360.0,-1,11.871,-11.8,-4.54,-56.15,0,0,DCHG, ,
25895.9,1,1,1,1,4,16365.0,-1,11.871,-11.8,-4.54,-56.17,0,0,DCHG, ,
25900.9,1,1,1,1,4,16370.0,-1,11.871,-11.8,-4.54,-56.18,0,0,DCHG, ,
25905.9,1,1,1,1,4,16375.0,-1,11.871,-11.8,-4.54,-56.2,0,0,DCHG, ,
25910.9,1,1,1,1,4,16380.0,-1,11.87,-11.8,-4.54,-56.22,0,0,DCHG, ,
25915.9,1,1,1,1,4,16385.0,-1,11.87,-11.8,-4.55,-56.23,0,0,DCHG, ,
25920.9,1,1,1,1,4,16390.0,-1,11.87,-11.8,-4.55,-56.25,0,0,DCHG, ,
25925.9,1,1,1,1,4,16395.0,-1,11.869,-11.8,-4.55,-56.27,0,0,DCHG, ,
25930.9,1,1,1,1,4,16400.0,-0.99,11.869,-11.7,-4.55,-56.28,0,0,DCHG, ,
25935.9,1,1,1,1,4,16405.0,-1,11.868,-11.8,-4.55,-56.3,0,0,DCHG, ,
25940.9,1,1,1,1,4,16410.0,-1,11.868,-11.8,-4.55,-56.31,0,0,DCHG, ,
25945.9,1,1,1,1,4,16415.0,-1,11.868,-11.8,-4.55,-56.33,0,0,DCHG, ,
25950.9,1,1,1,1,4,16420.0,-1,11.867,-11.8,-4.56,-56.35,0,0,DCHG, ,
25955.9,1,1,1,1,4,16425.0,-1,11.867,-11.8,-4.56,-56.36,0,0,DCHG, ,
25960.9,1,1,1,1,4,16430.0,-1,11.867,-11.8,-4.56,-56.38,0,0,DCHG, ,
25965.9,1,1,1,1,4,16435.0,-1,11.866,-11.8,-4.56,-56.4,0,0,DCHG, ,
25970.9,1,1,1,1,4,16440.0,-1,11.866,-11.8,-4.56,-56.41,0,0,DCHG, ,
25975.9,1,1,1,1,4,16445.0,-1,11.866,-11.8,-4.56,-56.43,0,0,DCHG, ,
25980.9,1,1,1,1,4,16450.0,-1,11.866,-11.8,-4.56,-56.45,0,0,DCHG, ,
25985.9,1,1,1,1,4,16455.0,-1,11.865,-11.8,-4.57,-56.46,0,0,DCHG, ,
25990.9,1,1,1,1,4,16460.0,-1,11.865,-11.8,-4.57,-56.48,0,0,DCHG, ,
25995.9,1,1,1,1,4,16465.0,-1,11.865,-11.8,-4.57,-56.49,0,0,DCHG, ,
26000.9,1,1,1,1,4,16470.0,-1,11.864,-11.8,-4.57,-56.51,0,0,DCHG, ,
26005.9,1,1,1,1,4,16475.0,-1,11.864,-11.8,-4.57,-56.53,0,0,DCHG, ,
26010.9,1,1,1,1,4,16480.0,-1,11.863,-11.8,-4.57,-56.54,0,0,DCHG, ,
26015.9,1,1,1,1,4,16485.0,-1,11.863,-11.8,-4.57,-56.56,0,0,DCHG, ,
26020.9,1,1,1,1,4,16490.0,-1,11.863,-11.8,-4.57,-56.58,0,0,DCHG, ,
26025.9,1,1,1,1,4,16495.0,-1,11.863,-11.8,-4.58,-56.59,0,0,DCHG, ,
26030.9,1,1,1,1,4,16500.0,-1,11.862,-11.8,-4.58,-56.61,0,0,DCHG, ,
26035.9,1,1,1,1,4,16505.0,-1,11.862,-11.8,-4.58,-56.63,0,0,DCHG, ,
26040.9,1,1,1,1,4,16510.0,-1,11.861,-11.8,-4.58,-56.64,0,0,DCHG, ,
26045.9,1,1,1,1,4,16515.0,-1,11.861,-11.8,-4.58,-56.66,0,0,DCHG, ,
26050.9,1,1,1,1,4,16520.0,-1,11.861,-11.8,-4.58,-56.68,0,0,DCHG, ,
26055.9,1,1,1,1,4,16525.0,-1,11.86,-11.8,-4.58,-56.69,0,0,DCHG, ,
26060.9,1,1,1,1,4,16530.0,-1,11.86,-11.8,-4.59,-56.71,0,0,DCHG, ,
26065.9,1,1,1,1,4,16535.0,-1,11.86,-11.8,-4.59,-56.72,0,0,DCHG, ,
26070.9,1,1,1,1,4,16540.0,-1,11.859,-11.8,-4.59,-56.74,0,0,DCHG, ,
26075.9,1,1,1,1,4,16545.0,-1,11.859,-11.8,-4.59,-56.76,0,0,DCHG, ,
26080.9,1,1,1,1,4,16550.0,-1,11.859,-11.8,-4.59,-56.77,0,0,DCHG, ,
26085.9,1,1,1,1,4,16555.0,-1,11.858,-11.8,-4.59,-56.79,0,0,DCHG, ,
26090.9,1,1,1,1,4,16560.0,-1,11.858,-11.8,-4.59,-56.81,0,0,DCHG, ,
26095.9,1,1,1,1,4,16565.0,-1,11.857,-11.8,-4.6,-56.82,0,0,DCHG, ,
26100.9,1,1,1,1,4,16570.0,-1,11.857,-11.8,-4.6,-56.84,0,0,DCHG, ,
26105.9,1,1,1,1,4,16575.0,-1,11.857,-11.8,-4.6,-56.86,0,0,DCHG, ,
26110.9,1,1,1,1,4,16580.0,-1,11.857,-11.8,-4.6,-56.87,0,0,DCHG, ,
26115.9,1,1,1,1,4,16585.0,-1,11.856,-11.8,-4.6,-56.89,0,0,DCHG, ,
26120.9,1,1,1,1,4,16590.0,-1,11.856,-11.8,-4.6,-56.9,0,0,DCHG, ,
26125.9,1,1,1,1,4,16595.0,-1,11.855,-11.8,-4.6,-56.92,0,0,DCHG, ,
26130.9,1,1,1,1,4,16600.0,-1,11.855,-11.8,-4.61,-56.94,0,0,DCHG, ,
26135.9,1,1,1,1,4,16605.0,-1,11.855,-11.8,-4.61,-56.95,0,0,DCHG, ,
26140.9,1,1,1,1,4,16610.0,-1,11.855,-11.8,-4.61,-56.97,0,0,DCHG, ,
26145.9,1,1,1,1,4,16615.0,-1,11.854,-11.8,-4.61,-56.99,0,0,DCHG, ,
26150.9,1,1,1,1,4,16620.0,-1,11.854,-11.8,-4.61,-57,0,0,DCHG, ,
26155.9,1,1,1,1,4,16625.0,-1,11.853,-11.8,-4.61,-57.02,0,0,DCHG, ,
26160.9,1,1,1,1,4,16630.0,-1,11.853,-11.8,-4.61,-57.04,0,0,DCHG, ,
26165.9,1,1,1,1,4,16635.0,-1,11.853,-11.8,-4.62,-57.05,0,0,DCHG, ,
26170.9,1,1,1,1,4,16640.0,-1,11.853,-11.8,-4.62,-57.07,0,0,DCHG, ,
26175.9,1,1,1,1,4,16645.0,-1,11.852,-11.8,-4.62,-57.08,0,0,DCHG, ,
26180.9,1,1,1,1,4,16650.0,-1,11.852,-11.8,-4.62,-57.1,0,0,DCHG, ,
26185.9,1,1,1,1,4,16655.0,-1,11.852,-11.8,-4.62,-57.12,0,0,DCHG, ,
26190.9,1,1,1,1,4,16660.0,-1,11.851,-11.8,-4.62,-57.13,0,0,DCHG, ,
26195.9,1,1,1,1,4,16665.0,-1,11.851,-11.8,-4.62,-57.15,0,0,DCHG, ,
26200.9,1,1,1,1,4,16670.0,-1,11.851,-11.8,-4.62,-57.17,0,0,DCHG, ,
26205.9,1,1,1,1,4,16675.0,-1,11.851,-11.8,-4.63,-57.18,0,0,DCHG, ,
26210.9,1,1,1,1,4,16680.0,-1,11.85,-11.8,-4.63,-57.2,0,0,DCHG, ,
26215.9,1,1,1,1,4,16685.0,-1,11.85,-11.8,-4.63,-57.22,0,0,DCHG, ,
26220.9,1,1,1,1,4,16690.0,-1,11.85,-11.8,-4.63,-57.23,0,0,DCHG, ,
26225.9,1,1,1,1,4,16695.0,-1,11.849,-11.8,-4.63,-57.25,0,0,DCHG, ,
26230.9,1,1,1,1,4,16700.0,-1,11.849,-11.8,-4.63,-57.27,0,0,DCHG, ,
26235.9,1,1,1,1,4,16705.0,-1,11.849,-11.8,-4.63,-57.28,0,0,DCHG, ,
26240.9,1,1,1,1,4,16710.0,-1,11.848,-11.8,-4.64,-57.3,0,0,DCHG, ,
26245.9,1,1,1,1,4,16715.0,-1,11.847,-11.8,-4.64,-57.31,0,0,DCHG, ,
26250.9,1,1,1,1,4,16720.0,-1,11.847,-11.8,-4.64,-57.33,0,0,DCHG, ,
26255.9,1,1,1,1,4,16725.0,-1,11.847,-11.8,-4.64,-57.35,0,0,DCHG, ,
26260.9,1,1,1,1,4,16730.0,-1,11.847,-11.8,-4.64,-57.36,0,0,DCHG, ,
26265.9,1,1,1,1,4,16735.0,-1,11.846,-11.8,-4.64,-57.38,0,0,DCHG, ,
26270.9,1,1,1,1,4,16740.0,-1,11.846,-11.8,-4.64,-57.4,0,0,DCHG, ,
26275.9,1,1,1,1,4,16745.0,-1,11.845,-11.8,-4.65,-57.41,0,0,DCHG, ,
26280.9,1,1,1,1,4,16750.0,-1,11.846,-11.8,-4.65,-57.43,0,0,DCHG, ,
26285.9,1,1,1,1,4,16755.0,-1,11.845,-11.8,-4.65,-57.45,0,0,DCHG, ,
26290.9,1,1,1,1,4,16760.0,-1,11.845,-11.8,-4.65,-57.46,0,0,DCHG, ,
26295.9,1,1,1,1,4,16765.0,-1,11.844,-11.8,-4.65,-57.48,0,0,DCHG, ,
26300.9,1,1,1,1,4,16770.0,-1,11.844,-11.8,-4.65,-57.49,0,0,DCHG, ,
26305.9,1,1,1,1,4,16775.0,-1,11.844,-11.8,-4.65,-57.51,0,0,DCHG, ,
26310.9,1,1,1,1,4,16780.0,-1,11.844,-11.8,-4.66,-57.53,0,0,DCHG, ,
26315.9,1,1,1,1,4,16785.0,-1,11.843,-11.8,-4.66,-57.54,0,0,DCHG, ,
26320.9,1,1,1,1,4,16790.0,-1,11.843,-11.8,-4.66,-57.56,0,0,DCHG, ,
26325.9,1,1,1,1,4,16795.0,-1,11.842,-11.8,-4.66,-57.58,0,0,DCHG, ,
26330.9,1,1,1,1,4,16800.0,-1,11.842,-11.8,-4.66,-57.59,0,0,DCHG, ,
26335.9,1,1,1,1,4,16805.0,-1,11.842,-11.8,-4.66,-57.61,0,0,DCHG, ,
26340.9,1,1,1,1,4,16810.0,-1,11.841,-11.8,-4.66,-57.63,0,0,DCHG, ,
26345.9,1,1,1,1,4,16815.0,-1,11.841,-11.8,-4.67,-57.64,0,0,DCHG, ,
26350.9,1,1,1,1,4,16820.0,-1,11.84,-11.8,-4.67,-57.66,0,0,DCHG, ,
26355.9,1,1,1,1,4,16825.0,-1,11.84,-11.8,-4.67,-57.67,0,0,DCHG, ,
26360.9,1,1,1,1,4,16830.0,-1,11.84,-11.8,-4.67,-57.69,0,0,DCHG, ,
26365.9,1,1,1,1,4,16835.0,-1,11.84,-11.8,-4.67,-57.71,0,0,DCHG, ,
26370.9,1,1,1,1,4,16840.0,-1,11.839,-11.8,-4.67,-57.72,0,0,DCHG, ,
26375.9,1,1,1,1,4,16845.0,-1,11.839,-11.8,-4.67,-57.74,0,0,DCHG, ,
26380.9,1,1,1,1,4,16850.0,-1,11.839,-11.8,-4.67,-57.76,0,0,DCHG, ,
26385.9,1,1,1,1,4,16855.0,-1,11.838,-11.8,-4.68,-57.77,0,0,DCHG, ,
26390.9,1,1,1,1,4,16860.0,-1,11.838,-11.8,-4.68,-57.79,0,0,DCHG, ,
26395.9,1,1,1,1,4,16865.0,-1,11.837,-11.8,-4.68,-57.81,0,0,DCHG, ,
26400.9,1,1,1,1,4,16870.0,-1,11.837,-11.8,-4.68,-57.82,0,0,DCHG, ,
26405.9,1,1,1,1,4,16875.0,-1,11.836,-11.8,-4.68,-57.84,0,0,DCHG, ,
26410.9,1,1,1,1,4,16880.0,-1,11.836,-11.8,-4.68,-57.86,0,0,DCHG, ,
26415.9,1,1,1,1,4,16885.0,-1,11.836,-11.8,-4.68,-57.87,0,0,DCHG, ,
26420.9,1,1,1,1,4,16890.0,-1,11.836,-11.8,-4.69,-57.89,0,0,DCHG, ,
26425.9,1,1,1,1,4,16895.0,-1,11.835,-11.8,-4.69,-57.9,0,0,DCHG, ,
26430.9,1,1,1,1,4,16900.0,-1,11.835,-11.8,-4.69,-57.92,0,0,DCHG, ,
26435.9,1,1,1,1,4,16905.0,-1,11.835,-11.8,-4.69,-57.94,0,0,DCHG, ,
26440.9,1,1,1,1,4,16910.0,-1,11.835,-11.8,-4.69,-57.95,0,0,DCHG, ,
26445.9,1,1,1,1,4,16915.0,-1,11.834,-11.8,-4.69,-57.97,0,0,DCHG, ,
26450.9,1,1,1,1,4,16920.0,-1,11.834,-11.8,-4.69,-57.99,0,0,DCHG, ,
26455.9,1,1,1,1,4,16925.0,-1,11.834,-11.8,-4.7,-58,0,0,DCHG, ,
26460.9,1,1,1,1,4,16930.0,-1,11.833,-11.8,-4.7,-58.02,0,0,DCHG, ,
26465.9,1,1,1,1,4,16935.0,-1,11.833,-11.8,-4.7,-58.04,0,0,DCHG, ,
26470.9,1,1,1,1,4,16940.0,-1,11.833,-11.8,-4.7,-58.05,0,0,DCHG, ,
26475.9,1,1,1,1,4,16945.0,-1,11.832,-11.8,-4.7,-58.07,0,0,DCHG, ,
26480.9,1,1,1,1,4,16950.0,-1,11.832,-11.8,-4.7,-58.08,0,0,DCHG, ,
26485.9,1,1,1,1,4,16955.0,-1,11.832,-11.8,-4.7,-58.1,0,0,DCHG, ,
26490.9,1,1,1,1,4,16960.0,-1,11.831,-11.8,-4.71,-58.12,0,0,DCHG, ,
26495.9,1,1,1,1,4,16965.0,-1,11.83,-11.8,-4.71,-58.13,0,0,DCHG, ,
26500.9,1,1,1,1,4,16970.0,-1,11.83,-11.8,-4.71,-58.15,0,0,DCHG, ,
26505.9,1,1,1,1,4,16975.0,-1,11.83,-11.8,-4.71,-58.17,0,0,DCHG, ,
26510.9,1,1,1,1,4,16980.0,-1,11.829,-11.8,-4.71,-58.18,0,0,DCHG, ,
26515.9,1,1,1,1,4,16985.0,-1,11.829,-11.8,-4.71,-58.2,0,0,DCHG, ,
26520.9,1,1,1,1,4,16990.0,-1,11.829,-11.8,-4.71,-58.22,0,0,DCHG, ,
26525.9,1,1,1,1,4,16995.0,-1,11.828,-11.8,-4.72,-58.23,0,0,DCHG, ,
26530.9,1,1,1,1,4,17000.0,-1,11.828,-11.8,-4.72,-58.25,0,0,DCHG, ,
26535.9,1,1,1,1,4,17005.0,-1,11.828,-11.8,-4.72,-58.26,0,0,DCHG, ,
26540.9,1,1,1,1,4,17010.0,-1,11.827,-11.8,-4.72,-58.28,0,0,DCHG, ,
26545.9,1,1,1,1,4,17015.0,-1,11.827,-11.8,-4.72,-58.3,0,0,DCHG, ,
26550.9,1,1,1,1,4,17020.0,-1,11.827,-11.8,-4.72,-58.31,0,0,DCHG, ,
26555.9,1,1,1,1,4,17025.0,-1,11.826,-11.8,-4.72,-58.33,0,0,DCHG, ,
26560.9,1,1,1,1,4,17030.0,-1,11.826,-11.8,-4.72,-58.35,0,0,DCHG, ,
26565.9,1,1,1,1,4,17035.0,-1,11.826,-11.8,-4.73,-58.36,0,0,DCHG, ,
26570.9,1,1,1,1,4,17040.0,-1,11.825,-11.8,-4.73,-58.38,0,0,DCHG, ,
26575.9,1,1,1,1,4,17045.0,-1,11.825,-11.8,-4.73,-58.4,0,0,DCHG, ,
26580.9,1,1,1,1,4,17050.0,-1,11.825,-11.8,-4.73,-58.41,0,0,DCHG, ,
26585.9,1,1,1,1,4,17055.0,-1,11.825,-11.8,-4.73,-58.43,0,0,DCHG, ,
26590.9,1,1,1,1,4,17060.0,-1,11.824,-11.8,-4.73,-58.45,0,0,DCHG, ,
26595.9,1,1,1,1,4,17065.0,-1,11.824,-11.8,-4.73,-58.46,0,0,DCHG, ,
26600.9,1,1,1,1,4,17070.0,-1,11.824,-11.8,-4.74,-58.48,0,0,DCHG, ,
26605.9,1,1,1,1,4,17075.0,-1,11.823,-11.8,-4.74,-58.49,0,0,DCHG, ,
26610.9,1,1,1,1,4,17080.0,-1,11.823,-11.8,-4.74,-58.51,0,0,DCHG, ,
26615.9,1,1,1,1,4,17085.0,-1,11.822,-11.8,-4.74,-58.53,0,0,DCHG, ,
26620.9,1,1,1,1,4,17090.0,-1,11.822,-11.8,-4.74,-58.54,0,0,DCHG, ,
26625.9,1,1,1,1,4,17095.0,-1,11.822,-11.8,-4.74,-58.56,0,0,DCHG, ,
26630.9,1,1,1,1,4,17100.0,-1,11.822,-11.8,-4.74,-58.58,0,0,DCHG, ,
26635.9,1,1,1,1,4,17105.0,-1,11.821,-11.8,-4.75,-58.59,0,0,DCHG, ,
26640.9,1,1,1,1,4,17110.0,-1,11.821,-11.8,-4.75,-58.61,0,0,DCHG, ,
26645.9,1,1,1,1,4,17115.0,-1,11.82,-11.8,-4.75,-58.63,0,0,DCHG, ,
26650.9,1,1,1,1,4,17120.0,-1,11.82,-11.8,-4.75,-58.64,0,0,DCHG, ,
26655.9,1,1,1,1,4,17125.0,-1,11.82,-11.8,-4.75,-58.66,0,0,DCHG, ,
26660.9,1,1,1,1,4,17130.0,-1,11.819,-11.8,-4.75,-58.67,0,0,DCHG, ,
26665.9,1,1,1,1,4,17135.0,-1,11.819,-11.7,-4.75,-58.69,0,0,DCHG, ,
26670.9,1,1,1,1,4,17140.0,-1,11.819,-11.8,-4.76,-58.71,0,0,DCHG, ,
26675.9,1,1,1,1,4,17145.0,-1,11.818,-11.8,-4.76,-58.72,0,0,DCHG, ,
26680.9,1,1,1,1,4,17150.0,-1,11.818,-11.8,-4.76,-58.74,0,0,DCHG, ,
26685.9,1,1,1,1,4,17155.0,-1,11.818,-11.8,-4.76,-58.76,0,0,DCHG, ,
26690.9,1,1,1,1,4,17160.0,-1,11.818,-11.7,-4.76,-58.77,0,0,DCHG, ,
26695.9,1,1,1,1,4,17165.0,-1,11.817,-11.7,-4.76,-58.79,0,0,DCHG, ,
26700.9,1,1,1,1,4,17170.0,-1,11.816,-11.7,-4.76,-58.81,0,0,DCHG, ,
26705.9,1,1,1,1,4,17175.0,-1,11.816,-11.8,-4.77,-58.82,0,0,DCHG, ,
26710.9,1,1,1,1,4,17180.0,-1,11.816,-11.8,-4.77,-58.84,0,0,DCHG, ,
26715.9,1,1,1,1,4,17185.0,-1,11.815,-11.8,-4.77,-58.85,0,0,DCHG, ,
26720.9,1,1,1,1,4,17190.0,-1,11.815,-11.7,-4.77,-58.87,0,0,DCHG, ,
26725.9,1,1,1,1,4,17195.0,-1,11.814,-11.8,-4.77,-58.89,0,0,DCHG, ,
26730.9,1,1,1,1,4,17200.0,-1,11.814,-11.8,-4.77,-58.9,0,0,DCHG, ,
26735.9,1,1,1,1,4,17205.0,-1,11.814,-11.8,-4.77,-58.92,0,0,DCHG, ,
26740.9,1,1,1,1,4,17210.0,-1,11.814,-11.8,-4.77,-58.94,0,0,DCHG, ,
26745.9,1,1,1,1,4,17215.0,-1,11.814,-11.8,-4.78,-58.95,0,0,DCHG, ,
26750.9,1,1,1,1,4,17220.0,-1,11.813,-11.8,-4.78,-58.97,0,0,DCHG, ,
26755.9,1,1,1,1,4,17225.0,-1,11.813,-11.7,-4.78,-58.98,0,0,DCHG, ,
26760.9,1,1,1,1,4,17230.0,-0.99,11.813,-11.7,-4.78,-59,0,0,DCHG, ,
26765.9,1,1,1,1,4,17235.0,-1,11.812,-11.8,-4.78,-59.02,0,0,DCHG, ,
26770.9,1,1,1,1,4,17240.0,-1,11.812,-11.7,-4.78,-59.03,0,0,DCHG, ,
26775.9,1,1,1,1,4,17245.0,-1,11.811,-11.8,-4.78,-59.05,0,0,DCHG, ,
26780.9,1,1,1,1,4,17250.0,-1,11.811,-11.8,-4.79,-59.07,0,0,DCHG, ,
26785.9,1,1,1,1,4,17255.0,-1,11.81,-11.8,-4.79,-59.08,0,0,DCHG, ,
26790.9,1,1,1,1,4,17260.0,-1,11.81,-11.8,-4.79,-59.1,0,0,DCHG, ,
26795.9,1,1,1,1,4,17265.0,-1,11.81,-11.8,-4.79,-59.12,0,0,DCHG, ,
26800.9,1,1,1,1,4,17270.0,-1,11.81,-11.7,-4.79,-59.13,0,0,DCHG, ,
26805.9,1,1,1,1,4,17275.0,-1,11.809,-11.8,-4.79,-59.15,0,0,DCHG, ,
26810.9,1,1,1,1,4,17280.0,-1,11.809,-11.7,-4.79,-59.16,0,0,DCHG, ,
26815.9,1,1,1,1,4,17285.0,-1,11.809,-11.7,-4.8,-59.18,0,0,DCHG, ,
26820.9,1,1,1,1,4,17290.0,-1,11.808,-11.7,-4.8,-59.2,0,0,DCHG, ,
26825.9,1,1,1,1,4,17295.0,-1,11.808,-11.7,-4.8,-59.21,0,0,DCHG, ,
26830.9,1,1,1,1,4,17300.0,-1,11.808,-11.7,-4.8,-59.23,0,0,DCHG, ,
26835.9,1,1,1,1,4,17305.0,-1,11.807,-11.7,-4.8,-59.25,0,0,DCHG, ,
26840.9,1,1,1,1,4,17310.0,-1,11.807,-11.8,-4.8,-59.26,0,0,DCHG, ,
26845.9,1,1,1,1,4,17315.0,-1,11.806,-11.8,-4.8,-59.28,0,0,DCHG, ,
26850.9,1,1,1,1,4,17320.0,-1,11.806,-11.8,-4.81,-59.29,0,0,DCHG, ,
26855.9,1,1,1,1,4,17325.0,-1,11.806,-11.8,-4.81,-59.31,0,0,DCHG, ,
26860.9,1,1,1,1,4,17330.0,-1,11.805,-11.7,-4.81,-59.33,0,0,DCHG, ,
26865.9,1,1,1,1,4,17335.0,-1,11.805,-11.8,-4.81,-59.34,0,0,DCHG, ,
26870.9,1,1,1,1,4,17340.0,-1,11.804,-11.7,-4.81,-59.36,0,0,DCHG, ,
26875.9,1,1,1,1,4,17345.0,-1,11.804,-11.7,-4.81,-59.38,0,0,DCHG, ,
26880.9,1,1,1,1,4,17350.0,-1,11.804,-11.8,-4.81,-59.39,0,0,DCHG, ,
26885.9,1,1,1,1,4,17355.0,-1,11.804,-11.7,-4.82,-59.41,0,0,DCHG, ,
26890.9,1,1,1,1,4,17360.0,-1,11.803,-11.7,-4.82,-59.43,0,0,DCHG, ,
26895.9,1,1,1,1,4,17365.0,-1,11.803,-11.8,-4.82,-59.44,0,0,DCHG, ,
26900.9,1,1,1,1,4,17370.0,-1,11.803,-11.7,-4.82,-59.46,0,0,DCHG, ,
26905.9,1,1,1,1,4,17375.0,-1,11.802,-11.7,-4.82,-59.47,0,0,DCHG, ,
26910.9,1,1,1,1,4,17380.0,-1,11.802,-11.7,-4.82,-59.49,0,0,DCHG, ,
26915.9,1,1,1,1,4,17385.0,-1,11.802,-11.7,-4.82,-59.51,0,0,DCHG, ,
26920.9,1,1,1,1,4,17390.0,-1,11.802,-11.7,-4.82,-59.52,0,0,DCHG, ,
26925.9,1,1,1,1,4,17395.0,-1,11.801,-11.7,-4.83,-59.54,0,0,DCHG, ,
26930.9,1,1,1,1,4,17400.0,-1,11.801,-11.8,-4.83,-59.56,0,0,DCHG, ,
26935.9,1,1,1,1,4,17405.0,-1,11.801,-11.7,-4.83,-59.57,0,0,DCHG, ,
26940.9,1,1,1,1,4,17410.0,-1,11.8,-11.7,-4.83,-59.59,0,0,DCHG, ,
26945.9,1,1,1,1,4,17415.0,-1,11.8,-11.7,-4.83,-59.6,0,0,DCHG, ,
26950.9,1,1,1,1,4,17420.0,-1,11.8,-11.7,-4.83,-59.62,0,0,DCHG, ,
26955.9,1,1,1,1,4,17425.0,-1,11.799,-11.7,-4.83,-59.64,0,0,DCHG, ,
26960.9,1,1,1,1,4,17430.0,-1,11.799,-11.7,-4.84,-59.65,0,0,DCHG, ,
26965.9,1,1,1,1,4,17435.0,-0.99,11.798,-11.7,-4.84,-59.67,0,0,DCHG, ,
26970.9,1,1,1,1,4,17440.0,-1,11.798,-11.7,-4.84,-59.69,0,0,DCHG, ,
26975.9,1,1,1,1,4,17445.0,-1,11.798,-11.7,-4.84,-59.7,0,0,DCHG, ,
26980.9,1,1,1,1,4,17450.0,-1,11.797,-11.7,-4.84,-59.72,0,0,DCHG, ,
26985.9,1,1,1,1,4,17455.0,-1,11.797,-11.7,-4.84,-59.73,0,0,DCHG, ,
26990.9,1,1,1,1,4,17460.0,-1,11.796,-11.7,-4.84,-59.75,0,0,DCHG, ,
26995.9,1,1,1,1,4,17465.0,-1,11.796,-11.7,-4.85,-59.77,0,0,DCHG, ,
27000.9,1,1,1,1,4,17470.0,-1,11.795,-11.7,-4.85,-59.78,0,0,DCHG, ,
27005.9,1,1,1,1,4,17475.0,-1,11.795,-11.7,-4.85,-59.8,0,0,DCHG, ,
27010.9,1,1,1,1,4,17480.0,-1,11.796,-11.7,-4.85,-59.82,0,0,DCHG, ,
27015.9,1,1,1,1,4,17485.0,-1,11.795,-11.7,-4.85,-59.83,0,0,DCHG, ,
27020.9,1,1,1,1,4,17490.0,-1,11.795,-11.7,-4.85,-59.85,0,0,DCHG, ,
27025.9,1,1,1,1,4,17495.0,-1,11.794,-11.7,-4.85,-59.86,0,0,DCHG, ,
27030.9,1,1,1,1,4,17500.0,-1,11.794,-11.7,-4.86,-59.88,0,0,DCHG, ,
27035.9,1,1,1,1,4,17505.0,-1,11.794,-11.7,-4.86,-59.9,0,0,DCHG, ,
27040.9,1,1,1,1,4,17510.0,-1,11.793,-11.7,-4.86,-59.91,0,0,DCHG, ,
27045.9,1,1,1,1,4,17515.0,-0.99,11.792,-11.6,-4.86,-59.93,0,0,DCHG, ,
27050.9,1,1,1,1,4,17520.0,-1,11.792,-11.7,-4.86,-59.95,0,0,DCHG, ,
27055.9,1,1,1,1,4,17525.0,-1,11.792,-11.7,-4.86,-59.96,0,0,DCHG, ,
27060.9,1,1,1,1,4,17530.0,-1,11.791,-11.7,-4.86,-59.98,0,0,DCHG, ,
27065.9,1,1,1,1,4,17535.0,-1,11.791,-11.7,-4.87,-59.99,0,0,DCHG, ,
27070.9,1,1,1,1,4,17540.0,-1,11.79,-11.7,-4.87,-60.01,0,0,DCHG, ,
27075.9,1,1,1,1,4,17545.0,-1,11.791,-11.7,-4.87,-60.03,0,0,DCHG, ,
27080.9,1,1,1,1,4,17550.0,-1,11.79,-11.7,-4.87,-60.04,0,0,DCHG, ,
27085.9,1,1,1,1,4,17555.0,-1,11.79,-11.7,-4.87,-60.06,0,0,DCHG, ,
27090.9,1,1,1,1,4,17560.0,-1,11.789,-11.7,-4.87,-60.08,0,0,DCHG, ,
27095.9,1,1,1,1,4,17565.0,-1,11.789,-11.7,-4.87,-60.09,0,0,DCHG, ,
27100.9,1,1,1,1,4,17570.0,-1,11.789,-11.7,-4.87,-60.11,0,0,DCHG, ,
27105.9,1,1,1,1,4,17575.0,-1,11.789,-11.7,-4.88,-60.12,0,0,DCHG, ,
27110.9,1,1,1,1,4,17580.0,-1,11.788,-11.7,-4.88,-60.14,0,0,DCHG, ,
27115.9,1,1,1,1,4,17585.0,-1,11.788,-11.7,-4.88,-60.16,0,0,DCHG, ,
27120.9,1,1,1,1,4,17590.0,-1,11.788,-11.7,-4.88,-60.17,0,0,DCHG, ,
27125.9,1,1,1,1,4,17595.0,-1,11.787,-11.7,-4.88,-60.19,0,0,DCHG, ,
27130.9,1,1,1,1,4,17600.0,-1,11.787,-11.7,-4.88,-60.21,0,0,DCHG, ,
27135.9,1,1,1,1,4,17605.0,-1,11.786,-11.7,-4.88,-60.22,0,0,DCHG, ,
27140.9,1,1,1,1,4,17610.0,-1,11.786,-11.7,-4.89,-60.24,0,0,DCHG, ,
27145.9,1,1,1,1,4,17615.0,-1,11.786,-11.7,-4.89,-60.25,0,0,DCHG, ,
27150.9,1,1,1,1,4,17620.0,-1,11.785,-11.7,-4.89,-60.27,0,0,DCHG, ,
27155.9,1,1,1,1,4,17625.0,-1,11.785,-11.7,-4.89,-60.29,0,0,DCHG, ,
27160.9,1,1,1,1,4,17630.0,-1,11.784,-11.7,-4.89,-60.3,0,0,DCHG, ,
27165.9,1,1,1,1,4,17635.0,-1,11.784,-11.7,-4.89,-60.32,0,0,DCHG, ,
27170.9,1,1,1,1,4,17640.0,-1,11.784,-11.7,-4.89,-60.34,0,0,DCHG, ,
27175.9,1,1,1,1,4,17645.0,-1,11.784,-11.7,-4.9,-60.35,0,0,DCHG, ,
27180.9,1,1,1,1,4,17650.0,-1,11.783,-11.7,-4.9,-60.37,0,0,DCHG, ,
27185.9,1,1,1,1,4,17655.0,-1,11.783,-11.7,-4.9,-60.38,0,0,DCHG, ,
27190.9,1,1,1,1,4,17660.0,-1,11.782,-11.7,-4.9,-60.4,0,0,DCHG, ,
27195.9,1,1,1,1,4,17665.0,-1,11.782,-11.7,-4.9,-60.42,0,0,DCHG, ,
27200.9,1,1,1,1,4,17670.0,-1,11.782,-11.7,-4.9,-60.43,0,0,DCHG, ,
27205.9,1,1,1,1,4,17675.0,-1,11.782,-11.7,-4.9,-60.45,0,0,DCHG, ,
27210.9,1,1,1,1,4,17680.0,-1,11.781,-11.7,-4.91,-60.47,0,0,DCHG, ,
27215.9,1,1,1,1,4,17685.0,-1,11.781,-11.7,-4.91,-60.48,0,0,DCHG, ,
27220.9,1,1,1,1,4,17690.0,-1,11.78,-11.7,-4.91,-60.5,0,0,DCHG, ,
27225.9,1,1,1,1,4,17695.0,-1,11.78,-11.7,-4.91,-60.51,0,0,DCHG, ,
27230.9,1,1,1,1,4,17700.0,-1,11.779,-11.7,-4.91,-60.53,0,0,DCHG, ,
27235.9,1,1,1,1,4,17705.0,-1,11.779,-11.7,-4.91,-60.55,0,0,DCHG, ,
27240.9,1,1,1,1,4,17710.0,-1,11.779,-11.7,-4.91,-60.56,0,0,DCHG, ,
27245.9,1,1,1,1,4,17715.0,-0.99,11.779,-11.6,-4.92,-60.58,0,0,DCHG, ,
27250.9,1,1,1,1,4,17720.0,-1,11.778,-11.7,-4.92,-60.6,0,0,DCHG, ,
27255.9,1,1,1,1,4,17725.0,-1,11.778,-11.7,-4.92,-60.61,0,0,DCHG, ,
27260.9,1,1,1,1,4,17730.0,-1,11.777,-11.7,-4.92,-60.63,0,0,DCHG, ,
27265.9,1,1,1,1,4,17735.0,-1,11.777,-11.7,-4.92,-60.64,0,0,DCHG, ,
27270.9,1,1,1,1,4,17740.0,-1,11.777,-11.7,-4.92,-60.66,0,0,DCHG, ,
27275.9,1,1,1,1,4,17745.0,-1,11.776,-11.7,-4.92,-60.68,0,0,DCHG, ,
27280.9,1,1,1,1,4,17750.0,-1,11.777,-11.7,-4.92,-60.69,0,0,DCHG, ,
27285.9,1,1,1,1,4,17755.0,-1,11.775,-11.7,-4.93,-60.71,0,0,DCHG, ,
27290.9,1,1,1,1,4,17760.0,-1,11.775,-11.7,-4.93,-60.73,0,0,DCHG, ,
27295.9,1,1,1,1,4,17765.0,-1,11.775,-11.7,-4.93,-60.74,0,0,DCHG, ,
27300.9,1,1,1,1,4,17770.0,-1,11.774,-11.7,-4.93,-60.76,0,0,DCHG, ,
27305.9,1,1,1,1,4,17775.0,-1,11.774,-11.7,-4.93,-60.77,0,0,DCHG, ,
27310.9,1,1,1,1,4,17780.0,-1,11.774,-11.7,-4.93,-60.79,0,0,DCHG, ,
27315.9,1,1,1,1,4,17785.0,-1,11.773,-11.7,-4.93,-60.81,0,0,DCHG, ,
27320.9,1,1,1,1,4,17790.0,-1,11.773,-11.7,-4.94,-60.82,0,0,DCHG, ,
27325.9,1,1,1,1,4,17795.0,-1,11.773,-11.7,-4.94,-60.84,0,0,DCHG, ,
27330.9,1,1,1,1,4,17800.0,-1,11.772,-11.7,-4.94,-60.86,0,0,DCHG, ,
27335.9,1,1,1,1,4,17805.0,-1,11.772,-11.7,-4.94,-60.87,0,0,DCHG, ,
27340.9,1,1,1,1,4,17810.0,-1,11.772,-11.7,-4.94,-60.89,0,0,DCHG, ,
27345.9,1,1,1,1,4,17815.0,-1,11.772,-11.7,-4.94,-60.9,0,0,DCHG, ,
27350.9,1,1,1,1,4,17820.0,-1,11.771,-11.7,-4.94,-60.92,0,0,DCHG, ,
27355.9,1,1,1,1,4,17825.0,-1,11.771,-11.7,-4.95,-60.94,0,0,DCHG, ,
27360.9,1,1,1,1,4,17830.0,-1,11.771,-11.7,-4.95,-60.95,0,0,DCHG, ,
27365.9,1,1,1,1,4,17835.0,-1,11.771,-11.7,-4.95,-60.97,0,0,DCHG, ,
27370.9,1,1,1,1,4,17840.0,-1,11.77,-11.7,-4.95,-60.99,0,0,DCHG, ,
27375.9,1,1,1,1,4,17845.0,-1,11.77,-11.7,-4.95,-61,0,0,DCHG, ,
27380.9,1,1,1,1,4,17850.0,-1,11.77,-11.7,-4.95,-61.02,0,0,DCHG, ,
27385.9,1,1,1,1,4,17855.0,-1,11.769,-11.7,-4.95,-61.03,0,0,DCHG, ,
27390.9,1,1,1,1,4,17860.0,-1,11.768,-11.7,-4.96,-61.05,0,0,DCHG, ,
27395.9,1,1,1,1,4,17865.0,-1,11.768,-11.7,-4.96,-61.07,0,0,DCHG, ,
27400.9,1,1,1,1,4,17870.0,-1,11.768,-11.7,-4.96,-61.08,0,0,DCHG, ,
27405.9,1,1,1,1,4,17875.0,-1,11.768,-11.7,-4.96,-61.1,0,0,DCHG, ,
27410.9,1,1,1,1,4,17880.0,-1,11.766,-11.7,-4.96,-61.12,0,0,DCHG, ,
27415.9,1,1,1,1,4,17885.0,-1,11.766,-11.7,-4.96,-61.13,0,0,DCHG, ,
27420.9,1,1,1,1,4,17890.0,-1,11.766,-11.7,-4.96,-61.15,0,0,DCHG, ,
27425.9,1,1,1,1,4,17895.0,-1,11.766,-11.7,-4.97,-61.16,0,0,DCHG, ,
27430.9,1,1,1,1,4,17900.0,-1,11.766,-11.7,-4.97,-61.18,0,0,DCHG, ,
27435.9,1,1,1,1,4,17905.0,-1,11.765,-11.7,-4.97,-61.2,0,0,DCHG, ,
27440.9,1,1,1,1,4,17910.0,-1,11.765,-11.7,-4.97,-61.21,0,0,DCHG, ,
27445.9,1,1,1,1,4,17915.0,-0.99,11.764,-11.6,-4.97,-61.23,0,0,DCHG, ,
27450.9,1,1,1,1,4,17920.0,-1,11.764,-11.7,-4.97,-61.25,0,0,DCHG, ,
27455.9,1,1,1,1,4,17925.0,-1,11.764,-11.7,-4.97,-61.26,0,0,DCHG, ,
27460.9,1,1,1,1,4,17930.0,-1,11.763,-11.7,-4.97,-61.28,0,0,DCHG, ,
27465.9,1,1,1,1,4,17935.0,-1,11.763,-11.7,-4.98,-61.29,0,0,DCHG, ,
27470.9,1,1,1,1,4,17940.0,-1,11.763,-11.7,-4.98,-61.31,0,0,DCHG, ,
27475.9,1,1,1,1,4,17945.0,-1,11.762,-11.7,-4.98,-61.33,0,0,DCHG, ,
27480.9,1,1,1,1,4,17950.0,-1,11.762,-11.7,-4.98,-61.34,0,0,DCHG, ,
27485.9,1,1,1,1,4,17955.0,-1,11.762,-11.7,-4.98,-61.36,0,0,DCHG, ,
27490.9,1,1,1,1,4,17960.0,-1,11.761,-11.7,-4.98,-61.38,0,0,DCHG, ,
27495.9,1,1,1,1,4,17965.0,-1,11.761,-11.7,-4.98,-61.39,0,0,DCHG, ,
27500.9,1,1,1,1,4,17970.0,-1,11.761,-11.7,-4.99,-61.41,0,0,DCHG, ,
27505.9,1,1,1,1,4,17975.0,-1,11.76,-11.7,-4.99,-61.42,0,0,DCHG, ,
27510.9,1,1,1,1,4,17980.0,-1,11.76,-11.7,-4.99,-61.44,0,0,DCHG, ,
27515.9,1,1,1,1,4,17985.0,-1,11.759,-11.7,-4.99,-61.46,0,0,DCHG, ,
27520.9,1,1,1,1,4,17990.0,-1,11.759,-11.7,-4.99,-61.47,0,0,DCHG, ,
27525.9,1,1,1,1,4,17995.0,-1,11.759,-11.7,-4.99,-61.49,0,0,DCHG, ,
27530.9,1,1,1,1,4,18000.0,-1,11.758,-11.7,-4.99,-61.51,0,0,DCHG, ,
27535.9,1,1,1,1,4,18005.0,-0.99,11.758,-11.6,-5,-61.52,0,0,DCHG, ,
27540.9,1,1,1,1,4,18010.0,-1,11.758,-11.7,-5,-61.54,0,0,DCHG, ,
27545.9,1,1,1,1,4,18015.0,-1,11.758,-11.7,-5,-61.55,0,0,DCHG, ,
27550.9,1,1,1,1,4,18020.0,-1,11.757,-11.7,-5,-61.57,0,0,DCHG, ,
27555.9,1,1,1,1,4,18025.0,-1,11.757,-11.7,-5,-61.59,0,0,DCHG, ,
27560.9,1,1,1,1,4,18030.0,-1,11.756,-11.7,-5,-61.6,0,0,DCHG, ,
27565.9,1,1,1,1,4,18035.0,-1,11.756,-11.7,-5,-61.62,0,0,DCHG, ,
27570.9,1,1,1,1,4,18040.0,-1,11.755,-11.7,-5.01,-61.64,0,0,DCHG, ,
27575.9,1,1,1,1,4,18045.0,-1,11.755,-11.7,-5.01,-61.65,0,0,DCHG, ,
27580.9,1,1,1,1,4,18050.0,-1,11.755,-11.7,-5.01,-61.67,0,0,DCHG, ,
27585.9,1,1,1,1,4,18055.0,-1,11.754,-11.7,-5.01,-61.68,0,0,DCHG, ,
27590.9,1,1,1,1,4,18060.0,-1,11.754,-11.7,-5.01,-61.7,0,0,DCHG, ,
27595.9,1,1,1,1,4,18065.0,-1,11.754,-11.7,-5.01,-61.72,0,0,DCHG, ,
27600.9,1,1,1,1,4,18070.0,-1,11.753,-11.7,-5.01,-61.73,0,0,DCHG, ,
27605.9,1,1,1,1,4,18075.0,-1,11.753,-11.7,-5.02,-61.75,0,0,DCHG, ,
27610.9,1,1,1,1,4,18080.0,-1,11.752,-11.7,-5.02,-61.77,0,0,DCHG, ,
27615.9,1,1,1,1,4,18085.0,-1,11.752,-11.7,-5.02,-61.78,0,0,DCHG, ,
27620.9,1,1,1,1,4,18090.0,-1,11.752,-11.7,-5.02,-61.8,0,0,DCHG, ,
27625.9,1,1,1,1,4,18095.0,-1,11.752,-11.7,-5.02,-61.81,0,0,DCHG, ,
27630.9,1,1,1,1,4,18100.0,-1,11.751,-11.7,-5.02,-61.83,0,0,DCHG, ,
27635.9,1,1,1,1,4,18105.0,-1,11.751,-11.7,-5.02,-61.85,0,0,DCHG, ,
27640.9,1,1,1,1,4,18110.0,-1,11.75,-11.7,-5.02,-61.86,0,0,DCHG, ,
27645.9,1,1,1,1,4,18115.0,-1,11.75,-11.7,-5.03,-61.88,0,0,DCHG, ,
27650.9,1,1,1,1,4,18120.0,-1,11.749,-11.7,-5.03,-61.9,0,0,DCHG, ,
27655.9,1,1,1,1,4,18125.0,-1,11.749,-11.7,-5.03,-61.91,0,0,DCHG, ,
27660.9,1,1,1,1,4,18130.0,-1,11.749,-11.7,-5.03,-61.93,0,0,DCHG, ,
27665.9,1,1,1,1,4,18135.0,-1,11.748,-11.7,-5.03,-61.94,0,0,DCHG, ,
27670.9,1,1,1,1,4,18140.0,-1,11.748,-11.7,-5.03,-61.96,0,0,DCHG, ,
27675.9,1,1,1,1,4,18145.0,-1,11.748,-11.7,-5.03,-61.98,0,0,DCHG, ,
27680.9,1,1,1,1,4,18150.0,-1,11.748,-11.7,-5.04,-61.99,0,0,DCHG, ,
27685.9,1,1,1,1,4,18155.0,-1,11.747,-11.7,-5.04,-62.01,0,0,DCHG, ,
27690.9,1,1,1,1,4,18160.0,-1,11.747,-11.7,-5.04,-62.03,0,0,DCHG, ,
27695.9,1,1,1,1,4,18165.0,-1,11.746,-11.7,-5.04,-62.04,0,0,DCHG, ,
27700.9,1,1,1,1,4,18170.0,-1,11.746,-11.7,-5.04,-62.06,0,0,DCHG, ,
27705.9,1,1,1,1,4,18175.0,-1,11.746,-11.7,-5.04,-62.07,0,0,DCHG, ,
27710.9,1,1,1,1,4,18180.0,-1,11.745,-11.7,-5.04,-62.09,0,0,DCHG, ,
27715.9,1,1,1,1,4,18185.0,-1,11.745,-11.7,-5.05,-62.11,0,0,DCHG, ,
27720.9,1,1,1,1,4,18190.0,-1,11.745,-11.7,-5.05,-62.12,0,0,DCHG, ,
27725.9,1,1,1,1,4,18195.0,-1,11.744,-11.7,-5.05,-62.14,0,0,DCHG, ,
27730.9,1,1,1,1,4,18200.0,-1,11.744,-11.7,-5.05,-62.16,0,0,DCHG, ,
27735.9,1,1,1,1,4,18205.0,-1,11.744,-11.7,-5.05,-62.17,0,0,DCHG, ,
27740.9,1,1,1,1,4,18210.0,-1,11.743,-11.7,-5.05,-62.19,0,0,DCHG, ,
27745.9,1,1,1,1,4,18215.0,-1,11.743,-11.7,-5.05,-62.2,0,0,DCHG, ,
27750.9,1,1,1,1,4,18220.0,-1,11.743,-11.7,-5.06,-62.22,0,0,DCHG, ,
27755.9,1,1,1,1,4,18225.0,-1,11.742,-11.7,-5.06,-62.24,0,0,DCHG, ,
27760.9,1,1,1,1,4,18230.0,-1,11.742,-11.7,-5.06,-62.25,0,0,DCHG, ,
27765.9,1,1,1,1,4,18235.0,-0.99,11.741,-11.6,-5.06,-62.27,0,0,DCHG, ,
27770.9,1,1,1,1,4,18240.0,-0.99,11.741,-11.6,-5.06,-62.29,0,0,DCHG, ,
27775.9,1,1,1,1,4,18245.0,-1,11.741,-11.7,-5.06,-62.3,0,0,DCHG, ,
27780.9,1,1,1,1,4,18250.0,-1,11.74,-11.7,-5.06,-62.32,0,0,DCHG, ,
27785.9,1,1,1,1,4,18255.0,-1,11.74,-11.7,-5.07,-62.33,0,0,DCHG, ,
27790.9,1,1,1,1,4,18260.0,-1,11.739,-11.7,-5.07,-62.35,0,0,DCHG, ,
27795.9,1,1,1,1,4,18265.0,-1,11.739,-11.7,-5.07,-62.37,0,0,DCHG, ,
27800.9,1,1,1,1,4,18270.0,-1,11.739,-11.7,-5.07,-62.38,0,0,DCHG, ,
27805.9,1,1,1,1,4,18275.0,-1,11.739,-11.7,-5.07,-62.4,0,0,DCHG, ,
27810.9,1,1,1,1,4,18280.0,-1,11.738,-11.7,-5.07,-62.42,0,0,DCHG, ,
27815.9,1,1,1,1,4,18285.0,-1,11.738,-11.7,-5.07,-62.43,0,0,DCHG, ,
27820.9,1,1,1,1,4,18290.0,-1,11.737,-11.7,-5.07,-62.45,0,0,DCHG, ,
27825.9,1,1,1,1,4,18295.0,-1,11.737,-11.7,-5.08,-62.46,0,0,DCHG, ,
27830.9,1,1,1,1,4,18300.0,-1,11.737,-11.7,-5.08,-62.48,0,0,DCHG, ,
27835.9,1,1,1,1,4,18305.0,-1,11.736,-11.7,-5.08,-62.5,0,0,DCHG, ,
27840.9,1,1,1,1,4,18310.0,-1,11.736,-11.7,-5.08,-62.51,0,0,DCHG, ,
27845.9,1,1,1,1,4,18315.0,-1,11.735,-11.7,-5.08,-62.53,0,0,DCHG, ,
27850.9,1,1,1,1,4,18320.0,-1,11.735,-11.7,-5.08,-62.55,0,0,DCHG, ,
27855.9,1,1,1,1,4,18325.0,-1,11.735,-11.7,-5.08,-62.56,0,0,DCHG, ,
27860.9,1,1,1,1,4,18330.0,-1,11.734,-11.7,-5.09,-62.58,0,0,DCHG, ,
27865.9,1,1,1,1,4,18335.0,-1,11.734,-11.7,-5.09,-62.59,0,0,DCHG, ,
27870.9,1,1,1,1,4,18340.0,-1,11.734,-11.7,-5.09,-62.61,0,0,DCHG, ,
27875.9,1,1,1,1,4,18345.0,-1,11.733,-11.7,-5.09,-62.63,0,0,DCHG, ,
27880.9,1,1,1,1,4,18350.0,-1,11.733,-11.7,-5.09,-62.64,0,0,DCHG, ,
27885.9,1,1,1,1,4,18355.0,-1,11.732,-11.7,-5.09,-62.66,0,0,DCHG, ,
27890.9,1,1,1,1,4,18360.0,-1,11.732,-11.7,-5.09,-62.68,0,0,DCHG, ,
27895.9,1,1,1,1,4,18365.0,-1,11.732,-11.7,-5.1,-62.69,0,0,DCHG, ,
27900.9,1,1,1,1,4,18370.0,-1,11.731,-11.7,-5.1,-62.71,0,0,DCHG, ,
27905.9,1,1,1,1,4,18375.0,-1,11.731,-11.7,-5.1,-62.72,0,0,DCHG, ,
27910.9,1,1,1,1,4,18380.0,-1,11.731,-11.7,-5.1,-62.74,0,0,DCHG, ,
27915.9,1,1,1,1,4,18385.0,-1,11.73,-11.7,-5.1,-62.76,0,0,DCHG, ,
27920.9,1,1,1,1,4,18390.0,-1,11.73,-11.7,-5.1,-62.77,0,0,DCHG, ,
27925.9,1,1,1,1,4,18395.0,-1,11.73,-11.7,-5.1,-62.79,0,0,DCHG, ,
27930.9,1,1,1,1,4,18400.0,-1,11.729,-11.7,-5.11,-62.81,0,0,DCHG, ,
27935.9,1,1,1,1,4,18405.0,-1,11.729,-11.7,-5.11,-62.82,0,0,DCHG, ,
27940.9,1,1,1,1,4,18410.0,-1,11.728,-11.7,-5.11,-62.84,0,0,DCHG, ,
27945.9,1,1,1,1,4,18415.0,-1,11.728,-11.7,-5.11,-62.85,0,0,DCHG, ,
27950.9,1,1,1,1,4,18420.0,-1,11.728,-11.7,-5.11,-62.87,0,0,DCHG, ,
27955.9,1,1,1,1,4,18425.0,-1,11.727,-11.7,-5.11,-62.89,0,0,DCHG, ,
27960.9,1,1,1,1,4,18430.0,-1,11.727,-11.7,-5.11,-62.9,0,0,DCHG, ,
27965.9,1,1,1,1,4,18435.0,-1,11.726,-11.7,-5.12,-62.92,0,0,DCHG, ,
27970.9,1,1,1,1,4,18440.0,-1,11.726,-11.7,-5.12,-62.94,0,0,DCHG, ,
27975.9,1,1,1,1,4,18445.0,-1,11.726,-11.7,-5.12,-62.95,0,0,DCHG, ,
27980.9,1,1,1,1,4,18450.0,-1,11.725,-11.7,-5.12,-62.97,0,0,DCHG, ,
27985.9,1,1,1,1,4,18455.0,-1,11.725,-11.7,-5.12,-62.98,0,0,DCHG, ,
27990.9,1,1,1,1,4,18460.0,-1,11.725,-11.7,-5.12,-63,0,0,DCHG, ,
27995.9,1,1,1,1,4,18465.0,-1,11.725,-11.7,-5.12,-63.02,0,0,DCHG, ,
28000.9,1,1,1,1,4,18470.0,-1,11.724,-11.7,-5.12,-63.03,0,0,DCHG, ,
28005.9,1,1,1,1,4,18475.0,-1,11.724,-11.7,-5.13,-63.05,0,0,DCHG, ,
28010.9,1,1,1,1,4,18480.0,-1,11.724,-11.7,-5.13,-63.07,0,0,DCHG, ,
28015.9,1,1,1,1,4,18485.0,-1,11.723,-11.7,-5.13,-63.08,0,0,DCHG, ,
28020.9,1,1,1,1,4,18490.0,-1,11.722,-11.7,-5.13,-63.1,0,0,DCHG, ,
28025.9,1,1,1,1,4,18495.0,-1,11.722,-11.7,-5.13,-63.11,0,0,DCHG, ,
28030.9,1,1,1,1,4,18500.0,-1,11.722,-11.7,-5.13,-63.13,0,0,DCHG, ,
28035.9,1,1,1,1,4,18505.0,-1,11.721,-11.7,-5.13,-63.15,0,0,DCHG, ,
28040.9,1,1,1,1,4,18510.0,-1,11.721,-11.7,-5.14,-63.16,0,0,DCHG, ,
28045.9,1,1,1,1,4,18515.0,-1,11.721,-11.7,-5.14,-63.18,0,0,DCHG, ,
28050.9,1,1,1,1,4,18520.0,-1,11.721,-11.7,-5.14,-63.2,0,0,DCHG, ,
28055.9,1,1,1,1,4,18525.0,-1,11.72,-11.7,-5.14,-63.21,0,0,DCHG, ,
28060.9,1,1,1,1,4,18530.0,-1,11.72,-11.7,-5.14,-63.23,0,0,DCHG, ,
28065.9,1,1,1,1,4,18535.0,-1,11.719,-11.7,-5.14,-63.24,0,0,DCHG, ,
28070.9,1,1,1,1,4,18540.0,-1,11.719,-11.7,-5.14,-63.26,0,0,DCHG, ,
28075.9,1,1,1,1,4,18545.0,-1,11.718,-11.7,-5.15,-63.28,0,0,DCHG, ,
28080.9,1,1,1,1,4,18550.0,-1,11.718,-11.7,-5.15,-63.29,0,0,DCHG, ,
28085.9,1,1,1,1,4,18555.0,-1,11.717,-11.7,-5.15,-63.31,0,0,DCHG, ,
28090.9,1,1,1,1,4,18560.0,-1,11.718,-11.6,-5.15,-63.33,0,0,DCHG, ,
28095.9,1,1,1,1,4,18565.0,-1,11.717,-11.7,-5.15,-63.34,0,0,DCHG, ,
28100.9,1,1,1,1,4,18570.0,-1,11.717,-11.7,-5.15,-63.36,0,0,DCHG, ,
28105.9,1,1,1,1,4,18575.0,-1,11.717,-11.7,-5.15,-63.37,0,0,DCHG, ,
28110.9,1,1,1,1,4,18580.0,-1,11.716,-11.6,-5.16,-63.39,0,0,DCHG, ,
28115.9,1,1,1,1,4,18585.0,-1,11.715,-11.6,-5.16,-63.41,0,0,DCHG, ,
28120.9,1,1,1,1,4,18590.0,-1,11.715,-11.6,-5.16,-63.42,0,0,DCHG, ,
28125.9,1,1,1,1,4,18595.0,-1,11.715,-11.6,-5.16,-63.44,0,0,DCHG, ,
28130.9,1,1,1,1,4,18600.0,-1,11.714,-11.6,-5.16,-63.45,0,0,DCHG, ,
28135.9,1,1,1,1,4,18605.0,-1,11.714,-11.6,-5.16,-63.47,0,0,DCHG, ,
28140.9,1,1,1,1,4,18610.0,-1,11.713,-11.7,-5.16,-63.49,0,0,DCHG, ,
28145.9,1,1,1,1,4,18615.0,-1,11.714,-11.7,-5.17,-63.5,0,0,DCHG, ,
28150.9,1,1,1,1,4,18620.0,-1,11.713,-11.7,-5.17,-63.52,0,0,DCHG, ,
28155.9,1,1,1,1,4,18625.0,-1,11.712,-11.6,-5.17,-63.54,0,0,DCHG, ,
28160.9,1,1,1,1,4,18630.0,-1,11.712,-11.6,-5.17,-63.55,0,0,DCHG, ,
28165.9,1,1,1,1,4,18635.0,-1,11.712,-11.7,-5.17,-63.57,0,0,DCHG, ,
28170.9,1,1,1,1,4,18640.0,-1,11.712,-11.6,-5.17,-63.58,0,0,DCHG, ,
28175.9,1,1,1,1,4,18645.0,-1,11.712,-11.7,-5.17,-63.6,0,0,DCHG, ,
28180.9,1,1,1,1,4,18650.0,-1,11.711,-11.6,-5.17,-63.62,0,0,DCHG, ,
28185.9,1,1,1,1,4,18655.0,-1,11.71,-11.6,-5.18,-63.63,0,0,DCHG, ,
28190.9,1,1,1,1,4,18660.0,-1,11.71,-11.6,-5.18,-63.65,0,0,DCHG, ,
28195.9,1,1,1,1,4,18665.0,-1,11.71,-11.7,-5.18,-63.67,0,0,DCHG, ,
28200.9,1,1,1,1,4,18670.0,-1,11.709,-11.7,-5.18,-63.68,0,0,DCHG, ,
28205.9,1,1,1,1,4,18675.0,-1,11.709,-11.7,-5.18,-63.7,0,0,DCHG, ,
28210.9,1,1,1,1,4,18680.0,-1,11.709,-11.7,-5.18,-63.71,0,0,DCHG, ,
28215.9,1,1,1,1,4,18685.0,-1,11.708,-11.6,-5.18,-63.73,0,0,DCHG, ,
28220.9,1,1,1,1,4,18690.0,-1,11.708,-11.7,-5.19,-63.75,0,0,DCHG, ,
28225.9,1,1,1,1,4,18695.0,-1,11.707,-11.6,-5.19,-63.76,0,0,DCHG, ,
28230.9,1,1,1,1,4,18700.0,-1,11.707,-11.6,-5.19,-63.78,0,0,DCHG, ,
28235.9,1,1,1,1,4,18705.0,-1,11.707,-11.7,-5.19,-63.79,0,0,DCHG, ,
28240.9,1,1,1,1,4,18710.0,-1,11.706,-11.6,-5.19,-63.81,0,0,DCHG, ,
28245.9,1,1,1,1,4,18715.0,-1,11.706,-11.7,-5.19,-63.83,0,0,DCHG, ,
28250.9,1,1,1,1,4,18720.0,-1,11.706,-11.7,-5.19,-63.84,0,0,DCHG, ,
28255.9,1,1,1,1,4,18725.0,-1,11.705,-11.7,-5.2,-63.86,0,0,DCHG, ,
28260.9,1,1,1,1,4,18730.0,-1,11.705,-11.6,-5.2,-63.88,0,0,DCHG, ,
28265.9,1,1,1,1,4,18735.0,-0.99,11.704,-11.6,-5.2,-63.89,0,0,DCHG, ,
28270.9,1,1,1,1,4,18740.0,-1,11.704,-11.6,-5.2,-63.91,0,0,DCHG, ,
28275.9,1,1,1,1,4,18745.0,-1,11.703,-11.6,-5.2,-63.92,0,0,DCHG, ,
28280.9,1,1,1,1,4,18750.0,-1,11.703,-11.6,-5.2,-63.94,0,0,DCHG, ,
28285.9,1,1,1,1,4,18755.0,-1,11.703,-11.7,-5.2,-63.96,0,0,DCHG, ,
28290.9,1,1,1,1,4,18760.0,-1,11.703,-11.7,-5.21,-63.97,0,0,DCHG, ,
28295.9,1,1,1,1,4,18765.0,-1,11.702,-11.7,-5.21,-63.99,0,0,DCHG, ,
28300.9,1,1,1,1,4,18770.0,-1,11.702,-11.7,-5.21,-64,0,0,DCHG, ,
28305.9,1,1,1,1,4,18775.0,-1,11.702,-11.6,-5.21,-64.02,0,0,DCHG, ,
28310.9,1,1,1,1,4,18780.0,-1,11.701,-11.6,-5.21,-64.04,0,0,DCHG, ,
28315.9,1,1,1,1,4,18785.0,-1,11.7,-11.6,-5.21,-64.05,0,0,DCHG, ,
28320.9,1,1,1,1,4,18790.0,-1,11.7,-11.6,-5.21,-64.07,0,0,DCHG, ,
28325.9,1,1,1,1,4,18795.0,-1,11.7,-11.6,-5.22,-64.09,0,0,DCHG, ,
28330.9,1,1,1,1,4,18800.0,-1,11.7,-11.7,-5.22,-64.1,0,0,DCHG, ,
28335.9,1,1,1,1,4,18805.0,-1,11.699,-11.6,-5.22,-64.12,0,0,DCHG, ,
28340.9,1,1,1,1,4,18810.0,-1,11.699,-11.6,-5.22,-64.13,0,0,DCHG, ,
28345.9,1,1,1,1,4,18815.0,-1,11.699,-11.6,-5.22,-64.15,0,0,DCHG, ,
28350.9,1,1,1,1,4,18820.0,-1,11.699,-11.6,-5.22,-64.17,0,0,DCHG, ,
28355.9,1,1,1,1,4,18825.0,-1,11.698,-11.6,-5.22,-64.18,0,0,DCHG, ,
28360.9,1,1,1,1,4,18830.0,-1,11.697,-11.6,-5.22,-64.2,0,0,DCHG, ,
28365.9,1,1,1,1,4,18835.0,-1,11.697,-11.6,-5.23,-64.21,0,0,DCHG, ,
28370.9,1,1,1,1,4,18840.0,-1,11.697,-11.6,-5.23,-64.23,0,0,DCHG, ,
28375.9,1,1,1,1,4,18845.0,-1,11.696,-11.6,-5.23,-64.25,0,0,DCHG, ,
28380.9,1,1,1,1,4,18850.0,-1,11.695,-11.6,-5.23,-64.26,0,0,DCHG, ,
28385.9,1,1,1,1,4,18855.0,-1,11.695,-11.6,-5.23,-64.28,0,0,DCHG, ,
28390.9,1,1,1,1,4,18860.0,-1,11.695,-11.6,-5.23,-64.3,0,0,DCHG, ,
28395.9,1,1,1,1,4,18865.0,-1,11.694,-11.6,-5.23,-64.31,0,0,DCHG, ,
28400.9,1,1,1,1,4,18870.0,-1,11.694,-11.6,-5.24,-64.33,0,0,DCHG, ,
28405.9,1,1,1,1,4,18875.0,-1,11.694,-11.6,-5.24,-64.34,0,0,DCHG, ,
28410.9,1,1,1,1,4,18880.0,-1,11.693,-11.6,-5.24,-64.36,0,0,DCHG, ,
28415.9,1,1,1,1,4,18885.0,-1,11.693,-11.6,-5.24,-64.38,0,0,DCHG, ,
28420.9,1,1,1,1,4,18890.0,-1,11.693,-11.6,-5.24,-64.39,0,0,DCHG, ,
28425.9,1,1,1,1,4,18895.0,-1,11.692,-11.6,-5.24,-64.41,0,0,DCHG, ,
28430.9,1,1,1,1,4,18900.0,-1,11.692,-11.6,-5.24,-64.42,0,0,DCHG, ,
28435.9,1,1,1,1,4,18905.0,-1,11.691,-11.6,-5.25,-64.44,0,0,DCHG, ,
28440.9,1,1,1,1,4,18910.0,-1,11.691,-11.6,-5.25,-64.46,0,0,DCHG, ,
28445.9,1,1,1,1,4,18915.0,-1,11.691,-11.6,-5.25,-64.47,0,0,DCHG, ,
28450.9,1,1,1,1,4,18920.0,-1,11.69,-11.6,-5.25,-64.49,0,0,DCHG, ,
28455.9,1,1,1,1,4,18925.0,-1,11.69,-11.6,-5.25,-64.5,0,0,DCHG, ,
28460.9,1,1,1,1,4,18930.0,-1,11.689,-11.6,-5.25,-64.52,0,0,DCHG, ,
28465.9,1,1,1,1,4,18935.0,-1,11.689,-11.6,-5.25,-64.54,0,0,DCHG, ,
28470.9,1,1,1,1,4,18940.0,-1,11.689,-11.6,-5.26,-64.55,0,0,DCHG, ,
28475.9,1,1,1,1,4,18945.0,-1,11.689,-11.6,-5.26,-64.57,0,0,DCHG, ,
28480.9,1,1,1,1,4,18950.0,-1,11.688,-11.6,-5.26,-64.59,0,0,DCHG, ,
28485.9,1,1,1,1,4,18955.0,-1,11.688,-11.6,-5.26,-64.6,0,0,DCHG, ,
28490.9,1,1,1,1,4,18960.0,-1,11.687,-11.6,-5.26,-64.62,0,0,DCHG, ,
28495.9,1,1,1,1,4,18965.0,-1,11.687,-11.6,-5.26,-64.63,0,0,DCHG, ,
28500.9,1,1,1,1,4,18970.0,-1,11.687,-11.6,-5.26,-64.65,0,0,DCHG, ,
28505.9,1,1,1,1,4,18975.0,-1,11.686,-11.6,-5.27,-64.67,0,0,DCHG, ,
28510.9,1,1,1,1,4,18980.0,-1,11.686,-11.6,-5.27,-64.68,0,0,DCHG, ,
28515.9,1,1,1,1,4,18985.0,-1,11.685,-11.6,-5.27,-64.7,0,0,DCHG, ,
28520.9,1,1,1,1,4,18990.0,-1,11.685,-11.6,-5.27,-64.71,0,0,DCHG, ,
28525.9,1,1,1,1,4,18995.0,-1,11.685,-11.6,-5.27,-64.73,0,0,DCHG, ,
28530.9,1,1,1,1,4,19000.0,-1,11.684,-11.6,-5.27,-64.75,0,0,DCHG, ,
28535.9,1,1,1,1,4,19005.0,-1,11.684,-11.6,-5.27,-64.76,0,0,DCHG, ,
28540.9,1,1,1,1,4,19010.0,-1,11.684,-11.6,-5.27,-64.78,0,0,DCHG, ,
28545.9,1,1,1,1,4,19015.0,-1,11.683,-11.6,-5.28,-64.79,0,0,DCHG, ,
28550.9,1,1,1,1,4,19020.0,-1,11.683,-11.6,-5.28,-64.81,0,0,DCHG, ,
28555.9,1,1,1,1,4,19025.0,-1,11.683,-11.6,-5.28,-64.83,0,0,DCHG, ,
28560.9,1,1,1,1,4,19030.0,-1,11.682,-11.6,-5.28,-64.84,0,0,DCHG, ,
28565.9,1,1,1,1,4,19035.0,-1,11.682,-11.6,-5.28,-64.86,0,0,DCHG, ,
28570.9,1,1,1,1,4,19040.0,-1,11.681,-11.6,-5.28,-64.88,0,0,DCHG, ,
28575.9,1,1,1,1,4,19045.0,-1,11.681,-11.6,-5.28,-64.89,0,0,DCHG, ,
28580.9,1,1,1,1,4,19050.0,-1,11.681,-11.6,-5.29,-64.91,0,0,DCHG, ,
28585.9,1,1,1,1,4,19055.0,-1,11.68,-11.6,-5.29,-64.92,0,0,DCHG, ,
28590.9,1,1,1,1,4,19060.0,-1,11.68,-11.6,-5.29,-64.94,0,0,DCHG, ,
28595.9,1,1,1,1,4,19065.0,-1,11.679,-11.6,-5.29,-64.96,0,0,DCHG, ,
28600.9,1,1,1,1,4,19070.0,-1,11.679,-11.6,-5.29,-64.97,0,0,DCHG, ,
28605.9,1,1,1,1,4,19075.0,-1,11.679,-11.6,-5.29,-64.99,0,0,DCHG, ,
28610.9,1,1,1,1,4,19080.0,-1,11.678,-11.6,-5.29,-65,0,0,DCHG, ,
28615.9,1,1,1,1,4,19085.0,-1,11.678,-11.6,-5.3,-65.02,0,0,DCHG, ,
28620.9,1,1,1,1,4,19090.0,-1,11.677,-11.6,-5.3,-65.04,0,0,DCHG, ,
28625.9,1,1,1,1,4,19095.0,-1,11.677,-11.6,-5.3,-65.05,0,0,DCHG, ,
28630.9,1,1,1,1,4,19100.0,-1,11.677,-11.6,-5.3,-65.07,0,0,DCHG, ,
28635.9,1,1,1,1,4,19105.0,-1,11.677,-11.6,-5.3,-65.08,0,0,DCHG, ,
28640.9,1,1,1,1,4,19110.0,-1,11.676,-11.6,-5.3,-65.1,0,0,DCHG, ,
28645.9,1,1,1,1,4,19115.0,-1,11.676,-11.6,-5.3,-65.12,0,0,DCHG, ,
28650.9,1,1,1,1,4,19120.0,-1,11.675,-11.6,-5.31,-65.13,0,0,DCHG, ,
28655.9,1,1,1,1,4,19125.0,-1,11.675,-11.6,-5.31,-65.15,0,0,DCHG, ,
28660.9,1,1,1,1,4,19130.0,-1,11.674,-11.6,-5.31,-65.17,0,0,DCHG, ,
28665.9,1,1,1,1,4,19135.0,-1,11.674,-11.6,-5.31,-65.18,0,0,DCHG, ,
28670.9,1,1,1,1,4,19140.0,-1,11.673,-11.6,-5.31,-65.2,0,0,DCHG, ,
28675.9,1,1,1,1,4,19145.0,-1,11.673,-11.6,-5.31,-65.21,0,0,DCHG, ,
28680.9,1,1,1,1,4,19150.0,-1,11.673,-11.6,-5.31,-65.23,0,0,DCHG, ,
28685.9,1,1,1,1,4,19155.0,-1,11.673,-11.6,-5.32,-65.25,0,0,DCHG, ,
28690.9,1,1,1,1,4,19160.0,-1,11.672,-11.6,-5.32,-65.26,0,0,DCHG, ,
28695.9,1,1,1,1,4,19165.0,-1,11.672,-11.6,-5.32,-65.28,0,0,DCHG, ,
28700.9,1,1,1,1,4,19170.0,-1,11.672,-11.6,-5.32,-65.29,0,0,DCHG, ,
28705.9,1,1,1,1,4,19175.0,-1,11.671,-11.6,-5.32,-65.31,0,0,DCHG, ,
28710.9,1,1,1,1,4,19180.0,-1,11.67,-11.6,-5.32,-65.33,0,0,DCHG, ,
28715.9,1,1,1,1,4,19185.0,-1,11.67,-11.6,-5.32,-65.34,0,0,DCHG, ,
28720.9,1,1,1,1,4,19190.0,-1,11.669,-11.6,-5.32,-65.36,0,0,DCHG, ,
28725.9,1,1,1,1,4,19195.0,-1,11.669,-11.6,-5.33,-65.37,0,0,DCHG, ,
28730.9,1,1,1,1,4,19200.0,-1,11.669,-11.6,-5.33,-65.39,0,0,DCHG, ,
28735.9,1,1,1,1,4,19205.0,-1,11.669,-11.6,-5.33,-65.41,0,0,DCHG, ,
28740.9,1,1,1,1,4,19210.0,-1,11.669,-11.6,-5.33,-65.42,0,0,DCHG, ,
28745.9,1,1,1,1,4,19215.0,-1,11.668,-11.6,-5.33,-65.44,0,0,DCHG, ,
28750.9,1,1,1,1,4,19220.0,-1,11.667,-11.6,-5.33,-65.46,0,0,DCHG, ,
28755.9,1,1,1,1,4,19225.0,-1,11.667,-11.6,-5.33,-65.47,0,0,DCHG, ,
28760.9,1,1,1,1,4,19230.0,-1,11.666,-11.6,-5.34,-65.49,0,0,DCHG, ,
28765.9,1,1,1,1,4,19235.0,-1,11.666,-11.6,-5.34,-65.5,0,0,DCHG, ,
28770.9,1,1,1,1,4,19240.0,-1,11.666,-11.6,-5.34,-65.52,0,0,DCHG, ,
28775.9,1,1,1,1,4,19245.0,-1,11.666,-11.6,-5.34,-65.54,0,0,DCHG, ,
28780.9,1,1,1,1,4,19250.0,-1,11.665,-11.6,-5.34,-65.55,0,0,DCHG, ,
28785.9,1,1,1,1,4,19255.0,-1,11.665,-11.6,-5.34,-65.57,0,0,DCHG, ,
28790.9,1,1,1,1,4,19260.0,-1,11.665,-11.6,-5.34,-65.58,0,0,DCHG, ,
28795.9,1,1,1,1,4,19265.0,-1,11.664,-11.6,-5.35,-65.6,0,0,DCHG, ,
28800.9,1,1,1,1,4,19270.0,-1,11.663,-11.6,-5.35,-65.62,0,0,DCHG, ,
28805.9,1,1,1,1,4,19275.0,-1,11.663,-11.6,-5.35,-65.63,0,0,DCHG, ,
28810.9,1,1,1,1,4,19280.0,-1,11.663,-11.6,-5.35,-65.65,0,0,DCHG, ,
28815.9,1,1,1,1,4,19285.0,-1,11.662,-11.6,-5.35,-65.66,0,0,DCHG, ,
28820.9,1,1,1,1,4,19290.0,-1,11.662,-11.6,-5.35,-65.68,0,0,DCHG, ,
28825.9,1,1,1,1,4,19295.0,-1,11.661,-11.6,-5.35,-65.7,0,0,DCHG, ,
28830.9,1,1,1,1,4,19300.0,-1,11.661,-11.6,-5.36,-65.71,0,0,DCHG, ,
28835.9,1,1,1,1,4,19305.0,-1,11.661,-11.6,-5.36,-65.73,0,0,DCHG, ,
28840.9,1,1,1,1,4,19310.0,-1,11.661,-11.6,-5.36,-65.75,0,0,DCHG, ,
28845.9,1,1,1,1,4,19315.0,-1,11.66,-11.6,-5.36,-65.76,0,0,DCHG, ,
28850.9,1,1,1,1,4,19320.0,-1,11.66,-11.6,-5.36,-65.78,0,0,DCHG, ,
28855.9,1,1,1,1,4,19325.0,-1,11.659,-11.6,-5.36,-65.79,0,0,DCHG, ,
28860.9,1,1,1,1,4,19330.0,-1,11.659,-11.6,-5.36,-65.81,0,0,DCHG, ,
28865.9,1,1,1,1,4,19335.0,-1,11.658,-11.6,-5.37,-65.83,0,0,DCHG, ,
28870.9,1,1,1,1,4,19340.0,-1,11.658,-11.6,-5.37,-65.84,0,0,DCHG, ,
28875.9,1,1,1,1,4,19345.0,-1,11.658,-11.6,-5.37,-65.86,0,0,DCHG, ,
28880.9,1,1,1,1,4,19350.0,-1,11.657,-11.6,-5.37,-65.87,0,0,DCHG, ,
28885.9,1,1,1,1,4,19355.0,-1,11.657,-11.6,-5.37,-65.89,0,0,DCHG, ,
28890.9,1,1,1,1,4,19360.0,-1,11.657,-11.6,-5.37,-65.91,0,0,DCHG, ,
28895.9,1,1,1,1,4,19365.0,-1,11.655,-11.6,-5.37,-65.92,0,0,DCHG, ,
28900.9,1,1,1,1,4,19370.0,-1,11.656,-11.6,-5.37,-65.94,0,0,DCHG, ,
28905.9,1,1,1,1,4,19375.0,-1,11.655,-11.6,-5.38,-65.95,0,0,DCHG, ,
28910.9,1,1,1,1,4,19380.0,-1,11.655,-11.6,-5.38,-65.97,0,0,DCHG, ,
28915.9,1,1,1,1,4,19385.0,-1,11.654,-11.6,-5.38,-65.99,0,0,DCHG, ,
28920.9,1,1,1,1,4,19390.0,-0.99,11.654,-11.5,-5.38,-66,0,0,DCHG, ,
28925.9,1,1,1,1,4,19395.0,-1,11.653,-11.6,-5.38,-66.02,0,0,DCHG, ,
28930.9,1,1,1,1,4,19400.0,-1,11.653,-11.6,-5.38,-66.04,0,0,DCHG, ,
28935.9,1,1,1,1,4,19405.0,-1,11.653,-11.6,-5.38,-66.05,0,0,DCHG, ,
28940.9,1,1,1,1,4,19410.0,-1,11.653,-11.6,-5.39,-66.07,0,0,DCHG, ,
28945.9,1,1,1,1,4,19415.0,-1,11.652,-11.6,-5.39,-66.08,0,0,DCHG, ,
28950.9,1,1,1,1,4,19420.0,-1,11.651,-11.6,-5.39,-66.1,0,0,DCHG, ,
28955.9,1,1,1,1,4,19425.0,-1,11.65,-11.6,-5.39,-66.12,0,0,DCHG, ,
28960.9,1,1,1,1,4,19430.0,-1,11.651,-11.6,-5.39,-66.13,0,0,DCHG, ,
28965.9,1,1,1,1,4,19435.0,-1,11.65,-11.6,-5.39,-66.15,0,0,DCHG, ,
28970.9,1,1,1,1,4,19440.0,-1,11.65,-11.6,-5.39,-66.16,0,0,DCHG, ,
28975.9,1,1,1,1,4,19445.0,-1,11.65,-11.6,-5.4,-66.18,0,0,DCHG, ,
28980.9,1,1,1,1,4,19450.0,-1,11.65,-11.6,-5.4,-66.2,0,0,DCHG, ,
28985.9,1,1,1,1,4,19455.0,-1,11.649,-11.6,-5.4,-66.21,0,0,DCHG, ,
28990.9,1,1,1,1,4,19460.0,-1,11.649,-11.6,-5.4,-66.23,0,0,DCHG, ,
28995.9,1,1,1,1,4,19465.0,-1,11.648,-11.6,-5.4,-66.24,0,0,DCHG, ,
29000.9,1,1,1,1,4,19470.0,-1,11.648,-11.6,-5.4,-66.26,0,0,DCHG, ,
29005.9,1,1,1,1,4,19475.0,-1,11.648,-11.6,-5.4,-66.28,0,0,DCHG, ,
29010.9,1,1,1,1,4,19480.0,-1,11.647,-11.6,-5.41,-66.29,0,0,DCHG, ,
29015.9,1,1,1,1,4,19485.0,-1,11.647,-11.6,-5.41,-66.31,0,0,DCHG, ,
29020.9,1,1,1,1,4,19490.0,-1,11.647,-11.6,-5.41,-66.33,0,0,DCHG, ,
29025.9,1,1,1,1,4,19495.0,-1,11.646,-11.6,-5.41,-66.34,0,0,DCHG, ,
29030.9,1,1,1,1,4,19500.0,-1,11.645,-11.6,-5.41,-66.36,0,0,DCHG, ,
29035.9,1,1,1,1,4,19505.0,-1,11.645,-11.6,-5.41,-66.37,0,0,DCHG, ,
29040.9,1,1,1,1,4,19510.0,-1,11.644,-11.6,-5.41,-66.39,0,0,DCHG, ,
29045.9,1,1,1,1,4,19515.0,-1,11.645,-11.6,-5.42,-66.41,0,0,DCHG, ,
29050.9,1,1,1,1,4,19520.0,-1,11.644,-11.6,-5.42,-66.42,0,0,DCHG, ,
29055.9,1,1,1,1,4,19525.0,-1,11.643,-11.6,-5.42,-66.44,0,0,DCHG, ,
29060.9,1,1,1,1,4,19530.0,-1,11.643,-11.6,-5.42,-66.45,0,0,DCHG, ,
29065.9,1,1,1,1,4,19535.0,-1,11.643,-11.6,-5.42,-66.47,0,0,DCHG, ,
29070.9,1,1,1,1,4,19540.0,-1,11.642,-11.6,-5.42,-66.49,0,0,DCHG, ,
29075.9,1,1,1,1,4,19545.0,-1,11.642,-11.6,-5.42,-66.5,0,0,DCHG, ,
29080.9,1,1,1,1,4,19550.0,-1,11.642,-11.6,-5.42,-66.52,0,0,DCHG, ,
29085.9,1,1,1,1,4,19555.0,-1,11.641,-11.6,-5.43,-66.53,0,0,DCHG, ,
29090.9,1,1,1,1,4,19560.0,-1,11.64,-11.6,-5.43,-66.55,0,0,DCHG, ,
29095.9,1,1,1,1,4,19565.0,-1,11.641,-11.6,-5.43,-66.57,0,0,DCHG, ,
29100.9,1,1,1,1,4,19570.0,-1,11.64,-11.6,-5.43,-66.58,0,0,DCHG, ,
29105.9,1,1,1,1,4,19575.0,-1,11.639,-11.6,-5.43,-66.6,0,0,DCHG, ,
29110.9,1,1,1,1,4,19580.0,-1,11.639,-11.6,-5.43,-66.62,0,0,DCHG, ,
29115.9,1,1,1,1,4,19585.0,-1,11.639,-11.6,-5.43,-66.63,0,0,DCHG, ,
29120.9,1,1,1,1,4,19590.0,-1,11.638,-11.6,-5.44,-66.65,0,0,DCHG, ,
29125.9,1,1,1,1,4,19595.0,-1,11.638,-11.6,-5.44,-66.66,0,0,DCHG, ,
29130.9,1,1,1,1,4,19600.0,-1,11.637,-11.6,-5.44,-66.68,0,0,DCHG, ,
29135.9,1,1,1,1,4,19605.0,-1,11.637,-11.6,-5.44,-66.7,0,0,DCHG, ,
29140.9,1,1,1,1,4,19610.0,-1,11.637,-11.6,-5.44,-66.71,0,0,DCHG, ,
29145.9,1,1,1,1,4,19615.0,-1,11.636,-11.6,-5.44,-66.73,0,0,DCHG, ,
29150.9,1,1,1,1,4,19620.0,-1,11.636,-11.6,-5.44,-66.74,0,0,DCHG, ,
29155.9,1,1,1,1,4,19625.0,-1,11.636,-11.6,-5.45,-66.76,0,0,DCHG, ,
29160.9,1,1,1,1,4,19630.0,-1,11.635,-11.6,-5.45,-66.78,0,0,DCHG, ,
29165.9,1,1,1,1,4,19635.0,-1,11.635,-11.6,-5.45,-66.79,0,0,DCHG, ,
29170.9,1,1,1,1,4,19640.0,-1,11.634,-11.6,-5.45,-66.81,0,0,DCHG, ,
29175.9,1,1,1,1,4,19645.0,-1,11.634,-11.6,-5.45,-66.82,0,0,DCHG, ,
29180.9,1,1,1,1,4,19650.0,-1,11.633,-11.6,-5.45,-66.84,0,0,DCHG, ,
29185.9,1,1,1,1,4,19655.0,-1,11.634,-11.6,-5.45,-66.86,0,0,DCHG, ,
29190.9,1,1,1,1,4,19660.0,-1,11.633,-11.6,-5.46,-66.87,0,0,DCHG, ,
29195.9,1,1,1,1,4,19665.0,-1,11.632,-11.6,-5.46,-66.89,0,0,DCHG, ,
29200.9,1,1,1,1,4,19670.0,-1,11.632,-11.6,-5.46,-66.91,0,0,DCHG, ,
29205.9,1,1,1,1,4,19675.0,-1,11.631,-11.6,-5.46,-66.92,0,0,DCHG, ,
29210.9,1,1,1,1,4,19680.0,-1,11.631,-11.6,-5.46,-66.94,0,0,DCHG, ,
29215.9,1,1,1,1,4,19685.0,-1,11.631,-11.6,-5.46,-66.95,0,0,DCHG, ,
29220.9,1,1,1,1,4,19690.0,-1,11.63,-11.6,-5.46,-66.97,0,0,DCHG, ,
29225.9,1,1,1,1,4,19695.0,-1,11.63,-11.6,-5.47,-66.99,0,0,DCHG, ,
29230.9,1,1,1,1,4,19700.0,-1,11.629,-11.6,-5.47,-67,0,0,DCHG, ,
29235.9,1,1,1,1,4,19705.0,-1,11.629,-11.6,-5.47,-67.02,0,0,DCHG, ,
29240.9,1,1,1,1,4,19710.0,-1,11.629,-11.6,-5.47,-67.03,0,0,DCHG, ,
29245.9,1,1,1,1,4,19715.0,-1,11.628,-11.6,-5.47,-67.05,0,0,DCHG, ,
29250.9,1,1,1,1,4,19720.0,-1,11.628,-11.6,-5.47,-67.07,0,0,DCHG, ,
29255.9,1,1,1,1,4,19725.0,-1,11.628,-11.6,-5.47,-67.08,0,0,DCHG, ,
29260.9,1,1,1,1,4,19730.0,-1,11.627,-11.6,-5.47,-67.1,0,0,DCHG, ,
29265.9,1,1,1,1,4,19735.0,-1,11.627,-11.6,-5.48,-67.11,0,0,DCHG, ,
29270.9,1,1,1,1,4,19740.0,-1,11.626,-11.6,-5.48,-67.13,0,0,DCHG, ,
29275.9,1,1,1,1,4,19745.0,-1,11.626,-11.6,-5.48,-67.15,0,0,DCHG, ,
29280.9,1,1,1,1,4,19750.0,-1,11.625,-11.6,-5.48,-67.16,0,0,DCHG, ,
29285.9,1,1,1,1,4,19755.0,-1,11.625,-11.6,-5.48,-67.18,0,0,DCHG, ,
29290.9,1,1,1,1,4,19760.0,-1,11.624,-11.6,-5.48,-67.19,0,0,DCHG, ,
29295.9,1,1,1,1,4,19765.0,-1,11.624,-11.6,-5.48,-67.21,0,0,DCHG, ,
29300.9,1,1,1,1,4,19770.0,-1,11.624,-11.6,-5.49,-67.23,0,0,DCHG, ,
29305.9,1,1,1,1,4,19775.0,-1,11.623,-11.6,-5.49,-67.24,0,0,DCHG, ,
29310.9,1,1,1,1,4,19780.0,-1,11.623,-11.6,-5.49,-67.26,0,0,DCHG, ,
29315.9,1,1,1,1,4,19785.0,-1,11.623,-11.6,-5.49,-67.28,0,0,DCHG, ,
29320.9,1,1,1,1,4,19790.0,-1,11.622,-11.6,-5.49,-67.29,0,0,DCHG, ,
29325.9,1,1,1,1,4,19795.0,-1,11.622,-11.6,-5.49,-67.31,0,0,DCHG, ,
29330.9,1,1,1,1,4,19800.0,-1,11.621,-11.6,-5.49,-67.32,0,0,DCHG, ,
29335.9,1,1,1,1,4,19805.0,-1,11.621,-11.6,-5.5,-67.34,0,0,DCHG, ,
29340.9,1,1,1,1,4,19810.0,-1,11.62,-11.6,-5.5,-67.36,0,0,DCHG, ,
29345.9,1,1,1,1,4,19815.0,-1,11.62,-11.6,-5.5,-67.37,0,0,DCHG, ,
29350.9,1,1,1,1,4,19820.0,-1,11.62,-11.6,-5.5,-67.39,0,0,DCHG, ,
29355.9,1,1,1,1,4,19825.0,-1,11.619,-11.6,-5.5,-67.4,0,0,DCHG, ,
29360.9,1,1,1,1,4,19830.0,-1,11.619,-11.6,-5.5,-67.42,0,0,DCHG, ,
29365.9,1,1,1,1,4,19835.0,-1,11.619,-11.6,-5.5,-67.44,0,0,DCHG, ,
29370.9,1,1,1,1,4,19840.0,-1,11.619,-11.6,-5.51,-67.45,0,0,DCHG, ,
29375.9,1,1,1,1,4,19845.0,-1,11.618,-11.6,-5.51,-67.47,0,0,DCHG, ,
29380.9,1,1,1,1,4,19850.0,-1,11.617,-11.6,-5.51,-67.48,0,0,DCHG, ,
29385.9,1,1,1,1,4,19855.0,-1,11.616,-11.6,-5.51,-67.5,0,0,DCHG, ,
29390.9,1,1,1,1,4,19860.0,-1,11.617,-11.5,-5.51,-67.52,0,0,DCHG, ,
29395.9,1,1,1,1,4,19865.0,-1,11.616,-11.5,-5.51,-67.53,0,0,DCHG, ,
29400.9,1,1,1,1,4,19870.0,-1,11.616,-11.6,-5.51,-67.55,0,0,DCHG, ,
29405.9,1,1,1,1,4,19875.0,-1,11.615,-11.6,-5.52,-67.57,0,0,DCHG, ,
29410.9,1,1,1,1,4,19880.0,-1,11.615,-11.6,-5.52,-67.58,0,0,DCHG, ,
29415.9,1,1,1,1,4,19885.0,-1,11.615,-11.5,-5.52,-67.6,0,0,DCHG, ,
29420.9,1,1,1,1,4,19890.0,-1,11.614,-11.6,-5.52,-67.61,0,0,DCHG, ,
29425.9,1,1,1,1,4,19895.0,-1,11.613,-11.5,-5.52,-67.63,0,0,DCHG, ,
29430.9,1,1,1,1,4,19900.0,-1,11.613,-11.5,-5.52,-67.65,0,0,DCHG, ,
29435.9,1,1,1,1,4,19905.0,-1,11.613,-11.6,-5.52,-67.66,0,0,DCHG, ,
29440.9,1,1,1,1,4,19910.0,-1,11.612,-11.5,-5.52,-67.68,0,0,DCHG, ,
29445.9,1,1,1,1,4,19915.0,-1,11.612,-11.6,-5.53,-67.69,0,0,DCHG, ,
29450.9,1,1,1,1,4,19920.0,-1,11.611,-11.6,-5.53,-67.71,0,0,DCHG, ,
29455.9,1,1,1,1,4,19925.0,-1,11.612,-11.6,-5.53,-67.73,0,0,DCHG, ,
29460.9,1,1,1,1,4,19930.0,-1,11.611,-11.5,-5.53,-67.74,0,0,DCHG, ,
29465.9,1,1,1,1,4,19935.0,-1,11.611,-11.6,-5.53,-67.76,0,0,DCHG, ,
29470.9,1,1,1,1,4,19940.0,-1,11.61,-11.6,-5.53,-67.77,0,0,DCHG, ,
29475.9,1,1,1,1,4,19945.0,-1,11.61,-11.6,-5.53,-67.79,0,0,DCHG, ,
29480.9,1,1,1,1,4,19950.0,-1,11.61,-11.6,-5.54,-67.81,0,0,DCHG, ,
29485.9,1,1,1,1,4,19955.0,-1,11.609,-11.5,-5.54,-67.82,0,0,DCHG, ,
29490.9,1,1,1,1,4,19960.0,-1,11.608,-11.6,-5.54,-67.84,0,0,DCHG, ,
29495.9,1,1,1,1,4,19965.0,-1,11.608,-11.6,-5.54,-67.85,0,0,DCHG, ,
29500.9,1,1,1,1,4,19970.0,-1,11.608,-11.5,-5.54,-67.87,0,0,DCHG, ,
29505.9,1,1,1,1,4,19975.0,-1,11.607,-11.6,-5.54,-67.89,0,0,DCHG, ,
29510.9,1,1,1,1,4,19980.0,-1,11.607,-11.5,-5.54,-67.9,0,0,DCHG, ,
29515.9,1,1,1,1,4,19985.0,-1,11.607,-11.6,-5.55,-67.92,0,0,DCHG, ,
29520.9,1,1,1,1,4,19990.0,-1,11.606,-11.5,-5.55,-67.93,0,0,DCHG, ,
29525.9,1,1,1,1,4,19995.0,-1,11.606,-11.5,-5.55,-67.95,0,0,DCHG, ,
29530.9,1,1,1,1,4,20000.0,-1,11.605,-11.6,-5.55,-67.97,0,0,DCHG, ,
29535.9,1,1,1,1,4,20005.0,-1,11.604,-11.6,-5.55,-67.98,0,0,DCHG, ,
29540.9,1,1,1,1,4,20010.0,-1,11.604,-11.5,-5.55,-68,0,0,DCHG, ,
29545.9,1,1,1,1,4,20015.0,-1,11.604,-11.6,-5.55,-68.01,0,0,DCHG, ,
29550.9,1,1,1,1,4,20020.0,-1,11.603,-11.6,-5.56,-68.03,0,0,DCHG, ,
29555.9,1,1,1,1,4,20025.0,-1,11.603,-11.6,-5.56,-68.05,0,0,DCHG, ,
29560.9,1,1,1,1,4,20030.0,-1,11.602,-11.6,-5.56,-68.06,0,0,DCHG, ,
29565.9,1,1,1,1,4,20035.0,-1,11.602,-11.5,-5.56,-68.08,0,0,DCHG, ,
29570.9,1,1,1,1,4,20040.0,-1,11.601,-11.5,-5.56,-68.09,0,0,DCHG, ,
29575.9,1,1,1,1,4,20045.0,-1,11.601,-11.5,-5.56,-68.11,0,0,DCHG, ,
29580.9,1,1,1,1,4,20050.0,-1,11.601,-11.6,-5.56,-68.13,0,0,DCHG, ,
29585.9,1,1,1,1,4,20055.0,-1,11.601,-11.6,-5.57,-68.14,0,0,DCHG, ,
29590.9,1,1,1,1,4,20060.0,-1,11.6,-11.6,-5.57,-68.16,0,0,DCHG, ,
29595.9,1,1,1,1,4,20065.0,-1,11.6,-11.5,-5.57,-68.17,0,0,DCHG, ,
29600.9,1,1,1,1,4,20070.0,-1,11.6,-11.5,-5.57,-68.19,0,0,DCHG, ,
29605.9,1,1,1,1,4,20075.0,-1,11.599,-11.5,-5.57,-68.21,0,0,DCHG, ,
29610.9,1,1,1,1,4,20080.0,-1,11.599,-11.5,-5.57,-68.22,0,0,DCHG, ,
29615.9,1,1,1,1,4,20085.0,-1,11.599,-11.5,-5.57,-68.24,0,0,DCHG, ,
29620.9,1,1,1,1,4,20090.0,-1,11.598,-11.5,-5.57,-68.25,0,0,DCHG, ,
29625.9,1,1,1,1,4,20095.0,-1,11.597,-11.5,-5.58,-68.27,0,0,DCHG, ,
29630.9,1,1,1,1,4,20100.0,-1,11.597,-11.5,-5.58,-68.29,0,0,DCHG, ,
29635.9,1,1,1,1,4,20105.0,-1,11.597,-11.5,-5.58,-68.3,0,0,DCHG, ,
29640.9,1,1,1,1,4,20110.0,-1,11.596,-11.5,-5.58,-68.32,0,0,DCHG, ,
29645.9,1,1,1,1,4,20115.0,-1,11.596,-11.5,-5.58,-68.33,0,0,DCHG, ,
29650.9,1,1,1,1,4,20120.0,-1,11.595,-11.5,-5.58,-68.35,0,0,DCHG, ,
29655.9,1,1,1,1,4,20125.0,-1,11.595,-11.5,-5.58,-68.37,0,0,DCHG, ,
29660.9,1,1,1,1,4,20130.0,-1,11.595,-11.5,-5.59,-68.38,0,0,DCHG, ,
29665.9,1,1,1,1,4,20135.0,-1,11.594,-11.5,-5.59,-68.4,0,0,DCHG, ,
29670.9,1,1,1,1,4,20140.0,-1,11.594,-11.5,-5.59,-68.41,0,0,DCHG, ,
29675.9,1,1,1,1,4,20145.0,-1,11.593,-11.5,-5.59,-68.43,0,0,DCHG, ,
29680.9,1,1,1,1,4,20150.0,-1,11.593,-11.5,-5.59,-68.45,0,0,DCHG, ,
29685.9,1,1,1,1,4,20155.0,-0.99,11.593,-11.4,-5.59,-68.46,0,0,DCHG, ,
29690.9,1,1,1,1,4,20160.0,-1,11.592,-11.5,-5.59,-68.48,0,0,DCHG, ,
29695.9,1,1,1,1,4,20165.0,-1,11.591,-11.5,-5.6,-68.49,0,0,DCHG, ,
29700.9,1,1,1,1,4,20170.0,-1,11.591,-11.5,-5.6,-68.51,0,0,DCHG, ,
29705.9,1,1,1,1,4,20175.0,-1,11.591,-11.5,-5.6,-68.53,0,0,DCHG, ,
29710.9,1,1,1,1,4,20180.0,-1,11.591,-11.5,-5.6,-68.54,0,0,DCHG, ,
29715.9,1,1,1,1,4,20185.0,-1,11.59,-11.5,-5.6,-68.56,0,0,DCHG, ,
29720.9,1,1,1,1,4,20190.0,-1,11.589,-11.5,-5.6,-68.57,0,0,DCHG, ,
29725.9,1,1,1,1,4,20195.0,-1,11.59,-11.5,-5.6,-68.59,0,0,DCHG, ,
29730.9,1,1,1,1,4,20200.0,-1,11.588,-11.5,-5.61,-68.61,0,0,DCHG, ,
29735.9,1,1,1,1,4,20205.0,-1,11.588,-11.5,-5.61,-68.62,0,0,DCHG, ,
29740.9,1,1,1,1,4,20210.0,-1,11.588,-11.5,-5.61,-68.64,0,0,DCHG, ,
29745.9,1,1,1,1,4,20215.0,-1,11.587,-11.5,-5.61,-68.65,0,0,DCHG, ,
29750.9,1,1,1,1,4,20220.0,-1,11.587,-11.5,-5.61,-68.67,0,0,DCHG, ,
29755.9,1,1,1,1,4,20225.0,-1,11.587,-11.5,-5.61,-68.69,0,0,DCHG, ,
29760.9,1,1,1,1,4,20230.0,-1,11.586,-11.5,-5.61,-68.7,0,0,DCHG, ,
29765.9,1,1,1,1,4,20235.0,-1,11.586,-11.5,-5.62,-68.72,0,0,DCHG, ,
29770.9,1,1,1,1,4,20240.0,-1,11.586,-11.5,-5.62,-68.73,0,0,DCHG, ,
29775.9,1,1,1,1,4,20245.0,-1,11.585,-11.5,-5.62,-68.75,0,0,DCHG, ,
29780.9,1,1,1,1,4,20250.0,-1,11.584,-11.5,-5.62,-68.77,0,0,DCHG, ,
29785.9,1,1,1,1,4,20255.0,-1,11.584,-11.5,-5.62,-68.78,0,0,DCHG, ,
29790.9,1,1,1,1,4,20260.0,-1,11.583,-11.5,-5.62,-68.8,0,0,DCHG, ,
29795.9,1,1,1,1,4,20265.0,-1,11.583,-11.5,-5.62,-68.81,0,0,DCHG, ,
29800.9,1,1,1,1,4,20270.0,-1,11.583,-11.5,-5.62,-68.83,0,0,DCHG, ,
29805.9,1,1,1,1,4,20275.0,-1,11.582,-11.5,-5.63,-68.85,0,0,DCHG, ,
29810.9,1,1,1,1,4,20280.0,-1,11.582,-11.5,-5.63,-68.86,0,0,DCHG, ,
29815.9,1,1,1,1,4,20285.0,-1,11.582,-11.5,-5.63,-68.88,0,0,DCHG, ,
29820.9,1,1,1,1,4,20290.0,-1,11.581,-11.5,-5.63,-68.89,0,0,DCHG, ,
29825.9,1,1,1,1,4,20295.0,-1,11.581,-11.5,-5.63,-68.91,0,0,DCHG, ,
29830.9,1,1,1,1,4,20300.0,-1,11.58,-11.5,-5.63,-68.93,0,0,DCHG, ,
29835.9,1,1,1,1,4,20305.0,-1,11.58,-11.5,-5.63,-68.94,0,0,DCHG, ,
29840.9,1,1,1,1,4,20310.0,-1,11.579,-11.5,-5.64,-68.96,0,0,DCHG, ,
29845.9,1,1,1,1,4,20315.0,-0.99,11.579,-11.4,-5.64,-68.97,0,0,DCHG, ,
29850.9,1,1,1,1,4,20320.0,-1,11.579,-11.5,-5.64,-68.99,0,0,DCHG, ,
29855.9,1,1,1,1,4,20325.0,-1,11.578,-11.5,-5.64,-69.01,0,0,DCHG, ,
29860.9,1,1,1,1,4,20330.0,-1,11.578,-11.5,-5.64,-69.02,0,0,DCHG, ,
29865.9,1,1,1,1,4,20335.0,-1,11.577,-11.5,-5.64,-69.04,0,0,DCHG, ,
29870.9,1,1,1,1,4,20340.0,-1,11.577,-11.5,-5.64,-69.05,0,0,DCHG, ,
29875.9,1,1,1,1,4,20345.0,-1,11.577,-11.5,-5.65,-69.07,0,0,DCHG, ,
29880.9,1,1,1,1,4,20350.0,-1,11.576,-11.5,-5.65,-69.09,0,0,DCHG, ,
29885.9,1,1,1,1,4,20355.0,-1,11.576,-11.5,-5.65,-69.1,0,0,DCHG, ,
29890.9,1,1,1,1,4,20360.0,-1,11.575,-11.5,-5.65,-69.12,0,0,DCHG, ,
29895.9,1,1,1,1,4,20365.0,-1,11.575,-11.5,-5.65,-69.13,0,0,DCHG, ,
29900.9,1,1,1,1,4,20370.0,-1,11.574,-11.5,-5.65,-69.15,0,0,DCHG, ,
29905.9,1,1,1,1,4,20375.0,-1,11.573,-11.5,-5.65,-69.16,0,0,DCHG, ,
29910.9,1,1,1,1,4,20380.0,-1,11.573,-11.5,-5.66,-69.18,0,0,DCHG, ,
29915.9,1,1,1,1,4,20385.0,-1,11.572,-11.5,-5.66,-69.2,0,0,DCHG, ,
29920.9,1,1,1,1,4,20390.0,-1,11.573,-11.5,-5.66,-69.21,0,0,DCHG, ,
29925.9,1,1,1,1,4,20395.0,-1,11.572,-11.5,-5.66,-69.23,0,0,DCHG, ,
29930.9,1,1,1,1,4,20400.0,-1,11.572,-11.5,-5.66,-69.24,0,0,DCHG, ,
29935.9,1,1,1,1,4,20405.0,-1,11.571,-11.5,-5.66,-69.26,0,0,DCHG, ,
29940.9,1,1,1,1,4,20410.0,-1,11.57,-11.5,-5.66,-69.28,0,0,DCHG, ,
29945.9,1,1,1,1,4,20415.0,-1,11.571,-11.5,-5.67,-69.29,0,0,DCHG, ,
29950.9,1,1,1,1,4,20420.0,-1,11.569,-11.5,-5.67,-69.31,0,0,DCHG, ,
29955.9,1,1,1,1,4,20425.0,-1,11.569,-11.5,-5.67,-69.32,0,0,DCHG, ,
29960.9,1,1,1,1,4,20430.0,-1,11.569,-11.5,-5.67,-69.34,0,0,DCHG, ,
29965.9,1,1,1,1,4,20435.0,-1,11.569,-11.5,-5.67,-69.36,0,0,DCHG, ,
29970.9,1,1,1,1,4,20440.0,-1,11.568,-11.5,-5.67,-69.37,0,0,DCHG, ,
29975.9,1,1,1,1,4,20445.0,-1,11.568,-11.5,-5.67,-69.39,0,0,DCHG, ,
29980.9,1,1,1,1,4,20450.0,-1,11.567,-11.5,-5.67,-69.4,0,0,DCHG, ,
29985.9,1,1,1,1,4,20455.0,-1,11.566,-11.5,-5.68,-69.42,0,0,DCHG, ,
29990.9,1,1,1,1,4,20460.0,-1,11.566,-11.5,-5.68,-69.44,0,0,DCHG, ,
29995.9,1,1,1,1,4,20465.0,-1,11.566,-11.5,-5.68,-69.45,0,0,DCHG, ,
30000.9,1,1,1,1,4,20470.0,-1,11.565,-11.5,-5.68,-69.47,0,0,DCHG, ,
30005.9,1,1,1,1,4,20475.0,-1,11.565,-11.5,-5.68,-69.48,0,0,DCHG, ,
30010.9,1,1,1,1,4,20480.0,-1,11.565,-11.5,-5.68,-69.5,0,0,DCHG, ,
30015.9,1,1,1,1,4,20485.0,-1,11.564,-11.5,-5.68,-69.52,0,0,DCHG, ,
30020.9,1,1,1,1,4,20490.0,-1,11.564,-11.5,-5.69,-69.53,0,0,DCHG, ,
30025.9,1,1,1,1,4,20495.0,-1,11.563,-11.5,-5.69,-69.55,0,0,DCHG, ,
30030.9,1,1,1,1,4,20500.0,-1,11.563,-11.5,-5.69,-69.56,0,0,DCHG, ,
30035.9,1,1,1,1,4,20505.0,-1,11.563,-11.5,-5.69,-69.58,0,0,DCHG, ,
30040.9,1,1,1,1,4,20510.0,-1,11.562,-11.5,-5.69,-69.6,0,0,DCHG, ,
30045.9,1,1,1,1,4,20515.0,-0.99,11.562,-11.4,-5.69,-69.61,0,0,DCHG, ,
30050.9,1,1,1,1,4,20520.0,-1,11.561,-11.5,-5.69,-69.63,0,0,DCHG, ,
30055.9,1,1,1,1,4,20525.0,-1,11.561,-11.5,-5.7,-69.64,0,0,DCHG, ,
30060.9,1,1,1,1,4,20530.0,-1,11.56,-11.5,-5.7,-69.66,0,0,DCHG, ,
30065.9,1,1,1,1,4,20535.0,-1,11.56,-11.5,-5.7,-69.68,0,0,DCHG, ,
30070.9,1,1,1,1,4,20540.0,-1,11.559,-11.5,-5.7,-69.69,0,0,DCHG, ,
30075.9,1,1,1,1,4,20545.0,-1,11.559,-11.5,-5.7,-69.71,0,0,DCHG, ,
30080.9,1,1,1,1,4,20550.0,-1,11.558,-11.5,-5.7,-69.72,0,0,DCHG, ,
30085.9,1,1,1,1,4,20555.0,-1,11.558,-11.5,-5.7,-69.74,0,0,DCHG, ,
30090.9,1,1,1,1,4,20560.0,-1,11.557,-11.5,-5.71,-69.76,0,0,DCHG, ,
30095.9,1,1,1,1,4,20565.0,-1,11.557,-11.5,-5.71,-69.77,0,0,DCHG, ,
30100.9,1,1,1,1,4,20570.0,-1,11.557,-11.5,-5.71,-69.79,0,0,DCHG, ,
30105.9,1,1,1,1,4,20575.0,-1,11.557,-11.5,-5.71,-69.8,0,0,DCHG, ,
30110.9,1,1,1,1,4,20580.0,-1,11.556,-11.5,-5.71,-69.82,0,0,DCHG, ,
30115.9,1,1,1,1,4,20585.0,-1,11.556,-11.5,-5.71,-69.84,0,0,DCHG, ,
30120.9,1,1,1,1,4,20590.0,-1,11.555,-11.5,-5.71,-69.85,0,0,DCHG, ,
30125.9,1,1,1,1,4,20595.0,-1,11.555,-11.5,-5.72,-69.87,0,0,DCHG, ,
30130.9,1,1,1,1,4,20600.0,-1,11.554,-11.5,-5.72,-69.88,0,0,DCHG, ,
30135.9,1,1,1,1,4,20605.0,-1,11.553,-11.5,-5.72,-69.9,0,0,DCHG, ,
30140.9,1,1,1,1,4,20610.0,-1,11.553,-11.5,-5.72,-69.92,0,0,DCHG, ,
30145.9,1,1,1,1,4,20615.0,-1,11.553,-11.5,-5.72,-69.93,0,0,DCHG, ,
30150.9,1,1,1,1,4,20620.0,-1,11.552,-11.5,-5.72,-69.95,0,0,DCHG, ,
30155.9,1,1,1,1,4,20625.0,-1,11.552,-11.5,-5.72,-69.96,0,0,DCHG, ,
30160.9,1,1,1,1,4,20630.0,-1,11.551,-11.5,-5.72,-69.98,0,0,DCHG, ,
30165.9,1,1,1,1,4,20635.0,-1,11.55,-11.5,-5.73,-70,0,0,DCHG, ,
30170.9,1,1,1,1,4,20640.0,-1,11.551,-11.5,-5.73,-70.01,0,0,DCHG, ,
30175.9,1,1,1,1,4,20645.0,-1,11.55,-11.5,-5.73,-70.03,0,0,DCHG, ,
30180.9,1,1,1,1,4,20650.0,-1,11.55,-11.5,-5.73,-70.04,0,0,DCHG, ,
30185.9,1,1,1,1,4,20655.0,-1,11.549,-11.5,-5.73,-70.06,0,0,DCHG, ,
30190.9,1,1,1,1,4,20660.0,-1,11.549,-11.5,-5.73,-70.08,0,0,DCHG, ,
30195.9,1,1,1,1,4,20665.0,-1,11.549,-11.5,-5.73,-70.09,0,0,DCHG, ,
30200.9,1,1,1,1,4,20670.0,-1,11.548,-11.5,-5.74,-70.11,0,0,DCHG, ,
30205.9,1,1,1,1,4,20675.0,-1,11.548,-11.5,-5.74,-70.12,0,0,DCHG, ,
30210.9,1,1,1,1,4,20680.0,-1,11.547,-11.5,-5.74,-70.14,0,0,DCHG, ,
30215.9,1,1,1,1,4,20685.0,-1,11.547,-11.5,-5.74,-70.16,0,0,DCHG, ,
30220.9,1,1,1,1,4,20690.0,-1,11.546,-11.5,-5.74,-70.17,0,0,DCHG, ,
30225.9,1,1,1,1,4,20695.0,-1,11.546,-11.5,-5.74,-70.19,0,0,DCHG, ,
30230.9,1,1,1,1,4,20700.0,-1,11.545,-11.5,-5.74,-70.2,0,0,DCHG, ,
30235.9,1,1,1,1,4,20705.0,-1,11.545,-11.5,-5.75,-70.22,0,0,DCHG, ,
30240.9,1,1,1,1,4,20710.0,-1,11.544,-11.5,-5.75,-70.23,0,0,DCHG, ,
30245.9,1,1,1,1,4,20715.0,-1,11.544,-11.5,-5.75,-70.25,0,0,DCHG, ,
30250.9,1,1,1,1,4,20720.0,-1,11.543,-11.5,-5.75,-70.27,0,0,DCHG, ,
30255.9,1,1,1,1,4,20725.0,-1,11.543,-11.5,-5.75,-70.28,0,0,DCHG, ,
30260.9,1,1,1,1,4,20730.0,-1,11.542,-11.5,-5.75,-70.3,0,0,DCHG, ,
30265.9,1,1,1,1,4,20735.0,-1,11.542,-11.5,-5.75,-70.31,0,0,DCHG, ,
30270.9,1,1,1,1,4,20740.0,-1,11.542,-11.5,-5.76,-70.33,0,0,DCHG, ,
30275.9,1,1,1,1,4,20745.0,-1,11.541,-11.5,-5.76,-70.35,0,0,DCHG, ,
30280.9,1,1,1,1,4,20750.0,-1,11.54,-11.5,-5.76,-70.36,0,0,DCHG, ,
30285.9,1,1,1,1,4,20755.0,-1,11.54,-11.5,-5.76,-70.38,0,0,DCHG, ,
30290.9,1,1,1,1,4,20760.0,-1,11.539,-11.5,-5.76,-70.39,0,0,DCHG, ,
30295.9,1,1,1,1,4,20765.0,-1,11.54,-11.5,-5.76,-70.41,0,0,DCHG, ,
30300.9,1,1,1,1,4,20770.0,-1,11.539,-11.5,-5.76,-70.43,0,0,DCHG, ,
30305.9,1,1,1,1,4,20775.0,-1,11.539,-11.5,-5.77,-70.44,0,0,DCHG, ,
30310.9,1,1,1,1,4,20780.0,-1,11.539,-11.5,-5.77,-70.46,0,0,DCHG, ,
30315.9,1,1,1,1,4,20785.0,-0.99,11.538,-11.4,-5.77,-70.47,0,0,DCHG, ,
30320.9,1,1,1,1,4,20790.0,-1,11.537,-11.5,-5.77,-70.49,0,0,DCHG, ,
30325.9,1,1,1,1,4,20795.0,-1,11.537,-11.5,-5.77,-70.51,0,0,DCHG, ,
30330.9,1,1,1,1,4,20800.0,-1,11.536,-11.5,-5.77,-70.52,0,0,DCHG, ,
30335.9,1,1,1,1,4,20805.0,-1,11.536,-11.5,-5.77,-70.54,0,0,DCHG, ,
30340.9,1,1,1,1,4,20810.0,-1,11.535,-11.5,-5.77,-70.55,0,0,DCHG, ,
30345.9,1,1,1,1,4,20815.0,-1,11.535,-11.5,-5.78,-70.57,0,0,DCHG, ,
30350.9,1,1,1,1,4,20820.0,-1,11.535,-11.5,-5.78,-70.59,0,0,DCHG, ,
30355.9,1,1,1,1,4,20825.0,-1,11.535,-11.5,-5.78,-70.6,0,0,DCHG, ,
30360.9,1,1,1,1,4,20830.0,-1,11.534,-11.5,-5.78,-70.62,0,0,DCHG, ,
30365.9,1,1,1,1,4,20835.0,-1,11.533,-11.5,-5.78,-70.63,0,0,DCHG, ,
30370.9,1,1,1,1,4,20840.0,-1,11.533,-11.5,-5.78,-70.65,0,0,DCHG, ,
30375.9,1,1,1,1,4,20845.0,-1,11.532,-11.5,-5.78,-70.67,0,0,DCHG, ,
30380.9,1,1,1,1,4,20850.0,-1,11.531,-11.5,-5.79,-70.68,0,0,DCHG, ,
30385.9,1,1,1,1,4,20855.0,-1,11.532,-11.5,-5.79,-70.7,0,0,DCHG, ,
30390.9,1,1,1,1,4,20860.0,-1,11.531,-11.5,-5.79,-70.71,0,0,DCHG, ,
30395.9,1,1,1,1,4,20865.0,-1,11.531,-11.5,-5.79,-70.73,0,0,DCHG, ,
30400.9,1,1,1,1,4,20870.0,-1,11.53,-11.5,-5.79,-70.75,0,0,DCHG, ,
30405.9,1,1,1,1,4,20875.0,-1,11.53,-11.5,-5.79,-70.76,0,0,DCHG, ,
30410.9,1,1,1,1,4,20880.0,-1,11.529,-11.5,-5.79,-70.78,0,0,DCHG, ,
30415.9,1,1,1,1,4,20885.0,-1,11.529,-11.5,-5.8,-70.79,0,0,DCHG, ,
30420.9,1,1,1,1,4,20890.0,-1,11.528,-11.5,-5.8,-70.81,0,0,DCHG, ,
30425.9,1,1,1,1,4,20895.0,-1,11.528,-11.5,-5.8,-70.83,0,0,DCHG, ,
30430.9,1,1,1,1,4,20900.0,-1,11.527,-11.5,-5.8,-70.84,0,0,DCHG, ,
30435.9,1,1,1,1,4,20905.0,-1,11.527,-11.5,-5.8,-70.86,0,0,DCHG, ,
30440.9,1,1,1,1,4,20910.0,-1,11.527,-11.5,-5.8,-70.87,0,0,DCHG, ,
30445.9,1,1,1,1,4,20915.0,-1,11.526,-11.5,-5.8,-70.89,0,0,DCHG, ,
30450.9,1,1,1,1,4,20920.0,-1,11.525,-11.5,-5.81,-70.91,0,0,DCHG, ,
30455.9,1,1,1,1,4,20925.0,-1,11.525,-11.5,-5.81,-70.92,0,0,DCHG, ,
30460.9,1,1,1,1,4,20930.0,-1,11.524,-11.5,-5.81,-70.94,0,0,DCHG, ,
30465.9,1,1,1,1,4,20935.0,-1,11.524,-11.5,-5.81,-70.95,0,0,DCHG, ,
30470.9,1,1,1,1,4,20940.0,-1,11.524,-11.5,-5.81,-70.97,0,0,DCHG, ,
30475.9,1,1,1,1,4,20945.0,-1,11.523,-11.5,-5.81,-70.99,0,0,DCHG, ,
30480.9,1,1,1,1,4,20950.0,-1,11.522,-11.5,-5.81,-71,0,0,DCHG, ,
30485.9,1,1,1,1,4,20955.0,-1,11.522,-11.5,-5.82,-71.02,0,0,DCHG, ,
30490.9,1,1,1,1,4,20960.0,-1,11.522,-11.5,-5.82,-71.03,0,0,DCHG, ,
30495.9,1,1,1,1,4,20965.0,-1,11.521,-11.5,-5.82,-71.05,0,0,DCHG, ,
30500.9,1,1,1,1,4,20970.0,-1,11.521,-11.5,-5.82,-71.07,0,0,DCHG, ,
30505.9,1,1,1,1,4,20975.0,-1,11.521,-11.5,-5.82,-71.08,0,0,DCHG, ,
30510.9,1,1,1,1,4,20980.0,-1,11.52,-11.5,-5.82,-71.1,0,0,DCHG, ,
30515.9,1,1,1,1,4,20985.0,-1,11.52,-11.5,-5.82,-71.11,0,0,DCHG, ,
30520.9,1,1,1,1,4,20990.0,-1,11.519,-11.5,-5.82,-71.13,0,0,DCHG, ,
30525.9,1,1,1,1,4,20995.0,-1,11.519,-11.5,-5.83,-71.15,0,0,DCHG, ,
30530.9,1,1,1,1,4,21000.0,-1,11.519,-11.5,-5.83,-71.16,0,0,DCHG, ,
30535.9,1,1,1,1,4,21005.0,-1,11.518,-11.5,-5.83,-71.18,0,0,DCHG, ,
30540.9,1,1,1,1,4,21010.0,-1,11.517,-11.5,-5.83,-71.19,0,0,DCHG, ,
30545.9,1,1,1,1,4,21015.0,-1,11.517,-11.5,-5.83,-71.21,0,0,DCHG, ,
30550.9,1,1,1,1,4,21020.0,-1,11.517,-11.5,-5.83,-71.23,0,0,DCHG, ,
30555.9,1,1,1,1,4,21025.0,-1,11.516,-11.5,-5.83,-71.24,0,0,DCHG, ,
30560.9,1,1,1,1,4,21030.0,-1,11.516,-11.5,-5.84,-71.26,0,0,DCHG, ,
30565.9,1,1,1,1,4,21035.0,-1,11.515,-11.5,-5.84,-71.27,0,0,DCHG, ,
30570.9,1,1,1,1,4,21040.0,-1,11.515,-11.5,-5.84,-71.29,0,0,DCHG, ,
30575.9,1,1,1,1,4,21045.0,-1,11.515,-11.5,-5.84,-71.3,0,0,DCHG, ,
30580.9,1,1,1,1,4,21050.0,-1,11.514,-11.4,-5.84,-71.32,0,0,DCHG, ,
30585.9,1,1,1,1,4,21055.0,-1,11.514,-11.5,-5.84,-71.34,0,0,DCHG, ,
30590.9,1,1,1,1,4,21060.0,-1,11.514,-11.5,-5.84,-71.35,0,0,DCHG, ,
30595.9,1,1,1,1,4,21065.0,-1,11.512,-11.4,-5.85,-71.37,0,0,DCHG, ,
30600.9,1,1,1,1,4,21070.0,-1,11.512,-11.5,-5.85,-71.38,0,0,DCHG, ,
30605.9,1,1,1,1,4,21075.0,-1,11.512,-11.5,-5.85,-71.4,0,0,DCHG, ,
30610.9,1,1,1,1,4,21080.0,-1,11.512,-11.4,-5.85,-71.42,0,0,DCHG, ,
30615.9,1,1,1,1,4,21085.0,-1,11.511,-11.4,-5.85,-71.43,0,0,DCHG, ,
30620.9,1,1,1,1,4,21090.0,-1,11.51,-11.5,-5.85,-71.45,0,0,DCHG, ,
30625.9,1,1,1,1,4,21095.0,-1,11.51,-11.4,-5.85,-71.46,0,0,DCHG, ,
30630.9,1,1,1,1,4,21100.0,-1,11.509,-11.5,-5.86,-71.48,0,0,DCHG, ,
30635.9,1,1,1,1,4,21105.0,-1,11.508,-11.5,-5.86,-71.5,0,0,DCHG, ,
30640.9,1,1,1,1,4,21110.0,-1,11.508,-11.4,-5.86,-71.51,0,0,DCHG, ,
30645.9,1,1,1,1,4,21115.0,-1,11.508,-11.5,-5.86,-71.53,0,0,DCHG, ,
30650.9,1,1,1,1,4,21120.0,-0.99,11.507,-11.4,-5.86,-71.54,0,0,DCHG, ,
30655.9,1,1,1,1,4,21125.0,-1,11.507,-11.5,-5.86,-71.56,0,0,DCHG, ,
30660.9,1,1,1,1,4,21130.0,-1,11.507,-11.5,-5.86,-71.58,0,0,DCHG, ,
30665.9,1,1,1,1,4,21135.0,-1,11.506,-11.5,-5.87,-71.59,0,0,DCHG, ,
30670.9,1,1,1,1,4,21140.0,-1,11.506,-11.4,-5.87,-71.61,0,0,DCHG, ,
30675.9,1,1,1,1,4,21145.0,-1,11.505,-11.4,-5.87,-71.62,0,0,DCHG, ,
30680.9,1,1,1,1,4,21150.0,-1,11.505,-11.4,-5.87,-71.64,0,0,DCHG, ,
30685.9,1,1,1,1,4,21155.0,-1,11.504,-11.5,-5.87,-71.65,0,0,DCHG, ,
30690.9,1,1,1,1,4,21160.0,-1,11.503,-11.5,-5.87,-71.67,0,0,DCHG, ,
30695.9,1,1,1,1,4,21165.0,-1,11.503,-11.4,-5.87,-71.69,0,0,DCHG, ,
30700.9,1,1,1,1,4,21170.0,-1,11.503,-11.4,-5.87,-71.7,0,0,DCHG, ,
30705.9,1,1,1,1,4,21175.0,-1,11.502,-11.4,-5.88,-71.72,0,0,DCHG, ,
30710.9,1,1,1,1,4,21180.0,-1,11.502,-11.4,-5.88,-71.73,0,0,DCHG, ,
30715.9,1,1,1,1,4,21185.0,-1,11.501,-11.4,-5.88,-71.75,0,0,DCHG, ,
30720.9,1,1,1,1,4,21190.0,-1,11.501,-11.4,-5.88,-71.77,0,0,DCHG, ,
30725.9,1,1,1,1,4,21195.0,-1,11.5,-11.4,-5.88,-71.78,0,0,DCHG, ,
30730.9,1,1,1,1,4,21200.0,-1,11.499,-11.4,-5.88,-71.8,0,0,DCHG, ,
30735.9,1,1,1,1,4,21205.0,-1,11.499,-11.4,-5.88,-71.81,0,0,DCHG, ,
30740.9,1,1,1,1,4,21210.0,-1,11.498,-11.4,-5.89,-71.83,0,0,DCHG, ,
30745.9,1,1,1,1,4,21215.0,-1,11.499,-11.4,-5.89,-71.85,0,0,DCHG, ,
30750.9,1,1,1,1,4,21220.0,-1,11.498,-11.4,-5.89,-71.86,0,0,DCHG, ,
30755.9,1,1,1,1,4,21225.0,-1,11.497,-11.4,-5.89,-71.88,0,0,DCHG, ,
30760.9,1,1,1,1,4,21230.0,-1,11.496,-11.4,-5.89,-71.89,0,0,DCHG, ,
30765.9,1,1,1,1,4,21235.0,-1,11.496,-11.4,-5.89,-71.91,0,0,DCHG, ,
30770.9,1,1,1,1,4,21240.0,-1,11.496,-11.4,-5.89,-71.92,0,0,DCHG, ,
30775.9,1,1,1,1,4,21245.0,-1,11.496,-11.4,-5.9,-71.94,0,0,DCHG, ,
30780.9,1,1,1,1,4,21250.0,-1,11.495,-11.4,-5.9,-71.96,0,0,DCHG, ,
30785.9,1,1,1,1,4,21255.0,-1,11.494,-11.4,-5.9,-71.97,0,0,DCHG, ,
30790.9,1,1,1,1,4,21260.0,-1,11.494,-11.4,-5.9,-71.99,0,0,DCHG, ,
30795.9,1,1,1,1,4,21265.0,-1,11.494,-11.4,-5.9,-72,0,0,DCHG, ,
30800.9,1,1,1,1,4,21270.0,-1,11.493,-11.4,-5.9,-72.02,0,0,DCHG, ,
30805.9,1,1,1,1,4,21275.0,-1,11.492,-11.4,-5.9,-72.04,0,0,DCHG, ,
30810.9,1,1,1,1,4,21280.0,-1,11.492,-11.4,-5.91,-72.05,0,0,DCHG, ,
30815.9,1,1,1,1,4,21285.0,-1,11.492,-11.4,-5.91,-72.07,0,0,DCHG, ,
30820.9,1,1,1,1,4,21290.0,-1,11.492,-11.4,-5.91,-72.08,0,0,DCHG, ,
30825.9,1,1,1,1,4,21295.0,-1,11.491,-11.4,-5.91,-72.1,0,0,DCHG, ,
30830.9,1,1,1,1,4,21300.0,-1,11.49,-11.4,-5.91,-72.11,0,0,DCHG, ,
30835.9,1,1,1,1,4,21305.0,-1,11.49,-11.4,-5.91,-72.13,0,0,DCHG, ,
30840.9,1,1,1,1,4,21310.0,-1,11.489,-11.4,-5.91,-72.15,0,0,DCHG, ,
30845.9,1,1,1,1,4,21315.0,-1,11.489,-11.4,-5.91,-72.16,0,0,DCHG, ,
30850.9,1,1,1,1,4,21320.0,-1,11.489,-11.4,-5.92,-72.18,0,0,DCHG, ,
30855.9,1,1,1,1,4,21325.0,-1,11.488,-11.4,-5.92,-72.19,0,0,DCHG, ,
30860.9,1,1,1,1,4,21330.0,-1,11.487,-11.4,-5.92,-72.21,0,0,DCHG, ,
30865.9,1,1,1,1,4,21335.0,-1,11.487,-11.4,-5.92,-72.23,0,0,DCHG, ,
30870.9,1,1,1,1,4,21340.0,-1,11.487,-11.4,-5.92,-72.24,0,0,DCHG, ,
30875.9,1,1,1,1,4,21345.0,-1,11.486,-11.4,-5.92,-72.26,0,0,DCHG, ,
30880.9,1,1,1,1,4,21350.0,-1,11.485,-11.4,-5.92,-72.27,0,0,DCHG, ,
30885.9,1,1,1,1,4,21355.0,-1,11.485,-11.4,-5.93,-72.29,0,0,DCHG, ,
30890.9,1,1,1,1,4,21360.0,-1,11.485,-11.4,-5.93,-72.3,0,0,DCHG, ,
30895.9,1,1,1,1,4,21365.0,-1,11.485,-11.4,-5.93,-72.32,0,0,DCHG, ,
30900.9,1,1,1,1,4,21370.0,-1,11.483,-11.4,-5.93,-72.34,0,0,DCHG, ,
30905.9,1,1,1,1,4,21375.0,-1,11.483,-11.4,-5.93,-72.35,0,0,DCHG, ,
30910.9,1,1,1,1,4,21380.0,-1,11.483,-11.4,-5.93,-72.37,0,0,DCHG, ,
30915.9,1,1,1,1,4,21385.0,-1,11.482,-11.4,-5.93,-72.38,0,0,DCHG, ,
30920.9,1,1,1,1,4,21390.0,-1,11.482,-11.4,-5.94,-72.4,0,0,DCHG, ,
30925.9,1,1,1,1,4,21395.0,-1,11.481,-11.4,-5.94,-72.42,0,0,DCHG, ,
30930.9,1,1,1,1,4,21400.0,-1,11.481,-11.4,-5.94,-72.43,0,0,DCHG, ,
30935.9,1,1,1,1,4,21405.0,-1,11.48,-11.4,-5.94,-72.45,0,0,DCHG, ,
30940.9,1,1,1,1,4,21410.0,-1,11.48,-11.4,-5.94,-72.46,0,0,DCHG, ,
30945.9,1,1,1,1,4,21415.0,-1,11.479,-11.4,-5.94,-72.48,0,0,DCHG, ,
30950.9,1,1,1,1,4,21420.0,-1,11.479,-11.4,-5.94,-72.49,0,0,DCHG, ,
30955.9,1,1,1,1,4,21425.0,-1,11.479,-11.4,-5.95,-72.51,0,0,DCHG, ,
30960.9,1,1,1,1,4,21430.0,-1,11.478,-11.4,-5.95,-72.53,0,0,DCHG, ,
30965.9,1,1,1,1,4,21435.0,-0.99,11.478,-11.3,-5.95,-72.54,0,0,DCHG, ,
30970.9,1,1,1,1,4,21440.0,-1,11.477,-11.4,-5.95,-72.56,0,0,DCHG, ,
30975.9,1,1,1,1,4,21445.0,-1,11.477,-11.4,-5.95,-72.57,0,0,DCHG, ,
30980.9,1,1,1,1,4,21450.0,-1,11.476,-11.4,-5.95,-72.59,0,0,DCHG, ,
30985.9,1,1,1,1,4,21455.0,-1,11.476,-11.4,-5.95,-72.61,0,0,DCHG, ,
30990.9,1,1,1,1,4,21460.0,-1,11.476,-11.4,-5.96,-72.62,0,0,DCHG, ,
30995.9,1,1,1,1,4,21465.0,-1,11.475,-11.4,-5.96,-72.64,0,0,DCHG, ,
31000.9,1,1,1,1,4,21470.0,-1,11.475,-11.4,-5.96,-72.65,0,0,DCHG, ,
31005.9,1,1,1,1,4,21475.0,-1,11.474,-11.4,-5.96,-72.67,0,0,DCHG, ,
31010.9,1,1,1,1,4,21480.0,-1,11.473,-11.4,-5.96,-72.68,0,0,DCHG, ,
31015.9,1,1,1,1,4,21485.0,-1,11.473,-11.4,-5.96,-72.7,0,0,DCHG, ,
31020.9,1,1,1,1,4,21490.0,-1,11.472,-11.4,-5.96,-72.72,0,0,DCHG, ,
31025.9,1,1,1,1,4,21495.0,-1,11.471,-11.4,-5.96,-72.73,0,0,DCHG, ,
31030.9,1,1,1,1,4,21500.0,-1,11.471,-11.4,-5.97,-72.75,0,0,DCHG, ,
31035.9,1,1,1,1,4,21505.0,-1,11.471,-11.4,-5.97,-72.76,0,0,DCHG, ,
31040.9,1,1,1,1,4,21510.0,-1,11.47,-11.4,-5.97,-72.78,0,0,DCHG, ,
31045.9,1,1,1,1,4,21515.0,-1,11.47,-11.4,-5.97,-72.8,0,0,DCHG, ,
31050.9,1,1,1,1,4,21520.0,-1,11.47,-11.4,-5.97,-72.81,0,0,DCHG, ,
31055.9,1,1,1,1,4,21525.0,-1,11.469,-11.4,-5.97,-72.83,0,0,DCHG, ,
31060.9,1,1,1,1,4,21530.0,-1,11.468,-11.4,-5.97,-72.84,0,0,DCHG, ,
31065.9,1,1,1,1,4,21535.0,-1,11.467,-11.4,-5.98,-72.86,0,0,DCHG, ,
31070.9,1,1,1,1,4,21540.0,-1,11.467,-11.4,-5.98,-72.87,0,0,DCHG, ,
31075.9,1,1,1,1,4,21545.0,-1,11.467,-11.4,-5.98,-72.89,0,0,DCHG, ,
31080.9,1,1,1,1,4,21550.0,-1,11.467,-11.4,-5.98,-72.91,0,0,DCHG, ,
31085.9,1,1,1,1,4,21555.0,-1,11.466,-11.4,-5.98,-72.92,0,0,DCHG, ,
31090.9,1,1,1,1,4,21560.0,-1,11.466,-11.4,-5.98,-72.94,0,0,DCHG, ,
31095.9,1,1,1,1,4,21565.0,-1,11.465,-11.4,-5.98,-72.95,0,0,DCHG, ,
31100.9,1,1,1,1,4,21570.0,-1,11.464,-11.4,-5.99,-72.97,0,0,DCHG, ,
31105.9,1,1,1,1,4,21575.0,-1,11.464,-11.4,-5.99,-72.99,0,0,DCHG, ,
31110.9,1,1,1,1,4,21580.0,-1,11.463,-11.4,-5.99,-73,0,0,DCHG, ,
31115.9,1,1,1,1,4,21585.0,-1,11.463,-11.4,-5.99,-73.02,0,0,DCHG, ,
31120.9,1,1,1,1,4,21590.0,-1,11.462,-11.4,-5.99,-73.03,0,0,DCHG, ,
31125.9,1,1,1,1,4,21595.0,-1,11.462,-11.4,-5.99,-73.05,0,0,DCHG, ,
31130.9,1,1,1,1,4,21600.0,-1,11.462,-11.4,-5.99,-73.06,0,0,DCHG, ,
31135.9,1,1,1,1,4,21605.0,-1,11.461,-11.4,-6,-73.08,0,0,DCHG, ,
31140.9,1,1,1,1,4,21610.0,-1,11.46,-11.4,-6,-73.1,0,0,DCHG, ,
31145.9,1,1,1,1,4,21615.0,-1,11.46,-11.4,-6,-73.11,0,0,DCHG, ,
31150.9,1,1,1,1,4,21620.0,-1,11.459,-11.4,-6,-73.13,0,0,DCHG, ,
31155.9,1,1,1,1,4,21625.0,-1,11.459,-11.4,-6,-73.14,0,0,DCHG, ,
31160.9,1,1,1,1,4,21630.0,-1,11.459,-11.4,-6,-73.16,0,0,DCHG, ,
31165.9,1,1,1,1,4,21635.0,-1,11.458,-11.4,-6,-73.18,0,0,DCHG, ,
31170.9,1,1,1,1,4,21640.0,-1,11.457,-11.4,-6.01,-73.19,0,0,DCHG, ,
31175.9,1,1,1,1,4,21645.0,-1,11.457,-11.4,-6.01,-73.21,0,0,DCHG, ,
31180.9,1,1,1,1,4,21650.0,-1,11.456,-11.4,-6.01,-73.22,0,0,DCHG, ,
31185.9,1,1,1,1,4,21655.0,-1,11.456,-11.4,-6.01,-73.24,0,0,DCHG, ,
31190.9,1,1,1,1,4,21660.0,-1,11.455,-11.4,-6.01,-73.25,0,0,DCHG, ,
31195.9,1,1,1,1,4,21665.0,-1,11.455,-11.4,-6.01,-73.27,0,0,DCHG, ,
31200.9,1,1,1,1,4,21670.0,-1,11.454,-11.4,-6.01,-73.29,0,0,DCHG, ,
31205.9,1,1,1,1,4,21675.0,-1,11.454,-11.4,-6.01,-73.3,0,0,DCHG, ,
31210.9,1,1,1,1,4,21680.0,-1,11.454,-11.4,-6.02,-73.32,0,0,DCHG, ,
31215.9,1,1,1,1,4,21685.0,-1,11.453,-11.4,-6.02,-73.33,0,0,DCHG, ,
31220.9,1,1,1,1,4,21690.0,-1,11.452,-11.4,-6.02,-73.35,0,0,DCHG, ,
31225.9,1,1,1,1,4,21695.0,-1,11.452,-11.4,-6.02,-73.37,0,0,DCHG, ,
31230.9,1,1,1,1,4,21700.0,-1,11.451,-11.4,-6.02,-73.38,0,0,DCHG, ,
31235.9,1,1,1,1,4,21705.0,-1,11.451,-11.4,-6.02,-73.4,0,0,DCHG, ,
31240.9,1,1,1,1,4,21710.0,-1,11.451,-11.4,-6.02,-73.41,0,0,DCHG, ,
31245.9,1,1,1,1,4,21715.0,-1,11.45,-11.4,-6.03,-73.43,0,0,DCHG, ,
31250.9,1,1,1,1,4,21720.0,-1,11.449,-11.4,-6.03,-73.44,0,0,DCHG, ,
31255.9,1,1,1,1,4,21725.0,-1,11.449,-11.4,-6.03,-73.46,0,0,DCHG, ,
31260.9,1,1,1,1,4,21730.0,-1,11.448,-11.4,-6.03,-73.48,0,0,DCHG, ,
31265.9,1,1,1,1,4,21735.0,-1,11.448,-11.4,-6.03,-73.49,0,0,DCHG, ,
31270.9,1,1,1,1,4,21740.0,-1,11.447,-11.4,-6.03,-73.51,0,0,DCHG, ,
31275.9,1,1,1,1,4,21745.0,-1,11.447,-11.4,-6.03,-73.52,0,0,DCHG, ,
31280.9,1,1,1,1,4,21750.0,-1,11.446,-11.4,-6.04,-73.54,0,0,DCHG, ,
31285.9,1,1,1,1,4,21755.0,-1,11.446,-11.4,-6.04,-73.56,0,0,DCHG, ,
31290.9,1,1,1,1,4,21760.0,-1,11.446,-11.4,-6.04,-73.57,0,0,DCHG, ,
31295.9,1,1,1,1,4,21765.0,-1,11.445,-11.4,-6.04,-73.59,0,0,DCHG, ,
31300.9,1,1,1,1,4,21770.0,-1,11.445,-11.4,-6.04,-73.6,0,0,DCHG, ,
31305.9,1,1,1,1,4,21775.0,-1,11.444,-11.4,-6.04,-73.62,0,0,DCHG, ,
31310.9,1,1,1,1,4,21780.0,-1,11.443,-11.4,-6.04,-73.63,0,0,DCHG, ,
31315.9,1,1,1,1,4,21785.0,-1,11.443,-11.4,-6.05,-73.65,0,0,DCHG, ,
31320.9,1,1,1,1,4,21790.0,-1,11.442,-11.4,-6.05,-73.67,0,0,DCHG, ,
31325.9,1,1,1,1,4,21795.0,-1,11.442,-11.4,-6.05,-73.68,0,0,DCHG, ,
31330.9,1,1,1,1,4,21800.0,-1,11.441,-11.4,-6.05,-73.7,0,0,DCHG, ,
31335.9,1,1,1,1,4,21805.0,-1,11.441,-11.4,-6.05,-73.71,0,0,DCHG, ,
31340.9,1,1,1,1,4,21810.0,-1,11.441,-11.4,-6.05,-73.73,0,0,DCHG, ,
31345.9,1,1,1,1,4,21815.0,-1,11.44,-11.4,-6.05,-73.75,0,0,DCHG, ,
31350.9,1,1,1,1,4,21820.0,-1,11.439,-11.4,-6.06,-73.76,0,0,DCHG, ,
31355.9,1,1,1,1,4,21825.0,-1,11.439,-11.4,-6.06,-73.78,0,0,DCHG, ,
31360.9,1,1,1,1,4,21830.0,-1,11.438,-11.4,-6.06,-73.79,0,0,DCHG, ,
31365.9,1,1,1,1,4,21835.0,-1,11.438,-11.4,-6.06,-73.81,0,0,DCHG, ,
31370.9,1,1,1,1,4,21840.0,-1,11.437,-11.4,-6.06,-73.82,0,0,DCHG, ,
31375.9,1,1,1,1,4,21845.0,-1,11.437,-11.4,-6.06,-73.84,0,0,DCHG, ,
31380.9,1,1,1,1,4,21850.0,-1,11.436,-11.4,-6.06,-73.86,0,0,DCHG, ,
31385.9,1,1,1,1,4,21855.0,-1,11.436,-11.4,-6.06,-73.87,0,0,DCHG, ,
31390.9,1,1,1,1,4,21860.0,-1,11.435,-11.4,-6.07,-73.89,0,0,DCHG, ,
31395.9,1,1,1,1,4,21865.0,-1,11.435,-11.4,-6.07,-73.9,0,0,DCHG, ,
31400.9,1,1,1,1,4,21870.0,-1,11.434,-11.4,-6.07,-73.92,0,0,DCHG, ,
31405.9,1,1,1,1,4,21875.0,-1,11.434,-11.4,-6.07,-73.93,0,0,DCHG, ,
31410.9,1,1,1,1,4,21880.0,-1,11.433,-11.4,-6.07,-73.95,0,0,DCHG, ,
31415.9,1,1,1,1,4,21885.0,-1,11.433,-11.4,-6.07,-73.97,0,0,DCHG, ,
31420.9,1,1,1,1,4,21890.0,-1,11.432,-11.4,-6.07,-73.98,0,0,DCHG, ,
31425.9,1,1,1,1,4,21895.0,-1,11.431,-11.4,-6.08,-74,0,0,DCHG, ,
31430.9,1,1,1,1,4,21900.0,-1,11.432,-11.4,-6.08,-74.01,0,0,DCHG, ,
31435.9,1,1,1,1,4,21905.0,-1,11.431,-11.4,-6.08,-74.03,0,0,DCHG, ,
31440.9,1,1,1,1,4,21910.0,-1,11.43,-11.4,-6.08,-74.05,0,0,DCHG, ,
31445.9,1,1,1,1,4,21915.0,-1,11.429,-11.4,-6.08,-74.06,0,0,DCHG, ,
31450.9,1,1,1,1,4,21920.0,-1,11.429,-11.4,-6.08,-74.08,0,0,DCHG, ,
31455.9,1,1,1,1,4,21925.0,-1,11.429,-11.4,-6.08,-74.09,0,0,DCHG, ,
31460.9,1,1,1,1,4,21930.0,-1,11.428,-11.4,-6.09,-74.11,0,0,DCHG, ,
31465.9,1,1,1,1,4,21935.0,-1,11.428,-11.4,-6.09,-74.12,0,0,DCHG, ,
31470.9,1,1,1,1,4,21940.0,-1,11.427,-11.4,-6.09,-74.14,0,0,DCHG, ,
31475.9,1,1,1,1,4,21945.0,-1,11.426,-11.4,-6.09,-74.16,0,0,DCHG, ,
31480.9,1,1,1,1,4,21950.0,-1,11.426,-11.4,-6.09,-74.17,0,0,DCHG, ,
31485.9,1,1,1,1,4,21955.0,-1,11.426,-11.4,-6.09,-74.19,0,0,DCHG, ,
31490.9,1,1,1,1,4,21960.0,-1,11.425,-11.4,-6.09,-74.2,0,0,DCHG, ,
31495.9,1,1,1,1,4,21965.0,-1,11.424,-11.4,-6.1,-74.22,0,0,DCHG, ,
31500.9,1,1,1,1,4,21970.0,-1,11.424,-11.4,-6.1,-74.24,0,0,DCHG, ,
31505.9,1,1,1,1,4,21975.0,-1,11.423,-11.4,-6.1,-74.25,0,0,DCHG, ,
31510.9,1,1,1,1,4,21980.0,-1,11.423,-11.4,-6.1,-74.27,0,0,DCHG, ,
31515.9,1,1,1,1,4,21985.0,-1,11.422,-11.4,-6.1,-74.28,0,0,DCHG, ,
31520.9,1,1,1,1,4,21990.0,-1,11.421,-11.4,-6.1,-74.3,0,0,DCHG, ,
31525.9,1,1,1,1,4,21995.0,-1,11.421,-11.4,-6.1,-74.31,0,0,DCHG, ,
31530.9,1,1,1,1,4,22000.0,-1,11.42,-11.4,-6.11,-74.33,0,0,DCHG, ,
31535.9,1,1,1,1,4,22005.0,-0.99,11.42,-11.3,-6.11,-74.35,0,0,DCHG, ,
31540.9,1,1,1,1,4,22010.0,-1,11.419,-11.4,-6.11,-74.36,0,0,DCHG, ,
31545.9,1,1,1,1,4,22015.0,-1,11.419,-11.4,-6.11,-74.38,0,0,DCHG, ,
31550.9,1,1,1,1,4,22020.0,-1,11.419,-11.4,-6.11,-74.39,0,0,DCHG, ,
31555.9,1,1,1,1,4,22025.0,-1,11.418,-11.4,-6.11,-74.41,0,0,DCHG, ,
31560.9,1,1,1,1,4,22030.0,-1,11.418,-11.4,-6.11,-74.43,0,0,DCHG, ,
31565.9,1,1,1,1,4,22035.0,-1,11.417,-11.4,-6.11,-74.44,0,0,DCHG, ,
31570.9,1,1,1,1,4,22040.0,-1,11.416,-11.4,-6.12,-74.46,0,0,DCHG, ,
31575.9,1,1,1,1,4,22045.0,-1,11.416,-11.4,-6.12,-74.47,0,0,DCHG, ,
31580.9,1,1,1,1,4,22050.0,-1,11.415,-11.4,-6.12,-74.49,0,0,DCHG, ,
31585.9,1,1,1,1,4,22055.0,-1,11.415,-11.4,-6.12,-74.5,0,0,DCHG, ,
31590.9,1,1,1,1,4,22060.0,-1,11.415,-11.4,-6.12,-74.52,0,0,DCHG, ,
31595.9,1,1,1,1,4,22065.0,-1,11.414,-11.4,-6.12,-74.54,0,0,DCHG, ,
31600.9,1,1,1,1,4,22070.0,-1,11.413,-11.4,-6.12,-74.55,0,0,DCHG, ,
31605.9,1,1,1,1,4,22075.0,-1,11.412,-11.4,-6.13,-74.57,0,0,DCHG, ,
31610.9,1,1,1,1,4,22080.0,-1,11.412,-11.4,-6.13,-74.58,0,0,DCHG, ,
31615.9,1,1,1,1,4,22085.0,-1,11.411,-11.3,-6.13,-74.6,0,0,DCHG, ,
31620.9,1,1,1,1,4,22090.0,-1,11.411,-11.4,-6.13,-74.62,0,0,DCHG, ,
31625.9,1,1,1,1,4,22095.0,-1,11.411,-11.4,-6.13,-74.63,0,0,DCHG, ,
31630.9,1,1,1,1,4,22100.0,-1,11.41,-11.3,-6.13,-74.65,0,0,DCHG, ,
31635.9,1,1,1,1,4,22105.0,-1,11.409,-11.3,-6.13,-74.66,0,0,DCHG, ,
31640.9,1,1,1,1,4,22110.0,-1,11.409,-11.4,-6.14,-74.68,0,0,DCHG, ,
31645.9,1,1,1,1,4,22115.0,-1,11.408,-11.3,-6.14,-74.69,0,0,DCHG, ,
31650.9,1,1,1,1,4,22120.0,-1,11.408,-11.3,-6.14,-74.71,0,0,DCHG, ,
31655.9,1,1,1,1,4,22125.0,-1,11.407,-11.3,-6.14,-74.73,0,0,DCHG, ,
31660.9,1,1,1,1,4,22130.0,-1,11.406,-11.4,-6.14,-74.74,0,0,DCHG, ,
31665.9,1,1,1,1,4,22135.0,-1,11.406,-11.4,-6.14,-74.76,0,0,DCHG, ,
31670.9,1,1,1,1,4,22140.0,-1,11.405,-11.3,-6.14,-74.77,0,0,DCHG, ,
31675.9,1,1,1,1,4,22145.0,-1,11.405,-11.3,-6.15,-74.79,0,0,DCHG, ,
31680.9,1,1,1,1,4,22150.0,-1,11.404,-11.4,-6.15,-74.8,0,0,DCHG, ,
31685.9,1,1,1,1,4,22155.0,-1,11.404,-11.3,-6.15,-74.82,0,0,DCHG, ,
31690.9,1,1,1,1,4,22160.0,-1,11.403,-11.4,-6.15,-74.84,0,0,DCHG, ,
31695.9,1,1,1,1,4,22165.0,-1,11.403,-11.4,-6.15,-74.85,0,0,DCHG, ,
31700.9,1,1,1,1,4,22170.0,-1,11.402,-11.3,-6.15,-74.87,0,0,DCHG, ,
31705.9,1,1,1,1,4,22175.0,-1,11.402,-11.4,-6.15,-74.88,0,0,DCHG, ,
31710.9,1,1,1,1,4,22180.0,-1,11.401,-11.4,-6.16,-74.9,0,0,DCHG, ,
31715.9,1,1,1,1,4,22185.0,-1,11.4,-11.4,-6.16,-74.91,0,0,DCHG, ,
31720.9,1,1,1,1,4,22190.0,-1,11.4,-11.3,-6.16,-74.93,0,0,DCHG, ,
31725.9,1,1,1,1,4,22195.0,-1,11.399,-11.3,-6.16,-74.95,0,0,DCHG, ,
31730.9,1,1,1,1,4,22200.0,-1,11.399,-11.3,-6.16,-74.96,0,0,DCHG, ,
31735.9,1,1,1,1,4,22205.0,-1,11.398,-11.3,-6.16,-74.98,0,0,DCHG, ,
31740.9,1,1,1,1,4,22210.0,-1,11.398,-11.3,-6.16,-74.99,0,0,DCHG, ,
31745.9,1,1,1,1,4,22215.0,-1,11.397,-11.3,-6.16,-75.01,0,0,DCHG, ,
31750.9,1,1,1,1,4,22220.0,-1,11.397,-11.3,-6.17,-75.02,0,0,DCHG, ,
31755.9,1,1,1,1,4,22225.0,-1,11.397,-11.3,-6.17,-75.04,0,0,DCHG, ,
31760.9,1,1,1,1,4,22230.0,-1,11.397,-11.3,-6.17,-75.06,0,0,DCHG, ,
31765.9,1,1,1,1,4,22235.0,-1,11.396,-11.3,-6.17,-75.07,0,0,DCHG, ,
31770.9,1,1,1,1,4,22240.0,-1,11.395,-11.3,-6.17,-75.09,0,0,DCHG, ,
31775.9,1,1,1,1,4,22245.0,-1,11.394,-11.3,-6.17,-75.1,0,0,DCHG, ,
31780.9,1,1,1,1,4,22250.0,-1,11.394,-11.3,-6.17,-75.12,0,0,DCHG, ,
31785.9,1,1,1,1,4,22255.0,-1,11.393,-11.3,-6.18,-75.13,0,0,DCHG, ,
31790.9,1,1,1,1,4,22260.0,-1,11.393,-11.3,-6.18,-75.15,0,0,DCHG, ,
31795.9,1,1,1,1,4,22265.0,-1,11.392,-11.3,-6.18,-75.17,0,0,DCHG, ,
31800.9,1,1,1,1,4,22270.0,-1,11.392,-11.3,-6.18,-75.18,0,0,DCHG, ,
31805.9,1,1,1,1,4,22275.0,-1,11.391,-11.3,-6.18,-75.2,0,0,DCHG, ,
31810.9,1,1,1,1,4,22280.0,-1,11.39,-11.3,-6.18,-75.21,0,0,DCHG, ,
31815.9,1,1,1,1,4,22285.0,-1,11.39,-11.3,-6.18,-75.23,0,0,DCHG, ,
31820.9,1,1,1,1,4,22290.0,-1,11.389,-11.3,-6.19,-75.24,0,0,DCHG, ,
31825.9,1,1,1,1,4,22295.0,-1,11.389,-11.3,-6.19,-75.26,0,0,DCHG, ,
31830.9,1,1,1,1,4,22300.0,-1,11.388,-11.3,-6.19,-75.28,0,0,DCHG, ,
31835.9,1,1,1,1,4,22305.0,-1,11.387,-11.3,-6.19,-75.29,0,0,DCHG, ,
31840.9,1,1,1,1,4,22310.0,-1,11.387,-11.3,-6.19,-75.31,0,0,DCHG, ,
31845.9,1,1,1,1,4,22315.0,-1,11.387,-11.3,-6.19,-75.32,0,0,DCHG, ,
31850.9,1,1,1,1,4,22320.0,-1,11.386,-11.3,-6.19,-75.34,0,0,DCHG, ,
31855.9,1,1,1,1,4,22325.0,-1,11.385,-11.3,-6.2,-75.35,0,0,DCHG, ,
31860.9,1,1,1,1,4,22330.0,-1,11.385,-11.3,-6.2,-75.37,0,0,DCHG, ,
31865.9,1,1,1,1,4,22335.0,-1,11.384,-11.3,-6.2,-75.39,0,0,DCHG, ,
31870.9,1,1,1,1,4,22340.0,-1,11.384,-11.3,-6.2,-75.4,0,0,DCHG, ,
31875.9,1,1,1,1,4,22345.0,-1,11.383,-11.3,-6.2,-75.42,0,0,DCHG, ,
31880.9,1,1,1,1,4,22350.0,-1,11.382,-11.3,-6.2,-75.43,0,0,DCHG, ,
31885.9,1,1,1,1,4,22355.0,-1,11.382,-11.3,-6.2,-75.45,0,0,DCHG, ,
31890.9,1,1,1,1,4,22360.0,-0.99,11.382,-11.2,-6.21,-75.46,0,0,DCHG, ,
31895.9,1,1,1,1,4,22365.0,-1,11.381,-11.3,-6.21,-75.48,0,0,DCHG, ,
31900.9,1,1,1,1,4,22370.0,-1,11.38,-11.3,-6.21,-75.5,0,0,DCHG, ,
31905.9,1,1,1,1,4,22375.0,-1,11.38,-11.3,-6.21,-75.51,0,0,DCHG, ,
31910.9,1,1,1,1,4,22380.0,-1,11.379,-11.3,-6.21,-75.53,0,0,DCHG, ,
31915.9,1,1,1,1,4,22385.0,-1,11.379,-11.3,-6.21,-75.54,0,0,DCHG, ,
31920.9,1,1,1,1,4,22390.0,-1,11.378,-11.3,-6.21,-75.56,0,0,DCHG, ,
31925.9,1,1,1,1,4,22395.0,-1,11.378,-11.3,-6.21,-75.57,0,0,DCHG, ,
31930.9,1,1,1,1,4,22400.0,-1,11.377,-11.3,-6.22,-75.59,0,0,DCHG, ,
31935.9,1,1,1,1,4,22405.0,-1,11.377,-11.3,-6.22,-75.61,0,0,DCHG, ,
31940.9,1,1,1,1,4,22410.0,-1,11.376,-11.3,-6.22,-75.62,0,0,DCHG, ,
31945.9,1,1,1,1,4,22415.0,-1,11.376,-11.3,-6.22,-75.64,0,0,DCHG, ,
31950.9,1,1,1,1,4,22420.0,-1,11.375,-11.3,-6.22,-75.65,0,0,DCHG, ,
31955.9,1,1,1,1,4,22425.0,-1,11.374,-11.3,-6.22,-75.67,0,0,DCHG, ,
31960.9,1,1,1,1,4,22430.0,-1,11.374,-11.3,-6.22,-75.68,0,0,DCHG, ,
31965.9,1,1,1,1,4,22435.0,-1,11.373,-11.3,-6.23,-75.7,0,0,DCHG, ,
31970.9,1,1,1,1,4,22440.0,-1,11.373,-11.3,-6.23,-75.72,0,0,DCHG, ,
31975.9,1,1,1,1,4,22445.0,-1,11.372,-11.3,-6.23,-75.73,0,0,DCHG, ,
31980.9,1,1,1,1,4,22450.0,-1,11.371,-11.3,-6.23,-75.75,0,0,DCHG, ,
31985.9,1,1,1,1,4,22455.0,-1,11.371,-11.3,-6.23,-75.76,0,0,DCHG, ,
31990.9,1,1,1,1,4,22460.0,-1,11.37,-11.3,-6.23,-75.78,0,0,DCHG, ,
31995.9,1,1,1,1,4,22465.0,-1,11.369,-11.3,-6.23,-75.79,0,0,DCHG, ,
32000.9,1,1,1,1,4,22470.0,-1,11.369,-11.3,-6.24,-75.81,0,0,DCHG, ,
32005.9,1,1,1,1,4,22475.0,-1,11.368,-11.3,-6.24,-75.83,0,0,DCHG, ,
32010.9,1,1,1,1,4,22480.0,-1,11.367,-11.3,-6.24,-75.84,0,0,DCHG, ,
32015.9,1,1,1,1,4,22485.0,-1,11.367,-11.3,-6.24,-75.86,0,0,DCHG, ,
32020.9,1,1,1,1,4,22490.0,-1,11.367,-11.3,-6.24,-75.87,0,0,DCHG, ,
32025.9,1,1,1,1,4,22495.0,-1,11.366,-11.3,-6.24,-75.89,0,0,DCHG, ,
32030.9,1,1,1,1,4,22500.0,-1,11.366,-11.3,-6.24,-75.9,0,0,DCHG, ,
32035.9,1,1,1,1,4,22505.0,-1,11.365,-11.3,-6.25,-75.92,0,0,DCHG, ,
32040.9,1,1,1,1,4,22510.0,-1,11.365,-11.3,-6.25,-75.93,0,0,DCHG, ,
32045.9,1,1,1,1,4,22515.0,-1,11.364,-11.3,-6.25,-75.95,0,0,DCHG, ,
32050.9,1,1,1,1,4,22520.0,-1,11.363,-11.3,-6.25,-75.97,0,0,DCHG, ,
32055.9,1,1,1,1,4,22525.0,-1,11.363,-11.3,-6.25,-75.98,0,0,DCHG, ,
32060.9,1,1,1,1,4,22530.0,-1,11.362,-11.3,-6.25,-76,0,0,DCHG, ,
32065.9,1,1,1,1,4,22535.0,-1,11.362,-11.3,-6.25,-76.01,0,0,DCHG, ,
32070.9,1,1,1,1,4,22540.0,-1,11.362,-11.3,-6.26,-76.03,0,0,DCHG, ,
32075.9,1,1,1,1,4,22545.0,-1,11.361,-11.3,-6.26,-76.04,0,0,DCHG, ,
32080.9,1,1,1,1,4,22550.0,-0.99,11.36,-11.2,-6.26,-76.06,0,0,DCHG, ,
32085.9,1,1,1,1,4,22555.0,-1,11.359,-11.3,-6.26,-76.08,0,0,DCHG, ,
32090.9,1,1,1,1,4,22560.0,-1,11.359,-11.3,-6.26,-76.09,0,0,DCHG, ,
32095.9,1,1,1,1,4,22565.0,-1,11.358,-11.3,-6.26,-76.11,0,0,DCHG, ,
32100.9,1,1,1,1,4,22570.0,-1,11.357,-11.3,-6.26,-76.12,0,0,DCHG, ,
32105.9,1,1,1,1,4,22575.0,-1,11.357,-11.3,-6.26,-76.14,0,0,DCHG, ,
32110.9,1,1,1,1,4,22580.0,-1,11.356,-11.3,-6.27,-76.15,0,0,DCHG, ,
32115.9,1,1,1,1,4,22585.0,-1,11.356,-11.3,-6.27,-76.17,0,0,DCHG, ,
32120.9,1,1,1,1,4,22590.0,-1,11.355,-11.3,-6.27,-76.19,0,0,DCHG, ,
32125.9,1,1,1,1,4,22595.0,-1,11.355,-11.3,-6.27,-76.2,0,0,DCHG, ,
32130.9,1,1,1,1,4,22600.0,-1,11.354,-11.3,-6.27,-76.22,0,0,DCHG, ,
32135.9,1,1,1,1,4,22605.0,-1,11.354,-11.3,-6.27,-76.23,0,0,DCHG, ,
32140.9,1,1,1,1,4,22610.0,-1,11.353,-11.3,-6.27,-76.25,0,0,DCHG, ,
32145.9,1,1,1,1,4,22615.0,-1,11.352,-11.3,-6.28,-76.26,0,0,DCHG, ,
32150.9,1,1,1,1,4,22620.0,-1,11.352,-11.3,-6.28,-76.28,0,0,DCHG, ,
32155.9,1,1,1,1,4,22625.0,-1,11.351,-11.3,-6.28,-76.3,0,0,DCHG, ,
32160.9,1,1,1,1,4,22630.0,-1,11.351,-11.3,-6.28,-76.31,0,0,DCHG, ,
32165.9,1,1,1,1,4,22635.0,-1,11.35,-11.3,-6.28,-76.33,0,0,DCHG, ,
32170.9,1,1,1,1,4,22640.0,-1,11.35,-11.3,-6.28,-76.34,0,0,DCHG, ,
32175.9,1,1,1,1,4,22645.0,-1,11.349,-11.3,-6.28,-76.36,0,0,DCHG, ,
32180.9,1,1,1,1,4,22650.0,-1,11.348,-11.3,-6.29,-76.37,0,0,DCHG, ,
32185.9,1,1,1,1,4,22655.0,-1,11.348,-11.3,-6.29,-76.39,0,0,DCHG, ,
32190.9,1,1,1,1,4,22660.0,-1,11.347,-11.3,-6.29,-76.41,0,0,DCHG, ,
32195.9,1,1,1,1,4,22665.0,-1,11.347,-11.3,-6.29,-76.42,0,0,DCHG, ,
32200.9,1,1,1,1,4,22670.0,-1,11.345,-11.3,-6.29,-76.44,0,0,DCHG, ,
32205.9,1,1,1,1,4,22675.0,-1,11.345,-11.3,-6.29,-76.45,0,0,DCHG, ,
32210.9,1,1,1,1,4,22680.0,-1,11.344,-11.3,-6.29,-76.47,0,0,DCHG, ,
32215.9,1,1,1,1,4,22685.0,-1,11.345,-11.3,-6.3,-76.48,0,0,DCHG, ,
32220.9,1,1,1,1,4,22690.0,-1,11.343,-11.3,-6.3,-76.5,0,0,DCHG, ,
32225.9,1,1,1,1,4,22695.0,-1,11.343,-11.3,-6.3,-76.52,0,0,DCHG, ,
32230.9,1,1,1,1,4,22700.0,-1,11.343,-11.3,-6.3,-76.53,0,0,DCHG, ,
32235.9,1,1,1,1,4,22705.0,-1,11.341,-11.3,-6.3,-76.55,0,0,DCHG, ,
32240.9,1,1,1,1,4,22710.0,-1,11.341,-11.3,-6.3,-76.56,0,0,DCHG, ,
32245.9,1,1,1,1,4,22715.0,-1,11.34,-11.3,-6.3,-76.58,0,0,DCHG, ,
32250.9,1,1,1,1,4,22720.0,-1,11.34,-11.3,-6.31,-76.59,0,0,DCHG, ,
32255.9,1,1,1,1,4,22725.0,-1,11.339,-11.3,-6.31,-76.61,0,0,DCHG, ,
32260.9,1,1,1,1,4,22730.0,-1,11.338,-11.3,-6.31,-76.63,0,0,DCHG, ,
32265.9,1,1,1,1,4,22735.0,-1,11.337,-11.3,-6.31,-76.64,0,0,DCHG, ,
32270.9,1,1,1,1,4,22740.0,-1,11.337,-11.3,-6.31,-76.66,0,0,DCHG, ,
32275.9,1,1,1,1,4,22745.0,-1,11.336,-11.3,-6.31,-76.67,0,0,DCHG, ,
32280.9,1,1,1,1,4,22750.0,-1,11.337,-11.3,-6.31,-76.69,0,0,DCHG, ,
32285.9,1,1,1,1,4,22755.0,-1,11.336,-11.3,-6.31,-76.7,0,0,DCHG, ,
32290.9,1,1,1,1,4,22760.0,-1,11.335,-11.3,-6.32,-76.72,0,0,DCHG, ,
32295.9,1,1,1,1,4,22765.0,-1,11.334,-11.3,-6.32,-76.74,0,0,DCHG, ,
32300.9,1,1,1,1,4,22770.0,-1,11.334,-11.3,-6.32,-76.75,0,0,DCHG, ,
32305.9,1,1,1,1,4,22775.0,-1,11.333,-11.3,-6.32,-76.77,0,0,DCHG, ,
32310.9,1,1,1,1,4,22780.0,-1,11.333,-11.3,-6.32,-76.78,0,0,DCHG, ,
32315.9,1,1,1,1,4,22785.0,-1,11.331,-11.3,-6.32,-76.8,0,0,DCHG, ,
32320.9,1,1,1,1,4,22790.0,-1,11.331,-11.3,-6.32,-76.81,0,0,DCHG, ,
32325.9,1,1,1,1,4,22795.0,-1,11.331,-11.3,-6.33,-76.83,0,0,DCHG, ,
32330.9,1,1,1,1,4,22800.0,-1,11.331,-11.3,-6.33,-76.85,0,0,DCHG, ,
32335.9,1,1,1,1,4,22805.0,-1,11.329,-11.3,-6.33,-76.86,0,0,DCHG, ,
32340.9,1,1,1,1,4,22810.0,-1,11.329,-11.3,-6.33,-76.88,0,0,DCHG, ,
32345.9,1,1,1,1,4,22815.0,-1,11.328,-11.3,-6.33,-76.89,0,0,DCHG, ,
32350.9,1,1,1,1,4,22820.0,-1,11.328,-11.3,-6.33,-76.91,0,0,DCHG, ,
32355.9,1,1,1,1,4,22825.0,-1,11.327,-11.3,-6.33,-76.92,0,0,DCHG, ,
32360.9,1,1,1,1,4,22830.0,-1,11.327,-11.3,-6.34,-76.94,0,0,DCHG, ,
32365.9,1,1,1,1,4,22835.0,-1,11.326,-11.3,-6.34,-76.95,0,0,DCHG, ,
32370.9,1,1,1,1,4,22840.0,-1,11.325,-11.3,-6.34,-76.97,0,0,DCHG, ,
32375.9,1,1,1,1,4,22845.0,-1,11.324,-11.3,-6.34,-76.99,0,0,DCHG, ,
32380.9,1,1,1,1,4,22850.0,-1,11.325,-11.3,-6.34,-77,0,0,DCHG, ,
32385.9,1,1,1,1,4,22855.0,-1,11.324,-11.3,-6.34,-77.02,0,0,DCHG, ,
32390.9,1,1,1,1,4,22860.0,-1,11.323,-11.3,-6.34,-77.03,0,0,DCHG, ,
32395.9,1,1,1,1,4,22865.0,-1,11.323,-11.3,-6.35,-77.05,0,0,DCHG, ,
32400.9,1,1,1,1,4,22870.0,-1,11.322,-11.3,-6.35,-77.06,0,0,DCHG, ,
32405.9,1,1,1,1,4,22875.0,-1,11.321,-11.3,-6.35,-77.08,0,0,DCHG, ,
32410.9,1,1,1,1,4,22880.0,-1,11.32,-11.3,-6.35,-77.1,0,0,DCHG, ,
32415.9,1,1,1,1,4,22885.0,-1,11.32,-11.3,-6.35,-77.11,0,0,DCHG, ,
32420.9,1,1,1,1,4,22890.0,-1,11.319,-11.3,-6.35,-77.13,0,0,DCHG, ,
32425.9,1,1,1,1,4,22895.0,-1,11.319,-11.3,-6.35,-77.14,0,0,DCHG, ,
32430.9,1,1,1,1,4,22900.0,-1,11.317,-11.3,-6.36,-77.16,0,0,DCHG, ,
32435.9,1,1,1,1,4,22905.0,-1,11.317,-11.3,-6.36,-77.17,0,0,DCHG, ,
32440.9,1,1,1,1,4,22910.0,-1,11.317,-11.3,-6.36,-77.19,0,0,DCHG, ,
32445.9,1,1,1,1,4,22915.0,-1,11.316,-11.3,-6.36,-77.21,0,0,DCHG, ,
32450.9,1,1,1,1,4,22920.0,-1,11.316,-11.3,-6.36,-77.22,0,0,DCHG, ,
32455.9,1,1,1,1,4,22925.0,-0.99,11.314,-11.2,-6.36,-77.24,0,0,DCHG, ,
32460.9,1,1,1,1,4,22930.0,-1,11.314,-11.2,-6.36,-77.25,0,0,DCHG, ,
32465.9,1,1,1,1,4,22935.0,-1,11.314,-11.3,-6.36,-77.27,0,0,DCHG, ,
32470.9,1,1,1,1,4,22940.0,-1,11.313,-11.3,-6.37,-77.28,0,0,DCHG, ,
32475.9,1,1,1,1,4,22945.0,-1,11.312,-11.3,-6.37,-77.3,0,0,DCHG, ,
32480.9,1,1,1,1,4,22950.0,-1,11.311,-11.3,-6.37,-77.32,0,0,DCHG, ,
32485.9,1,1,1,1,4,22955.0,-1,11.31,-11.3,-6.37,-77.33,0,0,DCHG, ,
32490.9,1,1,1,1,4,22960.0,-1,11.31,-11.3,-6.37,-77.35,0,0,DCHG, ,
32495.9,1,1,1,1,4,22965.0,-1,11.31,-11.3,-6.37,-77.36,0,0,DCHG, ,
32500.9,1,1,1,1,4,22970.0,-1,11.309,-11.2,-6.37,-77.38,0,0,DCHG, ,
32505.9,1,1,1,1,4,22975.0,-1,11.309,-11.2,-6.38,-77.39,0,0,DCHG, ,
32510.9,1,1,1,1,4,22980.0,-1,11.308,-11.3,-6.38,-77.41,0,0,DCHG, ,
32515.9,1,1,1,1,4,22985.0,-1,11.307,-11.3,-6.38,-77.43,0,0,DCHG, ,
32520.9,1,1,1,1,4,22990.0,-1,11.307,-11.2,-6.38,-77.44,0,0,DCHG, ,
32525.9,1,1,1,1,4,22995.0,-1,11.306,-11.2,-6.38,-77.46,0,0,DCHG, ,
32530.9,1,1,1,1,4,23000.0,-1,11.305,-11.3,-6.38,-77.47,0,0,DCHG, ,
32535.9,1,1,1,1,4,23005.0,-1,11.305,-11.2,-6.38,-77.49,0,0,DCHG, ,
32540.9,1,1,1,1,4,23010.0,-1,11.304,-11.2,-6.39,-77.5,0,0,DCHG, ,
32545.9,1,1,1,1,4,23015.0,-1,11.303,-11.2,-6.39,-77.52,0,0,DCHG, ,
32550.9,1,1,1,1,4,23020.0,-1,11.303,-11.2,-6.39,-77.53,0,0,DCHG, ,
32555.9,1,1,1,1,4,23025.0,-1,11.302,-11.3,-6.39,-77.55,0,0,DCHG, ,
32560.9,1,1,1,1,4,23030.0,-1,11.301,-11.2,-6.39,-77.57,0,0,DCHG, ,
32565.9,1,1,1,1,4,23035.0,-1,11.301,-11.2,-6.39,-77.58,0,0,DCHG, ,
32570.9,1,1,1,1,4,23040.0,-1,11.3,-11.3,-6.39,-77.6,0,0,DCHG, ,
32575.9,1,1,1,1,4,23045.0,-1,11.3,-11.2,-6.4,-77.61,0,0,DCHG, ,
32580.9,1,1,1,1,4,23050.0,-1,11.299,-11.2,-6.4,-77.63,0,0,DCHG, ,
32585.9,1,1,1,1,4,23055.0,-1,11.298,-11.2,-6.4,-77.64,0,0,DCHG, ,
32590.9,1,1,1,1,4,23060.0,-1,11.298,-11.2,-6.4,-77.66,0,0,DCHG, ,
32595.9,1,1,1,1,4,23065.0,-1,11.297,-11.2,-6.4,-77.67,0,0,DCHG, ,
32600.9,1,1,1,1,4,23070.0,-1,11.296,-11.2,-6.4,-77.69,0,0,DCHG, ,
32605.9,1,1,1,1,4,23075.0,-1,11.296,-11.2,-6.4,-77.71,0,0,DCHG, ,
32610.9,1,1,1,1,4,23080.0,-1,11.295,-11.2,-6.41,-77.72,0,0,DCHG, ,
32615.9,1,1,1,1,4,23085.0,-1,11.294,-11.2,-6.41,-77.74,0,0,DCHG, ,
32620.9,1,1,1,1,4,23090.0,-1,11.293,-11.2,-6.41,-77.75,0,0,DCHG, ,
32625.9,1,1,1,1,4,23095.0,-1,11.293,-11.2,-6.41,-77.77,0,0,DCHG, ,
32630.9,1,1,1,1,4,23100.0,-1,11.293,-11.2,-6.41,-77.78,0,0,DCHG, ,
32635.9,1,1,1,1,4,23105.0,-1,11.292,-11.2,-6.41,-77.8,0,0,DCHG, ,
32640.9,1,1,1,1,4,23110.0,-1,11.291,-11.2,-6.41,-77.81,0,0,DCHG, ,
32645.9,1,1,1,1,4,23115.0,-1,11.29,-11.2,-6.41,-77.83,0,0,DCHG, ,
32650.9,1,1,1,1,4,23120.0,-1,11.29,-11.2,-6.42,-77.85,0,0,DCHG, ,
32655.9,1,1,1,1,4,23125.0,-1,11.289,-11.2,-6.42,-77.86,0,0,DCHG, ,
32660.9,1,1,1,1,4,23130.0,-1,11.288,-11.2,-6.42,-77.88,0,0,DCHG, ,
32665.9,1,1,1,1,4,23135.0,-1,11.287,-11.2,-6.42,-77.89,0,0,DCHG, ,
32670.9,1,1,1,1,4,23140.0,-1,11.287,-11.2,-6.42,-77.91,0,0,DCHG, ,
32675.9,1,1,1,1,4,23145.0,-1,11.286,-11.2,-6.42,-77.92,0,0,DCHG, ,
32680.9,1,1,1,1,4,23150.0,-1,11.285,-11.2,-6.42,-77.94,0,0,DCHG, ,
32685.9,1,1,1,1,4,23155.0,-1,11.285,-11.2,-6.43,-77.95,0,0,DCHG, ,
32690.9,1,1,1,1,4,23160.0,-1,11.285,-11.2,-6.43,-77.97,0,0,DCHG, ,
32695.9,1,1,1,1,4,23165.0,-1,11.284,-11.2,-6.43,-77.99,0,0,DCHG, ,
32700.9,1,1,1,1,4,23170.0,-1,11.283,-11.2,-6.43,-78,0,0,DCHG, ,
32705.9,1,1,1,1,4,23175.0,-1,11.282,-11.2,-6.43,-78.02,0,0,DCHG, ,
32710.9,1,1,1,1,4,23180.0,-1,11.282,-11.2,-6.43,-78.03,0,0,DCHG, ,
32715.9,1,1,1,1,4,23185.0,-1,11.281,-11.2,-6.43,-78.05,0,0,DCHG, ,
32720.9,1,1,1,1,4,23190.0,-1,11.281,-11.2,-6.44,-78.06,0,0,DCHG, ,
32725.9,1,1,1,1,4,23195.0,-1,11.28,-11.2,-6.44,-78.08,0,0,DCHG, ,
32730.9,1,1,1,1,4,23200.0,-1,11.279,-11.2,-6.44,-78.09,0,0,DCHG, ,
32735.9,1,1,1,1,4,23205.0,-1,11.279,-11.2,-6.44,-78.11,0,0,DCHG, ,
32740.9,1,1,1,1,4,23210.0,-1,11.278,-11.2,-6.44,-78.13,0,0,DCHG, ,
32745.9,1,1,1,1,4,23215.0,-1,11.277,-11.2,-6.44,-78.14,0,0,DCHG, ,
32750.9,1,1,1,1,4,23220.0,-1,11.277,-11.2,-6.44,-78.16,0,0,DCHG, ,
32755.9,1,1,1,1,4,23225.0,-1,11.276,-11.2,-6.45,-78.17,0,0,DCHG, ,
32760.9,1,1,1,1,4,23230.0,-1,11.275,-11.2,-6.45,-78.19,0,0,DCHG, ,
32765.9,1,1,1,1,4,23235.0,-1,11.275,-11.2,-6.45,-78.2,0,0,DCHG, ,
32770.9,1,1,1,1,4,23240.0,-1,11.274,-11.2,-6.45,-78.22,0,0,DCHG, ,
32775.9,1,1,1,1,4,23245.0,-1,11.273,-11.2,-6.45,-78.23,0,0,DCHG, ,
32780.9,1,1,1,1,4,23250.0,-1,11.272,-11.2,-6.45,-78.25,0,0,DCHG, ,
32785.9,1,1,1,1,4,23255.0,-1,11.272,-11.2,-6.45,-78.27,0,0,DCHG, ,
32790.9,1,1,1,1,4,23260.0,-1,11.271,-11.2,-6.46,-78.28,0,0,DCHG, ,
32795.9,1,1,1,1,4,23265.0,-1,11.27,-11.2,-6.46,-78.3,0,0,DCHG, ,
32800.9,1,1,1,1,4,23270.0,-1,11.27,-11.2,-6.46,-78.31,0,0,DCHG, ,
32805.9,1,1,1,1,4,23275.0,-1,11.269,-11.2,-6.46,-78.33,0,0,DCHG, ,
32810.9,1,1,1,1,4,23280.0,-1,11.268,-11.2,-6.46,-78.34,0,0,DCHG, ,
32815.9,1,1,1,1,4,23285.0,-1,11.268,-11.2,-6.46,-78.36,0,0,DCHG, ,
32820.9,1,1,1,1,4,23290.0,-1,11.267,-11.2,-6.46,-78.37,0,0,DCHG, ,
32825.9,1,1,1,1,4,23295.0,-1,11.266,-11.2,-6.46,-78.39,0,0,DCHG, ,
32830.9,1,1,1,1,4,23300.0,-1,11.266,-11.2,-6.47,-78.41,0,0,DCHG, ,
32835.9,1,1,1,1,4,23305.0,-1,11.265,-11.2,-6.47,-78.42,0,0,DCHG, ,
32840.9,1,1,1,1,4,23310.0,-1,11.264,-11.2,-6.47,-78.44,0,0,DCHG, ,
32845.9,1,1,1,1,4,23315.0,-1,11.264,-11.2,-6.47,-78.45,0,0,DCHG, ,
32850.9,1,1,1,1,4,23320.0,-1,11.263,-11.2,-6.47,-78.47,0,0,DCHG, ,
32855.9,1,1,1,1,4,23325.0,-1,11.262,-11.2,-6.47,-78.48,0,0,DCHG, ,
32860.9,1,1,1,1,4,23330.0,-1,11.261,-11.2,-6.47,-78.5,0,0,DCHG, ,
32865.9,1,1,1,1,4,23335.0,-1,11.261,-11.2,-6.48,-78.51,0,0,DCHG, ,
32870.9,1,1,1,1,4,23340.0,-1,11.26,-11.2,-6.48,-78.53,0,0,DCHG, ,
32875.9,1,1,1,1,4,23345.0,-1,11.259,-11.2,-6.48,-78.55,0,0,DCHG, ,
32880.9,1,1,1,1,4,23350.0,-1,11.258,-11.2,-6.48,-78.56,0,0,DCHG, ,
32885.9,1,1,1,1,4,23355.0,-1,11.258,-11.2,-6.48,-78.58,0,0,DCHG, ,
32890.9,1,1,1,1,4,23360.0,-1,11.257,-11.2,-6.48,-78.59,0,0,DCHG, ,
32895.9,1,1,1,1,4,23365.0,-1,11.257,-11.2,-6.48,-78.61,0,0,DCHG, ,
32900.9,1,1,1,1,4,23370.0,-1,11.256,-11.2,-6.49,-78.62,0,0,DCHG, ,
32905.9,1,1,1,1,4,23375.0,-1,11.256,-11.2,-6.49,-78.64,0,0,DCHG, ,
32910.9,1,1,1,1,4,23380.0,-1,11.254,-11.2,-6.49,-78.65,0,0,DCHG, ,
32915.9,1,1,1,1,4,23385.0,-1,11.254,-11.2,-6.49,-78.67,0,0,DCHG, ,
32920.9,1,1,1,1,4,23390.0,-1,11.253,-11.2,-6.49,-78.69,0,0,DCHG, ,
32925.9,1,1,1,1,4,23395.0,-1,11.252,-11.2,-6.49,-78.7,0,0,DCHG, ,
32930.9,1,1,1,1,4,23400.0,-1,11.252,-11.2,-6.49,-78.72,0,0,DCHG, ,
32935.9,1,1,1,1,4,23405.0,-1,11.251,-11.2,-6.5,-78.73,0,0,DCHG, ,
32940.9,1,1,1,1,4,23410.0,-1,11.25,-11.2,-6.5,-78.75,0,0,DCHG, ,
32945.9,1,1,1,1,4,23415.0,-1,11.25,-11.2,-6.5,-78.76,0,0,DCHG, ,
32950.9,1,1,1,1,4,23420.0,-1,11.248,-11.2,-6.5,-78.78,0,0,DCHG, ,
32955.9,1,1,1,1,4,23425.0,-1,11.248,-11.2,-6.5,-78.79,0,0,DCHG, ,
32960.9,1,1,1,1,4,23430.0,-1,11.247,-11.2,-6.5,-78.81,0,0,DCHG, ,
32965.9,1,1,1,1,4,23435.0,-1,11.247,-11.2,-6.5,-78.83,0,0,DCHG, ,
32970.9,1,1,1,1,4,23440.0,-1,11.246,-11.2,-6.51,-78.84,0,0,DCHG, ,
32975.9,1,1,1,1,4,23445.0,-1,11.246,-11.2,-6.51,-78.86,0,0,DCHG, ,
32980.9,1,1,1,1,4,23450.0,-1,11.244,-11.2,-6.51,-78.87,0,0,DCHG, ,
32985.9,1,1,1,1,4,23455.0,-1,11.244,-11.2,-6.51,-78.89,0,0,DCHG, ,
32990.9,1,1,1,1,4,23460.0,-1,11.243,-11.2,-6.51,-78.9,0,0,DCHG, ,
32995.9,1,1,1,1,4,23465.0,-1,11.242,-11.2,-6.51,-78.92,0,0,DCHG, ,
33000.9,1,1,1,1,4,23470.0,-1,11.242,-11.2,-6.51,-78.93,0,0,DCHG, ,
33005.9,1,1,1,1,4,23475.0,-1,11.241,-11.2,-6.51,-78.95,0,0,DCHG, ,
33010.9,1,1,1,1,4,23480.0,-1,11.241,-11.2,-6.52,-78.97,0,0,DCHG, ,
33015.9,1,1,1,1,4,23485.0,-1,11.24,-11.2,-6.52,-78.98,0,0,DCHG, ,
33020.9,1,1,1,1,4,23490.0,-1,11.238,-11.2,-6.52,-79,0,0,DCHG, ,
33025.9,1,1,1,1,4,23495.0,-1,11.238,-11.2,-6.52,-79.01,0,0,DCHG, ,
33030.9,1,1,1,1,4,23500.0,-1,11.238,-11.2,-6.52,-79.03,0,0,DCHG, ,
33035.9,1,1,1,1,4,23505.0,-1,11.237,-11.2,-6.52,-79.04,0,0,DCHG, ,
33040.9,1,1,1,1,4,23510.0,-1,11.236,-11.2,-6.52,-79.06,0,0,DCHG, ,
33045.9,1,1,1,1,4,23515.0,-1,11.236,-11.2,-6.53,-79.07,0,0,DCHG, ,
33050.9,1,1,1,1,4,23520.0,-1,11.235,-11.2,-6.53,-79.09,0,0,DCHG, ,
33055.9,1,1,1,1,4,23525.0,-1,11.234,-11.2,-6.53,-79.11,0,0,DCHG, ,
33060.9,1,1,1,1,4,23530.0,-1,11.233,-11.2,-6.53,-79.12,0,0,DCHG, ,
33065.9,1,1,1,1,4,23535.0,-1,11.232,-11.2,-6.53,-79.14,0,0,DCHG, ,
33070.9,1,1,1,1,4,23540.0,-1,11.232,-11.2,-6.53,-79.15,0,0,DCHG, ,
33075.9,1,1,1,1,4,23545.0,-1,11.231,-11.2,-6.53,-79.17,0,0,DCHG, ,
33080.9,1,1,1,1,4,23550.0,-1,11.23,-11.2,-6.54,-79.18,0,0,DCHG, ,
33085.9,1,1,1,1,4,23555.0,-1,11.23,-11.2,-6.54,-79.2,0,0,DCHG, ,
33090.9,1,1,1,1,4,23560.0,-1,11.229,-11.2,-6.54,-79.21,0,0,DCHG, ,
33095.9,1,1,1,1,4,23565.0,-1,11.228,-11.2,-6.54,-79.23,0,0,DCHG, ,
33100.9,1,1,1,1,4,23570.0,-1,11.228,-11.2,-6.54,-79.25,0,0,DCHG, ,
33105.9,1,1,1,1,4,23575.0,-1,11.227,-11.2,-6.54,-79.26,0,0,DCHG, ,
33110.9,1,1,1,1,4,23580.0,-1,11.226,-11.2,-6.54,-79.28,0,0,DCHG, ,
33115.9,1,1,1,1,4,23585.0,-1,11.225,-11.2,-6.55,-79.29,0,0,DCHG, ,
33120.9,1,1,1,1,4,23590.0,-1,11.224,-11.2,-6.55,-79.31,0,0,DCHG, ,
33125.9,1,1,1,1,4,23595.0,-1,11.224,-11.2,-6.55,-79.32,0,0,DCHG, ,
33130.9,1,1,1,1,4,23600.0,-1,11.223,-11.2,-6.55,-79.34,0,0,DCHG, ,
33135.9,1,1,1,1,4,23605.0,-1,11.222,-11.2,-6.55,-79.35,0,0,DCHG, ,
33140.9,1,1,1,1,4,23610.0,-1,11.221,-11.2,-6.55,-79.37,0,0,DCHG, ,
33145.9,1,1,1,1,4,23615.0,-1,11.22,-11.2,-6.55,-79.39,0,0,DCHG, ,
33150.9,1,1,1,1,4,23620.0,-1,11.22,-11.2,-6.56,-79.4,0,0,DCHG, ,
33155.9,1,1,1,1,4,23625.0,-1,11.219,-11.2,-6.56,-79.42,0,0,DCHG, ,
33160.9,1,1,1,1,4,23630.0,-1,11.219,-11.2,-6.56,-79.43,0,0,DCHG, ,
33165.9,1,1,1,1,4,23635.0,-0.99,11.217,-11.1,-6.56,-79.45,0,0,DCHG, ,
33170.9,1,1,1,1,4,23640.0,-1,11.217,-11.2,-6.56,-79.46,0,0,DCHG, ,
33175.9,1,1,1,1,4,23645.0,-1,11.216,-11.2,-6.56,-79.48,0,0,DCHG, ,
33180.9,1,1,1,1,4,23650.0,-1,11.215,-11.2,-6.56,-79.49,0,0,DCHG, ,
33185.9,1,1,1,1,4,23655.0,-1,11.214,-11.2,-6.56,-79.51,0,0,DCHG, ,
33190.9,1,1,1,1,4,23660.0,-1,11.214,-11.2,-6.57,-79.53,0,0,DCHG, ,
33195.9,1,1,1,1,4,23665.0,-1,11.213,-11.2,-6.57,-79.54,0,0,DCHG, ,
33200.9,1,1,1,1,4,23670.0,-1,11.212,-11.1,-6.57,-79.56,0,0,DCHG, ,
33205.9,1,1,1,1,4,23675.0,-1,11.211,-11.2,-6.57,-79.57,0,0,DCHG, ,
33210.9,1,1,1,1,4,23680.0,-1,11.211,-11.2,-6.57,-79.59,0,0,DCHG, ,
33215.9,1,1,1,1,4,23685.0,-1,11.21,-11.1,-6.57,-79.6,0,0,DCHG, ,
33220.9,1,1,1,1,4,23690.0,-1,11.209,-11.1,-6.57,-79.62,0,0,DCHG, ,
33225.9,1,1,1,1,4,23695.0,-1,11.209,-11.2,-6.58,-79.63,0,0,DCHG, ,
33230.9,1,1,1,1,4,23700.0,-1,11.208,-11.2,-6.58,-79.65,0,0,DCHG, ,
33235.9,1,1,1,1,4,23705.0,-1,11.207,-11.2,-6.58,-79.67,0,0,DCHG, ,
33240.9,1,1,1,1,4,23710.0,-1,11.206,-11.2,-6.58,-79.68,0,0,DCHG, ,
33245.9,1,1,1,1,4,23715.0,-1,11.205,-11.2,-6.58,-79.7,0,0,DCHG, ,
33250.9,1,1,1,1,4,23720.0,-1,11.205,-11.1,-6.58,-79.71,0,0,DCHG, ,
33255.9,1,1,1,1,4,23725.0,-1,11.204,-11.1,-6.58,-79.73,0,0,DCHG, ,
33260.9,1,1,1,1,4,23730.0,-1,11.203,-11.2,-6.59,-79.74,0,0,DCHG, ,
33265.9,1,1,1,1,4,23735.0,-1,11.202,-11.1,-6.59,-79.76,0,0,DCHG, ,
33270.9,1,1,1,1,4,23740.0,-1,11.201,-11.1,-6.59,-79.77,0,0,DCHG, ,
33275.9,1,1,1,1,4,23745.0,-1,11.201,-11.1,-6.59,-79.79,0,0,DCHG, ,
33280.9,1,1,1,1,4,23750.0,-1,11.199,-11.2,-6.59,-79.8,0,0,DCHG, ,
33285.9,1,1,1,1,4,23755.0,-1,11.199,-11.1,-6.59,-79.82,0,0,DCHG, ,
33290.9,1,1,1,1,4,23760.0,-1,11.198,-11.1,-6.59,-79.84,0,0,DCHG, ,
33295.9,1,1,1,1,4,23765.0,-1,11.197,-11.1,-6.6,-79.85,0,0,DCHG, ,
33300.9,1,1,1,1,4,23770.0,-1,11.197,-11.1,-6.6,-79.87,0,0,DCHG, ,
33305.9,1,1,1,1,4,23775.0,-1,11.196,-11.1,-6.6,-79.88,0,0,DCHG, ,
33310.9,1,1,1,1,4,23780.0,-1,11.195,-11.1,-6.6,-79.9,0,0,DCHG, ,
33315.9,1,1,1,1,4,23785.0,-1,11.194,-11.1,-6.6,-79.91,0,0,DCHG, ,
33320.9,1,1,1,1,4,23790.0,-1,11.194,-11.1,-6.6,-79.93,0,0,DCHG, ,
33325.9,1,1,1,1,4,23795.0,-1,11.193,-11.1,-6.6,-79.94,0,0,DCHG, ,
33330.9,1,1,1,1,4,23800.0,-1,11.192,-11.1,-6.61,-79.96,0,0,DCHG, ,
33335.9,1,1,1,1,4,23805.0,-1,11.191,-11.1,-6.61,-79.97,0,0,DCHG, ,
33340.9,1,1,1,1,4,23810.0,-1,11.191,-11.1,-6.61,-79.99,0,0,DCHG, ,
33345.9,1,1,1,1,4,23815.0,-1,11.189,-11.1,-6.61,-80,0,0,DCHG, ,
33350.9,1,1,1,1,4,23820.0,-1,11.189,-11.1,-6.61,-80.02,0,0,DCHG, ,
33355.9,1,1,1,1,4,23825.0,-1,11.188,-11.1,-6.61,-80.04,0,0,DCHG, ,
33360.9,1,1,1,1,4,23830.0,-1,11.187,-11.1,-6.61,-80.05,0,0,DCHG, ,
33365.9,1,1,1,1,4,23835.0,-1,11.186,-11.1,-6.61,-80.07,0,0,DCHG, ,
33370.9,1,1,1,1,4,23840.0,-1,11.186,-11.1,-6.62,-80.08,0,0,DCHG, ,
33375.9,1,1,1,1,4,23845.0,-1,11.184,-11.1,-6.62,-80.1,0,0,DCHG, ,
33380.9,1,1,1,1,4,23850.0,-1,11.184,-11.1,-6.62,-80.11,0,0,DCHG, ,
33385.9,1,1,1,1,4,23855.0,-1,11.183,-11.1,-6.62,-80.13,0,0,DCHG, ,
33390.9,1,1,1,1,4,23860.0,-1,11.182,-11.1,-6.62,-80.14,0,0,DCHG, ,
33395.9,1,1,1,1,4,23865.0,-1,11.181,-11.1,-6.62,-80.16,0,0,DCHG, ,
33400.9,1,1,1,1,4,23870.0,-1,11.18,-11.1,-6.62,-80.17,0,0,DCHG, ,
33405.9,1,1,1,1,4,23875.0,-1,11.18,-11.1,-6.63,-80.19,0,0,DCHG, ,
33410.9,1,1,1,1,4,23880.0,-1,11.179,-11.1,-6.63,-80.21,0,0,DCHG, ,
33415.9,1,1,1,1,4,23885.0,-1,11.178,-11.1,-6.63,-80.22,0,0,DCHG, ,
33420.9,1,1,1,1,4,23890.0,-1,11.177,-11.1,-6.63,-80.24,0,0,DCHG, ,
33425.9,1,1,1,1,4,23895.0,-1,11.176,-11.1,-6.63,-80.25,0,0,DCHG, ,
33430.9,1,1,1,1,4,23900.0,-1,11.176,-11.1,-6.63,-80.27,0,0,DCHG, ,
33435.9,1,1,1,1,4,23905.0,-1,11.175,-11.1,-6.63,-80.28,0,0,DCHG, ,
33440.9,1,1,1,1,4,23910.0,-1,11.174,-11.1,-6.64,-80.3,0,0,DCHG, ,
33445.9,1,1,1,1,4,23915.0,-1,11.173,-11.1,-6.64,-80.31,0,0,DCHG, ,
33450.9,1,1,1,1,4,23920.0,-1,11.172,-11.1,-6.64,-80.33,0,0,DCHG, ,
33455.9,1,1,1,1,4,23925.0,-1,11.172,-11.1,-6.64,-80.34,0,0,DCHG, ,
33460.9,1,1,1,1,4,23930.0,-1,11.17,-11.1,-6.64,-80.36,0,0,DCHG, ,
33465.9,1,1,1,1,4,23935.0,-1,11.169,-11.1,-6.64,-80.37,0,0,DCHG, ,
33470.9,1,1,1,1,4,23940.0,-1,11.169,-11.1,-6.64,-80.39,0,0,DCHG, ,
33475.9,1,1,1,1,4,23945.0,-1,11.168,-11.1,-6.65,-80.41,0,0,DCHG, ,
33480.9,1,1,1,1,4,23950.0,-1,11.167,-11.1,-6.65,-80.42,0,0,DCHG, ,
33485.9,1,1,1,1,4,23955.0,-1,11.167,-11.1,-6.65,-80.44,0,0,DCHG, ,
33490.9,1,1,1,1,4,23960.0,-1,11.165,-11.1,-6.65,-80.45,0,0,DCHG, ,
33495.9,1,1,1,1,4,23965.0,-1,11.164,-11.1,-6.65,-80.47,0,0,DCHG, ,
33500.9,1,1,1,1,4,23970.0,-1,11.164,-11.1,-6.65,-80.48,0,0,DCHG, ,
33505.9,1,1,1,1,4,23975.0,-1,11.162,-11.1,-6.65,-80.5,0,0,DCHG, ,
33510.9,1,1,1,1,4,23980.0,-1,11.162,-11.1,-6.66,-80.51,0,0,DCHG, ,
33515.9,1,1,1,1,4,23985.0,-1,11.161,-11.1,-6.66,-80.53,0,0,DCHG, ,
33520.9,1,1,1,1,4,23990.0,-1,11.16,-11.1,-6.66,-80.54,0,0,DCHG, ,
33525.9,1,1,1,1,4,23995.0,-1,11.159,-11.1,-6.66,-80.56,0,0,DCHG, ,
33530.9,1,1,1,1,4,24000.0,-1,11.158,-11.1,-6.66,-80.58,0,0,DCHG, ,
33535.9,1,1,1,1,4,24005.0,-1,11.157,-11.1,-6.66,-80.59,0,0,DCHG, ,
33540.9,1,1,1,1,4,24010.0,-1,11.157,-11.1,-6.66,-80.61,0,0,DCHG, ,
33545.9,1,1,1,1,4,24015.0,-1,11.156,-11.1,-6.66,-80.62,0,0,DCHG, ,
33550.9,1,1,1,1,4,24020.0,-1,11.155,-11.1,-6.67,-80.64,0,0,DCHG, ,
33555.9,1,1,1,1,4,24025.0,-1,11.154,-11.1,-6.67,-80.65,0,0,DCHG, ,
33560.9,1,1,1,1,4,24030.0,-1,11.153,-11.1,-6.67,-80.67,0,0,DCHG, ,
33565.9,1,1,1,1,4,24035.0,-1,11.152,-11.1,-6.67,-80.68,0,0,DCHG, ,
33570.9,1,1,1,1,4,24040.0,-1,11.151,-11.1,-6.67,-80.7,0,0,DCHG, ,
33575.9,1,1,1,1,4,24045.0,-1,11.15,-11.1,-6.67,-80.71,0,0,DCHG, ,
33580.9,1,1,1,1,4,24050.0,-1,11.149,-11.1,-6.67,-80.73,0,0,DCHG, ,
33585.9,1,1,1,1,4,24055.0,-1,11.149,-11.1,-6.68,-80.74,0,0,DCHG, ,
33590.9,1,1,1,1,4,24060.0,-1,11.147,-11.1,-6.68,-80.76,0,0,DCHG, ,
33595.9,1,1,1,1,4,24065.0,-1,11.146,-11.1,-6.68,-80.78,0,0,DCHG, ,
33600.9,1,1,1,1,4,24070.0,-1,11.145,-11.1,-6.68,-80.79,0,0,DCHG, ,
33605.9,1,1,1,1,4,24075.0,-1,11.145,-11.1,-6.68,-80.81,0,0,DCHG, ,
33610.9,1,1,1,1,4,24080.0,-1,11.144,-11.1,-6.68,-80.82,0,0,DCHG, ,
33615.9,1,1,1,1,4,24085.0,-1,11.144,-11.1,-6.68,-80.84,0,0,DCHG, ,
33620.9,1,1,1,1,4,24090.0,-1,11.143,-11.1,-6.69,-80.85,0,0,DCHG, ,
33625.9,1,1,1,1,4,24095.0,-1,11.142,-11.1,-6.69,-80.87,0,0,DCHG, ,
33630.9,1,1,1,1,4,24100.0,-1,11.141,-11.1,-6.69,-80.88,0,0,DCHG, ,
33635.9,1,1,1,1,4,24105.0,-1,11.14,-11.1,-6.69,-80.9,0,0,DCHG, ,
33640.9,1,1,1,1,4,24110.0,-1,11.139,-11.1,-6.69,-80.91,0,0,DCHG, ,
33645.9,1,1,1,1,4,24115.0,-1,11.138,-11.1,-6.69,-80.93,0,0,DCHG, ,
33650.9,1,1,1,1,4,24120.0,-1,11.137,-11.1,-6.69,-80.95,0,0,DCHG, ,
33655.9,1,1,1,1,4,24125.0,-1,11.136,-11.1,-6.7,-80.96,0,0,DCHG, ,
33660.9,1,1,1,1,4,24130.0,-1,11.135,-11.1,-6.7,-80.98,0,0,DCHG, ,
33665.9,1,1,1,1,4,24135.0,-1,11.135,-11.1,-6.7,-80.99,0,0,DCHG, ,
33670.9,1,1,1,1,4,24140.0,-1,11.133,-11.1,-6.7,-81.01,0,0,DCHG, ,
33675.9,1,1,1,1,4,24145.0,-1,11.133,-11.1,-6.7,-81.02,0,0,DCHG, ,
33680.9,1,1,1,1,4,24150.0,-1,11.132,-11.1,-6.7,-81.04,0,0,DCHG, ,
33685.9,1,1,1,1,4,24155.0,-1,11.131,-11.1,-6.7,-81.05,0,0,DCHG, ,
33690.9,1,1,1,1,4,24160.0,-1,11.13,-11.1,-6.71,-81.07,0,0,DCHG, ,
33695.9,1,1,1,1,4,24165.0,-1,11.129,-11.1,-6.71,-81.08,0,0,DCHG, ,
33700.9,1,1,1,1,4,24170.0,-1,11.128,-11.1,-6.71,-81.1,0,0,DCHG, ,
33705.9,1,1,1,1,4,24175.0,-1,11.127,-11.1,-6.71,-81.11,0,0,DCHG, ,
33710.9,1,1,1,1,4,24180.0,-1,11.126,-11.1,-6.71,-81.13,0,0,DCHG, ,
33715.9,1,1,1,1,4,24185.0,-1,11.125,-11.1,-6.71,-81.15,0,0,DCHG, ,
33720.9,1,1,1,1,4,24190.0,-1,11.124,-11.1,-6.71,-81.16,0,0,DCHG, ,
33725.9,1,1,1,1,4,24195.0,-1,11.123,-11.1,-6.71,-81.18,0,0,DCHG, ,
33730.9,1,1,1,1,4,24200.0,-1,11.122,-11.1,-6.72,-81.19,0,0,DCHG, ,
33735.9,1,1,1,1,4,24205.0,-1,11.122,-11.1,-6.72,-81.21,0,0,DCHG, ,
33740.9,1,1,1,1,4,24210.0,-1,11.121,-11.1,-6.72,-81.22,0,0,DCHG, ,
33745.9,1,1,1,1,4,24215.0,-1,11.12,-11.1,-6.72,-81.24,0,0,DCHG, ,
33750.9,1,1,1,1,4,24220.0,-1,11.119,-11.1,-6.72,-81.25,0,0,DCHG, ,
33755.9,1,1,1,1,4,24225.0,-1,11.117,-11.1,-6.72,-81.27,0,0,DCHG, ,
33760.9,1,1,1,1,4,24230.0,-1,11.117,-11.1,-6.72,-81.28,0,0,DCHG, ,
33765.9,1,1,1,1,4,24235.0,-1,11.116,-11.1,-6.73,-81.3,0,0,DCHG, ,
33770.9,1,1,1,1,4,24240.0,-1,11.115,-11.1,-6.73,-81.32,0,0,DCHG, ,
33775.9,1,1,1,1,4,24245.0,-1,11.114,-11.1,-6.73,-81.33,0,0,DCHG, ,
33780.9,1,1,1,1,4,24250.0,-1,11.112,-11.1,-6.73,-81.35,0,0,DCHG, ,
33785.9,1,1,1,1,4,24255.0,-1,11.112,-11.1,-6.73,-81.36,0,0,DCHG, ,
33790.9,1,1,1,1,4,24260.0,-1,11.11,-11.1,-6.73,-81.38,0,0,DCHG, ,
33795.9,1,1,1,1,4,24265.0,-1,11.109,-11.1,-6.73,-81.39,0,0,DCHG, ,
33800.9,1,1,1,1,4,24270.0,-1,11.109,-11,-6.74,-81.41,0,0,DCHG, ,
33805.9,1,1,1,1,4,24275.0,-1,11.108,-11,-6.74,-81.42,0,0,DCHG, ,
33810.9,1,1,1,1,4,24280.0,-1,11.107,-11.1,-6.74,-81.44,0,0,DCHG, ,
33815.9,1,1,1,1,4,24285.0,-1,11.106,-11.1,-6.74,-81.45,0,0,DCHG, ,
33820.9,1,1,1,1,4,24290.0,-1,11.105,-11,-6.74,-81.47,0,0,DCHG, ,
33825.9,1,1,1,1,4,24295.0,-1,11.104,-11.1,-6.74,-81.48,0,0,DCHG, ,
33830.9,1,1,1,1,4,24300.0,-1,11.103,-11,-6.74,-81.5,0,0,DCHG, ,
33835.9,1,1,1,1,4,24305.0,-1,11.102,-11.1,-6.75,-81.51,0,0,DCHG, ,
33840.9,1,1,1,1,4,24310.0,-1,11.101,-11,-6.75,-81.53,0,0,DCHG, ,
33845.9,1,1,1,1,4,24315.0,-1,11.1,-11,-6.75,-81.55,0,0,DCHG, ,
33850.9,1,1,1,1,4,24320.0,-1,11.099,-11,-6.75,-81.56,0,0,DCHG, ,
33855.9,1,1,1,1,4,24325.0,-1,11.098,-11,-6.75,-81.58,0,0,DCHG, ,
33860.9,1,1,1,1,4,24330.0,-1,11.097,-11,-6.75,-81.59,0,0,DCHG, ,
33865.9,1,1,1,1,4,24335.0,-1,11.096,-11,-6.75,-81.61,0,0,DCHG, ,
33870.9,1,1,1,1,4,24340.0,-1,11.095,-11,-6.76,-81.62,0,0,DCHG, ,
33875.9,1,1,1,1,4,24345.0,-1,11.094,-11,-6.76,-81.64,0,0,DCHG, ,
33880.9,1,1,1,1,4,24350.0,-1,11.093,-11,-6.76,-81.65,0,0,DCHG, ,
33885.9,1,1,1,1,4,24355.0,-1,11.093,-11,-6.76,-81.67,0,0,DCHG, ,
33890.9,1,1,1,1,4,24360.0,-1,11.091,-11,-6.76,-81.68,0,0,DCHG, ,
33895.9,1,1,1,1,4,24365.0,-1,11.09,-11,-6.76,-81.7,0,0,DCHG, ,
33900.9,1,1,1,1,4,24370.0,-1,11.089,-11,-6.76,-81.71,0,0,DCHG, ,
33905.9,1,1,1,1,4,24375.0,-1,11.088,-11,-6.76,-81.73,0,0,DCHG, ,
33910.9,1,1,1,1,4,24380.0,-1,11.087,-11,-6.77,-81.74,0,0,DCHG, ,
33915.9,1,1,1,1,4,24385.0,-1,11.086,-11,-6.77,-81.76,0,0,DCHG, ,
33920.9,1,1,1,1,4,24390.0,-1,11.085,-11,-6.77,-81.77,0,0,DCHG, ,
33925.9,1,1,1,1,4,24395.0,-1,11.084,-11,-6.77,-81.79,0,0,DCHG, ,
33930.9,1,1,1,1,4,24400.0,-1,11.083,-11,-6.77,-81.81,0,0,DCHG, ,
33935.9,1,1,1,1,4,24405.0,-1,11.082,-11,-6.77,-81.82,0,0,DCHG, ,
33940.9,1,1,1,1,4,24410.0,-1,11.081,-11,-6.77,-81.84,0,0,DCHG, ,
33945.9,1,1,1,1,4,24415.0,-1,11.079,-11,-6.78,-81.85,0,0,DCHG, ,
33950.9,1,1,1,1,4,24420.0,-1,11.078,-11,-6.78,-81.87,0,0,DCHG, ,
33955.9,1,1,1,1,4,24425.0,-1,11.078,-11,-6.78,-81.88,0,0,DCHG, ,
33960.9,1,1,1,1,4,24430.0,-1,11.077,-11,-6.78,-81.9,0,0,DCHG, ,
33965.9,1,1,1,1,4,24435.0,-1,11.075,-11,-6.78,-81.91,0,0,DCHG, ,
33970.9,1,1,1,1,4,24440.0,-1,11.075,-11,-6.78,-81.93,0,0,DCHG, ,
33975.9,1,1,1,1,4,24445.0,-1,11.074,-11,-6.78,-81.94,0,0,DCHG, ,
33980.9,1,1,1,1,4,24450.0,-1,11.072,-11,-6.79,-81.96,0,0,DCHG, ,
33985.9,1,1,1,1,4,24455.0,-1,11.072,-11,-6.79,-81.97,0,0,DCHG, ,
33990.9,1,1,1,1,4,24460.0,-1,11.071,-11,-6.79,-81.99,0,0,DCHG, ,
33995.9,1,1,1,1,4,24465.0,-1,11.069,-11,-6.79,-82,0,0,DCHG, ,
34000.9,1,1,1,1,4,24470.0,-1,11.068,-11,-6.79,-82.02,0,0,DCHG, ,
34005.9,1,1,1,1,4,24475.0,-1,11.067,-11,-6.79,-82.03,0,0,DCHG, ,
34010.9,1,1,1,1,4,24480.0,-1,11.066,-11,-6.79,-82.05,0,0,DCHG, ,
34015.9,1,1,1,1,4,24485.0,-1,11.065,-11,-6.8,-82.06,0,0,DCHG, ,
34020.9,1,1,1,1,4,24490.0,-1,11.064,-11,-6.8,-82.08,0,0,DCHG, ,
34025.9,1,1,1,1,4,24495.0,-1,11.063,-11,-6.8,-82.1,0,0,DCHG, ,
34030.9,1,1,1,1,4,24500.0,-1,11.062,-11,-6.8,-82.11,0,0,DCHG, ,
34035.9,1,1,1,1,4,24505.0,-1,11.061,-11,-6.8,-82.13,0,0,DCHG, ,
34040.9,1,1,1,1,4,24510.0,-1,11.06,-11,-6.8,-82.14,0,0,DCHG, ,
34045.9,1,1,1,1,4,24515.0,-1,11.058,-11,-6.8,-82.16,0,0,DCHG, ,
34050.9,1,1,1,1,4,24520.0,-1,11.058,-11,-6.81,-82.17,0,0,DCHG, ,
34055.9,1,1,1,1,4,24525.0,-1,11.057,-11,-6.81,-82.19,0,0,DCHG, ,
34060.9,1,1,1,1,4,24530.0,-1,11.055,-11,-6.81,-82.2,0,0,DCHG, ,
34065.9,1,1,1,1,4,24535.0,-1,11.054,-11,-6.81,-82.22,0,0,DCHG, ,
34070.9,1,1,1,1,4,24540.0,-1,11.053,-11,-6.81,-82.23,0,0,DCHG, ,
34075.9,1,1,1,1,4,24545.0,-1,11.052,-11,-6.81,-82.25,0,0,DCHG, ,
34080.9,1,1,1,1,4,24550.0,-1,11.051,-11,-6.81,-82.26,0,0,DCHG, ,
34085.9,1,1,1,1,4,24555.0,-1,11.05,-11,-6.81,-82.28,0,0,DCHG, ,
34090.9,1,1,1,1,4,24560.0,-1,11.049,-11,-6.82,-82.29,0,0,DCHG, ,
34095.9,1,1,1,1,4,24565.0,-1,11.049,-11,-6.82,-82.31,0,0,DCHG, ,
34100.9,1,1,1,1,4,24570.0,-1,11.047,-11,-6.82,-82.32,0,0,DCHG, ,
34105.9,1,1,1,1,4,24575.0,-1,11.046,-11,-6.82,-82.34,0,0,DCHG, ,
34110.9,1,1,1,1,4,24580.0,-1,11.045,-11,-6.82,-82.36,0,0,DCHG, ,
34115.9,1,1,1,1,4,24585.0,-1,11.043,-11,-6.82,-82.37,0,0,DCHG, ,
34120.9,1,1,1,1,4,24590.0,-1,11.042,-11,-6.82,-82.39,0,0,DCHG, ,
34125.9,1,1,1,1,4,24595.0,-1,11.041,-11,-6.83,-82.4,0,0,DCHG, ,
34130.9,1,1,1,1,4,24600.0,-1,11.04,-11,-6.83,-82.42,0,0,DCHG, ,
34135.9,1,1,1,1,4,24605.0,-1,11.039,-11,-6.83,-82.43,0,0,DCHG, ,
34140.9,1,1,1,1,4,24610.0,-1,11.038,-11,-6.83,-82.45,0,0,DCHG, ,
34145.9,1,1,1,1,4,24615.0,-1,11.036,-11,-6.83,-82.46,0,0,DCHG, ,
34150.9,1,1,1,1,4,24620.0,-1,11.035,-11,-6.83,-82.48,0,0,DCHG, ,
34155.9,1,1,1,1,4,24625.0,-1,11.034,-11,-6.83,-82.49,0,0,DCHG, ,
34160.9,1,1,1,1,4,24630.0,-1,11.032,-11,-6.84,-82.51,0,0,DCHG, ,
34165.9,1,1,1,1,4,24635.0,-1,11.031,-11,-6.84,-82.52,0,0,DCHG, ,
34170.9,1,1,1,1,4,24640.0,-1,11.03,-11,-6.84,-82.54,0,0,DCHG, ,
34175.9,1,1,1,1,4,24645.0,-1,11.029,-11,-6.84,-82.55,0,0,DCHG, ,
34180.9,1,1,1,1,4,24650.0,-1,11.028,-11,-6.84,-82.57,0,0,DCHG, ,
34185.9,1,1,1,1,4,24655.0,-1,11.027,-11,-6.84,-82.58,0,0,DCHG, ,
34190.9,1,1,1,1,4,24660.0,-1,11.026,-11,-6.84,-82.6,0,0,DCHG, ,
34195.9,1,1,1,1,4,24665.0,-1,11.025,-11,-6.85,-82.61,0,0,DCHG, ,
34200.9,1,1,1,1,4,24670.0,-1,11.024,-11,-6.85,-82.63,0,0,DCHG, ,
34205.9,1,1,1,1,4,24675.0,-1,11.022,-11,-6.85,-82.65,0,0,DCHG, ,
34210.9,1,1,1,1,4,24680.0,-1,11.021,-11,-6.85,-82.66,0,0,DCHG, ,
34215.9,1,1,1,1,4,24685.0,-1,11.02,-11,-6.85,-82.68,0,0,DCHG, ,
34220.9,1,1,1,1,4,24690.0,-1,11.019,-11,-6.85,-82.69,0,0,DCHG, ,
34225.9,1,1,1,1,4,24695.0,-1,11.018,-11,-6.85,-82.71,0,0,DCHG, ,
34230.9,1,1,1,1,4,24700.0,-1,11.017,-11,-6.86,-82.72,0,0,DCHG, ,
34235.9,1,1,1,1,4,24705.0,-1,11.015,-11,-6.86,-82.74,0,0,DCHG, ,
34240.9,1,1,1,1,4,24710.0,-1,11.014,-11,-6.86,-82.75,0,0,DCHG, ,
34245.9,1,1,1,1,4,24715.0,-1,11.013,-11,-6.86,-82.77,0,0,DCHG, ,
34250.9,1,1,1,1,4,24720.0,-0.99,11.012,-10.9,-6.86,-82.78,0,0,DCHG, ,
34255.9,1,1,1,1,4,24725.0,-1,11.01,-11,-6.86,-82.8,0,0,DCHG, ,
34260.9,1,1,1,1,4,24730.0,-1,11.009,-10.9,-6.86,-82.81,0,0,DCHG, ,
34265.9,1,1,1,1,4,24735.0,-1,11.007,-10.9,-6.86,-82.83,0,0,DCHG, ,
34270.9,1,1,1,1,4,24740.0,-1,11.006,-10.9,-6.87,-82.84,0,0,DCHG, ,
34275.9,1,1,1,1,4,24745.0,-1,11.005,-10.9,-6.87,-82.86,0,0,DCHG, ,
34280.9,1,1,1,1,4,24750.0,-0.99,11.004,-10.9,-6.87,-82.87,0,0,DCHG, ,
34285.9,1,1,1,1,4,24755.0,-1,11.003,-10.9,-6.87,-82.89,0,0,DCHG, ,
34290.9,1,1,1,1,4,24760.0,-1,11.001,-10.9,-6.87,-82.9,0,0,DCHG, ,
34295.9,1,1,1,1,4,24765.0,-1,11,-10.9,-6.87,-82.92,0,0,DCHG, ,
34300.9,1,1,1,1,4,24770.0,-1,10.999,-10.9,-6.87,-82.93,0,0,DCHG, ,
34305.9,1,1,1,1,4,24775.0,-1,10.997,-10.9,-6.88,-82.95,0,0,DCHG, ,
34310.9,1,1,1,1,4,24780.0,-1,10.997,-10.9,-6.88,-82.97,0,0,DCHG, ,
34315.9,1,1,1,1,4,24785.0,-1,10.995,-10.9,-6.88,-82.98,0,0,DCHG, ,
34320.9,1,1,1,1,4,24790.0,-1,10.993,-10.9,-6.88,-83,0,0,DCHG, ,
34325.9,1,1,1,1,4,24795.0,-1,10.993,-10.9,-6.88,-83.01,0,0,DCHG, ,
34330.9,1,1,1,1,4,24800.0,-1,10.991,-10.9,-6.88,-83.03,0,0,DCHG, ,
34335.9,1,1,1,1,4,24805.0,-1,10.989,-10.9,-6.88,-83.04,0,0,DCHG, ,
34340.9,1,1,1,1,4,24810.0,-1,10.989,-10.9,-6.89,-83.06,0,0,DCHG, ,
34345.9,1,1,1,1,4,24815.0,-1,10.988,-10.9,-6.89,-83.07,0,0,DCHG, ,
34350.9,1,1,1,1,4,24820.0,-1,10.986,-10.9,-6.89,-83.09,0,0,DCHG, ,
34355.9,1,1,1,1,4,24825.0,-1,10.985,-10.9,-6.89,-83.1,0,0,DCHG, ,
34360.9,1,1,1,1,4,24830.0,-1,10.983,-10.9,-6.89,-83.12,0,0,DCHG, ,
34365.9,1,1,1,1,4,24835.0,-1,10.983,-10.9,-6.89,-83.13,0,0,DCHG, ,
34370.9,1,1,1,1,4,24840.0,-1,10.981,-10.9,-6.89,-83.15,0,0,DCHG, ,
34375.9,1,1,1,1,4,24845.0,-1,10.98,-10.9,-6.9,-83.16,0,0,DCHG, ,
34380.9,1,1,1,1,4,24850.0,-1,10.978,-10.9,-6.9,-83.18,0,0,DCHG, ,
34385.9,1,1,1,1,4,24855.0,-1,10.977,-10.9,-6.9,-83.19,0,0,DCHG, ,
34390.9,1,1,1,1,4,24860.0,-1,10.975,-10.9,-6.9,-83.21,0,0,DCHG, ,
34395.9,1,1,1,1,4,24865.0,-1,10.974,-10.9,-6.9,-83.22,0,0,DCHG, ,
34400.9,1,1,1,1,4,24870.0,-1,10.973,-10.9,-6.9,-83.24,0,0,DCHG, ,
34405.9,1,1,1,1,4,24875.0,-1,10.971,-10.9,-6.9,-83.25,0,0,DCHG, ,
34410.9,1,1,1,1,4,24880.0,-1,10.97,-10.9,-6.91,-83.27,0,0,DCHG, ,
34415.9,1,1,1,1,4,24885.0,-1,10.969,-10.9,-6.91,-83.28,0,0,DCHG, ,
34420.9,1,1,1,1,4,24890.0,-1,10.968,-10.9,-6.91,-83.3,0,0,DCHG, ,
34425.9,1,1,1,1,4,24895.0,-1,10.967,-10.9,-6.91,-83.31,0,0,DCHG, ,
34430.9,1,1,1,1,4,24900.0,-1,10.965,-10.9,-6.91,-83.33,0,0,DCHG, ,
34435.9,1,1,1,1,4,24905.0,-1,10.963,-10.9,-6.91,-83.34,0,0,DCHG, ,
34440.9,1,1,1,1,4,24910.0,-1,10.963,-10.9,-6.91,-83.36,0,0,DCHG, ,
34445.9,1,1,1,1,4,24915.0,-1,10.961,-10.9,-6.91,-83.37,0,0,DCHG, ,
34450.9,1,1,1,1,4,24920.0,-1,10.96,-10.9,-6.92,-83.39,0,0,DCHG, ,
34455.9,1,1,1,1,4,24925.0,-1,10.959,-10.9,-6.92,-83.4,0,0,DCHG, ,
34460.9,1,1,1,1,4,24930.0,-1,10.957,-10.9,-6.92,-83.42,0,0,DCHG, ,
34465.9,1,1,1,1,4,24935.0,-1,10.955,-10.9,-6.92,-83.43,0,0,DCHG, ,
34470.9,1,1,1,1,4,24940.0,-1,10.954,-10.9,-6.92,-83.45,0,0,DCHG, ,
34475.9,1,1,1,1,4,24945.0,-1,10.952,-10.9,-6.92,-83.46,0,0,DCHG, ,
34480.9,1,1,1,1,4,24950.0,-1,10.951,-10.9,-6.92,-83.48,0,0,DCHG, ,
34485.9,1,1,1,1,4,24955.0,-1,10.95,-10.9,-6.93,-83.49,0,0,DCHG, ,
34490.9,1,1,1,1,4,24960.0,-1,10.948,-10.9,-6.93,-83.51,0,0,DCHG, ,
34495.9,1,1,1,1,4,24965.0,-1,10.947,-10.9,-6.93,-83.53,0,0,DCHG, ,
34500.9,1,1,1,1,4,24970.0,-1,10.945,-10.9,-6.93,-83.54,0,0,DCHG, ,
34505.9,1,1,1,1,4,24975.0,-1,10.944,-10.9,-6.93,-83.56,0,0,DCHG, ,
34510.9,1,1,1,1,4,24980.0,-1,10.943,-10.9,-6.93,-83.57,0,0,DCHG, ,
34515.9,1,1,1,1,4,24985.0,-1,10.941,-10.9,-6.93,-83.59,0,0,DCHG, ,
34520.9,1,1,1,1,4,24990.0,-1,10.94,-10.9,-6.94,-83.6,0,0,DCHG, ,
34525.9,1,1,1,1,4,24995.0,-1,10.938,-10.9,-6.94,-83.62,0,0,DCHG, ,
34530.9,1,1,1,1,4,25000.0,-1,10.936,-10.9,-6.94,-83.63,0,0,DCHG, ,
34535.9,1,1,1,1,4,25005.0,-1,10.935,-10.9,-6.94,-83.65,0,0,DCHG, ,
34540.9,1,1,1,1,4,25010.0,-1,10.934,-10.9,-6.94,-83.66,0,0,DCHG, ,
34545.9,1,1,1,1,4,25015.0,-1,10.932,-10.9,-6.94,-83.68,0,0,DCHG, ,
34550.9,1,1,1,1,4,25020.0,-1,10.931,-10.9,-6.94,-83.69,0,0,DCHG, ,
34555.9,1,1,1,1,4,25025.0,-1,10.929,-10.9,-6.95,-83.71,0,0,DCHG, ,
34560.9,1,1,1,1,4,25030.0,-1,10.928,-10.9,-6.95,-83.72,0,0,DCHG, ,
34565.9,1,1,1,1,4,25035.0,-1,10.926,-10.9,-6.95,-83.74,0,0,DCHG, ,
34570.9,1,1,1,1,4,25040.0,-1,10.925,-10.9,-6.95,-83.75,0,0,DCHG, ,
34575.9,1,1,1,1,4,25045.0,-1,10.923,-10.9,-6.95,-83.77,0,0,DCHG, ,
34580.9,1,1,1,1,4,25050.0,-1,10.922,-10.9,-6.95,-83.78,0,0,DCHG, ,
34585.9,1,1,1,1,4,25055.0,-1,10.92,-10.9,-6.95,-83.8,0,0,DCHG, ,
34590.9,1,1,1,1,4,25060.0,-1,10.919,-10.9,-6.96,-83.81,0,0,DCHG, ,
34595.9,1,1,1,1,4,25065.0,-1,10.918,-10.9,-6.96,-83.83,0,0,DCHG, ,
34600.9,1,1,1,1,4,25070.0,-1,10.915,-10.9,-6.96,-83.84,0,0,DCHG, ,
34605.9,1,1,1,1,4,25075.0,-1,10.914,-10.9,-6.96,-83.86,0,0,DCHG, ,
34610.9,1,1,1,1,4,25080.0,-1,10.912,-10.9,-6.96,-83.87,0,0,DCHG, ,
34615.9,1,1,1,1,4,25085.0,-1,10.911,-10.9,-6.96,-83.89,0,0,DCHG, ,
34620.9,1,1,1,1,4,25090.0,-1,10.91,-10.9,-6.96,-83.9,0,0,DCHG, ,
34625.9,1,1,1,1,4,25095.0,-1,10.908,-10.8,-6.96,-83.92,0,0,DCHG, ,
34630.9,1,1,1,1,4,25100.0,-1,10.906,-10.8,-6.97,-83.93,0,0,DCHG, ,
34635.9,1,1,1,1,4,25105.0,-1,10.905,-10.9,-6.97,-83.95,0,0,DCHG, ,
34640.9,1,1,1,1,4,25110.0,-1,10.903,-10.8,-6.97,-83.96,0,0,DCHG, ,
34645.9,1,1,1,1,4,25115.0,-1,10.901,-10.9,-6.97,-83.98,0,0,DCHG, ,
34650.9,1,1,1,1,4,25120.0,-1,10.9,-10.8,-6.97,-83.99,0,0,DCHG, ,
34655.9,1,1,1,1,4,25125.0,-1,10.899,-10.8,-6.97,-84.01,0,0,DCHG, ,
34660.9,1,1,1,1,4,25130.0,-1,10.897,-10.8,-6.97,-84.02,0,0,DCHG, ,
34665.9,1,1,1,1,4,25135.0,-1,10.895,-10.8,-6.98,-84.04,0,0,DCHG, ,
34670.9,1,1,1,1,4,25140.0,-1,10.894,-10.8,-6.98,-84.05,0,0,DCHG, ,
34675.9,1,1,1,1,4,25145.0,-1,10.892,-10.8,-6.98,-84.07,0,0,DCHG, ,
34680.9,1,1,1,1,4,25150.0,-1,10.89,-10.8,-6.98,-84.08,0,0,DCHG, ,
34685.9,1,1,1,1,4,25155.0,-1,10.889,-10.8,-6.98,-84.1,0,0,DCHG, ,
34690.9,1,1,1,1,4,25160.0,-1,10.887,-10.8,-6.98,-84.11,0,0,DCHG, ,
34695.9,1,1,1,1,4,25165.0,-1,10.885,-10.8,-6.98,-84.13,0,0,DCHG, ,
34700.9,1,1,1,1,4,25170.0,-1,10.884,-10.8,-6.99,-84.14,0,0,DCHG, ,
34705.9,1,1,1,1,4,25175.0,-1,10.882,-10.8,-6.99,-84.16,0,0,DCHG, ,
34710.9,1,1,1,1,4,25180.0,-1,10.88,-10.8,-6.99,-84.17,0,0,DCHG, ,
34715.9,1,1,1,1,4,25185.0,-1,10.879,-10.8,-6.99,-84.19,0,0,DCHG, ,
34720.9,1,1,1,1,4,25190.0,-1,10.877,-10.8,-6.99,-84.2,0,0,DCHG, ,
34725.9,1,1,1,1,4,25195.0,-1,10.876,-10.8,-6.99,-84.22,0,0,DCHG, ,
34730.9,1,1,1,1,4,25200.0,-1,10.874,-10.8,-6.99,-84.23,0,0,DCHG, ,
34735.9,1,1,1,1,4,25205.0,-1,10.872,-10.8,-7,-84.25,0,0,DCHG, ,
34740.9,1,1,1,1,4,25210.0,-1,10.87,-10.8,-7,-84.26,0,0,DCHG, ,
34745.9,1,1,1,1,4,25215.0,-1,10.869,-10.8,-7,-84.28,0,0,DCHG, ,
34750.9,1,1,1,1,4,25220.0,-1,10.867,-10.8,-7,-84.29,0,0,DCHG, ,
34755.9,1,1,1,1,4,25225.0,-1,10.865,-10.8,-7,-84.31,0,0,DCHG, ,
34760.9,1,1,1,1,4,25230.0,-1,10.863,-10.8,-7,-84.32,0,0,DCHG, ,
34765.9,1,1,1,1,4,25235.0,-1,10.862,-10.8,-7,-84.34,0,0,DCHG, ,
34770.9,1,1,1,1,4,25240.0,-1,10.86,-10.8,-7.01,-84.35,0,0,DCHG, ,
34775.9,1,1,1,1,4,25245.0,-1,10.858,-10.8,-7.01,-84.37,0,0,DCHG, ,
34780.9,1,1,1,1,4,25250.0,-1,10.856,-10.8,-7.01,-84.38,0,0,DCHG, ,
34785.9,1,1,1,1,4,25255.0,-1,10.854,-10.8,-7.01,-84.4,0,0,DCHG, ,
34790.9,1,1,1,1,4,25260.0,-1,10.853,-10.8,-7.01,-84.41,0,0,DCHG, ,
34795.9,1,1,1,1,4,25265.0,-1,10.851,-10.8,-7.01,-84.43,0,0,DCHG, ,
34800.9,1,1,1,1,4,25270.0,-1,10.849,-10.8,-7.01,-84.44,0,0,DCHG, ,
34805.9,1,1,1,1,4,25275.0,-1,10.847,-10.8,-7.01,-84.46,0,0,DCHG, ,
34810.9,1,1,1,1,4,25280.0,-1,10.845,-10.8,-7.02,-84.47,0,0,DCHG, ,
34815.9,1,1,1,1,4,25285.0,-1,10.843,-10.8,-7.02,-84.49,0,0,DCHG, ,
34820.9,1,1,1,1,4,25290.0,-1,10.841,-10.8,-7.02,-84.5,0,0,DCHG, ,
34825.9,1,1,1,1,4,25295.0,-1,10.84,-10.8,-7.02,-84.52,0,0,DCHG, ,
34830.9,1,1,1,1,4,25300.0,-1,10.838,-10.8,-7.02,-84.53,0,0,DCHG, ,
34835.9,1,1,1,1,4,25305.0,-1,10.836,-10.8,-7.02,-84.55,0,0,DCHG, ,
34840.9,1,1,1,1,4,25310.0,-1,10.834,-10.8,-7.02,-84.56,0,0,DCHG, ,
34845.9,1,1,1,1,4,25315.0,-1,10.832,-10.8,-7.03,-84.58,0,0,DCHG, ,
34850.9,1,1,1,1,4,25320.0,-1,10.83,-10.8,-7.03,-84.59,0,0,DCHG, ,
34855.9,1,1,1,1,4,25325.0,-1,10.829,-10.8,-7.03,-84.61,0,0,DCHG, ,
34860.9,1,1,1,1,4,25330.0,-1,10.826,-10.8,-7.03,-84.62,0,0,DCHG, ,
34865.9,1,1,1,1,4,25335.0,-1,10.825,-10.8,-7.03,-84.64,0,0,DCHG, ,
34870.9,1,1,1,1,4,25340.0,-1,10.823,-10.8,-7.03,-84.65,0,0,DCHG, ,
34875.9,1,1,1,1,4,25345.0,-1,10.821,-10.8,-7.03,-84.67,0,0,DCHG, ,
34880.9,1,1,1,1,4,25350.0,-1,10.818,-10.8,-7.04,-84.68,0,0,DCHG, ,
34885.9,1,1,1,1,4,25355.0,-1,10.817,-10.8,-7.04,-84.7,0,0,DCHG, ,
34890.9,1,1,1,1,4,25360.0,-1,10.815,-10.8,-7.04,-84.71,0,0,DCHG, ,
34895.9,1,1,1,1,4,25365.0,-1,10.813,-10.8,-7.04,-84.73,0,0,DCHG, ,
34900.9,1,1,1,1,4,25370.0,-1,10.811,-10.8,-7.04,-84.74,0,0,DCHG, ,
34905.9,1,1,1,1,4,25375.0,-1,10.809,-10.8,-7.04,-84.76,0,0,DCHG, ,
34910.9,1,1,1,1,4,25380.0,-1,10.807,-10.8,-7.04,-84.77,0,0,DCHG, ,
34915.9,1,1,1,1,4,25385.0,-1,10.804,-10.7,-7.05,-84.79,0,0,DCHG, ,
34920.9,1,1,1,1,4,25390.0,-1,10.802,-10.7,-7.05,-84.8,0,0,DCHG, ,
34925.9,1,1,1,1,4,25395.0,-1,10.801,-10.7,-7.05,-84.82,0,0,DCHG, ,
34930.9,1,1,1,1,4,25400.0,-1,10.798,-10.7,-7.05,-84.83,0,0,DCHG, ,
34935.9,1,1,1,1,4,25405.0,-1,10.796,-10.7,-7.05,-84.85,0,0,DCHG, ,
34940.9,1,1,1,1,4,25410.0,-1,10.794,-10.7,-7.05,-84.86,0,0,DCHG, ,
34945.9,1,1,1,1,4,25415.0,-1,10.792,-10.7,-7.05,-84.88,0,0,DCHG, ,
34950.9,1,1,1,1,4,25420.0,-1,10.79,-10.7,-7.06,-84.89,0,0,DCHG, ,
34955.9,1,1,1,1,4,25425.0,-1,10.787,-10.7,-7.06,-84.91,0,0,DCHG, ,
34960.9,1,1,1,1,4,25430.0,-1,10.785,-10.7,-7.06,-84.92,0,0,DCHG, ,
34965.9,1,1,1,1,4,25435.0,-1,10.783,-10.7,-7.06,-84.94,0,0,DCHG, ,
34970.9,1,1,1,1,4,25440.0,-1,10.781,-10.7,-7.06,-84.95,0,0,DCHG, ,
34975.9,1,1,1,1,4,25445.0,-1,10.779,-10.7,-7.06,-84.97,0,0,DCHG, ,
34980.9,1,1,1,1,4,25450.0,-1,10.777,-10.7,-7.06,-84.98,0,0,DCHG, ,
34985.9,1,1,1,1,4,25455.0,-1,10.774,-10.7,-7.06,-85,0,0,DCHG, ,
34990.9,1,1,1,1,4,25460.0,-1,10.772,-10.7,-7.07,-85.01,0,0,DCHG, ,
34995.9,1,1,1,1,4,25465.0,-1,10.77,-10.7,-7.07,-85.03,0,0,DCHG, ,
35000.9,1,1,1,1,4,25470.0,-1,10.768,-10.7,-7.07,-85.04,0,0,DCHG, ,
35005.9,1,1,1,1,4,25475.0,-1,10.765,-10.7,-7.07,-85.06,0,0,DCHG, ,
35010.9,1,1,1,1,4,25480.0,-1,10.763,-10.7,-7.07,-85.07,0,0,DCHG, ,
35015.9,1,1,1,1,4,25485.0,-1,10.761,-10.7,-7.07,-85.09,0,0,DCHG, ,
35020.9,1,1,1,1,4,25490.0,-1,10.759,-10.7,-7.07,-85.1,0,0,DCHG, ,
35025.9,1,1,1,1,4,25495.0,-1,10.757,-10.7,-7.08,-85.12,0,0,DCHG, ,
35030.9,1,1,1,1,4,25500.0,-1,10.754,-10.7,-7.08,-85.13,0,0,DCHG, ,
35035.9,1,1,1,1,4,25505.0,-1,10.752,-10.7,-7.08,-85.15,0,0,DCHG, ,
35040.9,1,1,1,1,4,25510.0,-1,10.75,-10.7,-7.08,-85.16,0,0,DCHG, ,
35045.9,1,1,1,1,4,25515.0,-1,10.747,-10.7,-7.08,-85.18,0,0,DCHG, ,
35050.9,1,1,1,1,4,25520.0,-1,10.745,-10.7,-7.08,-85.19,0,0,DCHG, ,
35055.9,1,1,1,1,4,25525.0,-1,10.742,-10.7,-7.08,-85.21,0,0,DCHG, ,
35060.9,1,1,1,1,4,25530.0,-1,10.74,-10.7,-7.09,-85.22,0,0,DCHG, ,
35065.9,1,1,1,1,4,25535.0,-1,10.738,-10.7,-7.09,-85.23,0,0,DCHG, ,
35070.9,1,1,1,1,4,25540.0,-1,10.735,-10.7,-7.09,-85.25,0,0,DCHG, ,
35075.9,1,1,1,1,4,25545.0,-0.99,10.733,-10.6,-7.09,-85.26,0,0,DCHG, ,
35080.9,1,1,1,1,4,25550.0,-1,10.731,-10.7,-7.09,-85.28,0,0,DCHG, ,
35085.9,1,1,1,1,4,25555.0,-1,10.728,-10.7,-7.09,-85.29,0,0,DCHG, ,
35090.9,1,1,1,1,4,25560.0,-0.99,10.726,-10.6,-7.09,-85.31,0,0,DCHG, ,
35095.9,1,1,1,1,4,25565.0,-1,10.723,-10.7,-7.1,-85.32,0,0,DCHG, ,
35100.9,1,1,1,1,4,25570.0,-1,10.721,-10.7,-7.1,-85.34,0,0,DCHG, ,
35105.9,1,1,1,1,4,25575.0,-1,10.718,-10.7,-7.1,-85.35,0,0,DCHG, ,
35110.9,1,1,1,1,4,25580.0,-1,10.716,-10.7,-7.1,-85.37,0,0,DCHG, ,
35115.9,1,1,1,1,4,25585.0,-1,10.713,-10.7,-7.1,-85.38,0,0,DCHG, ,
35120.9,1,1,1,1,4,25590.0,-1,10.711,-10.7,-7.1,-85.4,0,0,DCHG, ,
35125.9,1,1,1,1,4,25595.0,-1,10.708,-10.7,-7.1,-85.41,0,0,DCHG, ,
35130.9,1,1,1,1,4,25600.0,-1,10.705,-10.6,-7.11,-85.43,0,0,DCHG, ,
35135.9,1,1,1,1,4,25605.0,-1,10.703,-10.6,-7.11,-85.44,0,0,DCHG, ,
35140.9,1,1,1,1,4,25610.0,-1,10.7,-10.6,-7.11,-85.46,0,0,DCHG, ,
35145.9,1,1,1,1,4,25615.0,-1,10.698,-10.6,-7.11,-85.47,0,0,DCHG, ,
35150.9,1,1,1,1,4,25620.0,-1,10.695,-10.6,-7.11,-85.49,0,0,DCHG, ,
35155.9,1,1,1,1,4,25625.0,-0.99,10.692,-10.5,-7.11,-85.5,0,0,DCHG, ,
35160.9,1,1,1,1,4,25630.0,-1,10.689,-10.6,-7.11,-85.52,0,0,DCHG, ,
35165.9,1,1,1,1,4,25635.0,-1,10.687,-10.6,-7.11,-85.53,0,0,DCHG, ,
35170.9,1,1,1,1,4,25640.0,-1,10.684,-10.6,-7.12,-85.55,0,0,DCHG, ,
35175.9,1,1,1,1,4,25645.0,-1,10.681,-10.6,-7.12,-85.56,0,0,DCHG, ,
35180.9,1,1,1,1,4,25650.0,-1,10.679,-10.6,-7.12,-85.58,0,0,DCHG, ,
35185.9,1,1,1,1,4,25655.0,-1,10.675,-10.6,-7.12,-85.59,0,0,DCHG, ,
35190.9,1,1,1,1,4,25660.0,-1,10.673,-10.6,-7.12,-85.6,0,0,DCHG, ,
35195.9,1,1,1,1,4,25665.0,-1,10.67,-10.6,-7.12,-85.62,0,0,DCHG, ,
35200.9,1,1,1,1,4,25670.0,-1,10.667,-10.6,-7.12,-85.63,0,0,DCHG, ,
35205.9,1,1,1,1,4,25675.0,-1,10.664,-10.6,-7.13,-85.65,0,0,DCHG, ,
35210.9,1,1,1,1,4,25680.0,-1,10.662,-10.6,-7.13,-85.66,0,0,DCHG, ,
35215.9,1,1,1,1,4,25685.0,-1,10.659,-10.6,-7.13,-85.68,0,0,DCHG, ,
35220.9,1,1,1,1,4,25690.0,-1,10.656,-10.6,-7.13,-85.69,0,0,DCHG, ,
35225.9,1,1,1,1,4,25695.0,-1,10.653,-10.6,-7.13,-85.71,0,0,DCHG, ,
35230.9,1,1,1,1,4,25700.0,-1,10.65,-10.6,-7.13,-85.72,0,0,DCHG, ,
35235.9,1,1,1,1,4,25705.0,-1,10.647,-10.6,-7.13,-85.74,0,0,DCHG, ,
35240.9,1,1,1,1,4,25710.0,-1,10.644,-10.6,-7.14,-85.75,0,0,DCHG, ,
35245.9,1,1,1,1,4,25715.0,-1,10.641,-10.6,-7.14,-85.77,0,0,DCHG, ,
35250.9,1,1,1,1,4,25720.0,-1,10.638,-10.6,-7.14,-85.78,0,0,DCHG, ,
35255.9,1,1,1,1,4,25725.0,-1,10.635,-10.6,-7.14,-85.8,0,0,DCHG, ,
35260.9,1,1,1,1,4,25730.0,-1,10.632,-10.6,-7.14,-85.81,0,0,DCHG, ,
35265.9,1,1,1,1,4,25735.0,-1,10.629,-10.6,-7.14,-85.83,0,0,DCHG, ,
35270.9,1,1,1,1,4,25740.0,-0.99,10.626,-10.5,-7.14,-85.84,0,0,DCHG, ,
35275.9,1,1,1,1,4,25745.0,-1,10.623,-10.6,-7.15,-85.86,0,0,DCHG, ,
35280.9,1,1,1,1,4,25750.0,-0.99,10.62,-10.5,-7.15,-85.87,0,0,DCHG, ,
35285.9,1,1,1,1,4,25755.0,-1,10.617,-10.6,-7.15,-85.88,0,0,DCHG, ,
35290.9,1,1,1,1,4,25760.0,-1,10.614,-10.6,-7.15,-85.9,0,0,DCHG, ,
35295.9,1,1,1,1,4,25765.0,-1,10.611,-10.6,-7.15,-85.91,0,0,DCHG, ,
35300.9,1,1,1,1,4,25770.0,-1,10.607,-10.6,-7.15,-85.93,0,0,DCHG, ,
35305.9,1,1,1,1,4,25775.0,-1,10.604,-10.5,-7.15,-85.94,0,0,DCHG, ,
35310.9,1,1,1,1,4,25780.0,-1,10.6,-10.6,-7.16,-85.96,0,0,DCHG, ,
35315.9,1,1,1,1,4,25785.0,-1,10.597,-10.5,-7.16,-85.97,0,0,DCHG, ,
35320.9,1,1,1,1,4,25790.0,-1,10.594,-10.5,-7.16,-85.99,0,0,DCHG, ,
35325.9,1,1,1,1,4,25795.0,-1,10.591,-10.5,-7.16,-86,0,0,DCHG, ,
35330.9,1,1,1,1,4,25800.0,-1,10.587,-10.5,-7.16,-86.02,0,0,DCHG, ,
35335.9,1,1,1,1,4,25805.0,-1,10.583,-10.5,-7.16,-86.03,0,0,DCHG, ,
35340.9,1,1,1,1,4,25810.0,-1,10.58,-10.5,-7.16,-86.05,0,0,DCHG, ,
35345.9,1,1,1,1,4,25815.0,-1,10.576,-10.5,-7.16,-86.06,0,0,DCHG, ,
35350.9,1,1,1,1,4,25820.0,-1,10.573,-10.5,-7.17,-86.07,0,0,DCHG, ,
35355.9,1,1,1,1,4,25825.0,-1,10.569,-10.5,-7.17,-86.09,0,0,DCHG, ,
35360.9,1,1,1,1,4,25830.0,-1,10.566,-10.5,-7.17,-86.1,0,0,DCHG, ,
35365.9,1,1,1,1,4,25835.0,-1,10.562,-10.5,-7.17,-86.12,0,0,DCHG, ,
35370.9,1,1,1,1,4,25840.0,-1,10.558,-10.5,-7.17,-86.13,0,0,DCHG, ,
35375.9,1,1,1,1,4,25845.0,-1,10.555,-10.5,-7.17,-86.15,0,0,DCHG, ,
35380.9,1,1,1,1,4,25850.0,-1,10.551,-10.5,-7.17,-86.16,0,0,DCHG, ,
35385.9,1,1,1,1,4,25855.0,-1,10.547,-10.5,-7.18,-86.18,0,0,DCHG, ,
35390.9,1,1,1,1,4,25860.0,-1,10.544,-10.5,-7.18,-86.19,0,0,DCHG, ,
35395.9,1,1,1,1,4,25865.0,-1,10.54,-10.5,-7.18,-86.21,0,0,DCHG, ,
35400.9,1,1,1,1,4,25870.0,-1,10.536,-10.5,-7.18,-86.22,0,0,DCHG, ,
35405.9,1,1,1,1,4,25875.0,-1,10.532,-10.5,-7.18,-86.23,0,0,DCHG, ,
35410.9,1,1,1,1,4,25880.0,-1,10.528,-10.5,-7.18,-86.25,0,0,DCHG, ,
35415.9,1,1,1,1,4,25885.0,-1,10.524,-10.5,-7.18,-86.26,0,0,DCHG, ,
35420.9,1,1,1,1,4,25890.0,-1,10.519,-10.5,-7.19,-86.28,0,0,DCHG, ,
35425.9,1,1,1,1,4,25895.0,-1,10.516,-10.5,-7.19,-86.29,0,0,DCHG, ,
35430.9,1,1,1,1,4,25900.0,-1,10.512,-10.5,-7.19,-86.31,0,0,DCHG, ,
35435.9,1,1,1,1,4,25905.0,-1,10.507,-10.5,-7.19,-86.32,0,0,DCHG, ,
35440.9,1,1,1,1,4,25910.0,-1,10.503,-10.5,-7.19,-86.34,0,0,DCHG, ,
35444.2,1,1,1,1,4,25913.3,-1,10.5,-10.4,-7.19,-86.35,0,0,DCHG,A,
Total Number of Data Lines in the Database: 0000007092